combination_woo_id,combination_parent_woo_id,combination_sku,combination_name,combination_current_price,combination_price_missing,component_sku,component_quantity,component_item_id,component_woo_id,component_target_key,combination_component_count,component_combination_count,relationship_type,possible_duplicate_component_woo_id,edge_rule,edge_confidence,propagation_status
3741,3624,0201001|0201001|0724001,"Con 2 tatamis de 80x200 cm, 90x200x14,5 cm",437.70,NO,0201001,2,201001,,201001,2,18,MANY_TO_MANY,NO,UNCHANGED_EXACT_EVIDENCE,HIGH,READ_ONLY_NOT_IMPLEMENTED
3738,3624,0201001|0201001|0724003,"Con 2 tatamis de 80x200 cm, 140x200x14,5 cm",505.48,NO,0201001,2,201001,,201001,2,18,MANY_TO_MANY,NO,UNCHANGED_EXACT_EVIDENCE,HIGH,READ_ONLY_NOT_IMPLEMENTED
3739,3624,0201001|0201001|0724004,"Con 2 tatamis de 80x200 cm, 150x200x14,5 cm",548.58,NO,0201001,2,201001,,201001,2,18,MANY_TO_MANY,NO,UNCHANGED_EXACT_EVIDENCE,HIGH,READ_ONLY_NOT_IMPLEMENTED
3740,3624,0201001|0201001|0724005,"Con 2 tatamis de 80x200 cm, 160x200x14,5 cm",570.26,NO,0201001,2,201001,,201001,2,18,MANY_TO_MANY,NO,UNCHANGED_EXACT_EVIDENCE,HIGH,READ_ONLY_NOT_IMPLEMENTED
3721,3623,0201001|0201001|0728001,"90x200x14,5 cm, Con 2 tatamis de 80x200 cm",521.70,NO,0201001,2,201001,,201001,2,18,MANY_TO_MANY,NO,UNCHANGED_EXACT_EVIDENCE,HIGH,READ_ONLY_NOT_IMPLEMENTED
3719,3623,0201001|0201001|0728002,"140x200x14,5 cm, Con 2 tatamis de 80x200 cm",592.22,NO,0201001,2,201001,,201001,2,18,MANY_TO_MANY,NO,UNCHANGED_EXACT_EVIDENCE,HIGH,READ_ONLY_NOT_IMPLEMENTED
3720,3623,0201001|0201001|0728003,"150x200x14,5 cm, Con 2 tatamis de 80x200 cm",603.58,NO,0201001,2,201001,,201001,2,18,MANY_TO_MANY,NO,UNCHANGED_EXACT_EVIDENCE,HIGH,READ_ONLY_NOT_IMPLEMENTED
3698,3622,0201001|0201001|0728004,"160x200x14,5 cm, Con 2 tatamis de 80x200 cm",735.46,NO,0201001,2,201001,,201001,2,18,MANY_TO_MANY,NO,UNCHANGED_EXACT_EVIDENCE,HIGH,READ_ONLY_NOT_IMPLEMENTED
3702,3622,0201001|0201001|0730001,"90x200x14,5 cm, Con 2 tatamis de 80x200 cm",583.70,NO,0201001,2,201001,,201001,2,18,MANY_TO_MANY,NO,UNCHANGED_EXACT_EVIDENCE,HIGH,READ_ONLY_NOT_IMPLEMENTED
3699,3622,0201001|0201001|0730002,"140x200x14,5 cm, Con 2 tatamis de 80x200 cm",711.30,NO,0201001,2,201001,,201001,2,18,MANY_TO_MANY,NO,UNCHANGED_EXACT_EVIDENCE,HIGH,READ_ONLY_NOT_IMPLEMENTED
3700,3622,0201001|0201001|0730003,"150x200x14,5 cm, Con 2 tatamis de 80x200 cm",723.94,NO,0201001,2,201001,,201001,2,18,MANY_TO_MANY,NO,UNCHANGED_EXACT_EVIDENCE,HIGH,READ_ONLY_NOT_IMPLEMENTED
3701,3622,0201001|0201001|0730004,"160x200x14,5 cm, Con 2 tatamis de 80x200 cm",735.46,NO,0201001,2,201001,,201001,2,18,MANY_TO_MANY,NO,UNCHANGED_EXACT_EVIDENCE,HIGH,READ_ONLY_NOT_IMPLEMENTED
4562,3658,0201001|0201001|1249001|1249001,"Crudo, Crudo, Sin funda, Sin funda",615.90,NO,0201001,2,201001,,201001,2,18,MANY_TO_MANY,NO,UNCHANGED_EXACT_EVIDENCE,HIGH,READ_ONLY_NOT_IMPLEMENTED
4590,3658,0201001|0201001|1249001|1249001|0608007|0608007,"Crudo, Crudo, Crudo, Crudo",749.90,NO,0201001,2,201001,,201001,3,18,MANY_TO_MANY,NO,UNCHANGED_EXACT_EVIDENCE,HIGH,READ_ONLY_NOT_IMPLEMENTED
4628,3658,0201001|0201001|1249001|1249001|0608007|0619007,"Crudo, Crudo, Crudo, Marrón",749.90,NO,0201001,2,201001,,201001,4,18,MANY_TO_MANY,NO,UNCHANGED_EXACT_EVIDENCE,HIGH,READ_ONLY_NOT_IMPLEMENTED
13092,3658,0201001|0201001|1249001|1249001|0619007|0619007,"Crudo, Crudo, Marrón, Marrón",749.90,NO,0201001,2,201001,,201001,3,18,MANY_TO_MANY,NO,UNCHANGED_EXACT_EVIDENCE,HIGH,READ_ONLY_NOT_IMPLEMENTED
3746,3624,0201002|0201002|0724001,"Con 2 tatamis de 90x200 cm, 90x200x14,5 cm",437.70,NO,0201002,2,201002,,201002,2,19,MANY_TO_MANY,NO,UNCHANGED_EXACT_EVIDENCE,HIGH,READ_ONLY_NOT_IMPLEMENTED
3742,3624,0201002|0201002|0724003,"Con 2 tatamis de 90x200 cm, 140x200x14,5 cm",505.48,NO,0201002,2,201002,,201002,2,19,MANY_TO_MANY,NO,UNCHANGED_EXACT_EVIDENCE,HIGH,READ_ONLY_NOT_IMPLEMENTED
3743,3624,0201002|0201002|0724004,"Con 2 tatamis de 90x200 cm, 150x200x14,5 cm",548.58,NO,0201002,2,201002,,201002,2,19,MANY_TO_MANY,NO,UNCHANGED_EXACT_EVIDENCE,HIGH,READ_ONLY_NOT_IMPLEMENTED
3744,3624,0201002|0201002|0724005,"Con 2 tatamis de 90x200 cm, 160x200x14,5 cm",570.26,NO,0201002,2,201002,,201002,2,19,MANY_TO_MANY,NO,UNCHANGED_EXACT_EVIDENCE,HIGH,READ_ONLY_NOT_IMPLEMENTED
3745,3624,0201002|0201002|0724006,"Con 2 tatamis de 90x200 cm, 180x200x14,5 cm",576.96,NO,0201002,2,201002,,201002,2,19,MANY_TO_MANY,NO,UNCHANGED_EXACT_EVIDENCE,HIGH,READ_ONLY_NOT_IMPLEMENTED
3726,3623,0201002|0201002|0728001,"90x200x14,5 cm, Con 2 tatamis de 90x200 cm",521.70,NO,0201002,2,201002,,201002,2,19,MANY_TO_MANY,NO,UNCHANGED_EXACT_EVIDENCE,HIGH,READ_ONLY_NOT_IMPLEMENTED
3722,3623,0201002|0201002|0728002,"140x200x14,5 cm, Con 2 tatamis de 90x200 cm",592.22,NO,0201002,2,201002,,201002,2,19,MANY_TO_MANY,NO,UNCHANGED_EXACT_EVIDENCE,HIGH,READ_ONLY_NOT_IMPLEMENTED
3723,3623,0201002|0201002|0728003,"150x200x14,5 cm, Con 2 tatamis de 90x200 cm",603.58,NO,0201002,2,201002,,201002,2,19,MANY_TO_MANY,NO,UNCHANGED_EXACT_EVIDENCE,HIGH,READ_ONLY_NOT_IMPLEMENTED
3724,3623,0201002|0201002|0728004,"160x200x14,5 cm, Con 2 tatamis de 90x200 cm",680.14,NO,0201002,2,201002,,201002,2,19,MANY_TO_MANY,NO,UNCHANGED_EXACT_EVIDENCE,HIGH,READ_ONLY_NOT_IMPLEMENTED
3725,3623,0201002|0201002|0728005,"180x200x14,5 cm, Con 2 tatamis de 90x200 cm",736.22,NO,0201002,2,201002,,201002,2,19,MANY_TO_MANY,NO,UNCHANGED_EXACT_EVIDENCE,HIGH,READ_ONLY_NOT_IMPLEMENTED
3707,3622,0201002|0201002|0730001,"90x200x14,5 cm, Con 2 tatamis de 90x200 cm",583.70,NO,0201002,2,201002,,201002,2,19,MANY_TO_MANY,NO,UNCHANGED_EXACT_EVIDENCE,HIGH,READ_ONLY_NOT_IMPLEMENTED
3703,3622,0201002|0201002|0730002,"140x200x14,5 cm, Con 2 tatamis de 90x200 cm",711.30,NO,0201002,2,201002,,201002,2,19,MANY_TO_MANY,NO,UNCHANGED_EXACT_EVIDENCE,HIGH,READ_ONLY_NOT_IMPLEMENTED
3704,3622,0201002|0201002|0730003,"150x200x14,5 cm, Con 2 tatamis de 90x200 cm",723.94,NO,0201002,2,201002,,201002,2,19,MANY_TO_MANY,NO,UNCHANGED_EXACT_EVIDENCE,HIGH,READ_ONLY_NOT_IMPLEMENTED
3705,3622,0201002|0201002|0730004,"160x200x14,5 cm, Con 2 tatamis de 90x200 cm",735.46,NO,0201002,2,201002,,201002,2,19,MANY_TO_MANY,NO,UNCHANGED_EXACT_EVIDENCE,HIGH,READ_ONLY_NOT_IMPLEMENTED
3706,3622,0201002|0201002|0730005,"180x200x14,5 cm, Con 2 tatamis de 90x200 cm",745.38,NO,0201002,2,201002,,201002,2,19,MANY_TO_MANY,NO,UNCHANGED_EXACT_EVIDENCE,HIGH,READ_ONLY_NOT_IMPLEMENTED
3734,3624,0201003|0201003|0724001,"Con 2 tatamis de 70x200 cm, 90x200x14,5 cm",437.70,NO,0201003,2,201003,,201003,2,6,MANY_TO_MANY,NO,UNCHANGED_EXACT_EVIDENCE,HIGH,READ_ONLY_NOT_IMPLEMENTED
3733,3624,0201003|0201003|0724003,"Con 2 tatamis de 70x200 cm, 140x200x14,5 cm",505.48,NO,0201003,2,201003,,201003,2,6,MANY_TO_MANY,NO,UNCHANGED_EXACT_EVIDENCE,HIGH,READ_ONLY_NOT_IMPLEMENTED
3715,3623,0201003|0201003|0728001,"90x200x14,5 cm, Con 2 tatamis de 70x200 cm",521.70,NO,0201003,2,201003,,201003,2,6,MANY_TO_MANY,NO,UNCHANGED_EXACT_EVIDENCE,HIGH,READ_ONLY_NOT_IMPLEMENTED
3714,3623,0201003|0201003|0728002,"140x200x14,5 cm, Con 2 tatamis de 70x200 cm",592.22,NO,0201003,2,201003,,201003,2,6,MANY_TO_MANY,NO,UNCHANGED_EXACT_EVIDENCE,HIGH,READ_ONLY_NOT_IMPLEMENTED
3694,3622,0201003|0201003|0730001,"90x200x14,5 cm, Con 2 tatamis de 70x200 cm",583.70,NO,0201003,2,201003,,201003,2,6,MANY_TO_MANY,NO,UNCHANGED_EXACT_EVIDENCE,HIGH,READ_ONLY_NOT_IMPLEMENTED
3693,3622,0201003|0201003|0730002,"140x200x14,5 cm, Con 2 tatamis de 70x200 cm",711.30,NO,0201003,2,201003,,201003,2,6,MANY_TO_MANY,NO,UNCHANGED_EXACT_EVIDENCE,HIGH,READ_ONLY_NOT_IMPLEMENTED
3737,3624,0201004|0201004|0724001,"Con 2 tatamis de 76x200 cm, 90x200x14,5 cm",437.70,NO,0201004,2,201004,,201004,2,9,MANY_TO_MANY,NO,UNCHANGED_EXACT_EVIDENCE,HIGH,READ_ONLY_NOT_IMPLEMENTED
3735,3624,0201004|0201004|0724003,"Con 2 tatamis de 76x200 cm, 140x200x14,5 cm",505.48,NO,0201004,2,201004,,201004,2,9,MANY_TO_MANY,NO,UNCHANGED_EXACT_EVIDENCE,HIGH,READ_ONLY_NOT_IMPLEMENTED
3736,3624,0201004|0201004|0724004,"Con 2 tatamis de 76x200 cm, 150x200x14,5 cm",548.58,NO,0201004,2,201004,,201004,2,9,MANY_TO_MANY,NO,UNCHANGED_EXACT_EVIDENCE,HIGH,READ_ONLY_NOT_IMPLEMENTED
3718,3623,0201004|0201004|0728001,"90x200x14,5 cm, Con 2 tatamis de 76x200 cm",521.70,NO,0201004,2,201004,,201004,2,9,MANY_TO_MANY,NO,UNCHANGED_EXACT_EVIDENCE,HIGH,READ_ONLY_NOT_IMPLEMENTED
3716,3623,0201004|0201004|0728002,"140x200x14,5 cm, Con 2 tatamis de 76x200 cm",592.22,NO,0201004,2,201004,,201004,2,9,MANY_TO_MANY,NO,UNCHANGED_EXACT_EVIDENCE,HIGH,READ_ONLY_NOT_IMPLEMENTED
3717,3623,0201004|0201004|0728003,"150x200x14,5 cm, Con 2 tatamis de 76x200 cm",603.58,NO,0201004,2,201004,,201004,2,9,MANY_TO_MANY,NO,UNCHANGED_EXACT_EVIDENCE,HIGH,READ_ONLY_NOT_IMPLEMENTED
3697,3622,0201004|0201004|0730001,"90x200x14,5 cm, Con 2 tatamis de 76x200 cm",583.70,NO,0201004,2,201004,,201004,2,9,MANY_TO_MANY,NO,UNCHANGED_EXACT_EVIDENCE,HIGH,READ_ONLY_NOT_IMPLEMENTED
3695,3622,0201004|0201004|0730002,"140x200x14,5 cm, Con 2 tatamis de 76x200 cm",711.30,NO,0201004,2,201004,,201004,2,9,MANY_TO_MANY,NO,UNCHANGED_EXACT_EVIDENCE,HIGH,READ_ONLY_NOT_IMPLEMENTED
3696,3622,0201004|0201004|0730003,"150x200x14,5 cm, Con 2 tatamis de 76x200 cm",723.94,NO,0201004,2,201004,,201004,2,9,MANY_TO_MANY,NO,UNCHANGED_EXACT_EVIDENCE,HIGH,READ_ONLY_NOT_IMPLEMENTED
3732,3624,0201010|0201010|0724001,"Con 2 tatamis de 100x200 cm, 90x200x14,5 cm",443.70,NO,0201010,2,201010,,201010,2,18,MANY_TO_MANY,NO,UNCHANGED_EXACT_EVIDENCE,HIGH,READ_ONLY_NOT_IMPLEMENTED
3727,3624,0201010|0201010|0724003,"Con 2 tatamis de 100x200 cm, 140x200x14,5 cm",511.48,NO,0201010,2,201010,,201010,2,18,MANY_TO_MANY,NO,UNCHANGED_EXACT_EVIDENCE,HIGH,READ_ONLY_NOT_IMPLEMENTED
3728,3624,0201010|0201010|0724004,"Con 2 tatamis de 100x200 cm, 150x200x14,5 cm",554.58,NO,0201010,2,201010,,201010,2,18,MANY_TO_MANY,NO,UNCHANGED_EXACT_EVIDENCE,HIGH,READ_ONLY_NOT_IMPLEMENTED
3729,3624,0201010|0201010|0724005,"Con 2 tatamis de 100x200 cm, 160x200x14,5 cm",576.26,NO,0201010,2,201010,,201010,2,18,MANY_TO_MANY,NO,UNCHANGED_EXACT_EVIDENCE,HIGH,READ_ONLY_NOT_IMPLEMENTED
3730,3624,0201010|0201010|0724006,"Con 2 tatamis de 100x200 cm, 180x200x14,5 cm",582.96,NO,0201010,2,201010,,201010,2,18,MANY_TO_MANY,NO,UNCHANGED_EXACT_EVIDENCE,HIGH,READ_ONLY_NOT_IMPLEMENTED
3731,3624,0201010|0201010|0724007,"Con 2 tatamis de 100x200 cm, 200x200x14,5 cm",606.70,NO,0201010,2,201010,,201010,2,18,MANY_TO_MANY,NO,UNCHANGED_EXACT_EVIDENCE,HIGH,READ_ONLY_NOT_IMPLEMENTED
3713,3623,0201010|0201010|0728001,"90x200x14,5 cm, Con 2 tatamis de 100x200 cm",527.70,NO,0201010,2,201010,,201010,2,18,MANY_TO_MANY,NO,UNCHANGED_EXACT_EVIDENCE,HIGH,READ_ONLY_NOT_IMPLEMENTED
3708,3623,0201010|0201010|0728002,"140x200x14,5 cm, Con 2 tatamis de 100x200 cm",598.22,NO,0201010,2,201010,,201010,2,18,MANY_TO_MANY,NO,UNCHANGED_EXACT_EVIDENCE,HIGH,READ_ONLY_NOT_IMPLEMENTED
3709,3623,0201010|0201010|0728003,"150x200x14,5 cm, Con 2 tatamis de 100x200 cm",609.58,NO,0201010,2,201010,,201010,2,18,MANY_TO_MANY,NO,UNCHANGED_EXACT_EVIDENCE,HIGH,READ_ONLY_NOT_IMPLEMENTED
3710,3623,0201010|0201010|0728004,"160x200x14,5 cm, Con 2 tatamis de 100x200 cm",686.14,NO,0201010,2,201010,,201010,2,18,MANY_TO_MANY,NO,UNCHANGED_EXACT_EVIDENCE,HIGH,READ_ONLY_NOT_IMPLEMENTED
3711,3623,0201010|0201010|0728005,"180x200x14,5 cm, Con 2 tatamis de 100x200 cm",742.22,NO,0201010,2,201010,,201010,2,18,MANY_TO_MANY,NO,UNCHANGED_EXACT_EVIDENCE,HIGH,READ_ONLY_NOT_IMPLEMENTED
3712,3623,0201010|0201010|0728006,"200x200x14,5 cm, Con 2 tatamis de 100x200 cm",796.36,NO,0201010,2,201010,,201010,2,18,MANY_TO_MANY,NO,UNCHANGED_EXACT_EVIDENCE,HIGH,READ_ONLY_NOT_IMPLEMENTED
3692,3622,0201010|0201010|0730001,"90x200x14,5 cm, Con 2 tatamis de 100x200 cm",589.70,NO,0201010,2,201010,,201010,2,18,MANY_TO_MANY,NO,UNCHANGED_EXACT_EVIDENCE,HIGH,READ_ONLY_NOT_IMPLEMENTED
3687,3622,0201010|0201010|0730002,"140x200x14,5 cm, Con 2 tatamis de 100x200 cm",717.30,NO,0201010,2,201010,,201010,2,18,MANY_TO_MANY,NO,UNCHANGED_EXACT_EVIDENCE,HIGH,READ_ONLY_NOT_IMPLEMENTED
3688,3622,0201010|0201010|0730003,"150x200x14,5 cm, Con 2 tatamis de 100x200 cm",729.94,NO,0201010,2,201010,,201010,2,18,MANY_TO_MANY,NO,UNCHANGED_EXACT_EVIDENCE,HIGH,READ_ONLY_NOT_IMPLEMENTED
3689,3622,0201010|0201010|0730004,"160x200x14,5 cm, Con 2 tatamis de 100x200 cm",741.46,NO,0201010,2,201010,,201010,2,18,MANY_TO_MANY,NO,UNCHANGED_EXACT_EVIDENCE,HIGH,READ_ONLY_NOT_IMPLEMENTED
3690,3622,0201010|0201010|0730005,"180x200x14,5 cm, Con 2 tatamis de 100x200 cm",751.38,NO,0201010,2,201010,,201010,2,18,MANY_TO_MANY,NO,UNCHANGED_EXACT_EVIDENCE,HIGH,READ_ONLY_NOT_IMPLEMENTED
3691,3622,0201010|0201010|0730006,"200x200x14,5 cm, Con 2 tatamis de 100x200 cm",778.52,NO,0201010,2,201010,,201010,2,18,MANY_TO_MANY,NO,UNCHANGED_EXACT_EVIDENCE,HIGH,READ_ONLY_NOT_IMPLEMENTED
4558,3657,0201011|0808001,Crudo,232,NO,0201011,1,201011,,201011,2,6,MANY_TO_MANY,NO,UNCHANGED_EXACT_EVIDENCE,HIGH,READ_ONLY_NOT_IMPLEMENTED
4556,3657,0201011|0809001,Azul,232,NO,0201011,1,201011,,201011,2,6,MANY_TO_MANY,NO,UNCHANGED_EXACT_EVIDENCE,HIGH,READ_ONLY_NOT_IMPLEMENTED
4561,3657,0201011|0816001,Negro,232,NO,0201011,1,201011,,201011,2,6,MANY_TO_MANY,NO,UNCHANGED_EXACT_EVIDENCE,HIGH,READ_ONLY_NOT_IMPLEMENTED
4557,3657,0201011|0817001,Granate,219.00,NO,0201011,1,201011,,201011,2,6,MANY_TO_MANY,NO,UNCHANGED_EXACT_EVIDENCE,HIGH,READ_ONLY_NOT_IMPLEMENTED
13091,3657,0201011|0818001,Marrón Chocolate,232,NO,0201011,1,201011,,201011,2,6,MANY_TO_MANY,NO,UNCHANGED_EXACT_EVIDENCE,HIGH,READ_ONLY_NOT_IMPLEMENTED
4559,3657,0201011|0859002,Verde oscuro,219.00,NO,0201011,1,201011,,201011,2,6,MANY_TO_MANY,NO,UNCHANGED_EXACT_EVIDENCE,HIGH,READ_ONLY_NOT_IMPLEMENTED
3664,3611,0302002|0201002|0201002,Con 2 tatamis de 90x200 cm,668.80,NO,0302002,1,302002,,302002,2,1,MANY_TO_ONE,NO,UNCHANGED_EXACT_EVIDENCE,HIGH,READ_ONLY_NOT_IMPLEMENTED
3662,3610,0302009|0201002|0201002,Con 2 tatamis de 90x200 cm,581.70,NO,0302009,1,302009,,302009,2,1,MANY_TO_ONE,NO,UNCHANGED_EXACT_EVIDENCE,HIGH,READ_ONLY_NOT_IMPLEMENTED
3667,3612,0302018|0201001|0201001,"174x214x20 cm, 160x200 cm, Crudo, sin barniz, Con 2 tatamis de 80x200 cm",730.70,NO,0302018,1,302018,,302018,2,1,MANY_TO_ONE,NO,UNCHANGED_EXACT_EVIDENCE,HIGH,READ_ONLY_NOT_IMPLEMENTED
3668,3612,0302019|0201002|0201002,"194x214x20 cm, 180x200 cm, Crudo, sin barniz, Con 2 tatamis de 90x200 cm",751.70,NO,0302019,1,302019,,302019,2,1,MANY_TO_ONE,NO,UNCHANGED_EXACT_EVIDENCE,HIGH,READ_ONLY_NOT_IMPLEMENTED
3679,3618,0402010|0201001|0201001,"174x214x40 cm, 160x200 cm, Crudo, sin barniz, Con 2 tatamis de 80x200 cm",730.70,NO,0402010,1,402010,,402010,2,1,MANY_TO_ONE,NO,UNCHANGED_EXACT_EVIDENCE,HIGH,READ_ONLY_NOT_IMPLEMENTED
3680,3618,0402012|0201002|0201002,"194x214x40 cm, 180x200 cm, Crudo, sin barniz, Con 2 tatamis de 90x200 cm",751.70,NO,0402012,1,402012,,402012,2,1,MANY_TO_ONE,NO,UNCHANGED_EXACT_EVIDENCE,HIGH,READ_ONLY_NOT_IMPLEMENTED
4232,3650,0502002|0724008,"Futón de algodón, 140x190x14,5 cm, Sin funda",684.54,NO,0502002,1,502002,,502002,2,18,MANY_TO_MANY,NO,UNCHANGED_EXACT_EVIDENCE,HIGH,READ_ONLY_NOT_IMPLEMENTED
4236,3650,0502002|0724008|0608006,"Futón de algodón, 140x190x14,5 cm, Crudo",751.58,NO,0502002,1,502002,,502002,3,18,MANY_TO_MANY,NO,UNCHANGED_EXACT_EVIDENCE,HIGH,READ_ONLY_NOT_IMPLEMENTED
4240,3650,0502002|0724008|0616006,"Futón de algodón, 140x190x14,5 cm, Negro",751.58,NO,0502002,1,502002,,502002,3,18,MANY_TO_MANY,NO,UNCHANGED_EXACT_EVIDENCE,HIGH,READ_ONLY_NOT_IMPLEMENTED
6292,3650,0502002|0724008|0617002,"Futón de algodón, 140x190x14,5 cm, Gris jaspeado",751.58,NO,0502002,1,502002,,502002,3,18,MANY_TO_MANY,NO,UNCHANGED_EXACT_EVIDENCE,HIGH,READ_ONLY_NOT_IMPLEMENTED
6293,3650,0502002|0724008|0619002,"Futón de algodón, 140x190x14,5 cm, Beige jaspeado",751.58,NO,0502002,1,502002,,502002,3,18,MANY_TO_MANY,NO,UNCHANGED_EXACT_EVIDENCE,HIGH,READ_ONLY_NOT_IMPLEMENTED
11123,3650,0502002|0724008|0619009,"Futón de algodón, 140x190x14,5 cm, Marrón",751.58,NO,0502002,1,502002,,502002,3,18,MANY_TO_MANY,NO,UNCHANGED_EXACT_EVIDENCE,HIGH,READ_ONLY_NOT_IMPLEMENTED
4208,3650,0502002|0728007,"Futón con una capa de látex, 140x190x14,5 cm, Sin funda",764.42,NO,0502002,1,502002,,502002,2,18,MANY_TO_MANY,NO,UNCHANGED_EXACT_EVIDENCE,HIGH,READ_ONLY_NOT_IMPLEMENTED
4212,3650,0502002|0728007|0608006,"Futón con una capa de látex, 140x190x14,5 cm, Crudo",831.42,NO,0502002,1,502002,,502002,3,18,MANY_TO_MANY,NO,UNCHANGED_EXACT_EVIDENCE,HIGH,READ_ONLY_NOT_IMPLEMENTED
4216,3650,0502002|0728007|0616006,"Futón con una capa de látex, 140x190x14,5 cm, Negro",831.42,NO,0502002,1,502002,,502002,3,18,MANY_TO_MANY,NO,UNCHANGED_EXACT_EVIDENCE,HIGH,READ_ONLY_NOT_IMPLEMENTED
9456,3650,0502002|0728007|0617002,"Futón con una capa de látex, 140x190x14,5 cm, Gris jaspeado",831.42,NO,0502002,1,502002,,502002,3,18,MANY_TO_MANY,NO,UNCHANGED_EXACT_EVIDENCE,HIGH,READ_ONLY_NOT_IMPLEMENTED
6295,3650,0502002|0728007|0619002,"Futón con una capa de látex, 140x190x14,5 cm, Beige jaspeado",831.42,NO,0502002,1,502002,,502002,3,18,MANY_TO_MANY,NO,UNCHANGED_EXACT_EVIDENCE,HIGH,READ_ONLY_NOT_IMPLEMENTED
11125,3650,0502002|0728007|0619009,"Futón con una capa de látex, 140x190x14,5 cm, Marrón",831.42,NO,0502002,1,502002,,502002,3,18,MANY_TO_MANY,NO,UNCHANGED_EXACT_EVIDENCE,HIGH,READ_ONLY_NOT_IMPLEMENTED
4220,3650,0502002|0730007,"Futón con dos capas de látex, 140x190x14,5 cm, Sin funda",912.50,NO,0502002,1,502002,,502002,2,18,MANY_TO_MANY,NO,UNCHANGED_EXACT_EVIDENCE,HIGH,READ_ONLY_NOT_IMPLEMENTED
4224,3650,0502002|0730007|0608006,"Futón con dos capas de látex, 140x190x14,5 cm, Crudo",979.50,NO,0502002,1,502002,,502002,3,18,MANY_TO_MANY,NO,UNCHANGED_EXACT_EVIDENCE,HIGH,READ_ONLY_NOT_IMPLEMENTED
4228,3650,0502002|0730007|0616006,"Futón con dos capas de látex, 140x190x14,5 cm, Negro",979.50,NO,0502002,1,502002,,502002,3,18,MANY_TO_MANY,NO,UNCHANGED_EXACT_EVIDENCE,HIGH,READ_ONLY_NOT_IMPLEMENTED
9457,3650,0502002|0730007|0617002,"Futón con dos capas de látex, 140x190x14,5 cm, Gris jaspeado",979.50,NO,0502002,1,502002,,502002,3,18,MANY_TO_MANY,NO,UNCHANGED_EXACT_EVIDENCE,HIGH,READ_ONLY_NOT_IMPLEMENTED
6294,3650,0502002|0730007|0619002,"Futón con dos capas de látex, 140x190x14,5 cm, Beige jaspeado",979.50,NO,0502002,1,502002,,502002,3,18,MANY_TO_MANY,NO,UNCHANGED_EXACT_EVIDENCE,HIGH,READ_ONLY_NOT_IMPLEMENTED
11126,3650,0502002|0730007|0619009,"Futón con dos capas de látex, 140x190x14,5 cm, Marrón",979.50,NO,0502002,1,502002,,502002,3,18,MANY_TO_MANY,NO,UNCHANGED_EXACT_EVIDENCE,HIGH,READ_ONLY_NOT_IMPLEMENTED
4124,3649,0502005|0727007,"Futón con una capa de látex, 80x200x13 cm, Sin funda",478.74,NO,0502005,1,502005,,502005,2,12,MANY_TO_MANY,NO,UNCHANGED_EXACT_EVIDENCE,HIGH,READ_ONLY_NOT_IMPLEMENTED
4128,3649,0502005|0727007|0608007,"Futón con una capa de látex, 80x200x13 cm, Crudo",550.74,NO,0502005,1,502005,,502005,3,12,MANY_TO_MANY,NO,UNCHANGED_EXACT_EVIDENCE,HIGH,READ_ONLY_NOT_IMPLEMENTED
4132,3649,0502005|0727007|0616007,"Futón con una capa de látex, 80x200x13 cm, Negro",550.74,NO,0502005,1,502005,,502005,3,12,MANY_TO_MANY,NO,UNCHANGED_EXACT_EVIDENCE,HIGH,READ_ONLY_NOT_IMPLEMENTED
11132,3649,0502005|0727007|0619007,"Futón con una capa de látex, 80x200x13 cm, Marrón",550.74,NO,0502005,1,502005,,502005,3,12,MANY_TO_MANY,NO,UNCHANGED_EXACT_EVIDENCE,HIGH,READ_ONLY_NOT_IMPLEMENTED
4136,3649,0502005|0730009,"Futón con dos capas de látex, 80x200x13 cm, Sin funda",532.94,NO,0502005,1,502005,,502005,2,12,MANY_TO_MANY,NO,UNCHANGED_EXACT_EVIDENCE,HIGH,READ_ONLY_NOT_IMPLEMENTED
4140,3649,0502005|0730009|0608007,"Futón con dos capas de látex, 80x200x13 cm, Crudo",604.94,NO,0502005,1,502005,,502005,3,12,MANY_TO_MANY,NO,UNCHANGED_EXACT_EVIDENCE,HIGH,READ_ONLY_NOT_IMPLEMENTED
4144,3649,0502005|0730009|0616007,"Futón con dos capas de látex, 80x200x13 cm, Negro",604.94,NO,0502005,1,502005,,502005,3,12,MANY_TO_MANY,NO,UNCHANGED_EXACT_EVIDENCE,HIGH,READ_ONLY_NOT_IMPLEMENTED
11133,3649,0502005|0730009|0619007,"Futón con dos capas de látex, 80x200x13 cm, Marrón",604.94,NO,0502005,1,502005,,502005,3,12,MANY_TO_MANY,NO,UNCHANGED_EXACT_EVIDENCE,HIGH,READ_ONLY_NOT_IMPLEMENTED
11837,3649,0502005|1249001,"Futón de algodón de colores individual, 80x200x13 cm, Crudo, Sin funda",417.82,NO,0502005,1,502005,,502005,2,12,MANY_TO_MANY,NO,UNCHANGED_EXACT_EVIDENCE,HIGH,READ_ONLY_NOT_IMPLEMENTED
4200,3649,0502005|1249001|0608007,"Futón de algodón de colores individual, 80x200x13 cm, Crudo, Crudo",494.82,NO,0502005,1,502005,,502005,3,12,MANY_TO_MANY,NO,UNCHANGED_EXACT_EVIDENCE,HIGH,READ_ONLY_NOT_IMPLEMENTED
11836,3649,0502005|1249001|0616007,"Futón de algodón de colores individual, 80x200x13 cm, Crudo, Negro",494.82,NO,0502005,1,502005,,502005,3,12,MANY_TO_MANY,NO,UNCHANGED_EXACT_EVIDENCE,HIGH,READ_ONLY_NOT_IMPLEMENTED
11131,3649,0502005|1249001|0619007,"Futón de algodón de colores individual, 80x200x13 cm, Crudo, Marrón",494.82,NO,0502005,1,502005,,502005,3,12,MANY_TO_MANY,NO,UNCHANGED_EXACT_EVIDENCE,HIGH,READ_ONLY_NOT_IMPLEMENTED
8235,3651,0502012|0724004,"Futón de algodón, 150x200x14,5 cm, Sin funda, Sin cajón",658.78,NO,0502012,1,502012,,502012,2,37,MANY_TO_MANY,NO,UNCHANGED_EXACT_EVIDENCE,HIGH,READ_ONLY_NOT_IMPLEMENTED
4320,3651,0502012|0724004|0608004,"Futón de algodón, 150x200x14,5 cm, Crudo, Sin cajón",730.78,NO,0502012,1,502012,,502012,3,37,MANY_TO_MANY,NO,UNCHANGED_EXACT_EVIDENCE,HIGH,READ_ONLY_NOT_IMPLEMENTED
4324,3651,0502012|0724004|0616004,"Futón de algodón, 150x200x14,5 cm, Negro, Sin cajón",730.78,NO,0502012,1,502012,,502012,3,37,MANY_TO_MANY,NO,UNCHANGED_EXACT_EVIDENCE,HIGH,READ_ONLY_NOT_IMPLEMENTED
6285,3651,0502012|0724004|0617004,"Futón de algodón, 150x200x14,5 cm, Gris jaspeado, Sin cajón",730.78,NO,0502012,1,502012,,502012,3,37,MANY_TO_MANY,NO,UNCHANGED_EXACT_EVIDENCE,HIGH,READ_ONLY_NOT_IMPLEMENTED
6286,3651,0502012|0724004|0619004,"Futón de algodón, 150x200x14,5 cm, Beige jaspeado, Sin cajón",730.78,NO,0502012,1,502012,,502012,3,37,MANY_TO_MANY,NO,UNCHANGED_EXACT_EVIDENCE,HIGH,READ_ONLY_NOT_IMPLEMENTED
11137,3651,0502012|0724004|0619010,"Futón de algodón, 150x200x14,5 cm, Marrón, Sin cajón",730.78,NO,0502012,1,502012,,502012,3,37,MANY_TO_MANY,NO,UNCHANGED_EXACT_EVIDENCE,HIGH,READ_ONLY_NOT_IMPLEMENTED
4378,3651,0502012|0724004|1002004,"Futón de algodón, 150x200x14,5 cm, Sin funda, Con cajón",783.78,NO,0502012,1,502012,,502012,3,37,MANY_TO_MANY,NO,UNCHANGED_EXACT_EVIDENCE,HIGH,READ_ONLY_NOT_IMPLEMENTED
4393,3651,0502012|0724004|1002004|0608004,"Futón de algodón, 150x200x14,5 cm, Crudo, Con cajón",855.78,NO,0502012,1,502012,,502012,4,37,MANY_TO_MANY,NO,UNCHANGED_EXACT_EVIDENCE,HIGH,READ_ONLY_NOT_IMPLEMENTED
4397,3651,0502012|0724004|1002004|0616004,"Futón de algodón, 150x200x14,5 cm, Negro, Con cajón",855.78,NO,0502012,1,502012,,502012,4,37,MANY_TO_MANY,NO,UNCHANGED_EXACT_EVIDENCE,HIGH,READ_ONLY_NOT_IMPLEMENTED
6287,3651,0502012|0724004|1002004|0617004,"Futón de algodón, 150x200x14,5 cm, Gris jaspeado, Con cajón",855.78,NO,0502012,1,502012,,502012,4,37,MANY_TO_MANY,NO,UNCHANGED_EXACT_EVIDENCE,HIGH,READ_ONLY_NOT_IMPLEMENTED
6288,3651,0502012|0724004|1002004|0619004,"Futón de algodón, 150x200x14,5 cm, Beige jaspeado, Con cajón",855.78,NO,0502012,1,502012,,502012,4,37,MANY_TO_MANY,NO,UNCHANGED_EXACT_EVIDENCE,HIGH,READ_ONLY_NOT_IMPLEMENTED
11141,3651,0502012|0724004|1002004|0619010,"Futón de algodón, 150x200x14,5 cm, Marrón, Con cajón",855.78,NO,0502012,1,502012,,502012,4,37,MANY_TO_MANY,NO,UNCHANGED_EXACT_EVIDENCE,HIGH,READ_ONLY_NOT_IMPLEMENTED
4292,3651,0502012|0728003,"Futón con una capa de látex, 150x200x14,5 cm, Sin funda, Sin cajón",770.78,NO,0502012,1,502012,,502012,2,37,MANY_TO_MANY,NO,UNCHANGED_EXACT_EVIDENCE,HIGH,READ_ONLY_NOT_IMPLEMENTED
4296,3651,0502012|0728003|0608004,"Futón con una capa de látex, 150x200x14,5 cm, Crudo, Sin cajón",842.78,NO,0502012,1,502012,,502012,3,37,MANY_TO_MANY,NO,UNCHANGED_EXACT_EVIDENCE,HIGH,READ_ONLY_NOT_IMPLEMENTED
4300,3651,0502012|0728003|0616004,"Futón con una capa de látex, 150x200x14,5 cm, Negro, Sin cajón",842.78,NO,0502012,1,502012,,502012,3,37,MANY_TO_MANY,NO,UNCHANGED_EXACT_EVIDENCE,HIGH,READ_ONLY_NOT_IMPLEMENTED
9441,3651,0502012|0728003|0617004,"Futón con una capa de látex, 150x200x14,5 cm, Gris jaspeado, Sin cajón",842.78,NO,0502012,1,502012,,502012,3,37,MANY_TO_MANY,NO,UNCHANGED_EXACT_EVIDENCE,HIGH,READ_ONLY_NOT_IMPLEMENTED
9442,3651,0502012|0728003|0619004,"Futón con una capa de látex, 150x200x14,5 cm, Beige jaspeado, Sin cajón",842.78,NO,0502012,1,502012,,502012,3,37,MANY_TO_MANY,NO,UNCHANGED_EXACT_EVIDENCE,HIGH,READ_ONLY_NOT_IMPLEMENTED
11135,3651,0502012|0728003|0619010,"Futón con una capa de látex, 150x200x14,5 cm, Marrón, Sin cajón",842.78,NO,0502012,1,502012,,502012,3,37,MANY_TO_MANY,NO,UNCHANGED_EXACT_EVIDENCE,HIGH,READ_ONLY_NOT_IMPLEMENTED
4376,3651,0502012|0728003|1002004,"Futón con una capa de látex, 150x200x14,5 cm, Sin funda, Con cajón",907.78,NO,0502012,1,502012,,502012,3,37,MANY_TO_MANY,NO,UNCHANGED_EXACT_EVIDENCE,HIGH,READ_ONLY_NOT_IMPLEMENTED
4452,3651,0502012|0728003|1002004|0608004,"Futón con una capa de látex, 150x200x14,5 cm, Crudo, Con cajón",979.78,NO,0502012,1,502012,,502012,4,37,MANY_TO_MANY,NO,UNCHANGED_EXACT_EVIDENCE,HIGH,READ_ONLY_NOT_IMPLEMENTED
4456,3651,0502012|0728003|1002004|0616004,"Futón con una capa de látex, 150x200x14,5 cm, Negro, Con cajón",979.78,NO,0502012,1,502012,,502012,4,37,MANY_TO_MANY,NO,UNCHANGED_EXACT_EVIDENCE,HIGH,READ_ONLY_NOT_IMPLEMENTED
6284,3651,0502012|0728003|1002004|0617004,"Futón con una capa de látex, 150x200x14,5 cm, Gris jaspeado, Con cajón",979.78,NO,0502012,1,502012,,502012,4,37,MANY_TO_MANY,NO,UNCHANGED_EXACT_EVIDENCE,HIGH,READ_ONLY_NOT_IMPLEMENTED
9452,3651,0502012|0728003|1002004|0619004,"Futón con una capa de látex, 150x200x14,5 cm, Beige jaspeado, Con cajón",979.78,NO,0502012,1,502012,,502012,4,37,MANY_TO_MANY,NO,UNCHANGED_EXACT_EVIDENCE,HIGH,READ_ONLY_NOT_IMPLEMENTED
11140,3651,0502012|0728003|1002004|0619010,"Futón con una capa de látex, 150x200x14,5 cm, Marrón, Con cajón",979.78,NO,0502012,1,502012,,502012,4,37,MANY_TO_MANY,NO,UNCHANGED_EXACT_EVIDENCE,HIGH,READ_ONLY_NOT_IMPLEMENTED
9526,3651,0502012|0730003,"Futón con dos capas de látex, 150x200x14,5 cm, Sin funda, Sin cajón",872.14,NO,0502012,1,502012,,502012,2,37,MANY_TO_MANY,NO,UNCHANGED_EXACT_EVIDENCE,HIGH,READ_ONLY_NOT_IMPLEMENTED
4308,3651,0502012|0730003|0608004,"Futón con dos capas de látex, 150x200x14,5 cm, Crudo, Sin cajón",944.14,NO,0502012,1,502012,,502012,3,37,MANY_TO_MANY,NO,UNCHANGED_EXACT_EVIDENCE,HIGH,READ_ONLY_NOT_IMPLEMENTED
4312,3651,0502012|0730003|0616004,"Futón con dos capas de látex, 150x200x14,5 cm, Negro, Sin cajón",944.14,NO,0502012,1,502012,,502012,3,37,MANY_TO_MANY,NO,UNCHANGED_EXACT_EVIDENCE,HIGH,READ_ONLY_NOT_IMPLEMENTED
9447,3651,0502012|0730003|0617004,"Futón con dos capas de látex, 150x200x14,5 cm, Gris jaspeado, Sin cajón",944.14,NO,0502012,1,502012,,502012,3,37,MANY_TO_MANY,NO,UNCHANGED_EXACT_EVIDENCE,HIGH,READ_ONLY_NOT_IMPLEMENTED
9443,3651,0502012|0730003|0619004,"Futón con dos capas de látex, 150x200x14,5 cm, Beige jaspeado, Sin cajón",944.14,NO,0502012,1,502012,,502012,3,37,MANY_TO_MANY,NO,UNCHANGED_EXACT_EVIDENCE,HIGH,READ_ONLY_NOT_IMPLEMENTED
11136,3651,0502012|0730003|0619010,"Futón con dos capas de látex, 150x200x14,5 cm, Marrón, Sin cajón",944.14,NO,0502012,1,502012,,502012,3,37,MANY_TO_MANY,NO,UNCHANGED_EXACT_EVIDENCE,HIGH,READ_ONLY_NOT_IMPLEMENTED
4377,3651,0502012|0730003|1002004,"Futón con dos capas de látex, 150x200x14,5 cm, Sin funda, Con cajón",1009.14,NO,0502012,1,502012,,502012,3,37,MANY_TO_MANY,NO,UNCHANGED_EXACT_EVIDENCE,HIGH,READ_ONLY_NOT_IMPLEMENTED
4382,3651,0502012|0730003|1002004|0608004,"Futón con dos capas de látex, 150x200x14,5 cm, Crudo, Con cajón",1081.14,NO,0502012,1,502012,,502012,4,37,MANY_TO_MANY,NO,UNCHANGED_EXACT_EVIDENCE,HIGH,READ_ONLY_NOT_IMPLEMENTED
4386,3651,0502012|0730003|1002004|0616004,"Futón con dos capas de látex, 150x200x14,5 cm, Negro, Con cajón",1081.14,NO,0502012,1,502012,,502012,4,37,MANY_TO_MANY,NO,UNCHANGED_EXACT_EVIDENCE,HIGH,READ_ONLY_NOT_IMPLEMENTED
6289,3651,0502012|0730003|1002004|0617004,"Futón con dos capas de látex, 150x200x14,5 cm, Gris jaspeado, Con cajón",1081.14,NO,0502012,1,502012,,502012,4,37,MANY_TO_MANY,NO,UNCHANGED_EXACT_EVIDENCE,HIGH,READ_ONLY_NOT_IMPLEMENTED
9448,3651,0502012|0730003|1002004|0619004,"Futón con dos capas de látex, 150x200x14,5 cm, Beige jaspeado, Con cajón",1081.14,NO,0502012,1,502012,,502012,4,37,MANY_TO_MANY,NO,UNCHANGED_EXACT_EVIDENCE,HIGH,READ_ONLY_NOT_IMPLEMENTED
11139,3651,0502012|0730003|1002004|0619010,"Futón con dos capas de látex, 150x200x14,5 cm, Marrón, Con cajón",1081.14,NO,0502012,1,502012,,502012,4,37,MANY_TO_MANY,NO,UNCHANGED_EXACT_EVIDENCE,HIGH,READ_ONLY_NOT_IMPLEMENTED
3753,3629,0502012|1002004,Con cajón,507.00,NO,0502012,1,502012,,502012,2,37,MANY_TO_MANY,NO,UNCHANGED_EXACT_EVIDENCE,HIGH,READ_ONLY_NOT_IMPLEMENTED
4029,3648,0504009|0724001,"90x200x8 cm, 90x120x100 cm, 90x200 cm, Futón de algodón, 90x200x14,5 cm, Sin funda",337.99,NO,0504009,1,504009,,504009,2,21,MANY_TO_MANY,NO,UNCHANGED_EXACT_EVIDENCE,HIGH,READ_ONLY_NOT_IMPLEMENTED
4034,3648,0504009|0724001|0606001,"90x200x8 cm, 90x120x100 cm, 90x200 cm, Futón de algodón, 90x200x14,5 cm, Granate",361.99,NO,0504009,1,504009,,504009,3,21,MANY_TO_MANY,NO,UNCHANGED_EXACT_EVIDENCE,HIGH,READ_ONLY_NOT_IMPLEMENTED
4038,3648,0504009|0724001|0607001,"90x200x8 cm, 90x120x100 cm, 90x200 cm, Futón de algodón, 90x200x14,5 cm, Rojo",361.99,NO,0504009,1,504009,,504009,3,21,MANY_TO_MANY,NO,UNCHANGED_EXACT_EVIDENCE,HIGH,READ_ONLY_NOT_IMPLEMENTED
4033,3648,0504009|0724001|0608001,"90x200x8 cm, 90x120x100 cm, 90x200 cm, Futón de algodón, 90x200x14,5 cm, Crudo",361.99,NO,0504009,1,504009,,504009,3,21,MANY_TO_MANY,NO,UNCHANGED_EXACT_EVIDENCE,HIGH,READ_ONLY_NOT_IMPLEMENTED
4031,3648,0504009|0724001|0609001,"90x200x8 cm, 90x120x100 cm, 90x200 cm, Futón de algodón, 90x200x14,5 cm, Azul",361.99,NO,0504009,1,504009,,504009,3,21,MANY_TO_MANY,NO,UNCHANGED_EXACT_EVIDENCE,HIGH,READ_ONLY_NOT_IMPLEMENTED
4030,3648,0504009|0724001|0615001,"90x200x8 cm, 90x120x100 cm, 90x200 cm, Futón de algodón, 90x200x14,5 cm, Amarillo",361.99,NO,0504009,1,504009,,504009,3,21,MANY_TO_MANY,NO,UNCHANGED_EXACT_EVIDENCE,HIGH,READ_ONLY_NOT_IMPLEMENTED
4037,3648,0504009|0724001|0616001,"90x200x8 cm, 90x120x100 cm, 90x200 cm, Futón de algodón, 90x200x14,5 cm, Negro",361.99,NO,0504009,1,504009,,504009,3,21,MANY_TO_MANY,NO,UNCHANGED_EXACT_EVIDENCE,HIGH,READ_ONLY_NOT_IMPLEMENTED
4005,3648,0504009|0728001,"90x200x8 cm, 90x120x100 cm, 90x200 cm, Futón con una capa de látex, 90x200x14,5 cm, Sin funda",385.99,NO,0504009,1,504009,,504009,2,21,MANY_TO_MANY,NO,UNCHANGED_EXACT_EVIDENCE,HIGH,READ_ONLY_NOT_IMPLEMENTED
4010,3648,0504009|0728001|0606001,"90x200x8 cm, 90x120x100 cm, 90x200 cm, Futón con una capa de látex, 90x200x14,5 cm, Granate",409.99,NO,0504009,1,504009,,504009,3,21,MANY_TO_MANY,NO,UNCHANGED_EXACT_EVIDENCE,HIGH,READ_ONLY_NOT_IMPLEMENTED
4014,3648,0504009|0728001|0607001,"90x200x8 cm, 90x120x100 cm, 90x200 cm, Futón con una capa de látex, 90x200x14,5 cm, Rojo",409.99,NO,0504009,1,504009,,504009,3,21,MANY_TO_MANY,NO,UNCHANGED_EXACT_EVIDENCE,HIGH,READ_ONLY_NOT_IMPLEMENTED
4009,3648,0504009|0728001|0608001,"90x200x8 cm, 90x120x100 cm, 90x200 cm, Futón con una capa de látex, 90x200x14,5 cm, Crudo",409.99,NO,0504009,1,504009,,504009,3,21,MANY_TO_MANY,NO,UNCHANGED_EXACT_EVIDENCE,HIGH,READ_ONLY_NOT_IMPLEMENTED
4007,3648,0504009|0728001|0609001,"90x200x8 cm, 90x120x100 cm, 90x200 cm, Futón con una capa de látex, 90x200x14,5 cm, Azul",409.99,NO,0504009,1,504009,,504009,3,21,MANY_TO_MANY,NO,UNCHANGED_EXACT_EVIDENCE,HIGH,READ_ONLY_NOT_IMPLEMENTED
4006,3648,0504009|0728001|0615001,"90x200x8 cm, 90x120x100 cm, 90x200 cm, Futón con una capa de látex, 90x200x14,5 cm, Amarillo",409.99,NO,0504009,1,504009,,504009,3,21,MANY_TO_MANY,NO,UNCHANGED_EXACT_EVIDENCE,HIGH,READ_ONLY_NOT_IMPLEMENTED
4013,3648,0504009|0728001|0616001,"90x200x8 cm, 90x120x100 cm, 90x200 cm, Futón con una capa de látex, 90x200x14,5 cm, Negro",409.99,NO,0504009,1,504009,,504009,3,21,MANY_TO_MANY,NO,UNCHANGED_EXACT_EVIDENCE,HIGH,READ_ONLY_NOT_IMPLEMENTED
4017,3648,0504009|0730001,"90x200x8 cm, 90x120x100 cm, 90x200 cm, Futón con dos capas de látex, 90x200x14,5 cm, Sin funda",433.99,NO,0504009,1,504009,,504009,2,21,MANY_TO_MANY,NO,UNCHANGED_EXACT_EVIDENCE,HIGH,READ_ONLY_NOT_IMPLEMENTED
4022,3648,0504009|0730001|0606001,"90x200x8 cm, 90x120x100 cm, 90x200 cm, Futón con dos capas de látex, 90x200x14,5 cm, Granate",457.99,NO,0504009,1,504009,,504009,3,21,MANY_TO_MANY,NO,UNCHANGED_EXACT_EVIDENCE,HIGH,READ_ONLY_NOT_IMPLEMENTED
4026,3648,0504009|0730001|0607001,"90x200x8 cm, 90x120x100 cm, 90x200 cm, Futón con dos capas de látex, 90x200x14,5 cm, Rojo",457.99,NO,0504009,1,504009,,504009,3,21,MANY_TO_MANY,NO,UNCHANGED_EXACT_EVIDENCE,HIGH,READ_ONLY_NOT_IMPLEMENTED
4021,3648,0504009|0730001|0608001,"90x200x8 cm, 90x120x100 cm, 90x200 cm, Futón con dos capas de látex, 90x200x14,5 cm, Crudo",457.99,NO,0504009,1,504009,,504009,3,21,MANY_TO_MANY,NO,UNCHANGED_EXACT_EVIDENCE,HIGH,READ_ONLY_NOT_IMPLEMENTED
4019,3648,0504009|0730001|0609001,"90x200x8 cm, 90x120x100 cm, 90x200 cm, Futón con dos capas de látex, 90x200x14,5 cm, Azul",457.99,NO,0504009,1,504009,,504009,3,21,MANY_TO_MANY,NO,UNCHANGED_EXACT_EVIDENCE,HIGH,READ_ONLY_NOT_IMPLEMENTED
4018,3648,0504009|0730001|0615001,"90x200x8 cm, 90x120x100 cm, 90x200 cm, Futón con dos capas de látex, 90x200x14,5 cm, Amarillo",457.99,NO,0504009,1,504009,,504009,3,21,MANY_TO_MANY,NO,UNCHANGED_EXACT_EVIDENCE,HIGH,READ_ONLY_NOT_IMPLEMENTED
4025,3648,0504009|0730001|0616001,"90x200x8 cm, 90x120x100 cm, 90x200 cm, Futón con dos capas de látex, 90x200x14,5 cm, Negro",457.99,NO,0504009,1,504009,,504009,3,21,MANY_TO_MANY,NO,UNCHANGED_EXACT_EVIDENCE,HIGH,READ_ONLY_NOT_IMPLEMENTED
4065,3648,0504010|0724003,"140x200x8 cm, 140x120x100 cm, 140x200 cm, Futón de algodón, 140x200x14,5 cm, Sin funda",377.99,NO,0504010,1,504010,,504010,2,39,MANY_TO_MANY,NO,UNCHANGED_EXACT_EVIDENCE,HIGH,READ_ONLY_NOT_IMPLEMENTED
4069,3648,0504010|0724003|0606002,"140x200x8 cm, 140x120x100 cm, 140x200 cm, Futón de algodón, 140x200x14,5 cm, Granate",409.99,NO,0504010,1,504010,,504010,3,39,MANY_TO_MANY,NO,UNCHANGED_EXACT_EVIDENCE,HIGH,READ_ONLY_NOT_IMPLEMENTED
4073,3648,0504010|0724003|0607002,"140x200x8 cm, 140x120x100 cm, 140x200 cm, Futón de algodón, 140x200x14,5 cm, Rojo",409.99,NO,0504010,1,504010,,504010,3,39,MANY_TO_MANY,NO,UNCHANGED_EXACT_EVIDENCE,HIGH,READ_ONLY_NOT_IMPLEMENTED
4068,3648,0504010|0724003|0608002,"140x200x8 cm, 140x120x100 cm, 140x200 cm, Futón de algodón, 140x200x14,5 cm, Crudo",409.99,NO,0504010,1,504010,,504010,3,39,MANY_TO_MANY,NO,UNCHANGED_EXACT_EVIDENCE,HIGH,READ_ONLY_NOT_IMPLEMENTED
4075,3648,0504010|0724003|0614002,"140x200x8 cm, 140x120x100 cm, 140x200 cm, Futón de algodón, 140x200x14,5 cm, Verde",409.99,NO,0504010,1,504010,,504010,3,39,MANY_TO_MANY,NO,UNCHANGED_EXACT_EVIDENCE,HIGH,READ_ONLY_NOT_IMPLEMENTED
4066,3648,0504010|0724003|0615002,"140x200x8 cm, 140x120x100 cm, 140x200 cm, Futón de algodón, 140x200x14,5 cm, Amarillo",409.99,NO,0504010,1,504010,,504010,3,39,MANY_TO_MANY,NO,UNCHANGED_EXACT_EVIDENCE,HIGH,READ_ONLY_NOT_IMPLEMENTED
4072,3648,0504010|0724003|0616002,"140x200x8 cm, 140x120x100 cm, 140x200 cm, Futón de algodón, 140x200x14,5 cm, Negro",409.99,NO,0504010,1,504010,,504010,3,39,MANY_TO_MANY,NO,UNCHANGED_EXACT_EVIDENCE,HIGH,READ_ONLY_NOT_IMPLEMENTED
4041,3648,0504010|0728002,"140x200x8 cm, 140x120x100 cm, 140x200 cm, Futón con una capa de látex, 140x200x14,5 cm, Sin funda",441.90,NO,0504010,1,504010,,504010,2,39,MANY_TO_MANY,NO,UNCHANGED_EXACT_EVIDENCE,HIGH,READ_ONLY_NOT_IMPLEMENTED
4046,3648,0504010|0728002|0606002,"140x200x8 cm, 140x120x100 cm, 140x200 cm, Futón con una capa de látex, 140x200x14,5 cm, Granate",473.99,NO,0504010,1,504010,,504010,3,39,MANY_TO_MANY,NO,UNCHANGED_EXACT_EVIDENCE,HIGH,READ_ONLY_NOT_IMPLEMENTED
4050,3648,0504010|0728002|0607002,"140x200x8 cm, 140x120x100 cm, 140x200 cm, Futón con una capa de látex, 140x200x14,5 cm, Rojo",473.99,NO,0504010,1,504010,,504010,3,39,MANY_TO_MANY,NO,UNCHANGED_EXACT_EVIDENCE,HIGH,READ_ONLY_NOT_IMPLEMENTED
4045,3648,0504010|0728002|0608002,"140x200x8 cm, 140x120x100 cm, 140x200 cm, Futón con una capa de látex, 140x200x14,5 cm, Crudo",473.99,NO,0504010,1,504010,,504010,3,39,MANY_TO_MANY,NO,UNCHANGED_EXACT_EVIDENCE,HIGH,READ_ONLY_NOT_IMPLEMENTED
4043,3648,0504010|0728002|0609002,"140x200x8 cm, 140x120x100 cm, 140x200 cm, Futón con una capa de látex, 140x200x14,5 cm, Azul",473.99,NO,0504010,1,504010,,504010,3,39,MANY_TO_MANY,NO,UNCHANGED_EXACT_EVIDENCE,HIGH,READ_ONLY_NOT_IMPLEMENTED
4052,3648,0504010|0728002|0614002,"140x200x8 cm, 140x120x100 cm, 140x200 cm, Futón con una capa de látex, 140x200x14,5 cm, Verde",473.99,NO,0504010,1,504010,,504010,3,39,MANY_TO_MANY,NO,UNCHANGED_EXACT_EVIDENCE,HIGH,READ_ONLY_NOT_IMPLEMENTED
4042,3648,0504010|0728002|0615002,"140x200x8 cm, 140x120x100 cm, 140x200 cm, Futón con una capa de látex, 140x200x14,5 cm, Amarillo",473.99,NO,0504010,1,504010,,504010,3,39,MANY_TO_MANY,NO,UNCHANGED_EXACT_EVIDENCE,HIGH,READ_ONLY_NOT_IMPLEMENTED
4049,3648,0504010|0728002|0616002,"140x200x8 cm, 140x120x100 cm, 140x200 cm, Futón con una capa de látex, 140x200x14,5 cm, Negro",473.99,NO,0504010,1,504010,,504010,3,39,MANY_TO_MANY,NO,UNCHANGED_EXACT_EVIDENCE,HIGH,READ_ONLY_NOT_IMPLEMENTED
4053,3648,0504010|0730002,"140x200x8 cm, 140x120x100 cm, 140x200 cm, Futón con dos capas de látex, 140x200x14,5 cm, Sin funda",665.99,NO,0504010,1,504010,,504010,2,39,MANY_TO_MANY,NO,UNCHANGED_EXACT_EVIDENCE,HIGH,READ_ONLY_NOT_IMPLEMENTED
4058,3648,0504010|0730002|0606002,"140x200x8 cm, 140x120x100 cm, 140x200 cm, Futón con dos capas de látex, 140x200x14,5 cm, Granate",705.99,NO,0504010,1,504010,,504010,3,39,MANY_TO_MANY,NO,UNCHANGED_EXACT_EVIDENCE,HIGH,READ_ONLY_NOT_IMPLEMENTED
4062,3648,0504010|0730002|0607002,"140x200x8 cm, 140x120x100 cm, 140x200 cm, Futón con dos capas de látex, 140x200x14,5 cm, Rojo",705.99,NO,0504010,1,504010,,504010,3,39,MANY_TO_MANY,NO,UNCHANGED_EXACT_EVIDENCE,HIGH,READ_ONLY_NOT_IMPLEMENTED
4057,3648,0504010|0730002|0608002,"140x200x8 cm, 140x120x100 cm, 140x200 cm, Futón con dos capas de látex, 140x200x14,5 cm, Crudo",705.99,NO,0504010,1,504010,,504010,3,39,MANY_TO_MANY,NO,UNCHANGED_EXACT_EVIDENCE,HIGH,READ_ONLY_NOT_IMPLEMENTED
4055,3648,0504010|0730002|0609002,"140x200x8 cm, 140x120x100 cm, 140x200 cm, Futón con dos capas de látex, 140x200x14,5 cm, Azul",705.99,NO,0504010,1,504010,,504010,3,39,MANY_TO_MANY,NO,UNCHANGED_EXACT_EVIDENCE,HIGH,READ_ONLY_NOT_IMPLEMENTED
4064,3648,0504010|0730002|0614002,"140x200x8 cm, 140x120x100 cm, 140x200 cm, Futón con dos capas de látex, 140x200x14,5 cm, Verde",705.99,NO,0504010,1,504010,,504010,3,39,MANY_TO_MANY,NO,UNCHANGED_EXACT_EVIDENCE,HIGH,READ_ONLY_NOT_IMPLEMENTED
4054,3648,0504010|0730002|0615002,"140x200x8 cm, 140x120x100 cm, 140x200 cm, Futón con dos capas de látex, 140x200x14,5 cm, Amarillo",705.99,NO,0504010,1,504010,,504010,3,39,MANY_TO_MANY,NO,UNCHANGED_EXACT_EVIDENCE,HIGH,READ_ONLY_NOT_IMPLEMENTED
4061,3648,0504010|0730002|0616002,"140x200x8 cm, 140x120x100 cm, 140x200 cm, Futón con dos capas de látex, 140x200x14,5 cm, Negro",705.99,NO,0504010,1,504010,,504010,3,39,MANY_TO_MANY,NO,UNCHANGED_EXACT_EVIDENCE,HIGH,READ_ONLY_NOT_IMPLEMENTED
4076,3648,0504010|1253003,"140x200x8 cm, 140x120x100 cm, 140x200 cm, Futón de algodón de colores de dos plazas, 140x200x14,5 cm, Gris oscuro, Sin funda",362.99,NO,0504010,1,504010,,504010,2,39,MANY_TO_MANY,NO,UNCHANGED_EXACT_EVIDENCE,HIGH,READ_ONLY_NOT_IMPLEMENTED
4081,3648,0504010|1253003|0606002,"140x200x8 cm, 140x120x100 cm, 140x200 cm, Futón de algodón de colores de dos plazas, 140x200x14,5 cm, Gris oscuro, Granate",431.99,NO,0504010,1,504010,,504010,3,39,MANY_TO_MANY,NO,UNCHANGED_EXACT_EVIDENCE,HIGH,READ_ONLY_NOT_IMPLEMENTED
4085,3648,0504010|1253003|0607002,"140x200x8 cm, 140x120x100 cm, 140x200 cm, Futón de algodón de colores de dos plazas, 140x200x14,5 cm, Gris oscuro, Rojo",431.99,NO,0504010,1,504010,,504010,3,39,MANY_TO_MANY,NO,UNCHANGED_EXACT_EVIDENCE,HIGH,READ_ONLY_NOT_IMPLEMENTED
4080,3648,0504010|1253003|0608002,"140x200x8 cm, 140x120x100 cm, 140x200 cm, Futón de algodón de colores de dos plazas, 140x200x14,5 cm, Gris oscuro, Crudo",431.99,NO,0504010,1,504010,,504010,3,39,MANY_TO_MANY,NO,UNCHANGED_EXACT_EVIDENCE,HIGH,READ_ONLY_NOT_IMPLEMENTED
4078,3648,0504010|1253003|0609002,"140x200x8 cm, 140x120x100 cm, 140x200 cm, Futón de algodón de colores de dos plazas, 140x200x14,5 cm, Gris oscuro, Azul",431.99,NO,0504010,1,504010,,504010,3,39,MANY_TO_MANY,NO,UNCHANGED_EXACT_EVIDENCE,HIGH,READ_ONLY_NOT_IMPLEMENTED
4087,3648,0504010|1253003|0614002,"140x200x8 cm, 140x120x100 cm, 140x200 cm, Futón de algodón de colores de dos plazas, 140x200x14,5 cm, Gris oscuro, Verde",431.99,NO,0504010,1,504010,,504010,3,39,MANY_TO_MANY,NO,UNCHANGED_EXACT_EVIDENCE,HIGH,READ_ONLY_NOT_IMPLEMENTED
4077,3648,0504010|1253003|0615002,"140x200x8 cm, 140x120x100 cm, 140x200 cm, Futón de algodón de colores de dos plazas, 140x200x14,5 cm, Gris oscuro, Amarillo",553.48,NO,0504010,1,504010,,504010,3,39,MANY_TO_MANY,NO,UNCHANGED_EXACT_EVIDENCE,HIGH,READ_ONLY_NOT_IMPLEMENTED
4084,3648,0504010|1253003|0616002,"140x200x8 cm, 140x120x100 cm, 140x200 cm, Futón de algodón de colores de dos plazas, 140x200x14,5 cm, Gris oscuro, Negro",431.99,NO,0504010,1,504010,,504010,3,39,MANY_TO_MANY,NO,UNCHANGED_EXACT_EVIDENCE,HIGH,READ_ONLY_NOT_IMPLEMENTED
4100,3648,0504010|1254005,"140x200x8 cm, 140x120x100 cm, 140x200 cm, Futón de algodón de colores de dos plazas, 140x200x14,5 cm, Rojo, Sin funda",362.99,NO,0504010,1,504010,,504010,2,39,MANY_TO_MANY,NO,UNCHANGED_EXACT_EVIDENCE,HIGH,READ_ONLY_NOT_IMPLEMENTED
4105,3648,0504010|1254005|0606002,"140x200x8 cm, 140x120x100 cm, 140x200 cm, Futón de algodón de colores de dos plazas, 140x200x14,5 cm, Rojo, Granate",431.99,NO,0504010,1,504010,,504010,3,39,MANY_TO_MANY,NO,UNCHANGED_EXACT_EVIDENCE,HIGH,READ_ONLY_NOT_IMPLEMENTED
4109,3648,0504010|1254005|0607002,"140x200x8 cm, 140x120x100 cm, 140x200 cm, Futón de algodón de colores de dos plazas, 140x200x14,5 cm, Rojo, Rojo",431.99,NO,0504010,1,504010,,504010,3,39,MANY_TO_MANY,NO,UNCHANGED_EXACT_EVIDENCE,HIGH,READ_ONLY_NOT_IMPLEMENTED
4104,3648,0504010|1254005|0608002,"140x200x8 cm, 140x120x100 cm, 140x200 cm, Futón de algodón de colores de dos plazas, 140x200x14,5 cm, Rojo, Crudo",431.99,NO,0504010,1,504010,,504010,3,39,MANY_TO_MANY,NO,UNCHANGED_EXACT_EVIDENCE,HIGH,READ_ONLY_NOT_IMPLEMENTED
4102,3648,0504010|1254005|0609002,"140x200x8 cm, 140x120x100 cm, 140x200 cm, Futón de algodón de colores de dos plazas, 140x200x14,5 cm, Rojo, Azul",431.99,NO,0504010,1,504010,,504010,3,39,MANY_TO_MANY,NO,UNCHANGED_EXACT_EVIDENCE,HIGH,READ_ONLY_NOT_IMPLEMENTED
4111,3648,0504010|1254005|0614002,"140x200x8 cm, 140x120x100 cm, 140x200 cm, Futón de algodón de colores de dos plazas, 140x200x14,5 cm, Rojo, Verde",431.99,NO,0504010,1,504010,,504010,3,39,MANY_TO_MANY,NO,UNCHANGED_EXACT_EVIDENCE,HIGH,READ_ONLY_NOT_IMPLEMENTED
4101,3648,0504010|1254005|0615002,"140x200x8 cm, 140x120x100 cm, 140x200 cm, Futón de algodón de colores de dos plazas, 140x200x14,5 cm, Rojo, Amarillo",431.99,NO,0504010,1,504010,,504010,3,39,MANY_TO_MANY,NO,UNCHANGED_EXACT_EVIDENCE,HIGH,READ_ONLY_NOT_IMPLEMENTED
4108,3648,0504010|1254005|0616002,"140x200x8 cm, 140x120x100 cm, 140x200 cm, Futón de algodón de colores de dos plazas, 140x200x14,5 cm, Rojo, Negro",431.99,NO,0504010,1,504010,,504010,3,39,MANY_TO_MANY,NO,UNCHANGED_EXACT_EVIDENCE,HIGH,READ_ONLY_NOT_IMPLEMENTED
4484,3652,0504011|0724003,"Futón de algodón, 140x200x14,5 cm, Sin funda",649.58,NO,0504011,1,504011,,504011,2,18,MANY_TO_MANY,NO,UNCHANGED_EXACT_EVIDENCE,HIGH,READ_ONLY_NOT_IMPLEMENTED
4488,3652,0504011|0724003|0608002,"Futón de algodón, 140x200x14,5 cm, Crudo",721.58,NO,0504011,1,504011,,504011,3,18,MANY_TO_MANY,NO,UNCHANGED_EXACT_EVIDENCE,HIGH,READ_ONLY_NOT_IMPLEMENTED
4492,3652,0504011|0724003|0616002,"Futón de algodón, 140x200x14,5 cm, Negro",721.58,NO,0504011,1,504011,,504011,3,18,MANY_TO_MANY,NO,UNCHANGED_EXACT_EVIDENCE,HIGH,READ_ONLY_NOT_IMPLEMENTED
6093,3652,0504011|0724003|0617002,"Futón de algodón, 140x200x14,5 cm, Gris jaspeado",721.58,NO,0504011,1,504011,,504011,3,18,MANY_TO_MANY,NO,UNCHANGED_EXACT_EVIDENCE,HIGH,READ_ONLY_NOT_IMPLEMENTED
6094,3652,0504011|0724003|0619002,"Futón de algodón, 140x200x14,5 cm, Beige jaspeado",721.58,NO,0504011,1,504011,,504011,3,18,MANY_TO_MANY,NO,UNCHANGED_EXACT_EVIDENCE,HIGH,READ_ONLY_NOT_IMPLEMENTED
11127,3652,0504011|0724003|0619009,"Futón de algodón, 140x200x14,5 cm, Marrón",721.58,NO,0504011,1,504011,,504011,3,18,MANY_TO_MANY,NO,UNCHANGED_EXACT_EVIDENCE,HIGH,READ_ONLY_NOT_IMPLEMENTED
4460,3652,0504011|0728002,"Futón con una capa de látex, 140x200x14,5 cm, Sin funda",738.42,NO,0504011,1,504011,,504011,2,18,MANY_TO_MANY,NO,UNCHANGED_EXACT_EVIDENCE,HIGH,READ_ONLY_NOT_IMPLEMENTED
4464,3652,0504011|0728002|0608002,"Futón con una capa de látex, 140x200x14,5 cm, Crudo",810.42,NO,0504011,1,504011,,504011,3,18,MANY_TO_MANY,NO,UNCHANGED_EXACT_EVIDENCE,HIGH,READ_ONLY_NOT_IMPLEMENTED
4468,3652,0504011|0728002|0616002,"Futón con una capa de látex, 140x200x14,5 cm, Negro",810.42,NO,0504011,1,504011,,504011,3,18,MANY_TO_MANY,NO,UNCHANGED_EXACT_EVIDENCE,HIGH,READ_ONLY_NOT_IMPLEMENTED
9458,3652,0504011|0728002|0617002,"Futón con una capa de látex, 140x200x14,5 cm, Gris jaspeado",810.42,NO,0504011,1,504011,,504011,3,18,MANY_TO_MANY,NO,UNCHANGED_EXACT_EVIDENCE,HIGH,READ_ONLY_NOT_IMPLEMENTED
9459,3652,0504011|0728002|0619002,"Futón con una capa de látex, 140x200x14,5 cm, Beige jaspeado",810.42,NO,0504011,1,504011,,504011,3,18,MANY_TO_MANY,NO,UNCHANGED_EXACT_EVIDENCE,HIGH,READ_ONLY_NOT_IMPLEMENTED
11128,3652,0504011|0728002|0619009,"Futón con una capa de látex, 140x200x14,5 cm, Marrón",810.42,NO,0504011,1,504011,,504011,3,18,MANY_TO_MANY,NO,UNCHANGED_EXACT_EVIDENCE,HIGH,READ_ONLY_NOT_IMPLEMENTED
4472,3652,0504011|0730002,"Futón con dos capas de látex, 140x200x14,5 cm, Sin funda",853.50,NO,0504011,1,504011,,504011,2,18,MANY_TO_MANY,NO,UNCHANGED_EXACT_EVIDENCE,HIGH,READ_ONLY_NOT_IMPLEMENTED
4476,3652,0504011|0730002|0608002,"Futón con dos capas de látex, 140x200x14,5 cm, Crudo",925.50,NO,0504011,1,504011,,504011,3,18,MANY_TO_MANY,NO,UNCHANGED_EXACT_EVIDENCE,HIGH,READ_ONLY_NOT_IMPLEMENTED
4480,3652,0504011|0730002|0616002,"Futón con dos capas de látex, 140x200x14,5 cm, Negro",925.50,NO,0504011,1,504011,,504011,3,18,MANY_TO_MANY,NO,UNCHANGED_EXACT_EVIDENCE,HIGH,READ_ONLY_NOT_IMPLEMENTED
6095,3652,0504011|0730002|0617002,"Futón con dos capas de látex, 140x200x14,5 cm, Gris jaspeado",925.50,NO,0504011,1,504011,,504011,3,18,MANY_TO_MANY,NO,UNCHANGED_EXACT_EVIDENCE,HIGH,READ_ONLY_NOT_IMPLEMENTED
6096,3652,0504011|0730002|0619002,"Futón con dos capas de látex, 140x200x14,5 cm, Beige jaspeado",925.50,NO,0504011,1,504011,,504011,3,18,MANY_TO_MANY,NO,UNCHANGED_EXACT_EVIDENCE,HIGH,READ_ONLY_NOT_IMPLEMENTED
11129,3652,0504011|0730002|0619009,"Futón con dos capas de látex, 140x200x14,5 cm, Marrón",925.50,NO,0504011,1,504011,,504011,3,18,MANY_TO_MANY,NO,UNCHANGED_EXACT_EVIDENCE,HIGH,READ_ONLY_NOT_IMPLEMENTED
3993,3647,0504012|0724003,"Futón de algodón, 140x200x14,5 cm, Sin funda",715.90,NO,0504012,1,504012,,504012,2,18,MANY_TO_MANY,NO,UNCHANGED_EXACT_EVIDENCE,HIGH,READ_ONLY_NOT_IMPLEMENTED
3997,3647,0504012|0724003|0608002,"Futón de algodón, 140x200x14,5 cm, Crudo",787.90,NO,0504012,1,504012,,504012,3,18,MANY_TO_MANY,NO,UNCHANGED_EXACT_EVIDENCE,HIGH,READ_ONLY_NOT_IMPLEMENTED
4001,3647,0504012|0724003|0616002,"Futón de algodón, 140x200x14,5 cm, Negro",787.90,NO,0504012,1,504012,,504012,3,18,MANY_TO_MANY,NO,UNCHANGED_EXACT_EVIDENCE,HIGH,READ_ONLY_NOT_IMPLEMENTED
6298,3647,0504012|0724003|0617002,"Futón de algodón, 140x200x14,5 cm, Gris jaspeado",787.90,NO,0504012,1,504012,,504012,3,18,MANY_TO_MANY,NO,UNCHANGED_EXACT_EVIDENCE,HIGH,READ_ONLY_NOT_IMPLEMENTED
6304,3647,0504012|0724003|0619002,"Futón de algodón, 140x200x14,5 cm, Beige jaspeado",787.90,NO,0504012,1,504012,,504012,3,18,MANY_TO_MANY,NO,UNCHANGED_EXACT_EVIDENCE,HIGH,READ_ONLY_NOT_IMPLEMENTED
11119,3647,0504012|0724003|0619009,"Futón de algodón, 140x200x14,5 cm, Marrón",787.90,NO,0504012,1,504012,,504012,3,18,MANY_TO_MANY,NO,UNCHANGED_EXACT_EVIDENCE,HIGH,READ_ONLY_NOT_IMPLEMENTED
3933,3647,0504012|0728002,"Futón con una capa de látex, 140x200x14,5 cm, Sin funda",799.90,NO,0504012,1,504012,,504012,2,18,MANY_TO_MANY,NO,UNCHANGED_EXACT_EVIDENCE,HIGH,READ_ONLY_NOT_IMPLEMENTED
3937,3647,0504012|0728002|0608002,"Futón con una capa de látex, 140x200x14,5 cm, Crudo",871.90,NO,0504012,1,504012,,504012,3,18,MANY_TO_MANY,NO,UNCHANGED_EXACT_EVIDENCE,HIGH,READ_ONLY_NOT_IMPLEMENTED
3941,3647,0504012|0728002|0616002,"Futón con una capa de látex, 140x200x14,5 cm, Negro",871.90,NO,0504012,1,504012,,504012,3,18,MANY_TO_MANY,NO,UNCHANGED_EXACT_EVIDENCE,HIGH,READ_ONLY_NOT_IMPLEMENTED
6307,3647,0504012|0728002|0617002,"Futón con una capa de látex, 140x200x14,5 cm, Gris jaspeado",871.90,NO,0504012,1,504012,,504012,3,18,MANY_TO_MANY,NO,UNCHANGED_EXACT_EVIDENCE,HIGH,READ_ONLY_NOT_IMPLEMENTED
6308,3647,0504012|0728002|0619002,"Futón con una capa de látex, 140x200x14,5 cm, Beige jaspeado",871.90,NO,0504012,1,504012,,504012,3,18,MANY_TO_MANY,NO,UNCHANGED_EXACT_EVIDENCE,HIGH,READ_ONLY_NOT_IMPLEMENTED
11120,3647,0504012|0728002|0619009,"Futón con una capa de látex, 140x200x14,5 cm, Marrón",871.90,NO,0504012,1,504012,,504012,3,18,MANY_TO_MANY,NO,UNCHANGED_EXACT_EVIDENCE,HIGH,READ_ONLY_NOT_IMPLEMENTED
3921,3647,0504012|0730002,"Futón con dos capas de látex, 140x200x14,5 cm, Sin funda",919.90,NO,0504012,1,504012,,504012,2,18,MANY_TO_MANY,NO,UNCHANGED_EXACT_EVIDENCE,HIGH,READ_ONLY_NOT_IMPLEMENTED
3925,3647,0504012|0730002|0608002,"Futón con dos capas de látex, 140x200x14,5 cm, Crudo",991.90,NO,0504012,1,504012,,504012,3,18,MANY_TO_MANY,NO,UNCHANGED_EXACT_EVIDENCE,HIGH,READ_ONLY_NOT_IMPLEMENTED
3929,3647,0504012|0730002|0616002,"Futón con dos capas de látex, 140x200x14,5 cm, Negro",991.90,NO,0504012,1,504012,,504012,3,18,MANY_TO_MANY,NO,UNCHANGED_EXACT_EVIDENCE,HIGH,READ_ONLY_NOT_IMPLEMENTED
6305,3647,0504012|0730002|0617002,"Futón con dos capas de látex, 140x200x14,5 cm, Gris jaspeado",991.90,NO,0504012,1,504012,,504012,3,18,MANY_TO_MANY,NO,UNCHANGED_EXACT_EVIDENCE,HIGH,READ_ONLY_NOT_IMPLEMENTED
6306,3647,0504012|0730002|0619002,"Futón con dos capas de látex, 140x200x14,5 cm, Beige jaspeado",991.90,NO,0504012,1,504012,,504012,3,18,MANY_TO_MANY,NO,UNCHANGED_EXACT_EVIDENCE,HIGH,READ_ONLY_NOT_IMPLEMENTED
11121,3647,0504012|0730002|0619009,"Futón con dos capas de látex, 140x200x14,5 cm, Marrón",991.90,NO,0504012,1,504012,,504012,3,18,MANY_TO_MANY,NO,UNCHANGED_EXACT_EVIDENCE,HIGH,READ_ONLY_NOT_IMPLEMENTED
11663,11662,0726007A|0606001A,"13 cm, 4 cm, 80x200x13 cm, Crudo",226,NO,0726007A,1,,10406,10406,2,1,MANY_TO_ONE,NO,EXACT_FULL_SKU_NO_SUFFIX_NORMALIZATION,HIGH,READ_ONLY_NOT_IMPLEMENTED
11653,11652,1242002A|0609007B,Violeta,169,NO,1242002A,1,,9094,9094,2,1,MANY_TO_ONE,NO,EXACT_FULL_SKU_NO_SUFFIX_NORMALIZATION,HIGH,READ_ONLY_NOT_IMPLEMENTED
3741,3624,0201001|0201001|0724001,"Con 2 tatamis de 80x200 cm, 90x200x14,5 cm",437.70,NO,0724001,1,724001,,724001,2,12,MANY_TO_MANY,NO,UNCHANGED_EXACT_EVIDENCE,HIGH,READ_ONLY_NOT_IMPLEMENTED
3738,3624,0201001|0201001|0724003,"Con 2 tatamis de 80x200 cm, 140x200x14,5 cm",505.48,NO,0724003,1,724003,,724003,2,24,MANY_TO_MANY,NO,UNCHANGED_EXACT_EVIDENCE,HIGH,READ_ONLY_NOT_IMPLEMENTED
3739,3624,0201001|0201001|0724004,"Con 2 tatamis de 80x200 cm, 150x200x14,5 cm",548.58,NO,0724004,1,724004,,724004,2,16,MANY_TO_MANY,NO,UNCHANGED_EXACT_EVIDENCE,HIGH,READ_ONLY_NOT_IMPLEMENTED
3740,3624,0201001|0201001|0724005,"Con 2 tatamis de 80x200 cm, 160x200x14,5 cm",570.26,NO,0724005,1,724005,,724005,2,3,MANY_TO_MANY,NO,UNCHANGED_EXACT_EVIDENCE,HIGH,READ_ONLY_NOT_IMPLEMENTED
3721,3623,0201001|0201001|0728001,"90x200x14,5 cm, Con 2 tatamis de 80x200 cm",521.70,NO,0728001,1,728001,,728001,2,12,MANY_TO_MANY,NO,UNCHANGED_EXACT_EVIDENCE,HIGH,READ_ONLY_NOT_IMPLEMENTED
3719,3623,0201001|0201001|0728002,"140x200x14,5 cm, Con 2 tatamis de 80x200 cm",592.22,NO,0728002,1,728002,,728002,2,25,MANY_TO_MANY,NO,UNCHANGED_EXACT_EVIDENCE,HIGH,READ_ONLY_NOT_IMPLEMENTED
3720,3623,0201001|0201001|0728003,"150x200x14,5 cm, Con 2 tatamis de 80x200 cm",603.58,NO,0728003,1,728003,,728003,2,16,MANY_TO_MANY,NO,UNCHANGED_EXACT_EVIDENCE,HIGH,READ_ONLY_NOT_IMPLEMENTED
3698,3622,0201001|0201001|0728004,"160x200x14,5 cm, Con 2 tatamis de 80x200 cm",735.46,NO,0728004,1,728004,,728004,2,3,MANY_TO_MANY,NO,UNCHANGED_EXACT_EVIDENCE,HIGH,READ_ONLY_NOT_IMPLEMENTED
3702,3622,0201001|0201001|0730001,"90x200x14,5 cm, Con 2 tatamis de 80x200 cm",583.70,NO,0730001,1,730001,,730001,2,12,MANY_TO_MANY,NO,UNCHANGED_EXACT_EVIDENCE,HIGH,READ_ONLY_NOT_IMPLEMENTED
3699,3622,0201001|0201001|0730002,"140x200x14,5 cm, Con 2 tatamis de 80x200 cm",711.30,NO,0730002,1,730002,,730002,2,25,MANY_TO_MANY,NO,UNCHANGED_EXACT_EVIDENCE,HIGH,READ_ONLY_NOT_IMPLEMENTED
3700,3622,0201001|0201001|0730003,"150x200x14,5 cm, Con 2 tatamis de 80x200 cm",723.94,NO,0730003,1,730003,,730003,2,16,MANY_TO_MANY,NO,UNCHANGED_EXACT_EVIDENCE,HIGH,READ_ONLY_NOT_IMPLEMENTED
3701,3622,0201001|0201001|0730004,"160x200x14,5 cm, Con 2 tatamis de 80x200 cm",735.46,NO,0730004,1,730004,,730004,2,3,MANY_TO_MANY,NO,UNCHANGED_EXACT_EVIDENCE,HIGH,READ_ONLY_NOT_IMPLEMENTED
4562,3658,0201001|0201001|1249001|1249001,"Crudo, Crudo, Sin funda, Sin funda",615.90,NO,1249001,2,1249001,,1249001,2,8,MANY_TO_MANY,NO,UNCHANGED_EXACT_EVIDENCE,HIGH,READ_ONLY_NOT_IMPLEMENTED
4590,3658,0201001|0201001|1249001|1249001|0608007|0608007,"Crudo, Crudo, Crudo, Crudo",749.90,NO,1249001,2,1249001,,1249001,3,8,MANY_TO_MANY,NO,UNCHANGED_EXACT_EVIDENCE,HIGH,READ_ONLY_NOT_IMPLEMENTED
4628,3658,0201001|0201001|1249001|1249001|0608007|0619007,"Crudo, Crudo, Crudo, Marrón",749.90,NO,1249001,2,1249001,,1249001,4,8,MANY_TO_MANY,NO,UNCHANGED_EXACT_EVIDENCE,HIGH,READ_ONLY_NOT_IMPLEMENTED
13092,3658,0201001|0201001|1249001|1249001|0619007|0619007,"Crudo, Crudo, Marrón, Marrón",749.90,NO,1249001,2,1249001,,1249001,3,8,MANY_TO_MANY,NO,UNCHANGED_EXACT_EVIDENCE,HIGH,READ_ONLY_NOT_IMPLEMENTED
3746,3624,0201002|0201002|0724001,"Con 2 tatamis de 90x200 cm, 90x200x14,5 cm",437.70,NO,0724001,1,724001,,724001,2,12,MANY_TO_MANY,NO,UNCHANGED_EXACT_EVIDENCE,HIGH,READ_ONLY_NOT_IMPLEMENTED
3742,3624,0201002|0201002|0724003,"Con 2 tatamis de 90x200 cm, 140x200x14,5 cm",505.48,NO,0724003,1,724003,,724003,2,24,MANY_TO_MANY,NO,UNCHANGED_EXACT_EVIDENCE,HIGH,READ_ONLY_NOT_IMPLEMENTED
3743,3624,0201002|0201002|0724004,"Con 2 tatamis de 90x200 cm, 150x200x14,5 cm",548.58,NO,0724004,1,724004,,724004,2,16,MANY_TO_MANY,NO,UNCHANGED_EXACT_EVIDENCE,HIGH,READ_ONLY_NOT_IMPLEMENTED
3744,3624,0201002|0201002|0724005,"Con 2 tatamis de 90x200 cm, 160x200x14,5 cm",570.26,NO,0724005,1,724005,,724005,2,3,MANY_TO_MANY,NO,UNCHANGED_EXACT_EVIDENCE,HIGH,READ_ONLY_NOT_IMPLEMENTED
3745,3624,0201002|0201002|0724006,"Con 2 tatamis de 90x200 cm, 180x200x14,5 cm",576.96,NO,0724006,1,724006,,724006,2,2,MANY_TO_MANY,NO,UNCHANGED_EXACT_EVIDENCE,HIGH,READ_ONLY_NOT_IMPLEMENTED
3726,3623,0201002|0201002|0728001,"90x200x14,5 cm, Con 2 tatamis de 90x200 cm",521.70,NO,0728001,1,728001,,728001,2,12,MANY_TO_MANY,NO,UNCHANGED_EXACT_EVIDENCE,HIGH,READ_ONLY_NOT_IMPLEMENTED
3722,3623,0201002|0201002|0728002,"140x200x14,5 cm, Con 2 tatamis de 90x200 cm",592.22,NO,0728002,1,728002,,728002,2,25,MANY_TO_MANY,NO,UNCHANGED_EXACT_EVIDENCE,HIGH,READ_ONLY_NOT_IMPLEMENTED
3723,3623,0201002|0201002|0728003,"150x200x14,5 cm, Con 2 tatamis de 90x200 cm",603.58,NO,0728003,1,728003,,728003,2,16,MANY_TO_MANY,NO,UNCHANGED_EXACT_EVIDENCE,HIGH,READ_ONLY_NOT_IMPLEMENTED
3724,3623,0201002|0201002|0728004,"160x200x14,5 cm, Con 2 tatamis de 90x200 cm",680.14,NO,0728004,1,728004,,728004,2,3,MANY_TO_MANY,NO,UNCHANGED_EXACT_EVIDENCE,HIGH,READ_ONLY_NOT_IMPLEMENTED
3725,3623,0201002|0201002|0728005,"180x200x14,5 cm, Con 2 tatamis de 90x200 cm",736.22,NO,0728005,1,728005,,728005,2,2,MANY_TO_MANY,NO,UNCHANGED_EXACT_EVIDENCE,HIGH,READ_ONLY_NOT_IMPLEMENTED
3707,3622,0201002|0201002|0730001,"90x200x14,5 cm, Con 2 tatamis de 90x200 cm",583.70,NO,0730001,1,730001,,730001,2,12,MANY_TO_MANY,NO,UNCHANGED_EXACT_EVIDENCE,HIGH,READ_ONLY_NOT_IMPLEMENTED
3703,3622,0201002|0201002|0730002,"140x200x14,5 cm, Con 2 tatamis de 90x200 cm",711.30,NO,0730002,1,730002,,730002,2,25,MANY_TO_MANY,NO,UNCHANGED_EXACT_EVIDENCE,HIGH,READ_ONLY_NOT_IMPLEMENTED
3704,3622,0201002|0201002|0730003,"150x200x14,5 cm, Con 2 tatamis de 90x200 cm",723.94,NO,0730003,1,730003,,730003,2,16,MANY_TO_MANY,NO,UNCHANGED_EXACT_EVIDENCE,HIGH,READ_ONLY_NOT_IMPLEMENTED
3705,3622,0201002|0201002|0730004,"160x200x14,5 cm, Con 2 tatamis de 90x200 cm",735.46,NO,0730004,1,730004,,730004,2,3,MANY_TO_MANY,NO,UNCHANGED_EXACT_EVIDENCE,HIGH,READ_ONLY_NOT_IMPLEMENTED
3706,3622,0201002|0201002|0730005,"180x200x14,5 cm, Con 2 tatamis de 90x200 cm",745.38,NO,0730005,1,730005,,730005,2,2,MANY_TO_MANY,NO,UNCHANGED_EXACT_EVIDENCE,HIGH,READ_ONLY_NOT_IMPLEMENTED
3734,3624,0201003|0201003|0724001,"Con 2 tatamis de 70x200 cm, 90x200x14,5 cm",437.70,NO,0724001,1,724001,,724001,2,12,MANY_TO_MANY,NO,UNCHANGED_EXACT_EVIDENCE,HIGH,READ_ONLY_NOT_IMPLEMENTED
3733,3624,0201003|0201003|0724003,"Con 2 tatamis de 70x200 cm, 140x200x14,5 cm",505.48,NO,0724003,1,724003,,724003,2,24,MANY_TO_MANY,NO,UNCHANGED_EXACT_EVIDENCE,HIGH,READ_ONLY_NOT_IMPLEMENTED
3715,3623,0201003|0201003|0728001,"90x200x14,5 cm, Con 2 tatamis de 70x200 cm",521.70,NO,0728001,1,728001,,728001,2,12,MANY_TO_MANY,NO,UNCHANGED_EXACT_EVIDENCE,HIGH,READ_ONLY_NOT_IMPLEMENTED
3714,3623,0201003|0201003|0728002,"140x200x14,5 cm, Con 2 tatamis de 70x200 cm",592.22,NO,0728002,1,728002,,728002,2,25,MANY_TO_MANY,NO,UNCHANGED_EXACT_EVIDENCE,HIGH,READ_ONLY_NOT_IMPLEMENTED
3694,3622,0201003|0201003|0730001,"90x200x14,5 cm, Con 2 tatamis de 70x200 cm",583.70,NO,0730001,1,730001,,730001,2,12,MANY_TO_MANY,NO,UNCHANGED_EXACT_EVIDENCE,HIGH,READ_ONLY_NOT_IMPLEMENTED
3693,3622,0201003|0201003|0730002,"140x200x14,5 cm, Con 2 tatamis de 70x200 cm",711.30,NO,0730002,1,730002,,730002,2,25,MANY_TO_MANY,NO,UNCHANGED_EXACT_EVIDENCE,HIGH,READ_ONLY_NOT_IMPLEMENTED
3737,3624,0201004|0201004|0724001,"Con 2 tatamis de 76x200 cm, 90x200x14,5 cm",437.70,NO,0724001,1,724001,,724001,2,12,MANY_TO_MANY,NO,UNCHANGED_EXACT_EVIDENCE,HIGH,READ_ONLY_NOT_IMPLEMENTED
3735,3624,0201004|0201004|0724003,"Con 2 tatamis de 76x200 cm, 140x200x14,5 cm",505.48,NO,0724003,1,724003,,724003,2,24,MANY_TO_MANY,NO,UNCHANGED_EXACT_EVIDENCE,HIGH,READ_ONLY_NOT_IMPLEMENTED
3736,3624,0201004|0201004|0724004,"Con 2 tatamis de 76x200 cm, 150x200x14,5 cm",548.58,NO,0724004,1,724004,,724004,2,16,MANY_TO_MANY,NO,UNCHANGED_EXACT_EVIDENCE,HIGH,READ_ONLY_NOT_IMPLEMENTED
3718,3623,0201004|0201004|0728001,"90x200x14,5 cm, Con 2 tatamis de 76x200 cm",521.70,NO,0728001,1,728001,,728001,2,12,MANY_TO_MANY,NO,UNCHANGED_EXACT_EVIDENCE,HIGH,READ_ONLY_NOT_IMPLEMENTED
3716,3623,0201004|0201004|0728002,"140x200x14,5 cm, Con 2 tatamis de 76x200 cm",592.22,NO,0728002,1,728002,,728002,2,25,MANY_TO_MANY,NO,UNCHANGED_EXACT_EVIDENCE,HIGH,READ_ONLY_NOT_IMPLEMENTED
3717,3623,0201004|0201004|0728003,"150x200x14,5 cm, Con 2 tatamis de 76x200 cm",603.58,NO,0728003,1,728003,,728003,2,16,MANY_TO_MANY,NO,UNCHANGED_EXACT_EVIDENCE,HIGH,READ_ONLY_NOT_IMPLEMENTED
3697,3622,0201004|0201004|0730001,"90x200x14,5 cm, Con 2 tatamis de 76x200 cm",583.70,NO,0730001,1,730001,,730001,2,12,MANY_TO_MANY,NO,UNCHANGED_EXACT_EVIDENCE,HIGH,READ_ONLY_NOT_IMPLEMENTED
3695,3622,0201004|0201004|0730002,"140x200x14,5 cm, Con 2 tatamis de 76x200 cm",711.30,NO,0730002,1,730002,,730002,2,25,MANY_TO_MANY,NO,UNCHANGED_EXACT_EVIDENCE,HIGH,READ_ONLY_NOT_IMPLEMENTED
3696,3622,0201004|0201004|0730003,"150x200x14,5 cm, Con 2 tatamis de 76x200 cm",723.94,NO,0730003,1,730003,,730003,2,16,MANY_TO_MANY,NO,UNCHANGED_EXACT_EVIDENCE,HIGH,READ_ONLY_NOT_IMPLEMENTED
3732,3624,0201010|0201010|0724001,"Con 2 tatamis de 100x200 cm, 90x200x14,5 cm",443.70,NO,0724001,1,724001,,724001,2,12,MANY_TO_MANY,NO,UNCHANGED_EXACT_EVIDENCE,HIGH,READ_ONLY_NOT_IMPLEMENTED
3727,3624,0201010|0201010|0724003,"Con 2 tatamis de 100x200 cm, 140x200x14,5 cm",511.48,NO,0724003,1,724003,,724003,2,24,MANY_TO_MANY,NO,UNCHANGED_EXACT_EVIDENCE,HIGH,READ_ONLY_NOT_IMPLEMENTED
3728,3624,0201010|0201010|0724004,"Con 2 tatamis de 100x200 cm, 150x200x14,5 cm",554.58,NO,0724004,1,724004,,724004,2,16,MANY_TO_MANY,NO,UNCHANGED_EXACT_EVIDENCE,HIGH,READ_ONLY_NOT_IMPLEMENTED
3729,3624,0201010|0201010|0724005,"Con 2 tatamis de 100x200 cm, 160x200x14,5 cm",576.26,NO,0724005,1,724005,,724005,2,3,MANY_TO_MANY,NO,UNCHANGED_EXACT_EVIDENCE,HIGH,READ_ONLY_NOT_IMPLEMENTED
3730,3624,0201010|0201010|0724006,"Con 2 tatamis de 100x200 cm, 180x200x14,5 cm",582.96,NO,0724006,1,724006,,724006,2,2,MANY_TO_MANY,NO,UNCHANGED_EXACT_EVIDENCE,HIGH,READ_ONLY_NOT_IMPLEMENTED
3731,3624,0201010|0201010|0724007,"Con 2 tatamis de 100x200 cm, 200x200x14,5 cm",606.70,NO,0724007,1,724007,,724007,2,1,MANY_TO_ONE,NO,UNCHANGED_EXACT_EVIDENCE,HIGH,READ_ONLY_NOT_IMPLEMENTED
3713,3623,0201010|0201010|0728001,"90x200x14,5 cm, Con 2 tatamis de 100x200 cm",527.70,NO,0728001,1,728001,,728001,2,12,MANY_TO_MANY,NO,UNCHANGED_EXACT_EVIDENCE,HIGH,READ_ONLY_NOT_IMPLEMENTED
3708,3623,0201010|0201010|0728002,"140x200x14,5 cm, Con 2 tatamis de 100x200 cm",598.22,NO,0728002,1,728002,,728002,2,25,MANY_TO_MANY,NO,UNCHANGED_EXACT_EVIDENCE,HIGH,READ_ONLY_NOT_IMPLEMENTED
3709,3623,0201010|0201010|0728003,"150x200x14,5 cm, Con 2 tatamis de 100x200 cm",609.58,NO,0728003,1,728003,,728003,2,16,MANY_TO_MANY,NO,UNCHANGED_EXACT_EVIDENCE,HIGH,READ_ONLY_NOT_IMPLEMENTED
3710,3623,0201010|0201010|0728004,"160x200x14,5 cm, Con 2 tatamis de 100x200 cm",686.14,NO,0728004,1,728004,,728004,2,3,MANY_TO_MANY,NO,UNCHANGED_EXACT_EVIDENCE,HIGH,READ_ONLY_NOT_IMPLEMENTED
3711,3623,0201010|0201010|0728005,"180x200x14,5 cm, Con 2 tatamis de 100x200 cm",742.22,NO,0728005,1,728005,,728005,2,2,MANY_TO_MANY,NO,UNCHANGED_EXACT_EVIDENCE,HIGH,READ_ONLY_NOT_IMPLEMENTED
3712,3623,0201010|0201010|0728006,"200x200x14,5 cm, Con 2 tatamis de 100x200 cm",796.36,NO,0728006,1,728006,,728006,2,1,MANY_TO_ONE,NO,UNCHANGED_EXACT_EVIDENCE,HIGH,READ_ONLY_NOT_IMPLEMENTED
3692,3622,0201010|0201010|0730001,"90x200x14,5 cm, Con 2 tatamis de 100x200 cm",589.70,NO,0730001,1,730001,,730001,2,12,MANY_TO_MANY,NO,UNCHANGED_EXACT_EVIDENCE,HIGH,READ_ONLY_NOT_IMPLEMENTED
3687,3622,0201010|0201010|0730002,"140x200x14,5 cm, Con 2 tatamis de 100x200 cm",717.30,NO,0730002,1,730002,,730002,2,25,MANY_TO_MANY,NO,UNCHANGED_EXACT_EVIDENCE,HIGH,READ_ONLY_NOT_IMPLEMENTED
3688,3622,0201010|0201010|0730003,"150x200x14,5 cm, Con 2 tatamis de 100x200 cm",729.94,NO,0730003,1,730003,,730003,2,16,MANY_TO_MANY,NO,UNCHANGED_EXACT_EVIDENCE,HIGH,READ_ONLY_NOT_IMPLEMENTED
3689,3622,0201010|0201010|0730004,"160x200x14,5 cm, Con 2 tatamis de 100x200 cm",741.46,NO,0730004,1,730004,,730004,2,3,MANY_TO_MANY,NO,UNCHANGED_EXACT_EVIDENCE,HIGH,READ_ONLY_NOT_IMPLEMENTED
3690,3622,0201010|0201010|0730005,"180x200x14,5 cm, Con 2 tatamis de 100x200 cm",751.38,NO,0730005,1,730005,,730005,2,2,MANY_TO_MANY,NO,UNCHANGED_EXACT_EVIDENCE,HIGH,READ_ONLY_NOT_IMPLEMENTED
3691,3622,0201010|0201010|0730006,"200x200x14,5 cm, Con 2 tatamis de 100x200 cm",778.52,NO,0730006,1,730006,,730006,2,1,MANY_TO_ONE,NO,UNCHANGED_EXACT_EVIDENCE,HIGH,READ_ONLY_NOT_IMPLEMENTED
4558,3657,0201011|0808001,Crudo,232,NO,0808001,1,808001,,808001,2,1,MANY_TO_ONE,NO,UNCHANGED_EXACT_EVIDENCE,HIGH,READ_ONLY_NOT_IMPLEMENTED
4556,3657,0201011|0809001,Azul,232,NO,0809001,1,809001,,809001,2,1,MANY_TO_ONE,NO,UNCHANGED_EXACT_EVIDENCE,HIGH,READ_ONLY_NOT_IMPLEMENTED
4561,3657,0201011|0816001,Negro,232,NO,0816001,1,816001,,816001,2,1,MANY_TO_ONE,NO,UNCHANGED_EXACT_EVIDENCE,HIGH,READ_ONLY_NOT_IMPLEMENTED
4557,3657,0201011|0817001,Granate,219.00,NO,0817001,1,817001,,817001,2,1,MANY_TO_ONE,NO,UNCHANGED_EXACT_EVIDENCE,HIGH,READ_ONLY_NOT_IMPLEMENTED
13091,3657,0201011|0818001,Marrón Chocolate,232,NO,0818001,1,818001,,818001,2,1,MANY_TO_ONE,NO,UNCHANGED_EXACT_EVIDENCE,HIGH,READ_ONLY_NOT_IMPLEMENTED
4559,3657,0201011|0859002,Verde oscuro,219.00,NO,0859002,1,859002,,859002,2,1,MANY_TO_ONE,NO,PHYSICAL_COMPONENT_WITHOUT_STANDALONE_WOO,HIGH,READ_ONLY_NOT_IMPLEMENTED
3664,3611,0302002|0201002|0201002,Con 2 tatamis de 90x200 cm,668.80,NO,0201002,2,201002,,201002,2,19,MANY_TO_MANY,NO,UNCHANGED_EXACT_EVIDENCE,HIGH,READ_ONLY_NOT_IMPLEMENTED
3662,3610,0302009|0201002|0201002,Con 2 tatamis de 90x200 cm,581.70,NO,0201002,2,201002,,201002,2,19,MANY_TO_MANY,NO,UNCHANGED_EXACT_EVIDENCE,HIGH,READ_ONLY_NOT_IMPLEMENTED
3667,3612,0302018|0201001|0201001,"174x214x20 cm, 160x200 cm, Crudo, sin barniz, Con 2 tatamis de 80x200 cm",730.70,NO,0201001,2,201001,,201001,2,18,MANY_TO_MANY,NO,UNCHANGED_EXACT_EVIDENCE,HIGH,READ_ONLY_NOT_IMPLEMENTED
3668,3612,0302019|0201002|0201002,"194x214x20 cm, 180x200 cm, Crudo, sin barniz, Con 2 tatamis de 90x200 cm",751.70,NO,0201002,2,201002,,201002,2,19,MANY_TO_MANY,NO,UNCHANGED_EXACT_EVIDENCE,HIGH,READ_ONLY_NOT_IMPLEMENTED
3679,3618,0402010|0201001|0201001,"174x214x40 cm, 160x200 cm, Crudo, sin barniz, Con 2 tatamis de 80x200 cm",730.70,NO,0201001,2,201001,,201001,2,18,MANY_TO_MANY,NO,UNCHANGED_EXACT_EVIDENCE,HIGH,READ_ONLY_NOT_IMPLEMENTED
3680,3618,0402012|0201002|0201002,"194x214x40 cm, 180x200 cm, Crudo, sin barniz, Con 2 tatamis de 90x200 cm",751.70,NO,0201002,2,201002,,201002,2,19,MANY_TO_MANY,NO,UNCHANGED_EXACT_EVIDENCE,HIGH,READ_ONLY_NOT_IMPLEMENTED
4232,3650,0502002|0724008,"Futón de algodón, 140x190x14,5 cm, Sin funda",684.54,NO,0724008,1,724008,,724008,2,6,MANY_TO_MANY,NO,UNCHANGED_EXACT_EVIDENCE,HIGH,READ_ONLY_NOT_IMPLEMENTED
4236,3650,0502002|0724008|0608006,"Futón de algodón, 140x190x14,5 cm, Crudo",751.58,NO,0724008,1,724008,,724008,3,6,MANY_TO_MANY,NO,UNCHANGED_EXACT_EVIDENCE,HIGH,READ_ONLY_NOT_IMPLEMENTED
4240,3650,0502002|0724008|0616006,"Futón de algodón, 140x190x14,5 cm, Negro",751.58,NO,0724008,1,724008,,724008,3,6,MANY_TO_MANY,NO,UNCHANGED_EXACT_EVIDENCE,HIGH,READ_ONLY_NOT_IMPLEMENTED
6292,3650,0502002|0724008|0617002,"Futón de algodón, 140x190x14,5 cm, Gris jaspeado",751.58,NO,0724008,1,724008,,724008,3,6,MANY_TO_MANY,NO,UNCHANGED_EXACT_EVIDENCE,HIGH,READ_ONLY_NOT_IMPLEMENTED
6293,3650,0502002|0724008|0619002,"Futón de algodón, 140x190x14,5 cm, Beige jaspeado",751.58,NO,0724008,1,724008,,724008,3,6,MANY_TO_MANY,NO,UNCHANGED_EXACT_EVIDENCE,HIGH,READ_ONLY_NOT_IMPLEMENTED
11123,3650,0502002|0724008|0619009,"Futón de algodón, 140x190x14,5 cm, Marrón",751.58,NO,0724008,1,724008,,724008,3,6,MANY_TO_MANY,NO,UNCHANGED_EXACT_EVIDENCE,HIGH,READ_ONLY_NOT_IMPLEMENTED
4208,3650,0502002|0728007,"Futón con una capa de látex, 140x190x14,5 cm, Sin funda",764.42,NO,0728007,1,728007,,728007,2,6,MANY_TO_MANY,NO,UNCHANGED_EXACT_EVIDENCE,HIGH,READ_ONLY_NOT_IMPLEMENTED
4212,3650,0502002|0728007|0608006,"Futón con una capa de látex, 140x190x14,5 cm, Crudo",831.42,NO,0728007,1,728007,,728007,3,6,MANY_TO_MANY,NO,UNCHANGED_EXACT_EVIDENCE,HIGH,READ_ONLY_NOT_IMPLEMENTED
4216,3650,0502002|0728007|0616006,"Futón con una capa de látex, 140x190x14,5 cm, Negro",831.42,NO,0728007,1,728007,,728007,3,6,MANY_TO_MANY,NO,UNCHANGED_EXACT_EVIDENCE,HIGH,READ_ONLY_NOT_IMPLEMENTED
9456,3650,0502002|0728007|0617002,"Futón con una capa de látex, 140x190x14,5 cm, Gris jaspeado",831.42,NO,0728007,1,728007,,728007,3,6,MANY_TO_MANY,NO,UNCHANGED_EXACT_EVIDENCE,HIGH,READ_ONLY_NOT_IMPLEMENTED
6295,3650,0502002|0728007|0619002,"Futón con una capa de látex, 140x190x14,5 cm, Beige jaspeado",831.42,NO,0728007,1,728007,,728007,3,6,MANY_TO_MANY,NO,UNCHANGED_EXACT_EVIDENCE,HIGH,READ_ONLY_NOT_IMPLEMENTED
11125,3650,0502002|0728007|0619009,"Futón con una capa de látex, 140x190x14,5 cm, Marrón",831.42,NO,0728007,1,728007,,728007,3,6,MANY_TO_MANY,NO,UNCHANGED_EXACT_EVIDENCE,HIGH,READ_ONLY_NOT_IMPLEMENTED
4220,3650,0502002|0730007,"Futón con dos capas de látex, 140x190x14,5 cm, Sin funda",912.50,NO,0730007,1,730007,,730007,2,6,MANY_TO_MANY,NO,UNCHANGED_EXACT_EVIDENCE,HIGH,READ_ONLY_NOT_IMPLEMENTED
4224,3650,0502002|0730007|0608006,"Futón con dos capas de látex, 140x190x14,5 cm, Crudo",979.50,NO,0730007,1,730007,,730007,3,6,MANY_TO_MANY,NO,UNCHANGED_EXACT_EVIDENCE,HIGH,READ_ONLY_NOT_IMPLEMENTED
4228,3650,0502002|0730007|0616006,"Futón con dos capas de látex, 140x190x14,5 cm, Negro",979.50,NO,0730007,1,730007,,730007,3,6,MANY_TO_MANY,NO,UNCHANGED_EXACT_EVIDENCE,HIGH,READ_ONLY_NOT_IMPLEMENTED
9457,3650,0502002|0730007|0617002,"Futón con dos capas de látex, 140x190x14,5 cm, Gris jaspeado",979.50,NO,0730007,1,730007,,730007,3,6,MANY_TO_MANY,NO,UNCHANGED_EXACT_EVIDENCE,HIGH,READ_ONLY_NOT_IMPLEMENTED
6294,3650,0502002|0730007|0619002,"Futón con dos capas de látex, 140x190x14,5 cm, Beige jaspeado",979.50,NO,0730007,1,730007,,730007,3,6,MANY_TO_MANY,NO,UNCHANGED_EXACT_EVIDENCE,HIGH,READ_ONLY_NOT_IMPLEMENTED
11126,3650,0502002|0730007|0619009,"Futón con dos capas de látex, 140x190x14,5 cm, Marrón",979.50,NO,0730007,1,730007,,730007,3,6,MANY_TO_MANY,NO,UNCHANGED_EXACT_EVIDENCE,HIGH,READ_ONLY_NOT_IMPLEMENTED
4124,3649,0502005|0727007,"Futón con una capa de látex, 80x200x13 cm, Sin funda",478.74,NO,0727007,1,727007,,727007,2,4,MANY_TO_MANY,NO,UNCHANGED_EXACT_EVIDENCE,HIGH,READ_ONLY_NOT_IMPLEMENTED
4128,3649,0502005|0727007|0608007,"Futón con una capa de látex, 80x200x13 cm, Crudo",550.74,NO,0727007,1,727007,,727007,3,4,MANY_TO_MANY,NO,UNCHANGED_EXACT_EVIDENCE,HIGH,READ_ONLY_NOT_IMPLEMENTED
4132,3649,0502005|0727007|0616007,"Futón con una capa de látex, 80x200x13 cm, Negro",550.74,NO,0727007,1,727007,,727007,3,4,MANY_TO_MANY,NO,UNCHANGED_EXACT_EVIDENCE,HIGH,READ_ONLY_NOT_IMPLEMENTED
11132,3649,0502005|0727007|0619007,"Futón con una capa de látex, 80x200x13 cm, Marrón",550.74,NO,0727007,1,727007,,727007,3,4,MANY_TO_MANY,NO,UNCHANGED_EXACT_EVIDENCE,HIGH,READ_ONLY_NOT_IMPLEMENTED
4136,3649,0502005|0730009,"Futón con dos capas de látex, 80x200x13 cm, Sin funda",532.94,NO,0730009,1,730009,,730009,2,4,MANY_TO_MANY,NO,UNCHANGED_EXACT_EVIDENCE,HIGH,READ_ONLY_NOT_IMPLEMENTED
4140,3649,0502005|0730009|0608007,"Futón con dos capas de látex, 80x200x13 cm, Crudo",604.94,NO,0730009,1,730009,,730009,3,4,MANY_TO_MANY,NO,UNCHANGED_EXACT_EVIDENCE,HIGH,READ_ONLY_NOT_IMPLEMENTED
4144,3649,0502005|0730009|0616007,"Futón con dos capas de látex, 80x200x13 cm, Negro",604.94,NO,0730009,1,730009,,730009,3,4,MANY_TO_MANY,NO,UNCHANGED_EXACT_EVIDENCE,HIGH,READ_ONLY_NOT_IMPLEMENTED
11133,3649,0502005|0730009|0619007,"Futón con dos capas de látex, 80x200x13 cm, Marrón",604.94,NO,0730009,1,730009,,730009,3,4,MANY_TO_MANY,NO,UNCHANGED_EXACT_EVIDENCE,HIGH,READ_ONLY_NOT_IMPLEMENTED
11837,3649,0502005|1249001,"Futón de algodón de colores individual, 80x200x13 cm, Crudo, Sin funda",417.82,NO,1249001,1,1249001,,1249001,2,8,MANY_TO_MANY,NO,UNCHANGED_EXACT_EVIDENCE,HIGH,READ_ONLY_NOT_IMPLEMENTED
4200,3649,0502005|1249001|0608007,"Futón de algodón de colores individual, 80x200x13 cm, Crudo, Crudo",494.82,NO,1249001,1,1249001,,1249001,3,8,MANY_TO_MANY,NO,UNCHANGED_EXACT_EVIDENCE,HIGH,READ_ONLY_NOT_IMPLEMENTED
11836,3649,0502005|1249001|0616007,"Futón de algodón de colores individual, 80x200x13 cm, Crudo, Negro",494.82,NO,1249001,1,1249001,,1249001,3,8,MANY_TO_MANY,NO,UNCHANGED_EXACT_EVIDENCE,HIGH,READ_ONLY_NOT_IMPLEMENTED
11131,3649,0502005|1249001|0619007,"Futón de algodón de colores individual, 80x200x13 cm, Crudo, Marrón",494.82,NO,1249001,1,1249001,,1249001,3,8,MANY_TO_MANY,NO,UNCHANGED_EXACT_EVIDENCE,HIGH,READ_ONLY_NOT_IMPLEMENTED
8235,3651,0502012|0724004,"Futón de algodón, 150x200x14,5 cm, Sin funda, Sin cajón",658.78,NO,0724004,1,724004,,724004,2,16,MANY_TO_MANY,NO,UNCHANGED_EXACT_EVIDENCE,HIGH,READ_ONLY_NOT_IMPLEMENTED
4320,3651,0502012|0724004|0608004,"Futón de algodón, 150x200x14,5 cm, Crudo, Sin cajón",730.78,NO,0724004,1,724004,,724004,3,16,MANY_TO_MANY,NO,UNCHANGED_EXACT_EVIDENCE,HIGH,READ_ONLY_NOT_IMPLEMENTED
4324,3651,0502012|0724004|0616004,"Futón de algodón, 150x200x14,5 cm, Negro, Sin cajón",730.78,NO,0724004,1,724004,,724004,3,16,MANY_TO_MANY,NO,UNCHANGED_EXACT_EVIDENCE,HIGH,READ_ONLY_NOT_IMPLEMENTED
6285,3651,0502012|0724004|0617004,"Futón de algodón, 150x200x14,5 cm, Gris jaspeado, Sin cajón",730.78,NO,0724004,1,724004,,724004,3,16,MANY_TO_MANY,NO,UNCHANGED_EXACT_EVIDENCE,HIGH,READ_ONLY_NOT_IMPLEMENTED
6286,3651,0502012|0724004|0619004,"Futón de algodón, 150x200x14,5 cm, Beige jaspeado, Sin cajón",730.78,NO,0724004,1,724004,,724004,3,16,MANY_TO_MANY,NO,UNCHANGED_EXACT_EVIDENCE,HIGH,READ_ONLY_NOT_IMPLEMENTED
11137,3651,0502012|0724004|0619010,"Futón de algodón, 150x200x14,5 cm, Marrón, Sin cajón",730.78,NO,0724004,1,724004,,724004,3,16,MANY_TO_MANY,NO,UNCHANGED_EXACT_EVIDENCE,HIGH,READ_ONLY_NOT_IMPLEMENTED
4378,3651,0502012|0724004|1002004,"Futón de algodón, 150x200x14,5 cm, Sin funda, Con cajón",783.78,NO,0724004,1,724004,,724004,3,16,MANY_TO_MANY,NO,UNCHANGED_EXACT_EVIDENCE,HIGH,READ_ONLY_NOT_IMPLEMENTED
4393,3651,0502012|0724004|1002004|0608004,"Futón de algodón, 150x200x14,5 cm, Crudo, Con cajón",855.78,NO,0724004,1,724004,,724004,4,16,MANY_TO_MANY,NO,UNCHANGED_EXACT_EVIDENCE,HIGH,READ_ONLY_NOT_IMPLEMENTED
4397,3651,0502012|0724004|1002004|0616004,"Futón de algodón, 150x200x14,5 cm, Negro, Con cajón",855.78,NO,0724004,1,724004,,724004,4,16,MANY_TO_MANY,NO,UNCHANGED_EXACT_EVIDENCE,HIGH,READ_ONLY_NOT_IMPLEMENTED
6287,3651,0502012|0724004|1002004|0617004,"Futón de algodón, 150x200x14,5 cm, Gris jaspeado, Con cajón",855.78,NO,0724004,1,724004,,724004,4,16,MANY_TO_MANY,NO,UNCHANGED_EXACT_EVIDENCE,HIGH,READ_ONLY_NOT_IMPLEMENTED
6288,3651,0502012|0724004|1002004|0619004,"Futón de algodón, 150x200x14,5 cm, Beige jaspeado, Con cajón",855.78,NO,0724004,1,724004,,724004,4,16,MANY_TO_MANY,NO,UNCHANGED_EXACT_EVIDENCE,HIGH,READ_ONLY_NOT_IMPLEMENTED
11141,3651,0502012|0724004|1002004|0619010,"Futón de algodón, 150x200x14,5 cm, Marrón, Con cajón",855.78,NO,0724004,1,724004,,724004,4,16,MANY_TO_MANY,NO,UNCHANGED_EXACT_EVIDENCE,HIGH,READ_ONLY_NOT_IMPLEMENTED
4292,3651,0502012|0728003,"Futón con una capa de látex, 150x200x14,5 cm, Sin funda, Sin cajón",770.78,NO,0728003,1,728003,,728003,2,16,MANY_TO_MANY,NO,UNCHANGED_EXACT_EVIDENCE,HIGH,READ_ONLY_NOT_IMPLEMENTED
4296,3651,0502012|0728003|0608004,"Futón con una capa de látex, 150x200x14,5 cm, Crudo, Sin cajón",842.78,NO,0728003,1,728003,,728003,3,16,MANY_TO_MANY,NO,UNCHANGED_EXACT_EVIDENCE,HIGH,READ_ONLY_NOT_IMPLEMENTED
4300,3651,0502012|0728003|0616004,"Futón con una capa de látex, 150x200x14,5 cm, Negro, Sin cajón",842.78,NO,0728003,1,728003,,728003,3,16,MANY_TO_MANY,NO,UNCHANGED_EXACT_EVIDENCE,HIGH,READ_ONLY_NOT_IMPLEMENTED
9441,3651,0502012|0728003|0617004,"Futón con una capa de látex, 150x200x14,5 cm, Gris jaspeado, Sin cajón",842.78,NO,0728003,1,728003,,728003,3,16,MANY_TO_MANY,NO,UNCHANGED_EXACT_EVIDENCE,HIGH,READ_ONLY_NOT_IMPLEMENTED
9442,3651,0502012|0728003|0619004,"Futón con una capa de látex, 150x200x14,5 cm, Beige jaspeado, Sin cajón",842.78,NO,0728003,1,728003,,728003,3,16,MANY_TO_MANY,NO,UNCHANGED_EXACT_EVIDENCE,HIGH,READ_ONLY_NOT_IMPLEMENTED
11135,3651,0502012|0728003|0619010,"Futón con una capa de látex, 150x200x14,5 cm, Marrón, Sin cajón",842.78,NO,0728003,1,728003,,728003,3,16,MANY_TO_MANY,NO,UNCHANGED_EXACT_EVIDENCE,HIGH,READ_ONLY_NOT_IMPLEMENTED
4376,3651,0502012|0728003|1002004,"Futón con una capa de látex, 150x200x14,5 cm, Sin funda, Con cajón",907.78,NO,0728003,1,728003,,728003,3,16,MANY_TO_MANY,NO,UNCHANGED_EXACT_EVIDENCE,HIGH,READ_ONLY_NOT_IMPLEMENTED
4452,3651,0502012|0728003|1002004|0608004,"Futón con una capa de látex, 150x200x14,5 cm, Crudo, Con cajón",979.78,NO,0728003,1,728003,,728003,4,16,MANY_TO_MANY,NO,UNCHANGED_EXACT_EVIDENCE,HIGH,READ_ONLY_NOT_IMPLEMENTED
4456,3651,0502012|0728003|1002004|0616004,"Futón con una capa de látex, 150x200x14,5 cm, Negro, Con cajón",979.78,NO,0728003,1,728003,,728003,4,16,MANY_TO_MANY,NO,UNCHANGED_EXACT_EVIDENCE,HIGH,READ_ONLY_NOT_IMPLEMENTED
6284,3651,0502012|0728003|1002004|0617004,"Futón con una capa de látex, 150x200x14,5 cm, Gris jaspeado, Con cajón",979.78,NO,0728003,1,728003,,728003,4,16,MANY_TO_MANY,NO,UNCHANGED_EXACT_EVIDENCE,HIGH,READ_ONLY_NOT_IMPLEMENTED
9452,3651,0502012|0728003|1002004|0619004,"Futón con una capa de látex, 150x200x14,5 cm, Beige jaspeado, Con cajón",979.78,NO,0728003,1,728003,,728003,4,16,MANY_TO_MANY,NO,UNCHANGED_EXACT_EVIDENCE,HIGH,READ_ONLY_NOT_IMPLEMENTED
11140,3651,0502012|0728003|1002004|0619010,"Futón con una capa de látex, 150x200x14,5 cm, Marrón, Con cajón",979.78,NO,0728003,1,728003,,728003,4,16,MANY_TO_MANY,NO,UNCHANGED_EXACT_EVIDENCE,HIGH,READ_ONLY_NOT_IMPLEMENTED
9526,3651,0502012|0730003,"Futón con dos capas de látex, 150x200x14,5 cm, Sin funda, Sin cajón",872.14,NO,0730003,1,730003,,730003,2,16,MANY_TO_MANY,NO,UNCHANGED_EXACT_EVIDENCE,HIGH,READ_ONLY_NOT_IMPLEMENTED
4308,3651,0502012|0730003|0608004,"Futón con dos capas de látex, 150x200x14,5 cm, Crudo, Sin cajón",944.14,NO,0730003,1,730003,,730003,3,16,MANY_TO_MANY,NO,UNCHANGED_EXACT_EVIDENCE,HIGH,READ_ONLY_NOT_IMPLEMENTED
4312,3651,0502012|0730003|0616004,"Futón con dos capas de látex, 150x200x14,5 cm, Negro, Sin cajón",944.14,NO,0730003,1,730003,,730003,3,16,MANY_TO_MANY,NO,UNCHANGED_EXACT_EVIDENCE,HIGH,READ_ONLY_NOT_IMPLEMENTED
9447,3651,0502012|0730003|0617004,"Futón con dos capas de látex, 150x200x14,5 cm, Gris jaspeado, Sin cajón",944.14,NO,0730003,1,730003,,730003,3,16,MANY_TO_MANY,NO,UNCHANGED_EXACT_EVIDENCE,HIGH,READ_ONLY_NOT_IMPLEMENTED
9443,3651,0502012|0730003|0619004,"Futón con dos capas de látex, 150x200x14,5 cm, Beige jaspeado, Sin cajón",944.14,NO,0730003,1,730003,,730003,3,16,MANY_TO_MANY,NO,UNCHANGED_EXACT_EVIDENCE,HIGH,READ_ONLY_NOT_IMPLEMENTED
11136,3651,0502012|0730003|0619010,"Futón con dos capas de látex, 150x200x14,5 cm, Marrón, Sin cajón",944.14,NO,0730003,1,730003,,730003,3,16,MANY_TO_MANY,NO,UNCHANGED_EXACT_EVIDENCE,HIGH,READ_ONLY_NOT_IMPLEMENTED
4377,3651,0502012|0730003|1002004,"Futón con dos capas de látex, 150x200x14,5 cm, Sin funda, Con cajón",1009.14,NO,0730003,1,730003,,730003,3,16,MANY_TO_MANY,NO,UNCHANGED_EXACT_EVIDENCE,HIGH,READ_ONLY_NOT_IMPLEMENTED
4382,3651,0502012|0730003|1002004|0608004,"Futón con dos capas de látex, 150x200x14,5 cm, Crudo, Con cajón",1081.14,NO,0730003,1,730003,,730003,4,16,MANY_TO_MANY,NO,UNCHANGED_EXACT_EVIDENCE,HIGH,READ_ONLY_NOT_IMPLEMENTED
4386,3651,0502012|0730003|1002004|0616004,"Futón con dos capas de látex, 150x200x14,5 cm, Negro, Con cajón",1081.14,NO,0730003,1,730003,,730003,4,16,MANY_TO_MANY,NO,UNCHANGED_EXACT_EVIDENCE,HIGH,READ_ONLY_NOT_IMPLEMENTED
6289,3651,0502012|0730003|1002004|0617004,"Futón con dos capas de látex, 150x200x14,5 cm, Gris jaspeado, Con cajón",1081.14,NO,0730003,1,730003,,730003,4,16,MANY_TO_MANY,NO,UNCHANGED_EXACT_EVIDENCE,HIGH,READ_ONLY_NOT_IMPLEMENTED
9448,3651,0502012|0730003|1002004|0619004,"Futón con dos capas de látex, 150x200x14,5 cm, Beige jaspeado, Con cajón",1081.14,NO,0730003,1,730003,,730003,4,16,MANY_TO_MANY,NO,UNCHANGED_EXACT_EVIDENCE,HIGH,READ_ONLY_NOT_IMPLEMENTED
11139,3651,0502012|0730003|1002004|0619010,"Futón con dos capas de látex, 150x200x14,5 cm, Marrón, Con cajón",1081.14,NO,0730003,1,730003,,730003,4,16,MANY_TO_MANY,NO,UNCHANGED_EXACT_EVIDENCE,HIGH,READ_ONLY_NOT_IMPLEMENTED
3753,3629,0502012|1002004,Con cajón,507.00,NO,1002004,1,1002004,,1002004,2,19,MANY_TO_MANY,NO,UNCHANGED_EXACT_EVIDENCE,HIGH,READ_ONLY_NOT_IMPLEMENTED
4029,3648,0504009|0724001,"90x200x8 cm, 90x120x100 cm, 90x200 cm, Futón de algodón, 90x200x14,5 cm, Sin funda",337.99,NO,0724001,1,724001,,724001,2,12,MANY_TO_MANY,NO,UNCHANGED_EXACT_EVIDENCE,HIGH,READ_ONLY_NOT_IMPLEMENTED
4034,3648,0504009|0724001|0606001,"90x200x8 cm, 90x120x100 cm, 90x200 cm, Futón de algodón, 90x200x14,5 cm, Granate",361.99,NO,0724001,1,724001,,724001,3,12,MANY_TO_MANY,NO,UNCHANGED_EXACT_EVIDENCE,HIGH,READ_ONLY_NOT_IMPLEMENTED
4038,3648,0504009|0724001|0607001,"90x200x8 cm, 90x120x100 cm, 90x200 cm, Futón de algodón, 90x200x14,5 cm, Rojo",361.99,NO,0724001,1,724001,,724001,3,12,MANY_TO_MANY,NO,UNCHANGED_EXACT_EVIDENCE,HIGH,READ_ONLY_NOT_IMPLEMENTED
4033,3648,0504009|0724001|0608001,"90x200x8 cm, 90x120x100 cm, 90x200 cm, Futón de algodón, 90x200x14,5 cm, Crudo",361.99,NO,0724001,1,724001,,724001,3,12,MANY_TO_MANY,NO,UNCHANGED_EXACT_EVIDENCE,HIGH,READ_ONLY_NOT_IMPLEMENTED
4031,3648,0504009|0724001|0609001,"90x200x8 cm, 90x120x100 cm, 90x200 cm, Futón de algodón, 90x200x14,5 cm, Azul",361.99,NO,0724001,1,724001,,724001,3,12,MANY_TO_MANY,NO,UNCHANGED_EXACT_EVIDENCE,HIGH,READ_ONLY_NOT_IMPLEMENTED
4030,3648,0504009|0724001|0615001,"90x200x8 cm, 90x120x100 cm, 90x200 cm, Futón de algodón, 90x200x14,5 cm, Amarillo",361.99,NO,0724001,1,724001,,724001,3,12,MANY_TO_MANY,NO,UNCHANGED_EXACT_EVIDENCE,HIGH,READ_ONLY_NOT_IMPLEMENTED
4037,3648,0504009|0724001|0616001,"90x200x8 cm, 90x120x100 cm, 90x200 cm, Futón de algodón, 90x200x14,5 cm, Negro",361.99,NO,0724001,1,724001,,724001,3,12,MANY_TO_MANY,NO,UNCHANGED_EXACT_EVIDENCE,HIGH,READ_ONLY_NOT_IMPLEMENTED
4005,3648,0504009|0728001,"90x200x8 cm, 90x120x100 cm, 90x200 cm, Futón con una capa de látex, 90x200x14,5 cm, Sin funda",385.99,NO,0728001,1,728001,,728001,2,12,MANY_TO_MANY,NO,UNCHANGED_EXACT_EVIDENCE,HIGH,READ_ONLY_NOT_IMPLEMENTED
4010,3648,0504009|0728001|0606001,"90x200x8 cm, 90x120x100 cm, 90x200 cm, Futón con una capa de látex, 90x200x14,5 cm, Granate",409.99,NO,0728001,1,728001,,728001,3,12,MANY_TO_MANY,NO,UNCHANGED_EXACT_EVIDENCE,HIGH,READ_ONLY_NOT_IMPLEMENTED
4014,3648,0504009|0728001|0607001,"90x200x8 cm, 90x120x100 cm, 90x200 cm, Futón con una capa de látex, 90x200x14,5 cm, Rojo",409.99,NO,0728001,1,728001,,728001,3,12,MANY_TO_MANY,NO,UNCHANGED_EXACT_EVIDENCE,HIGH,READ_ONLY_NOT_IMPLEMENTED
4009,3648,0504009|0728001|0608001,"90x200x8 cm, 90x120x100 cm, 90x200 cm, Futón con una capa de látex, 90x200x14,5 cm, Crudo",409.99,NO,0728001,1,728001,,728001,3,12,MANY_TO_MANY,NO,UNCHANGED_EXACT_EVIDENCE,HIGH,READ_ONLY_NOT_IMPLEMENTED
4007,3648,0504009|0728001|0609001,"90x200x8 cm, 90x120x100 cm, 90x200 cm, Futón con una capa de látex, 90x200x14,5 cm, Azul",409.99,NO,0728001,1,728001,,728001,3,12,MANY_TO_MANY,NO,UNCHANGED_EXACT_EVIDENCE,HIGH,READ_ONLY_NOT_IMPLEMENTED
4006,3648,0504009|0728001|0615001,"90x200x8 cm, 90x120x100 cm, 90x200 cm, Futón con una capa de látex, 90x200x14,5 cm, Amarillo",409.99,NO,0728001,1,728001,,728001,3,12,MANY_TO_MANY,NO,UNCHANGED_EXACT_EVIDENCE,HIGH,READ_ONLY_NOT_IMPLEMENTED
4013,3648,0504009|0728001|0616001,"90x200x8 cm, 90x120x100 cm, 90x200 cm, Futón con una capa de látex, 90x200x14,5 cm, Negro",409.99,NO,0728001,1,728001,,728001,3,12,MANY_TO_MANY,NO,UNCHANGED_EXACT_EVIDENCE,HIGH,READ_ONLY_NOT_IMPLEMENTED
4017,3648,0504009|0730001,"90x200x8 cm, 90x120x100 cm, 90x200 cm, Futón con dos capas de látex, 90x200x14,5 cm, Sin funda",433.99,NO,0730001,1,730001,,730001,2,12,MANY_TO_MANY,NO,UNCHANGED_EXACT_EVIDENCE,HIGH,READ_ONLY_NOT_IMPLEMENTED
4022,3648,0504009|0730001|0606001,"90x200x8 cm, 90x120x100 cm, 90x200 cm, Futón con dos capas de látex, 90x200x14,5 cm, Granate",457.99,NO,0730001,1,730001,,730001,3,12,MANY_TO_MANY,NO,UNCHANGED_EXACT_EVIDENCE,HIGH,READ_ONLY_NOT_IMPLEMENTED
4026,3648,0504009|0730001|0607001,"90x200x8 cm, 90x120x100 cm, 90x200 cm, Futón con dos capas de látex, 90x200x14,5 cm, Rojo",457.99,NO,0730001,1,730001,,730001,3,12,MANY_TO_MANY,NO,UNCHANGED_EXACT_EVIDENCE,HIGH,READ_ONLY_NOT_IMPLEMENTED
4021,3648,0504009|0730001|0608001,"90x200x8 cm, 90x120x100 cm, 90x200 cm, Futón con dos capas de látex, 90x200x14,5 cm, Crudo",457.99,NO,0730001,1,730001,,730001,3,12,MANY_TO_MANY,NO,UNCHANGED_EXACT_EVIDENCE,HIGH,READ_ONLY_NOT_IMPLEMENTED
4019,3648,0504009|0730001|0609001,"90x200x8 cm, 90x120x100 cm, 90x200 cm, Futón con dos capas de látex, 90x200x14,5 cm, Azul",457.99,NO,0730001,1,730001,,730001,3,12,MANY_TO_MANY,NO,UNCHANGED_EXACT_EVIDENCE,HIGH,READ_ONLY_NOT_IMPLEMENTED
4018,3648,0504009|0730001|0615001,"90x200x8 cm, 90x120x100 cm, 90x200 cm, Futón con dos capas de látex, 90x200x14,5 cm, Amarillo",457.99,NO,0730001,1,730001,,730001,3,12,MANY_TO_MANY,NO,UNCHANGED_EXACT_EVIDENCE,HIGH,READ_ONLY_NOT_IMPLEMENTED
4025,3648,0504009|0730001|0616001,"90x200x8 cm, 90x120x100 cm, 90x200 cm, Futón con dos capas de látex, 90x200x14,5 cm, Negro",457.99,NO,0730001,1,730001,,730001,3,12,MANY_TO_MANY,NO,UNCHANGED_EXACT_EVIDENCE,HIGH,READ_ONLY_NOT_IMPLEMENTED
4065,3648,0504010|0724003,"140x200x8 cm, 140x120x100 cm, 140x200 cm, Futón de algodón, 140x200x14,5 cm, Sin funda",377.99,NO,0724003,1,724003,,724003,2,24,MANY_TO_MANY,NO,UNCHANGED_EXACT_EVIDENCE,HIGH,READ_ONLY_NOT_IMPLEMENTED
4069,3648,0504010|0724003|0606002,"140x200x8 cm, 140x120x100 cm, 140x200 cm, Futón de algodón, 140x200x14,5 cm, Granate",409.99,NO,0724003,1,724003,,724003,3,24,MANY_TO_MANY,NO,UNCHANGED_EXACT_EVIDENCE,HIGH,READ_ONLY_NOT_IMPLEMENTED
4073,3648,0504010|0724003|0607002,"140x200x8 cm, 140x120x100 cm, 140x200 cm, Futón de algodón, 140x200x14,5 cm, Rojo",409.99,NO,0724003,1,724003,,724003,3,24,MANY_TO_MANY,NO,UNCHANGED_EXACT_EVIDENCE,HIGH,READ_ONLY_NOT_IMPLEMENTED
4068,3648,0504010|0724003|0608002,"140x200x8 cm, 140x120x100 cm, 140x200 cm, Futón de algodón, 140x200x14,5 cm, Crudo",409.99,NO,0724003,1,724003,,724003,3,24,MANY_TO_MANY,NO,UNCHANGED_EXACT_EVIDENCE,HIGH,READ_ONLY_NOT_IMPLEMENTED
4075,3648,0504010|0724003|0614002,"140x200x8 cm, 140x120x100 cm, 140x200 cm, Futón de algodón, 140x200x14,5 cm, Verde",409.99,NO,0724003,1,724003,,724003,3,24,MANY_TO_MANY,NO,UNCHANGED_EXACT_EVIDENCE,HIGH,READ_ONLY_NOT_IMPLEMENTED
4066,3648,0504010|0724003|0615002,"140x200x8 cm, 140x120x100 cm, 140x200 cm, Futón de algodón, 140x200x14,5 cm, Amarillo",409.99,NO,0724003,1,724003,,724003,3,24,MANY_TO_MANY,NO,UNCHANGED_EXACT_EVIDENCE,HIGH,READ_ONLY_NOT_IMPLEMENTED
4072,3648,0504010|0724003|0616002,"140x200x8 cm, 140x120x100 cm, 140x200 cm, Futón de algodón, 140x200x14,5 cm, Negro",409.99,NO,0724003,1,724003,,724003,3,24,MANY_TO_MANY,NO,UNCHANGED_EXACT_EVIDENCE,HIGH,READ_ONLY_NOT_IMPLEMENTED
4041,3648,0504010|0728002,"140x200x8 cm, 140x120x100 cm, 140x200 cm, Futón con una capa de látex, 140x200x14,5 cm, Sin funda",441.90,NO,0728002,1,728002,,728002,2,25,MANY_TO_MANY,NO,UNCHANGED_EXACT_EVIDENCE,HIGH,READ_ONLY_NOT_IMPLEMENTED
4046,3648,0504010|0728002|0606002,"140x200x8 cm, 140x120x100 cm, 140x200 cm, Futón con una capa de látex, 140x200x14,5 cm, Granate",473.99,NO,0728002,1,728002,,728002,3,25,MANY_TO_MANY,NO,UNCHANGED_EXACT_EVIDENCE,HIGH,READ_ONLY_NOT_IMPLEMENTED
4050,3648,0504010|0728002|0607002,"140x200x8 cm, 140x120x100 cm, 140x200 cm, Futón con una capa de látex, 140x200x14,5 cm, Rojo",473.99,NO,0728002,1,728002,,728002,3,25,MANY_TO_MANY,NO,UNCHANGED_EXACT_EVIDENCE,HIGH,READ_ONLY_NOT_IMPLEMENTED
4045,3648,0504010|0728002|0608002,"140x200x8 cm, 140x120x100 cm, 140x200 cm, Futón con una capa de látex, 140x200x14,5 cm, Crudo",473.99,NO,0728002,1,728002,,728002,3,25,MANY_TO_MANY,NO,UNCHANGED_EXACT_EVIDENCE,HIGH,READ_ONLY_NOT_IMPLEMENTED
4043,3648,0504010|0728002|0609002,"140x200x8 cm, 140x120x100 cm, 140x200 cm, Futón con una capa de látex, 140x200x14,5 cm, Azul",473.99,NO,0728002,1,728002,,728002,3,25,MANY_TO_MANY,NO,UNCHANGED_EXACT_EVIDENCE,HIGH,READ_ONLY_NOT_IMPLEMENTED
4052,3648,0504010|0728002|0614002,"140x200x8 cm, 140x120x100 cm, 140x200 cm, Futón con una capa de látex, 140x200x14,5 cm, Verde",473.99,NO,0728002,1,728002,,728002,3,25,MANY_TO_MANY,NO,UNCHANGED_EXACT_EVIDENCE,HIGH,READ_ONLY_NOT_IMPLEMENTED
4042,3648,0504010|0728002|0615002,"140x200x8 cm, 140x120x100 cm, 140x200 cm, Futón con una capa de látex, 140x200x14,5 cm, Amarillo",473.99,NO,0728002,1,728002,,728002,3,25,MANY_TO_MANY,NO,UNCHANGED_EXACT_EVIDENCE,HIGH,READ_ONLY_NOT_IMPLEMENTED
4049,3648,0504010|0728002|0616002,"140x200x8 cm, 140x120x100 cm, 140x200 cm, Futón con una capa de látex, 140x200x14,5 cm, Negro",473.99,NO,0728002,1,728002,,728002,3,25,MANY_TO_MANY,NO,UNCHANGED_EXACT_EVIDENCE,HIGH,READ_ONLY_NOT_IMPLEMENTED
4053,3648,0504010|0730002,"140x200x8 cm, 140x120x100 cm, 140x200 cm, Futón con dos capas de látex, 140x200x14,5 cm, Sin funda",665.99,NO,0730002,1,730002,,730002,2,25,MANY_TO_MANY,NO,UNCHANGED_EXACT_EVIDENCE,HIGH,READ_ONLY_NOT_IMPLEMENTED
4058,3648,0504010|0730002|0606002,"140x200x8 cm, 140x120x100 cm, 140x200 cm, Futón con dos capas de látex, 140x200x14,5 cm, Granate",705.99,NO,0730002,1,730002,,730002,3,25,MANY_TO_MANY,NO,UNCHANGED_EXACT_EVIDENCE,HIGH,READ_ONLY_NOT_IMPLEMENTED
4062,3648,0504010|0730002|0607002,"140x200x8 cm, 140x120x100 cm, 140x200 cm, Futón con dos capas de látex, 140x200x14,5 cm, Rojo",705.99,NO,0730002,1,730002,,730002,3,25,MANY_TO_MANY,NO,UNCHANGED_EXACT_EVIDENCE,HIGH,READ_ONLY_NOT_IMPLEMENTED
4057,3648,0504010|0730002|0608002,"140x200x8 cm, 140x120x100 cm, 140x200 cm, Futón con dos capas de látex, 140x200x14,5 cm, Crudo",705.99,NO,0730002,1,730002,,730002,3,25,MANY_TO_MANY,NO,UNCHANGED_EXACT_EVIDENCE,HIGH,READ_ONLY_NOT_IMPLEMENTED
4055,3648,0504010|0730002|0609002,"140x200x8 cm, 140x120x100 cm, 140x200 cm, Futón con dos capas de látex, 140x200x14,5 cm, Azul",705.99,NO,0730002,1,730002,,730002,3,25,MANY_TO_MANY,NO,UNCHANGED_EXACT_EVIDENCE,HIGH,READ_ONLY_NOT_IMPLEMENTED
4064,3648,0504010|0730002|0614002,"140x200x8 cm, 140x120x100 cm, 140x200 cm, Futón con dos capas de látex, 140x200x14,5 cm, Verde",705.99,NO,0730002,1,730002,,730002,3,25,MANY_TO_MANY,NO,UNCHANGED_EXACT_EVIDENCE,HIGH,READ_ONLY_NOT_IMPLEMENTED
4054,3648,0504010|0730002|0615002,"140x200x8 cm, 140x120x100 cm, 140x200 cm, Futón con dos capas de látex, 140x200x14,5 cm, Amarillo",705.99,NO,0730002,1,730002,,730002,3,25,MANY_TO_MANY,NO,UNCHANGED_EXACT_EVIDENCE,HIGH,READ_ONLY_NOT_IMPLEMENTED
4061,3648,0504010|0730002|0616002,"140x200x8 cm, 140x120x100 cm, 140x200 cm, Futón con dos capas de látex, 140x200x14,5 cm, Negro",705.99,NO,0730002,1,730002,,730002,3,25,MANY_TO_MANY,NO,UNCHANGED_EXACT_EVIDENCE,HIGH,READ_ONLY_NOT_IMPLEMENTED
4076,3648,0504010|1253003,"140x200x8 cm, 140x120x100 cm, 140x200 cm, Futón de algodón de colores de dos plazas, 140x200x14,5 cm, Gris oscuro, Sin funda",362.99,NO,1253003,1,1253003,,1253003,2,8,MANY_TO_MANY,NO,UNCHANGED_EXACT_EVIDENCE,HIGH,READ_ONLY_NOT_IMPLEMENTED
4081,3648,0504010|1253003|0606002,"140x200x8 cm, 140x120x100 cm, 140x200 cm, Futón de algodón de colores de dos plazas, 140x200x14,5 cm, Gris oscuro, Granate",431.99,NO,1253003,1,1253003,,1253003,3,8,MANY_TO_MANY,NO,UNCHANGED_EXACT_EVIDENCE,HIGH,READ_ONLY_NOT_IMPLEMENTED
4085,3648,0504010|1253003|0607002,"140x200x8 cm, 140x120x100 cm, 140x200 cm, Futón de algodón de colores de dos plazas, 140x200x14,5 cm, Gris oscuro, Rojo",431.99,NO,1253003,1,1253003,,1253003,3,8,MANY_TO_MANY,NO,UNCHANGED_EXACT_EVIDENCE,HIGH,READ_ONLY_NOT_IMPLEMENTED
4080,3648,0504010|1253003|0608002,"140x200x8 cm, 140x120x100 cm, 140x200 cm, Futón de algodón de colores de dos plazas, 140x200x14,5 cm, Gris oscuro, Crudo",431.99,NO,1253003,1,1253003,,1253003,3,8,MANY_TO_MANY,NO,UNCHANGED_EXACT_EVIDENCE,HIGH,READ_ONLY_NOT_IMPLEMENTED
4078,3648,0504010|1253003|0609002,"140x200x8 cm, 140x120x100 cm, 140x200 cm, Futón de algodón de colores de dos plazas, 140x200x14,5 cm, Gris oscuro, Azul",431.99,NO,1253003,1,1253003,,1253003,3,8,MANY_TO_MANY,NO,UNCHANGED_EXACT_EVIDENCE,HIGH,READ_ONLY_NOT_IMPLEMENTED
4087,3648,0504010|1253003|0614002,"140x200x8 cm, 140x120x100 cm, 140x200 cm, Futón de algodón de colores de dos plazas, 140x200x14,5 cm, Gris oscuro, Verde",431.99,NO,1253003,1,1253003,,1253003,3,8,MANY_TO_MANY,NO,UNCHANGED_EXACT_EVIDENCE,HIGH,READ_ONLY_NOT_IMPLEMENTED
4077,3648,0504010|1253003|0615002,"140x200x8 cm, 140x120x100 cm, 140x200 cm, Futón de algodón de colores de dos plazas, 140x200x14,5 cm, Gris oscuro, Amarillo",553.48,NO,1253003,1,1253003,,1253003,3,8,MANY_TO_MANY,NO,UNCHANGED_EXACT_EVIDENCE,HIGH,READ_ONLY_NOT_IMPLEMENTED
4084,3648,0504010|1253003|0616002,"140x200x8 cm, 140x120x100 cm, 140x200 cm, Futón de algodón de colores de dos plazas, 140x200x14,5 cm, Gris oscuro, Negro",431.99,NO,1253003,1,1253003,,1253003,3,8,MANY_TO_MANY,NO,UNCHANGED_EXACT_EVIDENCE,HIGH,READ_ONLY_NOT_IMPLEMENTED
4100,3648,0504010|1254005,"140x200x8 cm, 140x120x100 cm, 140x200 cm, Futón de algodón de colores de dos plazas, 140x200x14,5 cm, Rojo, Sin funda",362.99,NO,1254005,1,1254005,,1254005,2,8,MANY_TO_MANY,NO,UNCHANGED_EXACT_EVIDENCE,HIGH,READ_ONLY_NOT_IMPLEMENTED
4105,3648,0504010|1254005|0606002,"140x200x8 cm, 140x120x100 cm, 140x200 cm, Futón de algodón de colores de dos plazas, 140x200x14,5 cm, Rojo, Granate",431.99,NO,1254005,1,1254005,,1254005,3,8,MANY_TO_MANY,NO,UNCHANGED_EXACT_EVIDENCE,HIGH,READ_ONLY_NOT_IMPLEMENTED
4109,3648,0504010|1254005|0607002,"140x200x8 cm, 140x120x100 cm, 140x200 cm, Futón de algodón de colores de dos plazas, 140x200x14,5 cm, Rojo, Rojo",431.99,NO,1254005,1,1254005,,1254005,3,8,MANY_TO_MANY,NO,UNCHANGED_EXACT_EVIDENCE,HIGH,READ_ONLY_NOT_IMPLEMENTED
4104,3648,0504010|1254005|0608002,"140x200x8 cm, 140x120x100 cm, 140x200 cm, Futón de algodón de colores de dos plazas, 140x200x14,5 cm, Rojo, Crudo",431.99,NO,1254005,1,1254005,,1254005,3,8,MANY_TO_MANY,NO,UNCHANGED_EXACT_EVIDENCE,HIGH,READ_ONLY_NOT_IMPLEMENTED
4102,3648,0504010|1254005|0609002,"140x200x8 cm, 140x120x100 cm, 140x200 cm, Futón de algodón de colores de dos plazas, 140x200x14,5 cm, Rojo, Azul",431.99,NO,1254005,1,1254005,,1254005,3,8,MANY_TO_MANY,NO,UNCHANGED_EXACT_EVIDENCE,HIGH,READ_ONLY_NOT_IMPLEMENTED
4111,3648,0504010|1254005|0614002,"140x200x8 cm, 140x120x100 cm, 140x200 cm, Futón de algodón de colores de dos plazas, 140x200x14,5 cm, Rojo, Verde",431.99,NO,1254005,1,1254005,,1254005,3,8,MANY_TO_MANY,NO,UNCHANGED_EXACT_EVIDENCE,HIGH,READ_ONLY_NOT_IMPLEMENTED
4101,3648,0504010|1254005|0615002,"140x200x8 cm, 140x120x100 cm, 140x200 cm, Futón de algodón de colores de dos plazas, 140x200x14,5 cm, Rojo, Amarillo",431.99,NO,1254005,1,1254005,,1254005,3,8,MANY_TO_MANY,NO,UNCHANGED_EXACT_EVIDENCE,HIGH,READ_ONLY_NOT_IMPLEMENTED
4108,3648,0504010|1254005|0616002,"140x200x8 cm, 140x120x100 cm, 140x200 cm, Futón de algodón de colores de dos plazas, 140x200x14,5 cm, Rojo, Negro",431.99,NO,1254005,1,1254005,,1254005,3,8,MANY_TO_MANY,NO,UNCHANGED_EXACT_EVIDENCE,HIGH,READ_ONLY_NOT_IMPLEMENTED
4484,3652,0504011|0724003,"Futón de algodón, 140x200x14,5 cm, Sin funda",649.58,NO,0724003,1,724003,,724003,2,24,MANY_TO_MANY,NO,UNCHANGED_EXACT_EVIDENCE,HIGH,READ_ONLY_NOT_IMPLEMENTED
4488,3652,0504011|0724003|0608002,"Futón de algodón, 140x200x14,5 cm, Crudo",721.58,NO,0724003,1,724003,,724003,3,24,MANY_TO_MANY,NO,UNCHANGED_EXACT_EVIDENCE,HIGH,READ_ONLY_NOT_IMPLEMENTED
4492,3652,0504011|0724003|0616002,"Futón de algodón, 140x200x14,5 cm, Negro",721.58,NO,0724003,1,724003,,724003,3,24,MANY_TO_MANY,NO,UNCHANGED_EXACT_EVIDENCE,HIGH,READ_ONLY_NOT_IMPLEMENTED
6093,3652,0504011|0724003|0617002,"Futón de algodón, 140x200x14,5 cm, Gris jaspeado",721.58,NO,0724003,1,724003,,724003,3,24,MANY_TO_MANY,NO,UNCHANGED_EXACT_EVIDENCE,HIGH,READ_ONLY_NOT_IMPLEMENTED
6094,3652,0504011|0724003|0619002,"Futón de algodón, 140x200x14,5 cm, Beige jaspeado",721.58,NO,0724003,1,724003,,724003,3,24,MANY_TO_MANY,NO,UNCHANGED_EXACT_EVIDENCE,HIGH,READ_ONLY_NOT_IMPLEMENTED
11127,3652,0504011|0724003|0619009,"Futón de algodón, 140x200x14,5 cm, Marrón",721.58,NO,0724003,1,724003,,724003,3,24,MANY_TO_MANY,NO,UNCHANGED_EXACT_EVIDENCE,HIGH,READ_ONLY_NOT_IMPLEMENTED
4460,3652,0504011|0728002,"Futón con una capa de látex, 140x200x14,5 cm, Sin funda",738.42,NO,0728002,1,728002,,728002,2,25,MANY_TO_MANY,NO,UNCHANGED_EXACT_EVIDENCE,HIGH,READ_ONLY_NOT_IMPLEMENTED
4464,3652,0504011|0728002|0608002,"Futón con una capa de látex, 140x200x14,5 cm, Crudo",810.42,NO,0728002,1,728002,,728002,3,25,MANY_TO_MANY,NO,UNCHANGED_EXACT_EVIDENCE,HIGH,READ_ONLY_NOT_IMPLEMENTED
4468,3652,0504011|0728002|0616002,"Futón con una capa de látex, 140x200x14,5 cm, Negro",810.42,NO,0728002,1,728002,,728002,3,25,MANY_TO_MANY,NO,UNCHANGED_EXACT_EVIDENCE,HIGH,READ_ONLY_NOT_IMPLEMENTED
9458,3652,0504011|0728002|0617002,"Futón con una capa de látex, 140x200x14,5 cm, Gris jaspeado",810.42,NO,0728002,1,728002,,728002,3,25,MANY_TO_MANY,NO,UNCHANGED_EXACT_EVIDENCE,HIGH,READ_ONLY_NOT_IMPLEMENTED
9459,3652,0504011|0728002|0619002,"Futón con una capa de látex, 140x200x14,5 cm, Beige jaspeado",810.42,NO,0728002,1,728002,,728002,3,25,MANY_TO_MANY,NO,UNCHANGED_EXACT_EVIDENCE,HIGH,READ_ONLY_NOT_IMPLEMENTED
11128,3652,0504011|0728002|0619009,"Futón con una capa de látex, 140x200x14,5 cm, Marrón",810.42,NO,0728002,1,728002,,728002,3,25,MANY_TO_MANY,NO,UNCHANGED_EXACT_EVIDENCE,HIGH,READ_ONLY_NOT_IMPLEMENTED
4472,3652,0504011|0730002,"Futón con dos capas de látex, 140x200x14,5 cm, Sin funda",853.50,NO,0730002,1,730002,,730002,2,25,MANY_TO_MANY,NO,UNCHANGED_EXACT_EVIDENCE,HIGH,READ_ONLY_NOT_IMPLEMENTED
4476,3652,0504011|0730002|0608002,"Futón con dos capas de látex, 140x200x14,5 cm, Crudo",925.50,NO,0730002,1,730002,,730002,3,25,MANY_TO_MANY,NO,UNCHANGED_EXACT_EVIDENCE,HIGH,READ_ONLY_NOT_IMPLEMENTED
4480,3652,0504011|0730002|0616002,"Futón con dos capas de látex, 140x200x14,5 cm, Negro",925.50,NO,0730002,1,730002,,730002,3,25,MANY_TO_MANY,NO,UNCHANGED_EXACT_EVIDENCE,HIGH,READ_ONLY_NOT_IMPLEMENTED
6095,3652,0504011|0730002|0617002,"Futón con dos capas de látex, 140x200x14,5 cm, Gris jaspeado",925.50,NO,0730002,1,730002,,730002,3,25,MANY_TO_MANY,NO,UNCHANGED_EXACT_EVIDENCE,HIGH,READ_ONLY_NOT_IMPLEMENTED
6096,3652,0504011|0730002|0619002,"Futón con dos capas de látex, 140x200x14,5 cm, Beige jaspeado",925.50,NO,0730002,1,730002,,730002,3,25,MANY_TO_MANY,NO,UNCHANGED_EXACT_EVIDENCE,HIGH,READ_ONLY_NOT_IMPLEMENTED
11129,3652,0504011|0730002|0619009,"Futón con dos capas de látex, 140x200x14,5 cm, Marrón",925.50,NO,0730002,1,730002,,730002,3,25,MANY_TO_MANY,NO,UNCHANGED_EXACT_EVIDENCE,HIGH,READ_ONLY_NOT_IMPLEMENTED
3993,3647,0504012|0724003,"Futón de algodón, 140x200x14,5 cm, Sin funda",715.90,NO,0724003,1,724003,,724003,2,24,MANY_TO_MANY,NO,UNCHANGED_EXACT_EVIDENCE,HIGH,READ_ONLY_NOT_IMPLEMENTED
3997,3647,0504012|0724003|0608002,"Futón de algodón, 140x200x14,5 cm, Crudo",787.90,NO,0724003,1,724003,,724003,3,24,MANY_TO_MANY,NO,UNCHANGED_EXACT_EVIDENCE,HIGH,READ_ONLY_NOT_IMPLEMENTED
4001,3647,0504012|0724003|0616002,"Futón de algodón, 140x200x14,5 cm, Negro",787.90,NO,0724003,1,724003,,724003,3,24,MANY_TO_MANY,NO,UNCHANGED_EXACT_EVIDENCE,HIGH,READ_ONLY_NOT_IMPLEMENTED
6298,3647,0504012|0724003|0617002,"Futón de algodón, 140x200x14,5 cm, Gris jaspeado",787.90,NO,0724003,1,724003,,724003,3,24,MANY_TO_MANY,NO,UNCHANGED_EXACT_EVIDENCE,HIGH,READ_ONLY_NOT_IMPLEMENTED
6304,3647,0504012|0724003|0619002,"Futón de algodón, 140x200x14,5 cm, Beige jaspeado",787.90,NO,0724003,1,724003,,724003,3,24,MANY_TO_MANY,NO,UNCHANGED_EXACT_EVIDENCE,HIGH,READ_ONLY_NOT_IMPLEMENTED
11119,3647,0504012|0724003|0619009,"Futón de algodón, 140x200x14,5 cm, Marrón",787.90,NO,0724003,1,724003,,724003,3,24,MANY_TO_MANY,NO,UNCHANGED_EXACT_EVIDENCE,HIGH,READ_ONLY_NOT_IMPLEMENTED
3933,3647,0504012|0728002,"Futón con una capa de látex, 140x200x14,5 cm, Sin funda",799.90,NO,0728002,1,728002,,728002,2,25,MANY_TO_MANY,NO,UNCHANGED_EXACT_EVIDENCE,HIGH,READ_ONLY_NOT_IMPLEMENTED
3937,3647,0504012|0728002|0608002,"Futón con una capa de látex, 140x200x14,5 cm, Crudo",871.90,NO,0728002,1,728002,,728002,3,25,MANY_TO_MANY,NO,UNCHANGED_EXACT_EVIDENCE,HIGH,READ_ONLY_NOT_IMPLEMENTED
3941,3647,0504012|0728002|0616002,"Futón con una capa de látex, 140x200x14,5 cm, Negro",871.90,NO,0728002,1,728002,,728002,3,25,MANY_TO_MANY,NO,UNCHANGED_EXACT_EVIDENCE,HIGH,READ_ONLY_NOT_IMPLEMENTED
6307,3647,0504012|0728002|0617002,"Futón con una capa de látex, 140x200x14,5 cm, Gris jaspeado",871.90,NO,0728002,1,728002,,728002,3,25,MANY_TO_MANY,NO,UNCHANGED_EXACT_EVIDENCE,HIGH,READ_ONLY_NOT_IMPLEMENTED
6308,3647,0504012|0728002|0619002,"Futón con una capa de látex, 140x200x14,5 cm, Beige jaspeado",871.90,NO,0728002,1,728002,,728002,3,25,MANY_TO_MANY,NO,UNCHANGED_EXACT_EVIDENCE,HIGH,READ_ONLY_NOT_IMPLEMENTED
11120,3647,0504012|0728002|0619009,"Futón con una capa de látex, 140x200x14,5 cm, Marrón",871.90,NO,0728002,1,728002,,728002,3,25,MANY_TO_MANY,NO,UNCHANGED_EXACT_EVIDENCE,HIGH,READ_ONLY_NOT_IMPLEMENTED
3921,3647,0504012|0730002,"Futón con dos capas de látex, 140x200x14,5 cm, Sin funda",919.90,NO,0730002,1,730002,,730002,2,25,MANY_TO_MANY,NO,UNCHANGED_EXACT_EVIDENCE,HIGH,READ_ONLY_NOT_IMPLEMENTED
3925,3647,0504012|0730002|0608002,"Futón con dos capas de látex, 140x200x14,5 cm, Crudo",991.90,NO,0730002,1,730002,,730002,3,25,MANY_TO_MANY,NO,UNCHANGED_EXACT_EVIDENCE,HIGH,READ_ONLY_NOT_IMPLEMENTED
3929,3647,0504012|0730002|0616002,"Futón con dos capas de látex, 140x200x14,5 cm, Negro",991.90,NO,0730002,1,730002,,730002,3,25,MANY_TO_MANY,NO,UNCHANGED_EXACT_EVIDENCE,HIGH,READ_ONLY_NOT_IMPLEMENTED
6305,3647,0504012|0730002|0617002,"Futón con dos capas de látex, 140x200x14,5 cm, Gris jaspeado",991.90,NO,0730002,1,730002,,730002,3,25,MANY_TO_MANY,NO,UNCHANGED_EXACT_EVIDENCE,HIGH,READ_ONLY_NOT_IMPLEMENTED
6306,3647,0504012|0730002|0619002,"Futón con dos capas de látex, 140x200x14,5 cm, Beige jaspeado",991.90,NO,0730002,1,730002,,730002,3,25,MANY_TO_MANY,NO,UNCHANGED_EXACT_EVIDENCE,HIGH,READ_ONLY_NOT_IMPLEMENTED
11121,3647,0504012|0730002|0619009,"Futón con dos capas de látex, 140x200x14,5 cm, Marrón",991.90,NO,0730002,1,730002,,730002,3,25,MANY_TO_MANY,NO,UNCHANGED_EXACT_EVIDENCE,HIGH,READ_ONLY_NOT_IMPLEMENTED
11663,11662,0726007A|0606001A,"13 cm, 4 cm, 80x200x13 cm, Crudo",226,NO,0606001A,1,,10497,10497,2,1,MANY_TO_ONE,NO,EXACT_FULL_SKU_NO_SUFFIX_NORMALIZATION,HIGH,READ_ONLY_NOT_IMPLEMENTED
11653,11652,1242002A|0609007B,Violeta,169,NO,0609007B,1,,10035,10035,2,1,MANY_TO_ONE,NO,EXACT_FULL_SKU_NO_SUFFIX_NORMALIZATION,HIGH,READ_ONLY_NOT_IMPLEMENTED
4590,3658,0201001|0201001|1249001|1249001|0608007|0608007,"Crudo, Crudo, Crudo, Crudo",749.90,NO,0608007,2,608007,,608007,3,5,MANY_TO_MANY,NO,UNCHANGED_EXACT_EVIDENCE,HIGH,READ_ONLY_NOT_IMPLEMENTED
4628,3658,0201001|0201001|1249001|1249001|0608007|0619007,"Crudo, Crudo, Crudo, Marrón",749.90,NO,0608007,1,608007,,608007,4,5,MANY_TO_MANY,NO,UNCHANGED_EXACT_EVIDENCE,HIGH,READ_ONLY_NOT_IMPLEMENTED
13092,3658,0201001|0201001|1249001|1249001|0619007|0619007,"Crudo, Crudo, Marrón, Marrón",749.90,NO,0619007,2,619007,,619007,3,5,MANY_TO_MANY,NO,UNCHANGED_EXACT_EVIDENCE,HIGH,READ_ONLY_NOT_IMPLEMENTED
4236,3650,0502002|0724008|0608006,"Futón de algodón, 140x190x14,5 cm, Crudo",751.58,NO,0608006,1,608006,,608006,3,3,MANY_TO_MANY,NO,PHYSICAL_COMPONENT_WITHOUT_STANDALONE_WOO,HIGH,READ_ONLY_NOT_IMPLEMENTED
4240,3650,0502002|0724008|0616006,"Futón de algodón, 140x190x14,5 cm, Negro",751.58,NO,0616006,1,616006,,616006,3,3,MANY_TO_MANY,NO,PHYSICAL_COMPONENT_WITHOUT_STANDALONE_WOO,HIGH,READ_ONLY_NOT_IMPLEMENTED
6292,3650,0502002|0724008|0617002,"Futón de algodón, 140x190x14,5 cm, Gris jaspeado",751.58,NO,0617002,1,617002,,617002,3,9,MANY_TO_MANY,NO,UNCHANGED_EXACT_EVIDENCE,HIGH,READ_ONLY_NOT_IMPLEMENTED
6293,3650,0502002|0724008|0619002,"Futón de algodón, 140x190x14,5 cm, Beige jaspeado",751.58,NO,0619002,1,619002,,619002,3,9,MANY_TO_MANY,NO,UNCHANGED_EXACT_EVIDENCE,HIGH,READ_ONLY_NOT_IMPLEMENTED
11123,3650,0502002|0724008|0619009,"Futón de algodón, 140x190x14,5 cm, Marrón",751.58,NO,0619009,1,619009,,619009,3,9,MANY_TO_MANY,NO,UNCHANGED_EXACT_EVIDENCE,HIGH,READ_ONLY_NOT_IMPLEMENTED
4212,3650,0502002|0728007|0608006,"Futón con una capa de látex, 140x190x14,5 cm, Crudo",831.42,NO,0608006,1,608006,,608006,3,3,MANY_TO_MANY,NO,PHYSICAL_COMPONENT_WITHOUT_STANDALONE_WOO,HIGH,READ_ONLY_NOT_IMPLEMENTED
4216,3650,0502002|0728007|0616006,"Futón con una capa de látex, 140x190x14,5 cm, Negro",831.42,NO,0616006,1,616006,,616006,3,3,MANY_TO_MANY,NO,PHYSICAL_COMPONENT_WITHOUT_STANDALONE_WOO,HIGH,READ_ONLY_NOT_IMPLEMENTED
9456,3650,0502002|0728007|0617002,"Futón con una capa de látex, 140x190x14,5 cm, Gris jaspeado",831.42,NO,0617002,1,617002,,617002,3,9,MANY_TO_MANY,NO,UNCHANGED_EXACT_EVIDENCE,HIGH,READ_ONLY_NOT_IMPLEMENTED
6295,3650,0502002|0728007|0619002,"Futón con una capa de látex, 140x190x14,5 cm, Beige jaspeado",831.42,NO,0619002,1,619002,,619002,3,9,MANY_TO_MANY,NO,UNCHANGED_EXACT_EVIDENCE,HIGH,READ_ONLY_NOT_IMPLEMENTED
11125,3650,0502002|0728007|0619009,"Futón con una capa de látex, 140x190x14,5 cm, Marrón",831.42,NO,0619009,1,619009,,619009,3,9,MANY_TO_MANY,NO,UNCHANGED_EXACT_EVIDENCE,HIGH,READ_ONLY_NOT_IMPLEMENTED
4224,3650,0502002|0730007|0608006,"Futón con dos capas de látex, 140x190x14,5 cm, Crudo",979.50,NO,0608006,1,608006,,608006,3,3,MANY_TO_MANY,NO,PHYSICAL_COMPONENT_WITHOUT_STANDALONE_WOO,HIGH,READ_ONLY_NOT_IMPLEMENTED
4228,3650,0502002|0730007|0616006,"Futón con dos capas de látex, 140x190x14,5 cm, Negro",979.50,NO,0616006,1,616006,,616006,3,3,MANY_TO_MANY,NO,PHYSICAL_COMPONENT_WITHOUT_STANDALONE_WOO,HIGH,READ_ONLY_NOT_IMPLEMENTED
9457,3650,0502002|0730007|0617002,"Futón con dos capas de látex, 140x190x14,5 cm, Gris jaspeado",979.50,NO,0617002,1,617002,,617002,3,9,MANY_TO_MANY,NO,UNCHANGED_EXACT_EVIDENCE,HIGH,READ_ONLY_NOT_IMPLEMENTED
6294,3650,0502002|0730007|0619002,"Futón con dos capas de látex, 140x190x14,5 cm, Beige jaspeado",979.50,NO,0619002,1,619002,,619002,3,9,MANY_TO_MANY,NO,UNCHANGED_EXACT_EVIDENCE,HIGH,READ_ONLY_NOT_IMPLEMENTED
11126,3650,0502002|0730007|0619009,"Futón con dos capas de látex, 140x190x14,5 cm, Marrón",979.50,NO,0619009,1,619009,,619009,3,9,MANY_TO_MANY,NO,UNCHANGED_EXACT_EVIDENCE,HIGH,READ_ONLY_NOT_IMPLEMENTED
4128,3649,0502005|0727007|0608007,"Futón con una capa de látex, 80x200x13 cm, Crudo",550.74,NO,0608007,1,608007,,608007,3,5,MANY_TO_MANY,NO,UNCHANGED_EXACT_EVIDENCE,HIGH,READ_ONLY_NOT_IMPLEMENTED
4132,3649,0502005|0727007|0616007,"Futón con una capa de látex, 80x200x13 cm, Negro",550.74,NO,0616007,1,616007,,616007,3,3,MANY_TO_MANY,NO,UNCHANGED_EXACT_EVIDENCE,HIGH,READ_ONLY_NOT_IMPLEMENTED
11132,3649,0502005|0727007|0619007,"Futón con una capa de látex, 80x200x13 cm, Marrón",550.74,NO,0619007,1,619007,,619007,3,5,MANY_TO_MANY,NO,UNCHANGED_EXACT_EVIDENCE,HIGH,READ_ONLY_NOT_IMPLEMENTED
4140,3649,0502005|0730009|0608007,"Futón con dos capas de látex, 80x200x13 cm, Crudo",604.94,NO,0608007,1,608007,,608007,3,5,MANY_TO_MANY,NO,UNCHANGED_EXACT_EVIDENCE,HIGH,READ_ONLY_NOT_IMPLEMENTED
4144,3649,0502005|0730009|0616007,"Futón con dos capas de látex, 80x200x13 cm, Negro",604.94,NO,0616007,1,616007,,616007,3,3,MANY_TO_MANY,NO,UNCHANGED_EXACT_EVIDENCE,HIGH,READ_ONLY_NOT_IMPLEMENTED
11133,3649,0502005|0730009|0619007,"Futón con dos capas de látex, 80x200x13 cm, Marrón",604.94,NO,0619007,1,619007,,619007,3,5,MANY_TO_MANY,NO,UNCHANGED_EXACT_EVIDENCE,HIGH,READ_ONLY_NOT_IMPLEMENTED
4200,3649,0502005|1249001|0608007,"Futón de algodón de colores individual, 80x200x13 cm, Crudo, Crudo",494.82,NO,0608007,1,608007,,608007,3,5,MANY_TO_MANY,NO,UNCHANGED_EXACT_EVIDENCE,HIGH,READ_ONLY_NOT_IMPLEMENTED
11836,3649,0502005|1249001|0616007,"Futón de algodón de colores individual, 80x200x13 cm, Crudo, Negro",494.82,NO,0616007,1,616007,,616007,3,3,MANY_TO_MANY,NO,UNCHANGED_EXACT_EVIDENCE,HIGH,READ_ONLY_NOT_IMPLEMENTED
11131,3649,0502005|1249001|0619007,"Futón de algodón de colores individual, 80x200x13 cm, Crudo, Marrón",494.82,NO,0619007,1,619007,,619007,3,5,MANY_TO_MANY,NO,UNCHANGED_EXACT_EVIDENCE,HIGH,READ_ONLY_NOT_IMPLEMENTED
4320,3651,0502012|0724004|0608004,"Futón de algodón, 150x200x14,5 cm, Crudo, Sin cajón",730.78,NO,0608004,1,608004,,608004,3,6,MANY_TO_MANY,NO,UNCHANGED_EXACT_EVIDENCE,HIGH,READ_ONLY_NOT_IMPLEMENTED
4324,3651,0502012|0724004|0616004,"Futón de algodón, 150x200x14,5 cm, Negro, Sin cajón",730.78,NO,0616004,1,616004,,616004,3,6,MANY_TO_MANY,NO,UNCHANGED_EXACT_EVIDENCE,HIGH,READ_ONLY_NOT_IMPLEMENTED
6285,3651,0502012|0724004|0617004,"Futón de algodón, 150x200x14,5 cm, Gris jaspeado, Sin cajón",730.78,NO,0617004,1,617004,,617004,3,6,MANY_TO_MANY,NO,UNCHANGED_EXACT_EVIDENCE,HIGH,READ_ONLY_NOT_IMPLEMENTED
6286,3651,0502012|0724004|0619004,"Futón de algodón, 150x200x14,5 cm, Beige jaspeado, Sin cajón",730.78,NO,0619004,1,619004,,619004,3,6,MANY_TO_MANY,NO,UNCHANGED_EXACT_EVIDENCE,HIGH,READ_ONLY_NOT_IMPLEMENTED
11137,3651,0502012|0724004|0619010,"Futón de algodón, 150x200x14,5 cm, Marrón, Sin cajón",730.78,NO,0619010,1,619010,,619010,3,6,MANY_TO_MANY,NO,UNCHANGED_EXACT_EVIDENCE,HIGH,READ_ONLY_NOT_IMPLEMENTED
4378,3651,0502012|0724004|1002004,"Futón de algodón, 150x200x14,5 cm, Sin funda, Con cajón",783.78,NO,1002004,1,1002004,,1002004,3,19,MANY_TO_MANY,NO,UNCHANGED_EXACT_EVIDENCE,HIGH,READ_ONLY_NOT_IMPLEMENTED
4393,3651,0502012|0724004|1002004|0608004,"Futón de algodón, 150x200x14,5 cm, Crudo, Con cajón",855.78,NO,1002004,1,1002004,,1002004,4,19,MANY_TO_MANY,NO,UNCHANGED_EXACT_EVIDENCE,HIGH,READ_ONLY_NOT_IMPLEMENTED
4397,3651,0502012|0724004|1002004|0616004,"Futón de algodón, 150x200x14,5 cm, Negro, Con cajón",855.78,NO,1002004,1,1002004,,1002004,4,19,MANY_TO_MANY,NO,UNCHANGED_EXACT_EVIDENCE,HIGH,READ_ONLY_NOT_IMPLEMENTED
6287,3651,0502012|0724004|1002004|0617004,"Futón de algodón, 150x200x14,5 cm, Gris jaspeado, Con cajón",855.78,NO,1002004,1,1002004,,1002004,4,19,MANY_TO_MANY,NO,UNCHANGED_EXACT_EVIDENCE,HIGH,READ_ONLY_NOT_IMPLEMENTED
6288,3651,0502012|0724004|1002004|0619004,"Futón de algodón, 150x200x14,5 cm, Beige jaspeado, Con cajón",855.78,NO,1002004,1,1002004,,1002004,4,19,MANY_TO_MANY,NO,UNCHANGED_EXACT_EVIDENCE,HIGH,READ_ONLY_NOT_IMPLEMENTED
11141,3651,0502012|0724004|1002004|0619010,"Futón de algodón, 150x200x14,5 cm, Marrón, Con cajón",855.78,NO,1002004,1,1002004,,1002004,4,19,MANY_TO_MANY,NO,UNCHANGED_EXACT_EVIDENCE,HIGH,READ_ONLY_NOT_IMPLEMENTED
4296,3651,0502012|0728003|0608004,"Futón con una capa de látex, 150x200x14,5 cm, Crudo, Sin cajón",842.78,NO,0608004,1,608004,,608004,3,6,MANY_TO_MANY,NO,UNCHANGED_EXACT_EVIDENCE,HIGH,READ_ONLY_NOT_IMPLEMENTED
4300,3651,0502012|0728003|0616004,"Futón con una capa de látex, 150x200x14,5 cm, Negro, Sin cajón",842.78,NO,0616004,1,616004,,616004,3,6,MANY_TO_MANY,NO,UNCHANGED_EXACT_EVIDENCE,HIGH,READ_ONLY_NOT_IMPLEMENTED
9441,3651,0502012|0728003|0617004,"Futón con una capa de látex, 150x200x14,5 cm, Gris jaspeado, Sin cajón",842.78,NO,0617004,1,617004,,617004,3,6,MANY_TO_MANY,NO,UNCHANGED_EXACT_EVIDENCE,HIGH,READ_ONLY_NOT_IMPLEMENTED
9442,3651,0502012|0728003|0619004,"Futón con una capa de látex, 150x200x14,5 cm, Beige jaspeado, Sin cajón",842.78,NO,0619004,1,619004,,619004,3,6,MANY_TO_MANY,NO,UNCHANGED_EXACT_EVIDENCE,HIGH,READ_ONLY_NOT_IMPLEMENTED
11135,3651,0502012|0728003|0619010,"Futón con una capa de látex, 150x200x14,5 cm, Marrón, Sin cajón",842.78,NO,0619010,1,619010,,619010,3,6,MANY_TO_MANY,NO,UNCHANGED_EXACT_EVIDENCE,HIGH,READ_ONLY_NOT_IMPLEMENTED
4376,3651,0502012|0728003|1002004,"Futón con una capa de látex, 150x200x14,5 cm, Sin funda, Con cajón",907.78,NO,1002004,1,1002004,,1002004,3,19,MANY_TO_MANY,NO,UNCHANGED_EXACT_EVIDENCE,HIGH,READ_ONLY_NOT_IMPLEMENTED
4452,3651,0502012|0728003|1002004|0608004,"Futón con una capa de látex, 150x200x14,5 cm, Crudo, Con cajón",979.78,NO,1002004,1,1002004,,1002004,4,19,MANY_TO_MANY,NO,UNCHANGED_EXACT_EVIDENCE,HIGH,READ_ONLY_NOT_IMPLEMENTED
4456,3651,0502012|0728003|1002004|0616004,"Futón con una capa de látex, 150x200x14,5 cm, Negro, Con cajón",979.78,NO,1002004,1,1002004,,1002004,4,19,MANY_TO_MANY,NO,UNCHANGED_EXACT_EVIDENCE,HIGH,READ_ONLY_NOT_IMPLEMENTED
6284,3651,0502012|0728003|1002004|0617004,"Futón con una capa de látex, 150x200x14,5 cm, Gris jaspeado, Con cajón",979.78,NO,1002004,1,1002004,,1002004,4,19,MANY_TO_MANY,NO,UNCHANGED_EXACT_EVIDENCE,HIGH,READ_ONLY_NOT_IMPLEMENTED
9452,3651,0502012|0728003|1002004|0619004,"Futón con una capa de látex, 150x200x14,5 cm, Beige jaspeado, Con cajón",979.78,NO,1002004,1,1002004,,1002004,4,19,MANY_TO_MANY,NO,UNCHANGED_EXACT_EVIDENCE,HIGH,READ_ONLY_NOT_IMPLEMENTED
11140,3651,0502012|0728003|1002004|0619010,"Futón con una capa de látex, 150x200x14,5 cm, Marrón, Con cajón",979.78,NO,1002004,1,1002004,,1002004,4,19,MANY_TO_MANY,NO,UNCHANGED_EXACT_EVIDENCE,HIGH,READ_ONLY_NOT_IMPLEMENTED
4308,3651,0502012|0730003|0608004,"Futón con dos capas de látex, 150x200x14,5 cm, Crudo, Sin cajón",944.14,NO,0608004,1,608004,,608004,3,6,MANY_TO_MANY,NO,UNCHANGED_EXACT_EVIDENCE,HIGH,READ_ONLY_NOT_IMPLEMENTED
4312,3651,0502012|0730003|0616004,"Futón con dos capas de látex, 150x200x14,5 cm, Negro, Sin cajón",944.14,NO,0616004,1,616004,,616004,3,6,MANY_TO_MANY,NO,UNCHANGED_EXACT_EVIDENCE,HIGH,READ_ONLY_NOT_IMPLEMENTED
9447,3651,0502012|0730003|0617004,"Futón con dos capas de látex, 150x200x14,5 cm, Gris jaspeado, Sin cajón",944.14,NO,0617004,1,617004,,617004,3,6,MANY_TO_MANY,NO,UNCHANGED_EXACT_EVIDENCE,HIGH,READ_ONLY_NOT_IMPLEMENTED
9443,3651,0502012|0730003|0619004,"Futón con dos capas de látex, 150x200x14,5 cm, Beige jaspeado, Sin cajón",944.14,NO,0619004,1,619004,,619004,3,6,MANY_TO_MANY,NO,UNCHANGED_EXACT_EVIDENCE,HIGH,READ_ONLY_NOT_IMPLEMENTED
11136,3651,0502012|0730003|0619010,"Futón con dos capas de látex, 150x200x14,5 cm, Marrón, Sin cajón",944.14,NO,0619010,1,619010,,619010,3,6,MANY_TO_MANY,NO,UNCHANGED_EXACT_EVIDENCE,HIGH,READ_ONLY_NOT_IMPLEMENTED
4377,3651,0502012|0730003|1002004,"Futón con dos capas de látex, 150x200x14,5 cm, Sin funda, Con cajón",1009.14,NO,1002004,1,1002004,,1002004,3,19,MANY_TO_MANY,NO,UNCHANGED_EXACT_EVIDENCE,HIGH,READ_ONLY_NOT_IMPLEMENTED
4382,3651,0502012|0730003|1002004|0608004,"Futón con dos capas de látex, 150x200x14,5 cm, Crudo, Con cajón",1081.14,NO,1002004,1,1002004,,1002004,4,19,MANY_TO_MANY,NO,UNCHANGED_EXACT_EVIDENCE,HIGH,READ_ONLY_NOT_IMPLEMENTED
4386,3651,0502012|0730003|1002004|0616004,"Futón con dos capas de látex, 150x200x14,5 cm, Negro, Con cajón",1081.14,NO,1002004,1,1002004,,1002004,4,19,MANY_TO_MANY,NO,UNCHANGED_EXACT_EVIDENCE,HIGH,READ_ONLY_NOT_IMPLEMENTED
6289,3651,0502012|0730003|1002004|0617004,"Futón con dos capas de látex, 150x200x14,5 cm, Gris jaspeado, Con cajón",1081.14,NO,1002004,1,1002004,,1002004,4,19,MANY_TO_MANY,NO,UNCHANGED_EXACT_EVIDENCE,HIGH,READ_ONLY_NOT_IMPLEMENTED
9448,3651,0502012|0730003|1002004|0619004,"Futón con dos capas de látex, 150x200x14,5 cm, Beige jaspeado, Con cajón",1081.14,NO,1002004,1,1002004,,1002004,4,19,MANY_TO_MANY,NO,UNCHANGED_EXACT_EVIDENCE,HIGH,READ_ONLY_NOT_IMPLEMENTED
11139,3651,0502012|0730003|1002004|0619010,"Futón con dos capas de látex, 150x200x14,5 cm, Marrón, Con cajón",1081.14,NO,1002004,1,1002004,,1002004,4,19,MANY_TO_MANY,NO,UNCHANGED_EXACT_EVIDENCE,HIGH,READ_ONLY_NOT_IMPLEMENTED
4034,3648,0504009|0724001|0606001,"90x200x8 cm, 90x120x100 cm, 90x200 cm, Futón de algodón, 90x200x14,5 cm, Granate",361.99,NO,0606001,1,606001,,606001,3,3,MANY_TO_MANY,NO,UNCHANGED_EXACT_EVIDENCE,HIGH,READ_ONLY_NOT_IMPLEMENTED
4038,3648,0504009|0724001|0607001,"90x200x8 cm, 90x120x100 cm, 90x200 cm, Futón de algodón, 90x200x14,5 cm, Rojo",361.99,NO,0607001,1,607001,,607001,3,3,MANY_TO_MANY,NO,UNCHANGED_EXACT_EVIDENCE,HIGH,READ_ONLY_NOT_IMPLEMENTED
4033,3648,0504009|0724001|0608001,"90x200x8 cm, 90x120x100 cm, 90x200 cm, Futón de algodón, 90x200x14,5 cm, Crudo",361.99,NO,0608001,1,608001,,608001,3,3,MANY_TO_MANY,NO,UNCHANGED_EXACT_EVIDENCE,HIGH,READ_ONLY_NOT_IMPLEMENTED
4031,3648,0504009|0724001|0609001,"90x200x8 cm, 90x120x100 cm, 90x200 cm, Futón de algodón, 90x200x14,5 cm, Azul",361.99,NO,0609001,1,609001,,609001,3,3,MANY_TO_MANY,NO,UNCHANGED_EXACT_EVIDENCE,HIGH,READ_ONLY_NOT_IMPLEMENTED
4030,3648,0504009|0724001|0615001,"90x200x8 cm, 90x120x100 cm, 90x200 cm, Futón de algodón, 90x200x14,5 cm, Amarillo",361.99,NO,0615001,1,615001,,615001,3,3,MANY_TO_MANY,NO,UNCHANGED_EXACT_EVIDENCE,HIGH,READ_ONLY_NOT_IMPLEMENTED
4037,3648,0504009|0724001|0616001,"90x200x8 cm, 90x120x100 cm, 90x200 cm, Futón de algodón, 90x200x14,5 cm, Negro",361.99,NO,0616001,1,616001,,616001,3,3,MANY_TO_MANY,NO,UNCHANGED_EXACT_EVIDENCE,HIGH,READ_ONLY_NOT_IMPLEMENTED
4010,3648,0504009|0728001|0606001,"90x200x8 cm, 90x120x100 cm, 90x200 cm, Futón con una capa de látex, 90x200x14,5 cm, Granate",409.99,NO,0606001,1,606001,,606001,3,3,MANY_TO_MANY,NO,UNCHANGED_EXACT_EVIDENCE,HIGH,READ_ONLY_NOT_IMPLEMENTED
4014,3648,0504009|0728001|0607001,"90x200x8 cm, 90x120x100 cm, 90x200 cm, Futón con una capa de látex, 90x200x14,5 cm, Rojo",409.99,NO,0607001,1,607001,,607001,3,3,MANY_TO_MANY,NO,UNCHANGED_EXACT_EVIDENCE,HIGH,READ_ONLY_NOT_IMPLEMENTED
4009,3648,0504009|0728001|0608001,"90x200x8 cm, 90x120x100 cm, 90x200 cm, Futón con una capa de látex, 90x200x14,5 cm, Crudo",409.99,NO,0608001,1,608001,,608001,3,3,MANY_TO_MANY,NO,UNCHANGED_EXACT_EVIDENCE,HIGH,READ_ONLY_NOT_IMPLEMENTED
4007,3648,0504009|0728001|0609001,"90x200x8 cm, 90x120x100 cm, 90x200 cm, Futón con una capa de látex, 90x200x14,5 cm, Azul",409.99,NO,0609001,1,609001,,609001,3,3,MANY_TO_MANY,NO,UNCHANGED_EXACT_EVIDENCE,HIGH,READ_ONLY_NOT_IMPLEMENTED
4006,3648,0504009|0728001|0615001,"90x200x8 cm, 90x120x100 cm, 90x200 cm, Futón con una capa de látex, 90x200x14,5 cm, Amarillo",409.99,NO,0615001,1,615001,,615001,3,3,MANY_TO_MANY,NO,UNCHANGED_EXACT_EVIDENCE,HIGH,READ_ONLY_NOT_IMPLEMENTED
4013,3648,0504009|0728001|0616001,"90x200x8 cm, 90x120x100 cm, 90x200 cm, Futón con una capa de látex, 90x200x14,5 cm, Negro",409.99,NO,0616001,1,616001,,616001,3,3,MANY_TO_MANY,NO,UNCHANGED_EXACT_EVIDENCE,HIGH,READ_ONLY_NOT_IMPLEMENTED
4022,3648,0504009|0730001|0606001,"90x200x8 cm, 90x120x100 cm, 90x200 cm, Futón con dos capas de látex, 90x200x14,5 cm, Granate",457.99,NO,0606001,1,606001,,606001,3,3,MANY_TO_MANY,NO,UNCHANGED_EXACT_EVIDENCE,HIGH,READ_ONLY_NOT_IMPLEMENTED
4026,3648,0504009|0730001|0607001,"90x200x8 cm, 90x120x100 cm, 90x200 cm, Futón con dos capas de látex, 90x200x14,5 cm, Rojo",457.99,NO,0607001,1,607001,,607001,3,3,MANY_TO_MANY,NO,UNCHANGED_EXACT_EVIDENCE,HIGH,READ_ONLY_NOT_IMPLEMENTED
4021,3648,0504009|0730001|0608001,"90x200x8 cm, 90x120x100 cm, 90x200 cm, Futón con dos capas de látex, 90x200x14,5 cm, Crudo",457.99,NO,0608001,1,608001,,608001,3,3,MANY_TO_MANY,NO,UNCHANGED_EXACT_EVIDENCE,HIGH,READ_ONLY_NOT_IMPLEMENTED
4019,3648,0504009|0730001|0609001,"90x200x8 cm, 90x120x100 cm, 90x200 cm, Futón con dos capas de látex, 90x200x14,5 cm, Azul",457.99,NO,0609001,1,609001,,609001,3,3,MANY_TO_MANY,NO,UNCHANGED_EXACT_EVIDENCE,HIGH,READ_ONLY_NOT_IMPLEMENTED
4018,3648,0504009|0730001|0615001,"90x200x8 cm, 90x120x100 cm, 90x200 cm, Futón con dos capas de látex, 90x200x14,5 cm, Amarillo",457.99,NO,0615001,1,615001,,615001,3,3,MANY_TO_MANY,NO,UNCHANGED_EXACT_EVIDENCE,HIGH,READ_ONLY_NOT_IMPLEMENTED
4025,3648,0504009|0730001|0616001,"90x200x8 cm, 90x120x100 cm, 90x200 cm, Futón con dos capas de látex, 90x200x14,5 cm, Negro",457.99,NO,0616001,1,616001,,616001,3,3,MANY_TO_MANY,NO,UNCHANGED_EXACT_EVIDENCE,HIGH,READ_ONLY_NOT_IMPLEMENTED
4069,3648,0504010|0724003|0606002,"140x200x8 cm, 140x120x100 cm, 140x200 cm, Futón de algodón, 140x200x14,5 cm, Granate",409.99,NO,0606002,1,606002,,606002,3,5,MANY_TO_MANY,NO,UNCHANGED_EXACT_EVIDENCE,HIGH,READ_ONLY_NOT_IMPLEMENTED
4073,3648,0504010|0724003|0607002,"140x200x8 cm, 140x120x100 cm, 140x200 cm, Futón de algodón, 140x200x14,5 cm, Rojo",409.99,NO,0607002,1,607002,,607002,3,5,MANY_TO_MANY,NO,PHYSICAL_COMPONENT_WITHOUT_STANDALONE_WOO,HIGH,READ_ONLY_NOT_IMPLEMENTED
4068,3648,0504010|0724003|0608002,"140x200x8 cm, 140x120x100 cm, 140x200 cm, Futón de algodón, 140x200x14,5 cm, Crudo",409.99,NO,0608002,1,608002,,608002,3,11,MANY_TO_MANY,NO,UNCHANGED_EXACT_EVIDENCE,HIGH,READ_ONLY_NOT_IMPLEMENTED
4075,3648,0504010|0724003|0614002,"140x200x8 cm, 140x120x100 cm, 140x200 cm, Futón de algodón, 140x200x14,5 cm, Verde",409.99,NO,0614002,1,614002,,614002,3,5,MANY_TO_MANY,NO,PHYSICAL_COMPONENT_WITHOUT_STANDALONE_WOO,HIGH,READ_ONLY_NOT_IMPLEMENTED
4066,3648,0504010|0724003|0615002,"140x200x8 cm, 140x120x100 cm, 140x200 cm, Futón de algodón, 140x200x14,5 cm, Amarillo",409.99,NO,0615002,1,615002,,615002,3,5,MANY_TO_MANY,NO,UNCHANGED_EXACT_EVIDENCE,HIGH,READ_ONLY_NOT_IMPLEMENTED
4072,3648,0504010|0724003|0616002,"140x200x8 cm, 140x120x100 cm, 140x200 cm, Futón de algodón, 140x200x14,5 cm, Negro",409.99,NO,0616002,1,616002,,616002,3,11,MANY_TO_MANY,NO,UNCHANGED_EXACT_EVIDENCE,HIGH,READ_ONLY_NOT_IMPLEMENTED
4046,3648,0504010|0728002|0606002,"140x200x8 cm, 140x120x100 cm, 140x200 cm, Futón con una capa de látex, 140x200x14,5 cm, Granate",473.99,NO,0606002,1,606002,,606002,3,5,MANY_TO_MANY,NO,UNCHANGED_EXACT_EVIDENCE,HIGH,READ_ONLY_NOT_IMPLEMENTED
4050,3648,0504010|0728002|0607002,"140x200x8 cm, 140x120x100 cm, 140x200 cm, Futón con una capa de látex, 140x200x14,5 cm, Rojo",473.99,NO,0607002,1,607002,,607002,3,5,MANY_TO_MANY,NO,PHYSICAL_COMPONENT_WITHOUT_STANDALONE_WOO,HIGH,READ_ONLY_NOT_IMPLEMENTED
4045,3648,0504010|0728002|0608002,"140x200x8 cm, 140x120x100 cm, 140x200 cm, Futón con una capa de látex, 140x200x14,5 cm, Crudo",473.99,NO,0608002,1,608002,,608002,3,11,MANY_TO_MANY,NO,UNCHANGED_EXACT_EVIDENCE,HIGH,READ_ONLY_NOT_IMPLEMENTED
4043,3648,0504010|0728002|0609002,"140x200x8 cm, 140x120x100 cm, 140x200 cm, Futón con una capa de látex, 140x200x14,5 cm, Azul",473.99,NO,0609002,1,609002,,609002,3,4,MANY_TO_MANY,NO,UNCHANGED_EXACT_EVIDENCE,HIGH,READ_ONLY_NOT_IMPLEMENTED
4052,3648,0504010|0728002|0614002,"140x200x8 cm, 140x120x100 cm, 140x200 cm, Futón con una capa de látex, 140x200x14,5 cm, Verde",473.99,NO,0614002,1,614002,,614002,3,5,MANY_TO_MANY,NO,PHYSICAL_COMPONENT_WITHOUT_STANDALONE_WOO,HIGH,READ_ONLY_NOT_IMPLEMENTED
4042,3648,0504010|0728002|0615002,"140x200x8 cm, 140x120x100 cm, 140x200 cm, Futón con una capa de látex, 140x200x14,5 cm, Amarillo",473.99,NO,0615002,1,615002,,615002,3,5,MANY_TO_MANY,NO,UNCHANGED_EXACT_EVIDENCE,HIGH,READ_ONLY_NOT_IMPLEMENTED
4049,3648,0504010|0728002|0616002,"140x200x8 cm, 140x120x100 cm, 140x200 cm, Futón con una capa de látex, 140x200x14,5 cm, Negro",473.99,NO,0616002,1,616002,,616002,3,11,MANY_TO_MANY,NO,UNCHANGED_EXACT_EVIDENCE,HIGH,READ_ONLY_NOT_IMPLEMENTED
4058,3648,0504010|0730002|0606002,"140x200x8 cm, 140x120x100 cm, 140x200 cm, Futón con dos capas de látex, 140x200x14,5 cm, Granate",705.99,NO,0606002,1,606002,,606002,3,5,MANY_TO_MANY,NO,UNCHANGED_EXACT_EVIDENCE,HIGH,READ_ONLY_NOT_IMPLEMENTED
4062,3648,0504010|0730002|0607002,"140x200x8 cm, 140x120x100 cm, 140x200 cm, Futón con dos capas de látex, 140x200x14,5 cm, Rojo",705.99,NO,0607002,1,607002,,607002,3,5,MANY_TO_MANY,NO,PHYSICAL_COMPONENT_WITHOUT_STANDALONE_WOO,HIGH,READ_ONLY_NOT_IMPLEMENTED
4057,3648,0504010|0730002|0608002,"140x200x8 cm, 140x120x100 cm, 140x200 cm, Futón con dos capas de látex, 140x200x14,5 cm, Crudo",705.99,NO,0608002,1,608002,,608002,3,11,MANY_TO_MANY,NO,UNCHANGED_EXACT_EVIDENCE,HIGH,READ_ONLY_NOT_IMPLEMENTED
4055,3648,0504010|0730002|0609002,"140x200x8 cm, 140x120x100 cm, 140x200 cm, Futón con dos capas de látex, 140x200x14,5 cm, Azul",705.99,NO,0609002,1,609002,,609002,3,4,MANY_TO_MANY,NO,UNCHANGED_EXACT_EVIDENCE,HIGH,READ_ONLY_NOT_IMPLEMENTED
4064,3648,0504010|0730002|0614002,"140x200x8 cm, 140x120x100 cm, 140x200 cm, Futón con dos capas de látex, 140x200x14,5 cm, Verde",705.99,NO,0614002,1,614002,,614002,3,5,MANY_TO_MANY,NO,PHYSICAL_COMPONENT_WITHOUT_STANDALONE_WOO,HIGH,READ_ONLY_NOT_IMPLEMENTED
4054,3648,0504010|0730002|0615002,"140x200x8 cm, 140x120x100 cm, 140x200 cm, Futón con dos capas de látex, 140x200x14,5 cm, Amarillo",705.99,NO,0615002,1,615002,,615002,3,5,MANY_TO_MANY,NO,UNCHANGED_EXACT_EVIDENCE,HIGH,READ_ONLY_NOT_IMPLEMENTED
4061,3648,0504010|0730002|0616002,"140x200x8 cm, 140x120x100 cm, 140x200 cm, Futón con dos capas de látex, 140x200x14,5 cm, Negro",705.99,NO,0616002,1,616002,,616002,3,11,MANY_TO_MANY,NO,UNCHANGED_EXACT_EVIDENCE,HIGH,READ_ONLY_NOT_IMPLEMENTED
4081,3648,0504010|1253003|0606002,"140x200x8 cm, 140x120x100 cm, 140x200 cm, Futón de algodón de colores de dos plazas, 140x200x14,5 cm, Gris oscuro, Granate",431.99,NO,0606002,1,606002,,606002,3,5,MANY_TO_MANY,NO,UNCHANGED_EXACT_EVIDENCE,HIGH,READ_ONLY_NOT_IMPLEMENTED
4085,3648,0504010|1253003|0607002,"140x200x8 cm, 140x120x100 cm, 140x200 cm, Futón de algodón de colores de dos plazas, 140x200x14,5 cm, Gris oscuro, Rojo",431.99,NO,0607002,1,607002,,607002,3,5,MANY_TO_MANY,NO,PHYSICAL_COMPONENT_WITHOUT_STANDALONE_WOO,HIGH,READ_ONLY_NOT_IMPLEMENTED
4080,3648,0504010|1253003|0608002,"140x200x8 cm, 140x120x100 cm, 140x200 cm, Futón de algodón de colores de dos plazas, 140x200x14,5 cm, Gris oscuro, Crudo",431.99,NO,0608002,1,608002,,608002,3,11,MANY_TO_MANY,NO,UNCHANGED_EXACT_EVIDENCE,HIGH,READ_ONLY_NOT_IMPLEMENTED
4078,3648,0504010|1253003|0609002,"140x200x8 cm, 140x120x100 cm, 140x200 cm, Futón de algodón de colores de dos plazas, 140x200x14,5 cm, Gris oscuro, Azul",431.99,NO,0609002,1,609002,,609002,3,4,MANY_TO_MANY,NO,UNCHANGED_EXACT_EVIDENCE,HIGH,READ_ONLY_NOT_IMPLEMENTED
4087,3648,0504010|1253003|0614002,"140x200x8 cm, 140x120x100 cm, 140x200 cm, Futón de algodón de colores de dos plazas, 140x200x14,5 cm, Gris oscuro, Verde",431.99,NO,0614002,1,614002,,614002,3,5,MANY_TO_MANY,NO,PHYSICAL_COMPONENT_WITHOUT_STANDALONE_WOO,HIGH,READ_ONLY_NOT_IMPLEMENTED
4077,3648,0504010|1253003|0615002,"140x200x8 cm, 140x120x100 cm, 140x200 cm, Futón de algodón de colores de dos plazas, 140x200x14,5 cm, Gris oscuro, Amarillo",553.48,NO,0615002,1,615002,,615002,3,5,MANY_TO_MANY,NO,UNCHANGED_EXACT_EVIDENCE,HIGH,READ_ONLY_NOT_IMPLEMENTED
4084,3648,0504010|1253003|0616002,"140x200x8 cm, 140x120x100 cm, 140x200 cm, Futón de algodón de colores de dos plazas, 140x200x14,5 cm, Gris oscuro, Negro",431.99,NO,0616002,1,616002,,616002,3,11,MANY_TO_MANY,NO,UNCHANGED_EXACT_EVIDENCE,HIGH,READ_ONLY_NOT_IMPLEMENTED
4105,3648,0504010|1254005|0606002,"140x200x8 cm, 140x120x100 cm, 140x200 cm, Futón de algodón de colores de dos plazas, 140x200x14,5 cm, Rojo, Granate",431.99,NO,0606002,1,606002,,606002,3,5,MANY_TO_MANY,NO,UNCHANGED_EXACT_EVIDENCE,HIGH,READ_ONLY_NOT_IMPLEMENTED
4109,3648,0504010|1254005|0607002,"140x200x8 cm, 140x120x100 cm, 140x200 cm, Futón de algodón de colores de dos plazas, 140x200x14,5 cm, Rojo, Rojo",431.99,NO,0607002,1,607002,,607002,3,5,MANY_TO_MANY,NO,PHYSICAL_COMPONENT_WITHOUT_STANDALONE_WOO,HIGH,READ_ONLY_NOT_IMPLEMENTED
4104,3648,0504010|1254005|0608002,"140x200x8 cm, 140x120x100 cm, 140x200 cm, Futón de algodón de colores de dos plazas, 140x200x14,5 cm, Rojo, Crudo",431.99,NO,0608002,1,608002,,608002,3,11,MANY_TO_MANY,NO,UNCHANGED_EXACT_EVIDENCE,HIGH,READ_ONLY_NOT_IMPLEMENTED
4102,3648,0504010|1254005|0609002,"140x200x8 cm, 140x120x100 cm, 140x200 cm, Futón de algodón de colores de dos plazas, 140x200x14,5 cm, Rojo, Azul",431.99,NO,0609002,1,609002,,609002,3,4,MANY_TO_MANY,NO,UNCHANGED_EXACT_EVIDENCE,HIGH,READ_ONLY_NOT_IMPLEMENTED
4111,3648,0504010|1254005|0614002,"140x200x8 cm, 140x120x100 cm, 140x200 cm, Futón de algodón de colores de dos plazas, 140x200x14,5 cm, Rojo, Verde",431.99,NO,0614002,1,614002,,614002,3,5,MANY_TO_MANY,NO,PHYSICAL_COMPONENT_WITHOUT_STANDALONE_WOO,HIGH,READ_ONLY_NOT_IMPLEMENTED
4101,3648,0504010|1254005|0615002,"140x200x8 cm, 140x120x100 cm, 140x200 cm, Futón de algodón de colores de dos plazas, 140x200x14,5 cm, Rojo, Amarillo",431.99,NO,0615002,1,615002,,615002,3,5,MANY_TO_MANY,NO,UNCHANGED_EXACT_EVIDENCE,HIGH,READ_ONLY_NOT_IMPLEMENTED
4108,3648,0504010|1254005|0616002,"140x200x8 cm, 140x120x100 cm, 140x200 cm, Futón de algodón de colores de dos plazas, 140x200x14,5 cm, Rojo, Negro",431.99,NO,0616002,1,616002,,616002,3,11,MANY_TO_MANY,NO,UNCHANGED_EXACT_EVIDENCE,HIGH,READ_ONLY_NOT_IMPLEMENTED
4488,3652,0504011|0724003|0608002,"Futón de algodón, 140x200x14,5 cm, Crudo",721.58,NO,0608002,1,608002,,608002,3,11,MANY_TO_MANY,NO,UNCHANGED_EXACT_EVIDENCE,HIGH,READ_ONLY_NOT_IMPLEMENTED
4492,3652,0504011|0724003|0616002,"Futón de algodón, 140x200x14,5 cm, Negro",721.58,NO,0616002,1,616002,,616002,3,11,MANY_TO_MANY,NO,UNCHANGED_EXACT_EVIDENCE,HIGH,READ_ONLY_NOT_IMPLEMENTED
6093,3652,0504011|0724003|0617002,"Futón de algodón, 140x200x14,5 cm, Gris jaspeado",721.58,NO,0617002,1,617002,,617002,3,9,MANY_TO_MANY,NO,UNCHANGED_EXACT_EVIDENCE,HIGH,READ_ONLY_NOT_IMPLEMENTED
6094,3652,0504011|0724003|0619002,"Futón de algodón, 140x200x14,5 cm, Beige jaspeado",721.58,NO,0619002,1,619002,,619002,3,9,MANY_TO_MANY,NO,UNCHANGED_EXACT_EVIDENCE,HIGH,READ_ONLY_NOT_IMPLEMENTED
11127,3652,0504011|0724003|0619009,"Futón de algodón, 140x200x14,5 cm, Marrón",721.58,NO,0619009,1,619009,,619009,3,9,MANY_TO_MANY,NO,UNCHANGED_EXACT_EVIDENCE,HIGH,READ_ONLY_NOT_IMPLEMENTED
4464,3652,0504011|0728002|0608002,"Futón con una capa de látex, 140x200x14,5 cm, Crudo",810.42,NO,0608002,1,608002,,608002,3,11,MANY_TO_MANY,NO,UNCHANGED_EXACT_EVIDENCE,HIGH,READ_ONLY_NOT_IMPLEMENTED
4468,3652,0504011|0728002|0616002,"Futón con una capa de látex, 140x200x14,5 cm, Negro",810.42,NO,0616002,1,616002,,616002,3,11,MANY_TO_MANY,NO,UNCHANGED_EXACT_EVIDENCE,HIGH,READ_ONLY_NOT_IMPLEMENTED
9458,3652,0504011|0728002|0617002,"Futón con una capa de látex, 140x200x14,5 cm, Gris jaspeado",810.42,NO,0617002,1,617002,,617002,3,9,MANY_TO_MANY,NO,UNCHANGED_EXACT_EVIDENCE,HIGH,READ_ONLY_NOT_IMPLEMENTED
9459,3652,0504011|0728002|0619002,"Futón con una capa de látex, 140x200x14,5 cm, Beige jaspeado",810.42,NO,0619002,1,619002,,619002,3,9,MANY_TO_MANY,NO,UNCHANGED_EXACT_EVIDENCE,HIGH,READ_ONLY_NOT_IMPLEMENTED
11128,3652,0504011|0728002|0619009,"Futón con una capa de látex, 140x200x14,5 cm, Marrón",810.42,NO,0619009,1,619009,,619009,3,9,MANY_TO_MANY,NO,UNCHANGED_EXACT_EVIDENCE,HIGH,READ_ONLY_NOT_IMPLEMENTED
4476,3652,0504011|0730002|0608002,"Futón con dos capas de látex, 140x200x14,5 cm, Crudo",925.50,NO,0608002,1,608002,,608002,3,11,MANY_TO_MANY,NO,UNCHANGED_EXACT_EVIDENCE,HIGH,READ_ONLY_NOT_IMPLEMENTED
4480,3652,0504011|0730002|0616002,"Futón con dos capas de látex, 140x200x14,5 cm, Negro",925.50,NO,0616002,1,616002,,616002,3,11,MANY_TO_MANY,NO,UNCHANGED_EXACT_EVIDENCE,HIGH,READ_ONLY_NOT_IMPLEMENTED
6095,3652,0504011|0730002|0617002,"Futón con dos capas de látex, 140x200x14,5 cm, Gris jaspeado",925.50,NO,0617002,1,617002,,617002,3,9,MANY_TO_MANY,NO,UNCHANGED_EXACT_EVIDENCE,HIGH,READ_ONLY_NOT_IMPLEMENTED
6096,3652,0504011|0730002|0619002,"Futón con dos capas de látex, 140x200x14,5 cm, Beige jaspeado",925.50,NO,0619002,1,619002,,619002,3,9,MANY_TO_MANY,NO,UNCHANGED_EXACT_EVIDENCE,HIGH,READ_ONLY_NOT_IMPLEMENTED
11129,3652,0504011|0730002|0619009,"Futón con dos capas de látex, 140x200x14,5 cm, Marrón",925.50,NO,0619009,1,619009,,619009,3,9,MANY_TO_MANY,NO,UNCHANGED_EXACT_EVIDENCE,HIGH,READ_ONLY_NOT_IMPLEMENTED
3997,3647,0504012|0724003|0608002,"Futón de algodón, 140x200x14,5 cm, Crudo",787.90,NO,0608002,1,608002,,608002,3,11,MANY_TO_MANY,NO,UNCHANGED_EXACT_EVIDENCE,HIGH,READ_ONLY_NOT_IMPLEMENTED
4001,3647,0504012|0724003|0616002,"Futón de algodón, 140x200x14,5 cm, Negro",787.90,NO,0616002,1,616002,,616002,3,11,MANY_TO_MANY,NO,UNCHANGED_EXACT_EVIDENCE,HIGH,READ_ONLY_NOT_IMPLEMENTED
6298,3647,0504012|0724003|0617002,"Futón de algodón, 140x200x14,5 cm, Gris jaspeado",787.90,NO,0617002,1,617002,,617002,3,9,MANY_TO_MANY,NO,UNCHANGED_EXACT_EVIDENCE,HIGH,READ_ONLY_NOT_IMPLEMENTED
6304,3647,0504012|0724003|0619002,"Futón de algodón, 140x200x14,5 cm, Beige jaspeado",787.90,NO,0619002,1,619002,,619002,3,9,MANY_TO_MANY,NO,UNCHANGED_EXACT_EVIDENCE,HIGH,READ_ONLY_NOT_IMPLEMENTED
11119,3647,0504012|0724003|0619009,"Futón de algodón, 140x200x14,5 cm, Marrón",787.90,NO,0619009,1,619009,,619009,3,9,MANY_TO_MANY,NO,UNCHANGED_EXACT_EVIDENCE,HIGH,READ_ONLY_NOT_IMPLEMENTED
3937,3647,0504012|0728002|0608002,"Futón con una capa de látex, 140x200x14,5 cm, Crudo",871.90,NO,0608002,1,608002,,608002,3,11,MANY_TO_MANY,NO,UNCHANGED_EXACT_EVIDENCE,HIGH,READ_ONLY_NOT_IMPLEMENTED
3941,3647,0504012|0728002|0616002,"Futón con una capa de látex, 140x200x14,5 cm, Negro",871.90,NO,0616002,1,616002,,616002,3,11,MANY_TO_MANY,NO,UNCHANGED_EXACT_EVIDENCE,HIGH,READ_ONLY_NOT_IMPLEMENTED
6307,3647,0504012|0728002|0617002,"Futón con una capa de látex, 140x200x14,5 cm, Gris jaspeado",871.90,NO,0617002,1,617002,,617002,3,9,MANY_TO_MANY,NO,UNCHANGED_EXACT_EVIDENCE,HIGH,READ_ONLY_NOT_IMPLEMENTED
6308,3647,0504012|0728002|0619002,"Futón con una capa de látex, 140x200x14,5 cm, Beige jaspeado",871.90,NO,0619002,1,619002,,619002,3,9,MANY_TO_MANY,NO,UNCHANGED_EXACT_EVIDENCE,HIGH,READ_ONLY_NOT_IMPLEMENTED
11120,3647,0504012|0728002|0619009,"Futón con una capa de látex, 140x200x14,5 cm, Marrón",871.90,NO,0619009,1,619009,,619009,3,9,MANY_TO_MANY,NO,UNCHANGED_EXACT_EVIDENCE,HIGH,READ_ONLY_NOT_IMPLEMENTED
3925,3647,0504012|0730002|0608002,"Futón con dos capas de látex, 140x200x14,5 cm, Crudo",991.90,NO,0608002,1,608002,,608002,3,11,MANY_TO_MANY,NO,UNCHANGED_EXACT_EVIDENCE,HIGH,READ_ONLY_NOT_IMPLEMENTED
3929,3647,0504012|0730002|0616002,"Futón con dos capas de látex, 140x200x14,5 cm, Negro",991.90,NO,0616002,1,616002,,616002,3,11,MANY_TO_MANY,NO,UNCHANGED_EXACT_EVIDENCE,HIGH,READ_ONLY_NOT_IMPLEMENTED
6305,3647,0504012|0730002|0617002,"Futón con dos capas de látex, 140x200x14,5 cm, Gris jaspeado",991.90,NO,0617002,1,617002,,617002,3,9,MANY_TO_MANY,NO,UNCHANGED_EXACT_EVIDENCE,HIGH,READ_ONLY_NOT_IMPLEMENTED
6306,3647,0504012|0730002|0619002,"Futón con dos capas de látex, 140x200x14,5 cm, Beige jaspeado",991.90,NO,0619002,1,619002,,619002,3,9,MANY_TO_MANY,NO,UNCHANGED_EXACT_EVIDENCE,HIGH,READ_ONLY_NOT_IMPLEMENTED
11121,3647,0504012|0730002|0619009,"Futón con dos capas de látex, 140x200x14,5 cm, Marrón",991.90,NO,0619009,1,619009,,619009,3,9,MANY_TO_MANY,NO,UNCHANGED_EXACT_EVIDENCE,HIGH,READ_ONLY_NOT_IMPLEMENTED
4628,3658,0201001|0201001|1249001|1249001|0608007|0619007,"Crudo, Crudo, Crudo, Marrón",749.90,NO,0619007,1,619007,,619007,4,5,MANY_TO_MANY,NO,UNCHANGED_EXACT_EVIDENCE,HIGH,READ_ONLY_NOT_IMPLEMENTED
4393,3651,0502012|0724004|1002004|0608004,"Futón de algodón, 150x200x14,5 cm, Crudo, Con cajón",855.78,NO,0608004,1,608004,,608004,4,6,MANY_TO_MANY,NO,UNCHANGED_EXACT_EVIDENCE,HIGH,READ_ONLY_NOT_IMPLEMENTED
4397,3651,0502012|0724004|1002004|0616004,"Futón de algodón, 150x200x14,5 cm, Negro, Con cajón",855.78,NO,0616004,1,616004,,616004,4,6,MANY_TO_MANY,NO,UNCHANGED_EXACT_EVIDENCE,HIGH,READ_ONLY_NOT_IMPLEMENTED
6287,3651,0502012|0724004|1002004|0617004,"Futón de algodón, 150x200x14,5 cm, Gris jaspeado, Con cajón",855.78,NO,0617004,1,617004,,617004,4,6,MANY_TO_MANY,NO,UNCHANGED_EXACT_EVIDENCE,HIGH,READ_ONLY_NOT_IMPLEMENTED
6288,3651,0502012|0724004|1002004|0619004,"Futón de algodón, 150x200x14,5 cm, Beige jaspeado, Con cajón",855.78,NO,0619004,1,619004,,619004,4,6,MANY_TO_MANY,NO,UNCHANGED_EXACT_EVIDENCE,HIGH,READ_ONLY_NOT_IMPLEMENTED
11141,3651,0502012|0724004|1002004|0619010,"Futón de algodón, 150x200x14,5 cm, Marrón, Con cajón",855.78,NO,0619010,1,619010,,619010,4,6,MANY_TO_MANY,NO,UNCHANGED_EXACT_EVIDENCE,HIGH,READ_ONLY_NOT_IMPLEMENTED
4452,3651,0502012|0728003|1002004|0608004,"Futón con una capa de látex, 150x200x14,5 cm, Crudo, Con cajón",979.78,NO,0608004,1,608004,,608004,4,6,MANY_TO_MANY,NO,UNCHANGED_EXACT_EVIDENCE,HIGH,READ_ONLY_NOT_IMPLEMENTED
4456,3651,0502012|0728003|1002004|0616004,"Futón con una capa de látex, 150x200x14,5 cm, Negro, Con cajón",979.78,NO,0616004,1,616004,,616004,4,6,MANY_TO_MANY,NO,UNCHANGED_EXACT_EVIDENCE,HIGH,READ_ONLY_NOT_IMPLEMENTED
6284,3651,0502012|0728003|1002004|0617004,"Futón con una capa de látex, 150x200x14,5 cm, Gris jaspeado, Con cajón",979.78,NO,0617004,1,617004,,617004,4,6,MANY_TO_MANY,NO,UNCHANGED_EXACT_EVIDENCE,HIGH,READ_ONLY_NOT_IMPLEMENTED
9452,3651,0502012|0728003|1002004|0619004,"Futón con una capa de látex, 150x200x14,5 cm, Beige jaspeado, Con cajón",979.78,NO,0619004,1,619004,,619004,4,6,MANY_TO_MANY,NO,UNCHANGED_EXACT_EVIDENCE,HIGH,READ_ONLY_NOT_IMPLEMENTED
11140,3651,0502012|0728003|1002004|0619010,"Futón con una capa de látex, 150x200x14,5 cm, Marrón, Con cajón",979.78,NO,0619010,1,619010,,619010,4,6,MANY_TO_MANY,NO,UNCHANGED_EXACT_EVIDENCE,HIGH,READ_ONLY_NOT_IMPLEMENTED
4382,3651,0502012|0730003|1002004|0608004,"Futón con dos capas de látex, 150x200x14,5 cm, Crudo, Con cajón",1081.14,NO,0608004,1,608004,,608004,4,6,MANY_TO_MANY,NO,UNCHANGED_EXACT_EVIDENCE,HIGH,READ_ONLY_NOT_IMPLEMENTED
4386,3651,0502012|0730003|1002004|0616004,"Futón con dos capas de látex, 150x200x14,5 cm, Negro, Con cajón",1081.14,NO,0616004,1,616004,,616004,4,6,MANY_TO_MANY,NO,UNCHANGED_EXACT_EVIDENCE,HIGH,READ_ONLY_NOT_IMPLEMENTED
6289,3651,0502012|0730003|1002004|0617004,"Futón con dos capas de látex, 150x200x14,5 cm, Gris jaspeado, Con cajón",1081.14,NO,0617004,1,617004,,617004,4,6,MANY_TO_MANY,NO,UNCHANGED_EXACT_EVIDENCE,HIGH,READ_ONLY_NOT_IMPLEMENTED
9448,3651,0502012|0730003|1002004|0619004,"Futón con dos capas de látex, 150x200x14,5 cm, Beige jaspeado, Con cajón",1081.14,NO,0619004,1,619004,,619004,4,6,MANY_TO_MANY,NO,UNCHANGED_EXACT_EVIDENCE,HIGH,READ_ONLY_NOT_IMPLEMENTED
11139,3651,0502012|0730003|1002004|0619010,"Futón con dos capas de látex, 150x200x14,5 cm, Marrón, Con cajón",1081.14,NO,0619010,1,619010,,619010,4,6,MANY_TO_MANY,NO,UNCHANGED_EXACT_EVIDENCE,HIGH,READ_ONLY_NOT_IMPLEMENTED
