source,source_row,parent_woo_id,woo_product_parent_id,parent_sku,component_woo_id,component_sku,quantity,quantity_status,evidence,physical_match_method,physical_item_id,edge_status,edge_role,combination_woo_id,combination_parent_woo_id,combination_sku,combination_name,component_item_id,source_woo,source_supabase,source_dat,source_maestro,evidence_count,resolution_status,conflict_detail,notes,parent_match_method,previous_edge_status,new_edge_status,previous_resolution_status,new_resolution_status,rule_used,active_graph_included,human_decision_required,resolution_confidence,resolution_evidence_001a1,operational_status_001a3,quarantine_group_ids,component_node_id,suffix_classification,suffix_base_candidate_usage,resolution_evidence_001a2
MAESTRO,10,3668,,0302019|0201002|0201002,,0201002,2,EXACT,"{""source"":""MAESTRO_GESTIÓN.xlsx:RENTABILIDAD_COSTOS"",""source_row"":10,""parent_code"":""0302019"",""component_slot"":""ART2"",""component_code"":""0201002"",""quantity"":""2"",""quantity_status"":""EXACT"",""is_combination_row"":""YES"",""family"":""Bases Tatami"",""model"":""tokio"",""finish"":""Natural"",""measure"":""180x200"",""composition_label"":""Estructura + 2 tatamis"",""product_name"":""Cama Tokio, Natural, 180x200x20 cm"",""status"":""ACTIVO"",""legacy_magento_id"":""0302019"",""legacy_ean"":""8436552584910"",""combination_sku_exact"":""0302019|0201002|0201002"",""combination_key_status"":""EXACT""}",EXACT_SKU,201002,EXACT,SUPPORTING_SOURCE,3668,3612,0302019|0201002|0201002,"194x214x20 cm, 180x200 cm, Crudo, sin barniz, Con 2 tatamis de 90x200 cm",201002,NO,NO,NO,YES,1,COMPOSITION_EXACT_SOURCE,,"Evidence row; correlate by combination_sku, component_sku and quantity.",EXACT_SKU,EXACT,EXACT,COMPOSITION_EXACT_SOURCE,COMPOSITION_EXACT_SOURCE,UNCHANGED_EXACT_EVIDENCE,SUPPORTING,NO,HIGH,Exact 001A.0 evidence retained; no fuzzy identity.,INCLUDED_EXACT,,,,,
MAESTRO,10,3668,,0302019|0201002|0201002,,0302019,1,EXACT,"{""source"":""MAESTRO_GESTIÓN.xlsx:RENTABILIDAD_COSTOS"",""source_row"":10,""parent_code"":""0302019"",""component_slot"":""ART1"",""component_code"":""0302019"",""quantity"":""1"",""quantity_status"":""EXACT"",""is_combination_row"":""YES"",""family"":""Bases Tatami"",""model"":""tokio"",""finish"":""Natural"",""measure"":""180x200"",""composition_label"":""Estructura + 2 tatamis"",""product_name"":""Cama Tokio, Natural, 180x200x20 cm"",""status"":""ACTIVO"",""legacy_magento_id"":""0302019"",""legacy_ean"":""8436552584910"",""combination_sku_exact"":""0302019|0201002|0201002"",""combination_key_status"":""EXACT""}",EXACT_SKU,302019,EXACT,SUPPORTING_SOURCE,3668,3612,0302019|0201002|0201002,"194x214x20 cm, 180x200 cm, Crudo, sin barniz, Con 2 tatamis de 90x200 cm",302019,NO,NO,NO,YES,1,COMPOSITION_EXACT_SOURCE,,"Evidence row; correlate by combination_sku, component_sku and quantity.",EXACT_SKU,EXACT,EXACT,COMPOSITION_EXACT_SOURCE,COMPOSITION_EXACT_SOURCE,UNCHANGED_EXACT_EVIDENCE,SUPPORTING,NO,HIGH,Exact 001A.0 evidence retained; no fuzzy identity.,INCLUDED_EXACT,,,,,
MAESTRO,27,3679,,0402010|0201001|0201001,,0201001,2,EXACT,"{""source"":""MAESTRO_GESTIÓN.xlsx:RENTABILIDAD_COSTOS"",""source_row"":27,""parent_code"":""0402010"",""component_slot"":""ART2"",""component_code"":""0201001"",""quantity"":""2"",""quantity_status"":""EXACT"",""is_combination_row"":""YES"",""family"":""Camas"",""model"":""tokio"",""finish"":""Natural"",""measure"":""160x200"",""composition_label"":""Estructura + 2 tatamis"",""product_name"":""Cama Tokio, Natural, 160x200x40 cm"",""status"":""ACTIVO"",""legacy_magento_id"":""0402010"",""legacy_ean"":""8436552580653"",""combination_sku_exact"":""0402010|0201001|0201001"",""combination_key_status"":""EXACT""}",EXACT_SKU,201001,EXACT,SUPPORTING_SOURCE,3679,3618,0402010|0201001|0201001,"174x214x40 cm, 160x200 cm, Crudo, sin barniz, Con 2 tatamis de 80x200 cm",201001,NO,NO,NO,YES,1,COMPOSITION_EXACT_SOURCE,,"Evidence row; correlate by combination_sku, component_sku and quantity.",EXACT_SKU,EXACT,EXACT,COMPOSITION_EXACT_SOURCE,COMPOSITION_EXACT_SOURCE,UNCHANGED_EXACT_EVIDENCE,SUPPORTING,NO,HIGH,Exact 001A.0 evidence retained; no fuzzy identity.,INCLUDED_EXACT,,,,,
MAESTRO,27,3679,,0402010|0201001|0201001,,0402010,1,EXACT,"{""source"":""MAESTRO_GESTIÓN.xlsx:RENTABILIDAD_COSTOS"",""source_row"":27,""parent_code"":""0402010"",""component_slot"":""ART1"",""component_code"":""0402010"",""quantity"":""1"",""quantity_status"":""EXACT"",""is_combination_row"":""YES"",""family"":""Camas"",""model"":""tokio"",""finish"":""Natural"",""measure"":""160x200"",""composition_label"":""Estructura + 2 tatamis"",""product_name"":""Cama Tokio, Natural, 160x200x40 cm"",""status"":""ACTIVO"",""legacy_magento_id"":""0402010"",""legacy_ean"":""8436552580653"",""combination_sku_exact"":""0402010|0201001|0201001"",""combination_key_status"":""EXACT""}",EXACT_SKU,402010,EXACT,SUPPORTING_SOURCE,3679,3618,0402010|0201001|0201001,"174x214x40 cm, 160x200 cm, Crudo, sin barniz, Con 2 tatamis de 80x200 cm",402010,NO,NO,NO,YES,1,COMPOSITION_EXACT_SOURCE,,"Evidence row; correlate by combination_sku, component_sku and quantity.",EXACT_SKU,EXACT,EXACT,COMPOSITION_EXACT_SOURCE,COMPOSITION_EXACT_SOURCE,UNCHANGED_EXACT_EVIDENCE,SUPPORTING,NO,HIGH,Exact 001A.0 evidence retained; no fuzzy identity.,INCLUDED_EXACT,,,,,
MAESTRO,29,3680,,0402012|0201002|0201002,,0201002,2,EXACT,"{""source"":""MAESTRO_GESTIÓN.xlsx:RENTABILIDAD_COSTOS"",""source_row"":29,""parent_code"":""0402012"",""component_slot"":""ART2"",""component_code"":""0201002"",""quantity"":""2"",""quantity_status"":""EXACT"",""is_combination_row"":""YES"",""family"":""Camas"",""model"":""tokio"",""finish"":""Natural"",""measure"":""180x200"",""composition_label"":""Estructura + 2 tatamis"",""product_name"":""Cama Tokio, Natural, 180x200x40 cm"",""status"":""ACTIVO"",""legacy_magento_id"":""0402012"",""legacy_ean"":""8436552580660"",""combination_sku_exact"":""0402012|0201002|0201002"",""combination_key_status"":""EXACT""}",EXACT_SKU,201002,EXACT,SUPPORTING_SOURCE,3680,3618,0402012|0201002|0201002,"194x214x40 cm, 180x200 cm, Crudo, sin barniz, Con 2 tatamis de 90x200 cm",201002,NO,NO,NO,YES,1,COMPOSITION_EXACT_SOURCE,,"Evidence row; correlate by combination_sku, component_sku and quantity.",EXACT_SKU,EXACT,EXACT,COMPOSITION_EXACT_SOURCE,COMPOSITION_EXACT_SOURCE,UNCHANGED_EXACT_EVIDENCE,SUPPORTING,NO,HIGH,Exact 001A.0 evidence retained; no fuzzy identity.,INCLUDED_EXACT,,,,,
MAESTRO,29,3680,,0402012|0201002|0201002,,0402012,1,EXACT,"{""source"":""MAESTRO_GESTIÓN.xlsx:RENTABILIDAD_COSTOS"",""source_row"":29,""parent_code"":""0402012"",""component_slot"":""ART1"",""component_code"":""0402012"",""quantity"":""1"",""quantity_status"":""EXACT"",""is_combination_row"":""YES"",""family"":""Camas"",""model"":""tokio"",""finish"":""Natural"",""measure"":""180x200"",""composition_label"":""Estructura + 2 tatamis"",""product_name"":""Cama Tokio, Natural, 180x200x40 cm"",""status"":""ACTIVO"",""legacy_magento_id"":""0402012"",""legacy_ean"":""8436552580660"",""combination_sku_exact"":""0402012|0201002|0201002"",""combination_key_status"":""EXACT""}",EXACT_SKU,402012,EXACT,SUPPORTING_SOURCE,3680,3618,0402012|0201002|0201002,"194x214x40 cm, 180x200 cm, Crudo, sin barniz, Con 2 tatamis de 90x200 cm",402012,NO,NO,NO,YES,1,COMPOSITION_EXACT_SOURCE,,"Evidence row; correlate by combination_sku, component_sku and quantity.",EXACT_SKU,EXACT,EXACT,COMPOSITION_EXACT_SOURCE,COMPOSITION_EXACT_SOURCE,UNCHANGED_EXACT_EVIDENCE,SUPPORTING,NO,HIGH,Exact 001A.0 evidence retained; no fuzzy identity.,INCLUDED_EXACT,,,,,
MAESTRO,299,3993,,0504012|0724003,,0504012,1,EXACT,"{""source"":""MAESTRO_GESTIÓN.xlsx:RENTABILIDAD_COSTOS"",""source_row"":299,""parent_code"":""0504012"",""component_slot"":""ART1"",""component_code"":""0504012"",""quantity"":""1"",""quantity_status"":""EXACT"",""is_combination_row"":""YES"",""family"":""Sofás Cama"",""model"":""A-Frame"",""finish"":""Natural"",""measure"":""140x200"",""composition_label"":""Estructura + futonAlg"",""product_name"":""Estructura + futonAlg"",""status"":""ACTIVO"",""legacy_magento_id"":""0504012"",""legacy_ean"":"""",""combination_sku_exact"":""0504012|0724003"",""combination_key_status"":""EXACT""}",EXACT_SKU,504012,EXACT,SUPPORTING_SOURCE,3993,3647,0504012|0724003,"Futón de algodón, 140x200x14,5 cm, Sin funda",504012,NO,NO,NO,YES,1,COMPOSITION_EXACT_SOURCE,,"Evidence row; correlate by combination_sku, component_sku and quantity.",EXACT_SKU,EXACT,EXACT,COMPOSITION_EXACT_SOURCE,COMPOSITION_EXACT_SOURCE,UNCHANGED_EXACT_EVIDENCE,SUPPORTING,NO,HIGH,Exact 001A.0 evidence retained; no fuzzy identity.,INCLUDED_EXACT,,,,,
MAESTRO,299,3993,,0504012|0724003,,0724003,1,EXACT,"{""source"":""MAESTRO_GESTIÓN.xlsx:RENTABILIDAD_COSTOS"",""source_row"":299,""parent_code"":""0504012"",""component_slot"":""ART2"",""component_code"":""0724003"",""quantity"":""1"",""quantity_status"":""EXACT"",""is_combination_row"":""YES"",""family"":""Sofás Cama"",""model"":""A-Frame"",""finish"":""Natural"",""measure"":""140x200"",""composition_label"":""Estructura + futonAlg"",""product_name"":""Estructura + futonAlg"",""status"":""ACTIVO"",""legacy_magento_id"":""0504012"",""legacy_ean"":"""",""combination_sku_exact"":""0504012|0724003"",""combination_key_status"":""EXACT""}",EXACT_SKU,724003,EXACT,SUPPORTING_SOURCE,3993,3647,0504012|0724003,"Futón de algodón, 140x200x14,5 cm, Sin funda",724003,NO,NO,NO,YES,1,COMPOSITION_EXACT_SOURCE,,"Evidence row; correlate by combination_sku, component_sku and quantity.",EXACT_SKU,EXACT,EXACT,COMPOSITION_EXACT_SOURCE,COMPOSITION_EXACT_SOURCE,UNCHANGED_EXACT_EVIDENCE,SUPPORTING,NO,HIGH,Exact 001A.0 evidence retained; no fuzzy identity.,INCLUDED_EXACT,,,,,
MAESTRO,301,6298,,0504012|0724003|0617002,,0504012,1,EXACT,"{""source"":""MAESTRO_GESTIÓN.xlsx:RENTABILIDAD_COSTOS"",""source_row"":301,""parent_code"":""0504012"",""component_slot"":""ART1"",""component_code"":""0504012"",""quantity"":""1"",""quantity_status"":""EXACT"",""is_combination_row"":""YES"",""family"":""Sofás Cama"",""model"":""A-Frame"",""finish"":""Natural"",""measure"":""140x200"",""composition_label"":""Estructura + futonAlg + funda_GrisJaspeada"",""product_name"":""Estructura + futonAlg + funda_GrisJaspeada"",""status"":""ACTIVO"",""legacy_magento_id"":""0504012"",""legacy_ean"":"""",""combination_sku_exact"":""0504012|0724003|0617002"",""combination_key_status"":""EXACT""}",EXACT_SKU,504012,EXACT,SUPPORTING_SOURCE,6298,3647,0504012|0724003|0617002,"Futón de algodón, 140x200x14,5 cm, Gris jaspeado",504012,NO,NO,NO,YES,1,COMPOSITION_EXACT_SOURCE,,"Evidence row; correlate by combination_sku, component_sku and quantity.",EXACT_SKU,EXACT,EXACT,COMPOSITION_EXACT_SOURCE,COMPOSITION_EXACT_SOURCE,UNCHANGED_EXACT_EVIDENCE,SUPPORTING,NO,HIGH,Exact 001A.0 evidence retained; no fuzzy identity.,INCLUDED_EXACT,,,,,
MAESTRO,301,6298,,0504012|0724003|0617002,,0617002,1,EXACT,"{""source"":""MAESTRO_GESTIÓN.xlsx:RENTABILIDAD_COSTOS"",""source_row"":301,""parent_code"":""0504012"",""component_slot"":""ART4"",""component_code"":""0617002"",""quantity"":""1"",""quantity_status"":""EXACT"",""is_combination_row"":""YES"",""family"":""Sofás Cama"",""model"":""A-Frame"",""finish"":""Natural"",""measure"":""140x200"",""composition_label"":""Estructura + futonAlg + funda_GrisJaspeada"",""product_name"":""Estructura + futonAlg + funda_GrisJaspeada"",""status"":""ACTIVO"",""legacy_magento_id"":""0504012"",""legacy_ean"":"""",""combination_sku_exact"":""0504012|0724003|0617002"",""combination_key_status"":""EXACT""}",EXACT_SKU,617002,EXACT,SUPPORTING_SOURCE,6298,3647,0504012|0724003|0617002,"Futón de algodón, 140x200x14,5 cm, Gris jaspeado",617002,NO,NO,NO,YES,1,COMPOSITION_EXACT_SOURCE,,"Evidence row; correlate by combination_sku, component_sku and quantity.",EXACT_SKU,EXACT,EXACT,COMPOSITION_EXACT_SOURCE,COMPOSITION_EXACT_SOURCE,UNCHANGED_EXACT_EVIDENCE,SUPPORTING,NO,HIGH,Exact 001A.0 evidence retained; no fuzzy identity.,INCLUDED_EXACT,,,,,
MAESTRO,301,6298,,0504012|0724003|0617002,,0724003,1,EXACT,"{""source"":""MAESTRO_GESTIÓN.xlsx:RENTABILIDAD_COSTOS"",""source_row"":301,""parent_code"":""0504012"",""component_slot"":""ART2"",""component_code"":""0724003"",""quantity"":""1"",""quantity_status"":""EXACT"",""is_combination_row"":""YES"",""family"":""Sofás Cama"",""model"":""A-Frame"",""finish"":""Natural"",""measure"":""140x200"",""composition_label"":""Estructura + futonAlg + funda_GrisJaspeada"",""product_name"":""Estructura + futonAlg + funda_GrisJaspeada"",""status"":""ACTIVO"",""legacy_magento_id"":""0504012"",""legacy_ean"":"""",""combination_sku_exact"":""0504012|0724003|0617002"",""combination_key_status"":""EXACT""}",EXACT_SKU,724003,EXACT,SUPPORTING_SOURCE,6298,3647,0504012|0724003|0617002,"Futón de algodón, 140x200x14,5 cm, Gris jaspeado",724003,NO,NO,NO,YES,1,COMPOSITION_EXACT_SOURCE,,"Evidence row; correlate by combination_sku, component_sku and quantity.",EXACT_SKU,EXACT,EXACT,COMPOSITION_EXACT_SOURCE,COMPOSITION_EXACT_SOURCE,UNCHANGED_EXACT_EVIDENCE,SUPPORTING,NO,HIGH,Exact 001A.0 evidence retained; no fuzzy identity.,INCLUDED_EXACT,,,,,
MAESTRO,302,3933,,0504012|0728002,,0504012,1,EXACT,"{""source"":""MAESTRO_GESTIÓN.xlsx:RENTABILIDAD_COSTOS"",""source_row"":302,""parent_code"":""0504012"",""component_slot"":""ART1"",""component_code"":""0504012"",""quantity"":""1"",""quantity_status"":""EXACT"",""is_combination_row"":""YES"",""family"":""Sofás Cama"",""model"":""A-Frame"",""finish"":""Natural"",""measure"":""140x200"",""composition_label"":""Estructura + futon 1 látex"",""product_name"":""Estructura + futon 1 látex"",""status"":""ACTIVO"",""legacy_magento_id"":""0504012"",""legacy_ean"":"""",""combination_sku_exact"":""0504012|0728002"",""combination_key_status"":""EXACT""}",EXACT_SKU,504012,EXACT,SUPPORTING_SOURCE,3933,3647,0504012|0728002,"Futón con una capa de látex, 140x200x14,5 cm, Sin funda",504012,NO,NO,NO,YES,1,COMPOSITION_EXACT_SOURCE,,"Evidence row; correlate by combination_sku, component_sku and quantity.",EXACT_SKU,EXACT,EXACT,COMPOSITION_EXACT_SOURCE,COMPOSITION_EXACT_SOURCE,UNCHANGED_EXACT_EVIDENCE,SUPPORTING,NO,HIGH,Exact 001A.0 evidence retained; no fuzzy identity.,INCLUDED_EXACT,,,,,
MAESTRO,302,3933,,0504012|0728002,,0728002,1,EXACT,"{""source"":""MAESTRO_GESTIÓN.xlsx:RENTABILIDAD_COSTOS"",""source_row"":302,""parent_code"":""0504012"",""component_slot"":""ART2"",""component_code"":""0728002"",""quantity"":""1"",""quantity_status"":""EXACT"",""is_combination_row"":""YES"",""family"":""Sofás Cama"",""model"":""A-Frame"",""finish"":""Natural"",""measure"":""140x200"",""composition_label"":""Estructura + futon 1 látex"",""product_name"":""Estructura + futon 1 látex"",""status"":""ACTIVO"",""legacy_magento_id"":""0504012"",""legacy_ean"":"""",""combination_sku_exact"":""0504012|0728002"",""combination_key_status"":""EXACT""}",EXACT_SKU,728002,EXACT,SUPPORTING_SOURCE,3933,3647,0504012|0728002,"Futón con una capa de látex, 140x200x14,5 cm, Sin funda",728002,NO,NO,NO,YES,1,COMPOSITION_EXACT_SOURCE,,"Evidence row; correlate by combination_sku, component_sku and quantity.",EXACT_SKU,EXACT,EXACT,COMPOSITION_EXACT_SOURCE,COMPOSITION_EXACT_SOURCE,UNCHANGED_EXACT_EVIDENCE,SUPPORTING,NO,HIGH,Exact 001A.0 evidence retained; no fuzzy identity.,INCLUDED_EXACT,,,,,
MAESTRO,304,6307,,0504012|0728002|0617002,,0504012,1,EXACT,"{""source"":""MAESTRO_GESTIÓN.xlsx:RENTABILIDAD_COSTOS"",""source_row"":304,""parent_code"":""0504012"",""component_slot"":""ART1"",""component_code"":""0504012"",""quantity"":""1"",""quantity_status"":""EXACT"",""is_combination_row"":""YES"",""family"":""Sofás Cama"",""model"":""A-Frame"",""finish"":""Natural"",""measure"":""140x200"",""composition_label"":""Estructura + futon 1 látex + funda_GrisJaspeada"",""product_name"":""Estructura + futon 1 látex + funda GrisJaspeada"",""status"":""ACTIVO"",""legacy_magento_id"":""0504012"",""legacy_ean"":"""",""combination_sku_exact"":""0504012|0728002|0617002"",""combination_key_status"":""EXACT""}",EXACT_SKU,504012,EXACT,SUPPORTING_SOURCE,6307,3647,0504012|0728002|0617002,"Futón con una capa de látex, 140x200x14,5 cm, Gris jaspeado",504012,NO,NO,NO,YES,1,COMPOSITION_EXACT_SOURCE,,"Evidence row; correlate by combination_sku, component_sku and quantity.",EXACT_SKU,EXACT,EXACT,COMPOSITION_EXACT_SOURCE,COMPOSITION_EXACT_SOURCE,UNCHANGED_EXACT_EVIDENCE,SUPPORTING,NO,HIGH,Exact 001A.0 evidence retained; no fuzzy identity.,INCLUDED_EXACT,,,,,
MAESTRO,304,6307,,0504012|0728002|0617002,,0617002,1,EXACT,"{""source"":""MAESTRO_GESTIÓN.xlsx:RENTABILIDAD_COSTOS"",""source_row"":304,""parent_code"":""0504012"",""component_slot"":""ART4"",""component_code"":""0617002"",""quantity"":""1"",""quantity_status"":""EXACT"",""is_combination_row"":""YES"",""family"":""Sofás Cama"",""model"":""A-Frame"",""finish"":""Natural"",""measure"":""140x200"",""composition_label"":""Estructura + futon 1 látex + funda_GrisJaspeada"",""product_name"":""Estructura + futon 1 látex + funda GrisJaspeada"",""status"":""ACTIVO"",""legacy_magento_id"":""0504012"",""legacy_ean"":"""",""combination_sku_exact"":""0504012|0728002|0617002"",""combination_key_status"":""EXACT""}",EXACT_SKU,617002,EXACT,SUPPORTING_SOURCE,6307,3647,0504012|0728002|0617002,"Futón con una capa de látex, 140x200x14,5 cm, Gris jaspeado",617002,NO,NO,NO,YES,1,COMPOSITION_EXACT_SOURCE,,"Evidence row; correlate by combination_sku, component_sku and quantity.",EXACT_SKU,EXACT,EXACT,COMPOSITION_EXACT_SOURCE,COMPOSITION_EXACT_SOURCE,UNCHANGED_EXACT_EVIDENCE,SUPPORTING,NO,HIGH,Exact 001A.0 evidence retained; no fuzzy identity.,INCLUDED_EXACT,,,,,
MAESTRO,304,6307,,0504012|0728002|0617002,,0728002,1,EXACT,"{""source"":""MAESTRO_GESTIÓN.xlsx:RENTABILIDAD_COSTOS"",""source_row"":304,""parent_code"":""0504012"",""component_slot"":""ART2"",""component_code"":""0728002"",""quantity"":""1"",""quantity_status"":""EXACT"",""is_combination_row"":""YES"",""family"":""Sofás Cama"",""model"":""A-Frame"",""finish"":""Natural"",""measure"":""140x200"",""composition_label"":""Estructura + futon 1 látex + funda_GrisJaspeada"",""product_name"":""Estructura + futon 1 látex + funda GrisJaspeada"",""status"":""ACTIVO"",""legacy_magento_id"":""0504012"",""legacy_ean"":"""",""combination_sku_exact"":""0504012|0728002|0617002"",""combination_key_status"":""EXACT""}",EXACT_SKU,728002,EXACT,SUPPORTING_SOURCE,6307,3647,0504012|0728002|0617002,"Futón con una capa de látex, 140x200x14,5 cm, Gris jaspeado",728002,NO,NO,NO,YES,1,COMPOSITION_EXACT_SOURCE,,"Evidence row; correlate by combination_sku, component_sku and quantity.",EXACT_SKU,EXACT,EXACT,COMPOSITION_EXACT_SOURCE,COMPOSITION_EXACT_SOURCE,UNCHANGED_EXACT_EVIDENCE,SUPPORTING,NO,HIGH,Exact 001A.0 evidence retained; no fuzzy identity.,INCLUDED_EXACT,,,,,
MAESTRO,305,3921,,0504012|0730002,,0504012,1,EXACT,"{""source"":""MAESTRO_GESTIÓN.xlsx:RENTABILIDAD_COSTOS"",""source_row"":305,""parent_code"":""0504012"",""component_slot"":""ART1"",""component_code"":""0504012"",""quantity"":""1"",""quantity_status"":""EXACT"",""is_combination_row"":""YES"",""family"":""Sofás Cama"",""model"":""A-Frame"",""finish"":""Natural"",""measure"":""140x200"",""composition_label"":""Estructura + futon 2 látex"",""product_name"":""Estructura + futon 2 látex"",""status"":""ACTIVO"",""legacy_magento_id"":""0504012"",""legacy_ean"":"""",""combination_sku_exact"":""0504012|0730002"",""combination_key_status"":""EXACT""}",EXACT_SKU,504012,EXACT,SUPPORTING_SOURCE,3921,3647,0504012|0730002,"Futón con dos capas de látex, 140x200x14,5 cm, Sin funda",504012,NO,NO,NO,YES,1,COMPOSITION_EXACT_SOURCE,,"Evidence row; correlate by combination_sku, component_sku and quantity.",EXACT_SKU,EXACT,EXACT,COMPOSITION_EXACT_SOURCE,COMPOSITION_EXACT_SOURCE,UNCHANGED_EXACT_EVIDENCE,SUPPORTING,NO,HIGH,Exact 001A.0 evidence retained; no fuzzy identity.,INCLUDED_EXACT,,,,,
MAESTRO,305,3921,,0504012|0730002,,0730002,1,EXACT,"{""source"":""MAESTRO_GESTIÓN.xlsx:RENTABILIDAD_COSTOS"",""source_row"":305,""parent_code"":""0504012"",""component_slot"":""ART2"",""component_code"":""0730002"",""quantity"":""1"",""quantity_status"":""EXACT"",""is_combination_row"":""YES"",""family"":""Sofás Cama"",""model"":""A-Frame"",""finish"":""Natural"",""measure"":""140x200"",""composition_label"":""Estructura + futon 2 látex"",""product_name"":""Estructura + futon 2 látex"",""status"":""ACTIVO"",""legacy_magento_id"":""0504012"",""legacy_ean"":"""",""combination_sku_exact"":""0504012|0730002"",""combination_key_status"":""EXACT""}",EXACT_SKU,730002,EXACT,SUPPORTING_SOURCE,3921,3647,0504012|0730002,"Futón con dos capas de látex, 140x200x14,5 cm, Sin funda",730002,NO,NO,NO,YES,1,COMPOSITION_EXACT_SOURCE,,"Evidence row; correlate by combination_sku, component_sku and quantity.",EXACT_SKU,EXACT,EXACT,COMPOSITION_EXACT_SOURCE,COMPOSITION_EXACT_SOURCE,UNCHANGED_EXACT_EVIDENCE,SUPPORTING,NO,HIGH,Exact 001A.0 evidence retained; no fuzzy identity.,INCLUDED_EXACT,,,,,
MAESTRO,307,6305,,0504012|0730002|0617002,,0504012,1,EXACT,"{""source"":""MAESTRO_GESTIÓN.xlsx:RENTABILIDAD_COSTOS"",""source_row"":307,""parent_code"":""0504012"",""component_slot"":""ART1"",""component_code"":""0504012"",""quantity"":""1"",""quantity_status"":""EXACT"",""is_combination_row"":""YES"",""family"":""Sofás Cama"",""model"":""A-Frame"",""finish"":""Natural"",""measure"":""140x200"",""composition_label"":""Estructura + futon 2 látex + funda_GrisJaspeada"",""product_name"":""Estructura + futon 2 látex + funda_GrisJaspeada"",""status"":""ACTIVO"",""legacy_magento_id"":""0504012"",""legacy_ean"":"""",""combination_sku_exact"":""0504012|0730002|0617002"",""combination_key_status"":""EXACT""}",EXACT_SKU,504012,EXACT,SUPPORTING_SOURCE,6305,3647,0504012|0730002|0617002,"Futón con dos capas de látex, 140x200x14,5 cm, Gris jaspeado",504012,NO,NO,NO,YES,1,COMPOSITION_EXACT_SOURCE,,"Evidence row; correlate by combination_sku, component_sku and quantity.",EXACT_SKU,EXACT,EXACT,COMPOSITION_EXACT_SOURCE,COMPOSITION_EXACT_SOURCE,UNCHANGED_EXACT_EVIDENCE,SUPPORTING,NO,HIGH,Exact 001A.0 evidence retained; no fuzzy identity.,INCLUDED_EXACT,,,,,
MAESTRO,307,6305,,0504012|0730002|0617002,,0617002,1,EXACT,"{""source"":""MAESTRO_GESTIÓN.xlsx:RENTABILIDAD_COSTOS"",""source_row"":307,""parent_code"":""0504012"",""component_slot"":""ART4"",""component_code"":""0617002"",""quantity"":""1"",""quantity_status"":""EXACT"",""is_combination_row"":""YES"",""family"":""Sofás Cama"",""model"":""A-Frame"",""finish"":""Natural"",""measure"":""140x200"",""composition_label"":""Estructura + futon 2 látex + funda_GrisJaspeada"",""product_name"":""Estructura + futon 2 látex + funda_GrisJaspeada"",""status"":""ACTIVO"",""legacy_magento_id"":""0504012"",""legacy_ean"":"""",""combination_sku_exact"":""0504012|0730002|0617002"",""combination_key_status"":""EXACT""}",EXACT_SKU,617002,EXACT,SUPPORTING_SOURCE,6305,3647,0504012|0730002|0617002,"Futón con dos capas de látex, 140x200x14,5 cm, Gris jaspeado",617002,NO,NO,NO,YES,1,COMPOSITION_EXACT_SOURCE,,"Evidence row; correlate by combination_sku, component_sku and quantity.",EXACT_SKU,EXACT,EXACT,COMPOSITION_EXACT_SOURCE,COMPOSITION_EXACT_SOURCE,UNCHANGED_EXACT_EVIDENCE,SUPPORTING,NO,HIGH,Exact 001A.0 evidence retained; no fuzzy identity.,INCLUDED_EXACT,,,,,
MAESTRO,307,6305,,0504012|0730002|0617002,,0730002,1,EXACT,"{""source"":""MAESTRO_GESTIÓN.xlsx:RENTABILIDAD_COSTOS"",""source_row"":307,""parent_code"":""0504012"",""component_slot"":""ART2"",""component_code"":""0730002"",""quantity"":""1"",""quantity_status"":""EXACT"",""is_combination_row"":""YES"",""family"":""Sofás Cama"",""model"":""A-Frame"",""finish"":""Natural"",""measure"":""140x200"",""composition_label"":""Estructura + futon 2 látex + funda_GrisJaspeada"",""product_name"":""Estructura + futon 2 látex + funda_GrisJaspeada"",""status"":""ACTIVO"",""legacy_magento_id"":""0504012"",""legacy_ean"":"""",""combination_sku_exact"":""0504012|0730002|0617002"",""combination_key_status"":""EXACT""}",EXACT_SKU,730002,EXACT,SUPPORTING_SOURCE,6305,3647,0504012|0730002|0617002,"Futón con dos capas de látex, 140x200x14,5 cm, Gris jaspeado",730002,NO,NO,NO,YES,1,COMPOSITION_EXACT_SOURCE,,"Evidence row; correlate by combination_sku, component_sku and quantity.",EXACT_SKU,EXACT,EXACT,COMPOSITION_EXACT_SOURCE,COMPOSITION_EXACT_SOURCE,UNCHANGED_EXACT_EVIDENCE,SUPPORTING,NO,HIGH,Exact 001A.0 evidence retained; no fuzzy identity.,INCLUDED_EXACT,,,,,
MAESTRO,317,4029,,0504009|0724001,,0504009,1,EXACT,"{""source"":""MAESTRO_GESTIÓN.xlsx:RENTABILIDAD_COSTOS"",""source_row"":317,""parent_code"":""0504009"",""component_slot"":""ART1"",""component_code"":""0504009"",""quantity"":""1"",""quantity_status"":""EXACT"",""is_combination_row"":""YES"",""family"":""Sofás Cama"",""model"":""Luna"",""finish"":""Natural"",""measure"":""90x200"",""composition_label"":""Estructura + futonAlg"",""product_name"":""Estructura + futonAlg"",""status"":""DESCATALOGADO"",""legacy_magento_id"":""0504009"",""legacy_ean"":"""",""combination_sku_exact"":""0504009|0724001"",""combination_key_status"":""EXACT""}",EXACT_SKU,504009,EXACT,SUPPORTING_SOURCE,4029,3648,0504009|0724001,"90x200x8 cm, 90x120x100 cm, 90x200 cm, Futón de algodón, 90x200x14,5 cm, Sin funda",504009,NO,NO,NO,YES,1,COMPOSITION_EXACT_SOURCE,,"Evidence row; correlate by combination_sku, component_sku and quantity.",EXACT_SKU,EXACT,EXACT,COMPOSITION_EXACT_SOURCE,COMPOSITION_EXACT_SOURCE,UNCHANGED_EXACT_EVIDENCE,SUPPORTING,NO,HIGH,Exact 001A.0 evidence retained; no fuzzy identity.,INCLUDED_EXACT,,,,,
MAESTRO,317,4029,,0504009|0724001,,0724001,1,EXACT,"{""source"":""MAESTRO_GESTIÓN.xlsx:RENTABILIDAD_COSTOS"",""source_row"":317,""parent_code"":""0504009"",""component_slot"":""ART2"",""component_code"":""0724001"",""quantity"":""1"",""quantity_status"":""EXACT"",""is_combination_row"":""YES"",""family"":""Sofás Cama"",""model"":""Luna"",""finish"":""Natural"",""measure"":""90x200"",""composition_label"":""Estructura + futonAlg"",""product_name"":""Estructura + futonAlg"",""status"":""DESCATALOGADO"",""legacy_magento_id"":""0504009"",""legacy_ean"":"""",""combination_sku_exact"":""0504009|0724001"",""combination_key_status"":""EXACT""}",EXACT_SKU,724001,EXACT,SUPPORTING_SOURCE,4029,3648,0504009|0724001,"90x200x8 cm, 90x120x100 cm, 90x200 cm, Futón de algodón, 90x200x14,5 cm, Sin funda",724001,NO,NO,NO,YES,1,COMPOSITION_EXACT_SOURCE,,"Evidence row; correlate by combination_sku, component_sku and quantity.",EXACT_SKU,EXACT,EXACT,COMPOSITION_EXACT_SOURCE,COMPOSITION_EXACT_SOURCE,UNCHANGED_EXACT_EVIDENCE,SUPPORTING,NO,HIGH,Exact 001A.0 evidence retained; no fuzzy identity.,INCLUDED_EXACT,,,,,
MAESTRO,318,4033,,0504009|0724001|0608001,,0504009,1,EXACT,"{""source"":""MAESTRO_GESTIÓN.xlsx:RENTABILIDAD_COSTOS"",""source_row"":318,""parent_code"":""0504009"",""component_slot"":""ART1"",""component_code"":""0504009"",""quantity"":""1"",""quantity_status"":""EXACT"",""is_combination_row"":""YES"",""family"":""Sofás Cama"",""model"":""Luna"",""finish"":""Natural"",""measure"":""90x200"",""composition_label"":""Estructura + futonAlg + funda_lisa"",""product_name"":""Estructura + futonAlg + funda_lisa"",""status"":""DESCATALOGADO"",""legacy_magento_id"":""0504009"",""legacy_ean"":"""",""combination_sku_exact"":""0504009|0724001|0608001"",""combination_key_status"":""EXACT""}",EXACT_SKU,504009,EXACT,SUPPORTING_SOURCE,4033,3648,0504009|0724001|0608001,"90x200x8 cm, 90x120x100 cm, 90x200 cm, Futón de algodón, 90x200x14,5 cm, Crudo",504009,NO,NO,NO,YES,1,COMPOSITION_EXACT_SOURCE,,"Evidence row; correlate by combination_sku, component_sku and quantity.",EXACT_SKU,EXACT,EXACT,COMPOSITION_EXACT_SOURCE,COMPOSITION_EXACT_SOURCE,UNCHANGED_EXACT_EVIDENCE,SUPPORTING,NO,HIGH,Exact 001A.0 evidence retained; no fuzzy identity.,INCLUDED_EXACT,,,,,
MAESTRO,318,4033,,0504009|0724001|0608001,,0608001,1,EXACT,"{""source"":""MAESTRO_GESTIÓN.xlsx:RENTABILIDAD_COSTOS"",""source_row"":318,""parent_code"":""0504009"",""component_slot"":""ART4"",""component_code"":""0608001"",""quantity"":""1"",""quantity_status"":""EXACT"",""is_combination_row"":""YES"",""family"":""Sofás Cama"",""model"":""Luna"",""finish"":""Natural"",""measure"":""90x200"",""composition_label"":""Estructura + futonAlg + funda_lisa"",""product_name"":""Estructura + futonAlg + funda_lisa"",""status"":""DESCATALOGADO"",""legacy_magento_id"":""0504009"",""legacy_ean"":"""",""combination_sku_exact"":""0504009|0724001|0608001"",""combination_key_status"":""EXACT""}",EXACT_SKU,608001,EXACT,SUPPORTING_SOURCE,4033,3648,0504009|0724001|0608001,"90x200x8 cm, 90x120x100 cm, 90x200 cm, Futón de algodón, 90x200x14,5 cm, Crudo",608001,NO,NO,NO,YES,1,COMPOSITION_EXACT_SOURCE,,"Evidence row; correlate by combination_sku, component_sku and quantity.",EXACT_SKU,EXACT,EXACT,COMPOSITION_EXACT_SOURCE,COMPOSITION_EXACT_SOURCE,UNCHANGED_EXACT_EVIDENCE,SUPPORTING,NO,HIGH,Exact 001A.0 evidence retained; no fuzzy identity.,INCLUDED_EXACT,,,,,
MAESTRO,318,4033,,0504009|0724001|0608001,,0724001,1,EXACT,"{""source"":""MAESTRO_GESTIÓN.xlsx:RENTABILIDAD_COSTOS"",""source_row"":318,""parent_code"":""0504009"",""component_slot"":""ART2"",""component_code"":""0724001"",""quantity"":""1"",""quantity_status"":""EXACT"",""is_combination_row"":""YES"",""family"":""Sofás Cama"",""model"":""Luna"",""finish"":""Natural"",""measure"":""90x200"",""composition_label"":""Estructura + futonAlg + funda_lisa"",""product_name"":""Estructura + futonAlg + funda_lisa"",""status"":""DESCATALOGADO"",""legacy_magento_id"":""0504009"",""legacy_ean"":"""",""combination_sku_exact"":""0504009|0724001|0608001"",""combination_key_status"":""EXACT""}",EXACT_SKU,724001,EXACT,SUPPORTING_SOURCE,4033,3648,0504009|0724001|0608001,"90x200x8 cm, 90x120x100 cm, 90x200 cm, Futón de algodón, 90x200x14,5 cm, Crudo",724001,NO,NO,NO,YES,1,COMPOSITION_EXACT_SOURCE,,"Evidence row; correlate by combination_sku, component_sku and quantity.",EXACT_SKU,EXACT,EXACT,COMPOSITION_EXACT_SOURCE,COMPOSITION_EXACT_SOURCE,UNCHANGED_EXACT_EVIDENCE,SUPPORTING,NO,HIGH,Exact 001A.0 evidence retained; no fuzzy identity.,INCLUDED_EXACT,,,,,
MAESTRO,319,4005,,0504009|0728001,,0504009,1,EXACT,"{""source"":""MAESTRO_GESTIÓN.xlsx:RENTABILIDAD_COSTOS"",""source_row"":319,""parent_code"":""0504009"",""component_slot"":""ART1"",""component_code"":""0504009"",""quantity"":""1"",""quantity_status"":""EXACT"",""is_combination_row"":""YES"",""family"":""Sofás Cama"",""model"":""Luna"",""finish"":""Natural"",""measure"":""90x200"",""composition_label"":""Estructura + futon 1 látex"",""product_name"":""Estructura + futon 1 látex"",""status"":""DESCATALOGADO"",""legacy_magento_id"":""0504009"",""legacy_ean"":"""",""combination_sku_exact"":""0504009|0728001"",""combination_key_status"":""EXACT""}",EXACT_SKU,504009,EXACT,SUPPORTING_SOURCE,4005,3648,0504009|0728001,"90x200x8 cm, 90x120x100 cm, 90x200 cm, Futón con una capa de látex, 90x200x14,5 cm, Sin funda",504009,NO,NO,NO,YES,1,COMPOSITION_EXACT_SOURCE,,"Evidence row; correlate by combination_sku, component_sku and quantity.",EXACT_SKU,EXACT,EXACT,COMPOSITION_EXACT_SOURCE,COMPOSITION_EXACT_SOURCE,UNCHANGED_EXACT_EVIDENCE,SUPPORTING,NO,HIGH,Exact 001A.0 evidence retained; no fuzzy identity.,INCLUDED_EXACT,,,,,
MAESTRO,319,4005,,0504009|0728001,,0728001,1,EXACT,"{""source"":""MAESTRO_GESTIÓN.xlsx:RENTABILIDAD_COSTOS"",""source_row"":319,""parent_code"":""0504009"",""component_slot"":""ART2"",""component_code"":""0728001"",""quantity"":""1"",""quantity_status"":""EXACT"",""is_combination_row"":""YES"",""family"":""Sofás Cama"",""model"":""Luna"",""finish"":""Natural"",""measure"":""90x200"",""composition_label"":""Estructura + futon 1 látex"",""product_name"":""Estructura + futon 1 látex"",""status"":""DESCATALOGADO"",""legacy_magento_id"":""0504009"",""legacy_ean"":"""",""combination_sku_exact"":""0504009|0728001"",""combination_key_status"":""EXACT""}",EXACT_SKU,728001,EXACT,SUPPORTING_SOURCE,4005,3648,0504009|0728001,"90x200x8 cm, 90x120x100 cm, 90x200 cm, Futón con una capa de látex, 90x200x14,5 cm, Sin funda",728001,NO,NO,NO,YES,1,COMPOSITION_EXACT_SOURCE,,"Evidence row; correlate by combination_sku, component_sku and quantity.",EXACT_SKU,EXACT,EXACT,COMPOSITION_EXACT_SOURCE,COMPOSITION_EXACT_SOURCE,UNCHANGED_EXACT_EVIDENCE,SUPPORTING,NO,HIGH,Exact 001A.0 evidence retained; no fuzzy identity.,INCLUDED_EXACT,,,,,
MAESTRO,32,3721,,0201001|0201001|0728001,,0201001,2,EXACT,"{""source"":""MAESTRO_GESTIÓN.xlsx:RENTABILIDAD_COSTOS"",""source_row"":32,""parent_code"":""0201001"",""component_slot"":""ART1"",""component_code"":""0201001"",""quantity"":""2"",""quantity_status"":""EXACT"",""is_combination_row"":""YES"",""family"":""Combinación TatamisFuton"",""model"":""1 capa látex"",""finish"":""1 capa látex (90x200)"",""measure"":""80x200x5,5"",""composition_label"":""2 Tatamis + Futon 1 látex"",""product_name"":""Combinación 2 Tatamis (80 x200) futón Algodón 1 capa látex (90x200)"",""status"":""ACTIVO"",""legacy_magento_id"":""0201001"",""legacy_ean"":"""",""combination_sku_exact"":""0201001|0201001|0728001"",""combination_key_status"":""EXACT""}",EXACT_SKU,201001,EXACT,SUPPORTING_SOURCE,3721,3623,0201001|0201001|0728001,"90x200x14,5 cm, Con 2 tatamis de 80x200 cm",201001,NO,NO,NO,YES,1,COMPOSITION_EXACT_SOURCE,,"Evidence row; correlate by combination_sku, component_sku and quantity.",EXACT_SKU,EXACT,EXACT,COMPOSITION_EXACT_SOURCE,COMPOSITION_EXACT_SOURCE,UNCHANGED_EXACT_EVIDENCE,SUPPORTING,NO,HIGH,Exact 001A.0 evidence retained; no fuzzy identity.,INCLUDED_EXACT,,,,,
MAESTRO,32,3721,,0201001|0201001|0728001,,0728001,1,EXACT,"{""source"":""MAESTRO_GESTIÓN.xlsx:RENTABILIDAD_COSTOS"",""source_row"":32,""parent_code"":""0201001"",""component_slot"":""ART2"",""component_code"":""0728001"",""quantity"":""1"",""quantity_status"":""EXACT"",""is_combination_row"":""YES"",""family"":""Combinación TatamisFuton"",""model"":""1 capa látex"",""finish"":""1 capa látex (90x200)"",""measure"":""80x200x5,5"",""composition_label"":""2 Tatamis + Futon 1 látex"",""product_name"":""Combinación 2 Tatamis (80 x200) futón Algodón 1 capa látex (90x200)"",""status"":""ACTIVO"",""legacy_magento_id"":""0201001"",""legacy_ean"":"""",""combination_sku_exact"":""0201001|0201001|0728001"",""combination_key_status"":""EXACT""}",EXACT_SKU,728001,EXACT,SUPPORTING_SOURCE,3721,3623,0201001|0201001|0728001,"90x200x14,5 cm, Con 2 tatamis de 80x200 cm",728001,NO,NO,NO,YES,1,COMPOSITION_EXACT_SOURCE,,"Evidence row; correlate by combination_sku, component_sku and quantity.",EXACT_SKU,EXACT,EXACT,COMPOSITION_EXACT_SOURCE,COMPOSITION_EXACT_SOURCE,UNCHANGED_EXACT_EVIDENCE,SUPPORTING,NO,HIGH,Exact 001A.0 evidence retained; no fuzzy identity.,INCLUDED_EXACT,,,,,
MAESTRO,320,4009,,0504009|0728001|0608001,,0504009,1,EXACT,"{""source"":""MAESTRO_GESTIÓN.xlsx:RENTABILIDAD_COSTOS"",""source_row"":320,""parent_code"":""0504009"",""component_slot"":""ART1"",""component_code"":""0504009"",""quantity"":""1"",""quantity_status"":""EXACT"",""is_combination_row"":""YES"",""family"":""Sofás Cama"",""model"":""Luna"",""finish"":""Natural"",""measure"":""90x200"",""composition_label"":""Estructura + futon 1 látex + funda_lisa"",""product_name"":""Estructura + futon 1 látex + funda_lisa"",""status"":""DESCATALOGADO"",""legacy_magento_id"":""0504009"",""legacy_ean"":"""",""combination_sku_exact"":""0504009|0728001|0608001"",""combination_key_status"":""EXACT""}",EXACT_SKU,504009,EXACT,SUPPORTING_SOURCE,4009,3648,0504009|0728001|0608001,"90x200x8 cm, 90x120x100 cm, 90x200 cm, Futón con una capa de látex, 90x200x14,5 cm, Crudo",504009,NO,NO,NO,YES,1,COMPOSITION_EXACT_SOURCE,,"Evidence row; correlate by combination_sku, component_sku and quantity.",EXACT_SKU,EXACT,EXACT,COMPOSITION_EXACT_SOURCE,COMPOSITION_EXACT_SOURCE,UNCHANGED_EXACT_EVIDENCE,SUPPORTING,NO,HIGH,Exact 001A.0 evidence retained; no fuzzy identity.,INCLUDED_EXACT,,,,,
MAESTRO,320,4009,,0504009|0728001|0608001,,0608001,1,EXACT,"{""source"":""MAESTRO_GESTIÓN.xlsx:RENTABILIDAD_COSTOS"",""source_row"":320,""parent_code"":""0504009"",""component_slot"":""ART4"",""component_code"":""0608001"",""quantity"":""1"",""quantity_status"":""EXACT"",""is_combination_row"":""YES"",""family"":""Sofás Cama"",""model"":""Luna"",""finish"":""Natural"",""measure"":""90x200"",""composition_label"":""Estructura + futon 1 látex + funda_lisa"",""product_name"":""Estructura + futon 1 látex + funda_lisa"",""status"":""DESCATALOGADO"",""legacy_magento_id"":""0504009"",""legacy_ean"":"""",""combination_sku_exact"":""0504009|0728001|0608001"",""combination_key_status"":""EXACT""}",EXACT_SKU,608001,EXACT,SUPPORTING_SOURCE,4009,3648,0504009|0728001|0608001,"90x200x8 cm, 90x120x100 cm, 90x200 cm, Futón con una capa de látex, 90x200x14,5 cm, Crudo",608001,NO,NO,NO,YES,1,COMPOSITION_EXACT_SOURCE,,"Evidence row; correlate by combination_sku, component_sku and quantity.",EXACT_SKU,EXACT,EXACT,COMPOSITION_EXACT_SOURCE,COMPOSITION_EXACT_SOURCE,UNCHANGED_EXACT_EVIDENCE,SUPPORTING,NO,HIGH,Exact 001A.0 evidence retained; no fuzzy identity.,INCLUDED_EXACT,,,,,
MAESTRO,320,4009,,0504009|0728001|0608001,,0728001,1,EXACT,"{""source"":""MAESTRO_GESTIÓN.xlsx:RENTABILIDAD_COSTOS"",""source_row"":320,""parent_code"":""0504009"",""component_slot"":""ART2"",""component_code"":""0728001"",""quantity"":""1"",""quantity_status"":""EXACT"",""is_combination_row"":""YES"",""family"":""Sofás Cama"",""model"":""Luna"",""finish"":""Natural"",""measure"":""90x200"",""composition_label"":""Estructura + futon 1 látex + funda_lisa"",""product_name"":""Estructura + futon 1 látex + funda_lisa"",""status"":""DESCATALOGADO"",""legacy_magento_id"":""0504009"",""legacy_ean"":"""",""combination_sku_exact"":""0504009|0728001|0608001"",""combination_key_status"":""EXACT""}",EXACT_SKU,728001,EXACT,SUPPORTING_SOURCE,4009,3648,0504009|0728001|0608001,"90x200x8 cm, 90x120x100 cm, 90x200 cm, Futón con una capa de látex, 90x200x14,5 cm, Crudo",728001,NO,NO,NO,YES,1,COMPOSITION_EXACT_SOURCE,,"Evidence row; correlate by combination_sku, component_sku and quantity.",EXACT_SKU,EXACT,EXACT,COMPOSITION_EXACT_SOURCE,COMPOSITION_EXACT_SOURCE,UNCHANGED_EXACT_EVIDENCE,SUPPORTING,NO,HIGH,Exact 001A.0 evidence retained; no fuzzy identity.,INCLUDED_EXACT,,,,,
MAESTRO,321,4017,,0504009|0730001,,0504009,1,EXACT,"{""source"":""MAESTRO_GESTIÓN.xlsx:RENTABILIDAD_COSTOS"",""source_row"":321,""parent_code"":""0504009"",""component_slot"":""ART1"",""component_code"":""0504009"",""quantity"":""1"",""quantity_status"":""EXACT"",""is_combination_row"":""YES"",""family"":""Sofás Cama"",""model"":""Luna"",""finish"":""Natural"",""measure"":""90x200"",""composition_label"":""Estructura + futon 2 látex"",""product_name"":""Estructura + futon 2 látex"",""status"":""DESCATALOGADO"",""legacy_magento_id"":""0504009"",""legacy_ean"":"""",""combination_sku_exact"":""0504009|0730001"",""combination_key_status"":""EXACT""}",EXACT_SKU,504009,EXACT,SUPPORTING_SOURCE,4017,3648,0504009|0730001,"90x200x8 cm, 90x120x100 cm, 90x200 cm, Futón con dos capas de látex, 90x200x14,5 cm, Sin funda",504009,NO,NO,NO,YES,1,COMPOSITION_EXACT_SOURCE,,"Evidence row; correlate by combination_sku, component_sku and quantity.",EXACT_SKU,EXACT,EXACT,COMPOSITION_EXACT_SOURCE,COMPOSITION_EXACT_SOURCE,UNCHANGED_EXACT_EVIDENCE,SUPPORTING,NO,HIGH,Exact 001A.0 evidence retained; no fuzzy identity.,INCLUDED_EXACT,,,,,
MAESTRO,321,4017,,0504009|0730001,,0730001,1,EXACT,"{""source"":""MAESTRO_GESTIÓN.xlsx:RENTABILIDAD_COSTOS"",""source_row"":321,""parent_code"":""0504009"",""component_slot"":""ART2"",""component_code"":""0730001"",""quantity"":""1"",""quantity_status"":""EXACT"",""is_combination_row"":""YES"",""family"":""Sofás Cama"",""model"":""Luna"",""finish"":""Natural"",""measure"":""90x200"",""composition_label"":""Estructura + futon 2 látex"",""product_name"":""Estructura + futon 2 látex"",""status"":""DESCATALOGADO"",""legacy_magento_id"":""0504009"",""legacy_ean"":"""",""combination_sku_exact"":""0504009|0730001"",""combination_key_status"":""EXACT""}",EXACT_SKU,730001,EXACT,SUPPORTING_SOURCE,4017,3648,0504009|0730001,"90x200x8 cm, 90x120x100 cm, 90x200 cm, Futón con dos capas de látex, 90x200x14,5 cm, Sin funda",730001,NO,NO,NO,YES,1,COMPOSITION_EXACT_SOURCE,,"Evidence row; correlate by combination_sku, component_sku and quantity.",EXACT_SKU,EXACT,EXACT,COMPOSITION_EXACT_SOURCE,COMPOSITION_EXACT_SOURCE,UNCHANGED_EXACT_EVIDENCE,SUPPORTING,NO,HIGH,Exact 001A.0 evidence retained; no fuzzy identity.,INCLUDED_EXACT,,,,,
MAESTRO,322,4021,,0504009|0730001|0608001,,0504009,1,EXACT,"{""source"":""MAESTRO_GESTIÓN.xlsx:RENTABILIDAD_COSTOS"",""source_row"":322,""parent_code"":""0504009"",""component_slot"":""ART1"",""component_code"":""0504009"",""quantity"":""1"",""quantity_status"":""EXACT"",""is_combination_row"":""YES"",""family"":""Sofás Cama"",""model"":""Luna"",""finish"":""Natural"",""measure"":""90x200"",""composition_label"":""Estructura + futon 2 látex + funda_lisa"",""product_name"":""Estructura + futon 2 látex + funda_lisa"",""status"":""DESCATALOGADO"",""legacy_magento_id"":""0504009"",""legacy_ean"":"""",""combination_sku_exact"":""0504009|0730001|0608001"",""combination_key_status"":""EXACT""}",EXACT_SKU,504009,EXACT,SUPPORTING_SOURCE,4021,3648,0504009|0730001|0608001,"90x200x8 cm, 90x120x100 cm, 90x200 cm, Futón con dos capas de látex, 90x200x14,5 cm, Crudo",504009,NO,NO,NO,YES,1,COMPOSITION_EXACT_SOURCE,,"Evidence row; correlate by combination_sku, component_sku and quantity.",EXACT_SKU,EXACT,EXACT,COMPOSITION_EXACT_SOURCE,COMPOSITION_EXACT_SOURCE,UNCHANGED_EXACT_EVIDENCE,SUPPORTING,NO,HIGH,Exact 001A.0 evidence retained; no fuzzy identity.,INCLUDED_EXACT,,,,,
MAESTRO,322,4021,,0504009|0730001|0608001,,0608001,1,EXACT,"{""source"":""MAESTRO_GESTIÓN.xlsx:RENTABILIDAD_COSTOS"",""source_row"":322,""parent_code"":""0504009"",""component_slot"":""ART4"",""component_code"":""0608001"",""quantity"":""1"",""quantity_status"":""EXACT"",""is_combination_row"":""YES"",""family"":""Sofás Cama"",""model"":""Luna"",""finish"":""Natural"",""measure"":""90x200"",""composition_label"":""Estructura + futon 2 látex + funda_lisa"",""product_name"":""Estructura + futon 2 látex + funda_lisa"",""status"":""DESCATALOGADO"",""legacy_magento_id"":""0504009"",""legacy_ean"":"""",""combination_sku_exact"":""0504009|0730001|0608001"",""combination_key_status"":""EXACT""}",EXACT_SKU,608001,EXACT,SUPPORTING_SOURCE,4021,3648,0504009|0730001|0608001,"90x200x8 cm, 90x120x100 cm, 90x200 cm, Futón con dos capas de látex, 90x200x14,5 cm, Crudo",608001,NO,NO,NO,YES,1,COMPOSITION_EXACT_SOURCE,,"Evidence row; correlate by combination_sku, component_sku and quantity.",EXACT_SKU,EXACT,EXACT,COMPOSITION_EXACT_SOURCE,COMPOSITION_EXACT_SOURCE,UNCHANGED_EXACT_EVIDENCE,SUPPORTING,NO,HIGH,Exact 001A.0 evidence retained; no fuzzy identity.,INCLUDED_EXACT,,,,,
MAESTRO,322,4021,,0504009|0730001|0608001,,0730001,1,EXACT,"{""source"":""MAESTRO_GESTIÓN.xlsx:RENTABILIDAD_COSTOS"",""source_row"":322,""parent_code"":""0504009"",""component_slot"":""ART2"",""component_code"":""0730001"",""quantity"":""1"",""quantity_status"":""EXACT"",""is_combination_row"":""YES"",""family"":""Sofás Cama"",""model"":""Luna"",""finish"":""Natural"",""measure"":""90x200"",""composition_label"":""Estructura + futon 2 látex + funda_lisa"",""product_name"":""Estructura + futon 2 látex + funda_lisa"",""status"":""DESCATALOGADO"",""legacy_magento_id"":""0504009"",""legacy_ean"":"""",""combination_sku_exact"":""0504009|0730001|0608001"",""combination_key_status"":""EXACT""}",EXACT_SKU,730001,EXACT,SUPPORTING_SOURCE,4021,3648,0504009|0730001|0608001,"90x200x8 cm, 90x120x100 cm, 90x200 cm, Futón con dos capas de látex, 90x200x14,5 cm, Crudo",730001,NO,NO,NO,YES,1,COMPOSITION_EXACT_SOURCE,,"Evidence row; correlate by combination_sku, component_sku and quantity.",EXACT_SKU,EXACT,EXACT,COMPOSITION_EXACT_SOURCE,COMPOSITION_EXACT_SOURCE,UNCHANGED_EXACT_EVIDENCE,SUPPORTING,NO,HIGH,Exact 001A.0 evidence retained; no fuzzy identity.,INCLUDED_EXACT,,,,,
MAESTRO,324,4065,,0504010|0724003,,0504010,1,EXACT,"{""source"":""MAESTRO_GESTIÓN.xlsx:RENTABILIDAD_COSTOS"",""source_row"":324,""parent_code"":""0504010"",""component_slot"":""ART1"",""component_code"":""0504010"",""quantity"":""1"",""quantity_status"":""EXACT"",""is_combination_row"":""YES"",""family"":""Sofás Cama"",""model"":""Luna"",""finish"":""Natural"",""measure"":""140x200"",""composition_label"":""Estructura + futonAlg"",""product_name"":""Estructura + futonAlg"",""status"":""DESCATALOGADO"",""legacy_magento_id"":""0504010"",""legacy_ean"":"""",""combination_sku_exact"":""0504010|0724003"",""combination_key_status"":""EXACT""}",EXACT_SKU,504010,EXACT,SUPPORTING_SOURCE,4065,3648,0504010|0724003,"140x200x8 cm, 140x120x100 cm, 140x200 cm, Futón de algodón, 140x200x14,5 cm, Sin funda",504010,NO,NO,NO,YES,1,COMPOSITION_EXACT_SOURCE,,"Evidence row; correlate by combination_sku, component_sku and quantity.",EXACT_SKU,EXACT,EXACT,COMPOSITION_EXACT_SOURCE,COMPOSITION_EXACT_SOURCE,UNCHANGED_EXACT_EVIDENCE,SUPPORTING,NO,HIGH,Exact 001A.0 evidence retained; no fuzzy identity.,INCLUDED_EXACT,,,,,
MAESTRO,324,4065,,0504010|0724003,,0724003,1,EXACT,"{""source"":""MAESTRO_GESTIÓN.xlsx:RENTABILIDAD_COSTOS"",""source_row"":324,""parent_code"":""0504010"",""component_slot"":""ART2"",""component_code"":""0724003"",""quantity"":""1"",""quantity_status"":""EXACT"",""is_combination_row"":""YES"",""family"":""Sofás Cama"",""model"":""Luna"",""finish"":""Natural"",""measure"":""140x200"",""composition_label"":""Estructura + futonAlg"",""product_name"":""Estructura + futonAlg"",""status"":""DESCATALOGADO"",""legacy_magento_id"":""0504010"",""legacy_ean"":"""",""combination_sku_exact"":""0504010|0724003"",""combination_key_status"":""EXACT""}",EXACT_SKU,724003,EXACT,SUPPORTING_SOURCE,4065,3648,0504010|0724003,"140x200x8 cm, 140x120x100 cm, 140x200 cm, Futón de algodón, 140x200x14,5 cm, Sin funda",724003,NO,NO,NO,YES,1,COMPOSITION_EXACT_SOURCE,,"Evidence row; correlate by combination_sku, component_sku and quantity.",EXACT_SKU,EXACT,EXACT,COMPOSITION_EXACT_SOURCE,COMPOSITION_EXACT_SOURCE,UNCHANGED_EXACT_EVIDENCE,SUPPORTING,NO,HIGH,Exact 001A.0 evidence retained; no fuzzy identity.,INCLUDED_EXACT,,,,,
MAESTRO,325,4068,,0504010|0724003|0608002,,0504010,1,EXACT,"{""source"":""MAESTRO_GESTIÓN.xlsx:RENTABILIDAD_COSTOS"",""source_row"":325,""parent_code"":""0504010"",""component_slot"":""ART1"",""component_code"":""0504010"",""quantity"":""1"",""quantity_status"":""EXACT"",""is_combination_row"":""YES"",""family"":""Sofás Cama"",""model"":""Luna"",""finish"":""Natural"",""measure"":""140x200"",""composition_label"":""Estructura + futonAlg + funda_lisa"",""product_name"":""Estructura + futonAlg + funda_lisa"",""status"":""DESCATALOGADO"",""legacy_magento_id"":""0504010"",""legacy_ean"":"""",""combination_sku_exact"":""0504010|0724003|0608002"",""combination_key_status"":""EXACT""}",EXACT_SKU,504010,EXACT,SUPPORTING_SOURCE,4068,3648,0504010|0724003|0608002,"140x200x8 cm, 140x120x100 cm, 140x200 cm, Futón de algodón, 140x200x14,5 cm, Crudo",504010,NO,NO,NO,YES,1,COMPOSITION_EXACT_SOURCE,,"Evidence row; correlate by combination_sku, component_sku and quantity.",EXACT_SKU,EXACT,EXACT,COMPOSITION_EXACT_SOURCE,COMPOSITION_EXACT_SOURCE,UNCHANGED_EXACT_EVIDENCE,SUPPORTING,NO,HIGH,Exact 001A.0 evidence retained; no fuzzy identity.,INCLUDED_EXACT,,,,,
MAESTRO,325,4068,,0504010|0724003|0608002,,0608002,1,EXACT,"{""source"":""MAESTRO_GESTIÓN.xlsx:RENTABILIDAD_COSTOS"",""source_row"":325,""parent_code"":""0504010"",""component_slot"":""ART4"",""component_code"":""0608002"",""quantity"":""1"",""quantity_status"":""EXACT"",""is_combination_row"":""YES"",""family"":""Sofás Cama"",""model"":""Luna"",""finish"":""Natural"",""measure"":""140x200"",""composition_label"":""Estructura + futonAlg + funda_lisa"",""product_name"":""Estructura + futonAlg + funda_lisa"",""status"":""DESCATALOGADO"",""legacy_magento_id"":""0504010"",""legacy_ean"":"""",""combination_sku_exact"":""0504010|0724003|0608002"",""combination_key_status"":""EXACT""}",EXACT_SKU,608002,EXACT,SUPPORTING_SOURCE,4068,3648,0504010|0724003|0608002,"140x200x8 cm, 140x120x100 cm, 140x200 cm, Futón de algodón, 140x200x14,5 cm, Crudo",608002,NO,NO,NO,YES,1,COMPOSITION_EXACT_SOURCE,,"Evidence row; correlate by combination_sku, component_sku and quantity.",EXACT_SKU,EXACT,EXACT,COMPOSITION_EXACT_SOURCE,COMPOSITION_EXACT_SOURCE,UNCHANGED_EXACT_EVIDENCE,SUPPORTING,NO,HIGH,Exact 001A.0 evidence retained; no fuzzy identity.,INCLUDED_EXACT,,,,,
MAESTRO,325,4068,,0504010|0724003|0608002,,0724003,1,EXACT,"{""source"":""MAESTRO_GESTIÓN.xlsx:RENTABILIDAD_COSTOS"",""source_row"":325,""parent_code"":""0504010"",""component_slot"":""ART2"",""component_code"":""0724003"",""quantity"":""1"",""quantity_status"":""EXACT"",""is_combination_row"":""YES"",""family"":""Sofás Cama"",""model"":""Luna"",""finish"":""Natural"",""measure"":""140x200"",""composition_label"":""Estructura + futonAlg + funda_lisa"",""product_name"":""Estructura + futonAlg + funda_lisa"",""status"":""DESCATALOGADO"",""legacy_magento_id"":""0504010"",""legacy_ean"":"""",""combination_sku_exact"":""0504010|0724003|0608002"",""combination_key_status"":""EXACT""}",EXACT_SKU,724003,EXACT,SUPPORTING_SOURCE,4068,3648,0504010|0724003|0608002,"140x200x8 cm, 140x120x100 cm, 140x200 cm, Futón de algodón, 140x200x14,5 cm, Crudo",724003,NO,NO,NO,YES,1,COMPOSITION_EXACT_SOURCE,,"Evidence row; correlate by combination_sku, component_sku and quantity.",EXACT_SKU,EXACT,EXACT,COMPOSITION_EXACT_SOURCE,COMPOSITION_EXACT_SOURCE,UNCHANGED_EXACT_EVIDENCE,SUPPORTING,NO,HIGH,Exact 001A.0 evidence retained; no fuzzy identity.,INCLUDED_EXACT,,,,,
MAESTRO,326,4041,,0504010|0728002,,0504010,1,EXACT,"{""source"":""MAESTRO_GESTIÓN.xlsx:RENTABILIDAD_COSTOS"",""source_row"":326,""parent_code"":""0504010"",""component_slot"":""ART1"",""component_code"":""0504010"",""quantity"":""1"",""quantity_status"":""EXACT"",""is_combination_row"":""YES"",""family"":""Sofás Cama"",""model"":""Luna"",""finish"":""Natural"",""measure"":""140x200"",""composition_label"":""Estructura + futon 1 látex"",""product_name"":""Estructura + futon 1 látex"",""status"":""DESCATALOGADO"",""legacy_magento_id"":""0504010"",""legacy_ean"":"""",""combination_sku_exact"":""0504010|0728002"",""combination_key_status"":""EXACT""}",EXACT_SKU,504010,EXACT,SUPPORTING_SOURCE,4041,3648,0504010|0728002,"140x200x8 cm, 140x120x100 cm, 140x200 cm, Futón con una capa de látex, 140x200x14,5 cm, Sin funda",504010,NO,NO,NO,YES,1,COMPOSITION_EXACT_SOURCE,,"Evidence row; correlate by combination_sku, component_sku and quantity.",EXACT_SKU,EXACT,EXACT,COMPOSITION_EXACT_SOURCE,COMPOSITION_EXACT_SOURCE,UNCHANGED_EXACT_EVIDENCE,SUPPORTING,NO,HIGH,Exact 001A.0 evidence retained; no fuzzy identity.,INCLUDED_EXACT,,,,,
MAESTRO,326,4041,,0504010|0728002,,0728002,1,EXACT,"{""source"":""MAESTRO_GESTIÓN.xlsx:RENTABILIDAD_COSTOS"",""source_row"":326,""parent_code"":""0504010"",""component_slot"":""ART2"",""component_code"":""0728002"",""quantity"":""1"",""quantity_status"":""EXACT"",""is_combination_row"":""YES"",""family"":""Sofás Cama"",""model"":""Luna"",""finish"":""Natural"",""measure"":""140x200"",""composition_label"":""Estructura + futon 1 látex"",""product_name"":""Estructura + futon 1 látex"",""status"":""DESCATALOGADO"",""legacy_magento_id"":""0504010"",""legacy_ean"":"""",""combination_sku_exact"":""0504010|0728002"",""combination_key_status"":""EXACT""}",EXACT_SKU,728002,EXACT,SUPPORTING_SOURCE,4041,3648,0504010|0728002,"140x200x8 cm, 140x120x100 cm, 140x200 cm, Futón con una capa de látex, 140x200x14,5 cm, Sin funda",728002,NO,NO,NO,YES,1,COMPOSITION_EXACT_SOURCE,,"Evidence row; correlate by combination_sku, component_sku and quantity.",EXACT_SKU,EXACT,EXACT,COMPOSITION_EXACT_SOURCE,COMPOSITION_EXACT_SOURCE,UNCHANGED_EXACT_EVIDENCE,SUPPORTING,NO,HIGH,Exact 001A.0 evidence retained; no fuzzy identity.,INCLUDED_EXACT,,,,,
MAESTRO,327,4045,,0504010|0728002|0608002,,0504010,1,EXACT,"{""source"":""MAESTRO_GESTIÓN.xlsx:RENTABILIDAD_COSTOS"",""source_row"":327,""parent_code"":""0504010"",""component_slot"":""ART1"",""component_code"":""0504010"",""quantity"":""1"",""quantity_status"":""EXACT"",""is_combination_row"":""YES"",""family"":""Sofás Cama"",""model"":""Luna"",""finish"":""Natural"",""measure"":""140x200"",""composition_label"":""Estructura + futon 1 látex + funda_lisa"",""product_name"":""Estructura + futon 1 látex + funda_lisa"",""status"":""DESCATALOGADO"",""legacy_magento_id"":""0504010"",""legacy_ean"":"""",""combination_sku_exact"":""0504010|0728002|0608002"",""combination_key_status"":""EXACT""}",EXACT_SKU,504010,EXACT,SUPPORTING_SOURCE,4045,3648,0504010|0728002|0608002,"140x200x8 cm, 140x120x100 cm, 140x200 cm, Futón con una capa de látex, 140x200x14,5 cm, Crudo",504010,NO,NO,NO,YES,1,COMPOSITION_EXACT_SOURCE,,"Evidence row; correlate by combination_sku, component_sku and quantity.",EXACT_SKU,EXACT,EXACT,COMPOSITION_EXACT_SOURCE,COMPOSITION_EXACT_SOURCE,UNCHANGED_EXACT_EVIDENCE,SUPPORTING,NO,HIGH,Exact 001A.0 evidence retained; no fuzzy identity.,INCLUDED_EXACT,,,,,
MAESTRO,327,4045,,0504010|0728002|0608002,,0608002,1,EXACT,"{""source"":""MAESTRO_GESTIÓN.xlsx:RENTABILIDAD_COSTOS"",""source_row"":327,""parent_code"":""0504010"",""component_slot"":""ART4"",""component_code"":""0608002"",""quantity"":""1"",""quantity_status"":""EXACT"",""is_combination_row"":""YES"",""family"":""Sofás Cama"",""model"":""Luna"",""finish"":""Natural"",""measure"":""140x200"",""composition_label"":""Estructura + futon 1 látex + funda_lisa"",""product_name"":""Estructura + futon 1 látex + funda_lisa"",""status"":""DESCATALOGADO"",""legacy_magento_id"":""0504010"",""legacy_ean"":"""",""combination_sku_exact"":""0504010|0728002|0608002"",""combination_key_status"":""EXACT""}",EXACT_SKU,608002,EXACT,SUPPORTING_SOURCE,4045,3648,0504010|0728002|0608002,"140x200x8 cm, 140x120x100 cm, 140x200 cm, Futón con una capa de látex, 140x200x14,5 cm, Crudo",608002,NO,NO,NO,YES,1,COMPOSITION_EXACT_SOURCE,,"Evidence row; correlate by combination_sku, component_sku and quantity.",EXACT_SKU,EXACT,EXACT,COMPOSITION_EXACT_SOURCE,COMPOSITION_EXACT_SOURCE,UNCHANGED_EXACT_EVIDENCE,SUPPORTING,NO,HIGH,Exact 001A.0 evidence retained; no fuzzy identity.,INCLUDED_EXACT,,,,,
MAESTRO,327,4045,,0504010|0728002|0608002,,0728002,1,EXACT,"{""source"":""MAESTRO_GESTIÓN.xlsx:RENTABILIDAD_COSTOS"",""source_row"":327,""parent_code"":""0504010"",""component_slot"":""ART2"",""component_code"":""0728002"",""quantity"":""1"",""quantity_status"":""EXACT"",""is_combination_row"":""YES"",""family"":""Sofás Cama"",""model"":""Luna"",""finish"":""Natural"",""measure"":""140x200"",""composition_label"":""Estructura + futon 1 látex + funda_lisa"",""product_name"":""Estructura + futon 1 látex + funda_lisa"",""status"":""DESCATALOGADO"",""legacy_magento_id"":""0504010"",""legacy_ean"":"""",""combination_sku_exact"":""0504010|0728002|0608002"",""combination_key_status"":""EXACT""}",EXACT_SKU,728002,EXACT,SUPPORTING_SOURCE,4045,3648,0504010|0728002|0608002,"140x200x8 cm, 140x120x100 cm, 140x200 cm, Futón con una capa de látex, 140x200x14,5 cm, Crudo",728002,NO,NO,NO,YES,1,COMPOSITION_EXACT_SOURCE,,"Evidence row; correlate by combination_sku, component_sku and quantity.",EXACT_SKU,EXACT,EXACT,COMPOSITION_EXACT_SOURCE,COMPOSITION_EXACT_SOURCE,UNCHANGED_EXACT_EVIDENCE,SUPPORTING,NO,HIGH,Exact 001A.0 evidence retained; no fuzzy identity.,INCLUDED_EXACT,,,,,
MAESTRO,328,4053,,0504010|0730002,,0504010,1,EXACT,"{""source"":""MAESTRO_GESTIÓN.xlsx:RENTABILIDAD_COSTOS"",""source_row"":328,""parent_code"":""0504010"",""component_slot"":""ART1"",""component_code"":""0504010"",""quantity"":""1"",""quantity_status"":""EXACT"",""is_combination_row"":""YES"",""family"":""Sofás Cama"",""model"":""Luna"",""finish"":""Natural"",""measure"":""140x200"",""composition_label"":""Estructura + futon 2 látex"",""product_name"":""Estructura + futon 2 látex"",""status"":""DESCATALOGADO"",""legacy_magento_id"":""0504010"",""legacy_ean"":"""",""combination_sku_exact"":""0504010|0730002"",""combination_key_status"":""EXACT""}",EXACT_SKU,504010,EXACT,SUPPORTING_SOURCE,4053,3648,0504010|0730002,"140x200x8 cm, 140x120x100 cm, 140x200 cm, Futón con dos capas de látex, 140x200x14,5 cm, Sin funda",504010,NO,NO,NO,YES,1,COMPOSITION_EXACT_SOURCE,,"Evidence row; correlate by combination_sku, component_sku and quantity.",EXACT_SKU,EXACT,EXACT,COMPOSITION_EXACT_SOURCE,COMPOSITION_EXACT_SOURCE,UNCHANGED_EXACT_EVIDENCE,SUPPORTING,NO,HIGH,Exact 001A.0 evidence retained; no fuzzy identity.,INCLUDED_EXACT,,,,,
MAESTRO,328,4053,,0504010|0730002,,0730002,1,EXACT,"{""source"":""MAESTRO_GESTIÓN.xlsx:RENTABILIDAD_COSTOS"",""source_row"":328,""parent_code"":""0504010"",""component_slot"":""ART2"",""component_code"":""0730002"",""quantity"":""1"",""quantity_status"":""EXACT"",""is_combination_row"":""YES"",""family"":""Sofás Cama"",""model"":""Luna"",""finish"":""Natural"",""measure"":""140x200"",""composition_label"":""Estructura + futon 2 látex"",""product_name"":""Estructura + futon 2 látex"",""status"":""DESCATALOGADO"",""legacy_magento_id"":""0504010"",""legacy_ean"":"""",""combination_sku_exact"":""0504010|0730002"",""combination_key_status"":""EXACT""}",EXACT_SKU,730002,EXACT,SUPPORTING_SOURCE,4053,3648,0504010|0730002,"140x200x8 cm, 140x120x100 cm, 140x200 cm, Futón con dos capas de látex, 140x200x14,5 cm, Sin funda",730002,NO,NO,NO,YES,1,COMPOSITION_EXACT_SOURCE,,"Evidence row; correlate by combination_sku, component_sku and quantity.",EXACT_SKU,EXACT,EXACT,COMPOSITION_EXACT_SOURCE,COMPOSITION_EXACT_SOURCE,UNCHANGED_EXACT_EVIDENCE,SUPPORTING,NO,HIGH,Exact 001A.0 evidence retained; no fuzzy identity.,INCLUDED_EXACT,,,,,
MAESTRO,329,4057,,0504010|0730002|0608002,,0504010,1,EXACT,"{""source"":""MAESTRO_GESTIÓN.xlsx:RENTABILIDAD_COSTOS"",""source_row"":329,""parent_code"":""0504010"",""component_slot"":""ART1"",""component_code"":""0504010"",""quantity"":""1"",""quantity_status"":""EXACT"",""is_combination_row"":""YES"",""family"":""Sofás Cama"",""model"":""Luna"",""finish"":""Natural"",""measure"":""140x200"",""composition_label"":""Estructura + futon 2 látex + funda_lisa"",""product_name"":""Estructura + futon 2 látex + funda_lisa"",""status"":""DESCATALOGADO"",""legacy_magento_id"":""0504010"",""legacy_ean"":"""",""combination_sku_exact"":""0504010|0730002|0608002"",""combination_key_status"":""EXACT""}",EXACT_SKU,504010,EXACT,SUPPORTING_SOURCE,4057,3648,0504010|0730002|0608002,"140x200x8 cm, 140x120x100 cm, 140x200 cm, Futón con dos capas de látex, 140x200x14,5 cm, Crudo",504010,NO,NO,NO,YES,1,COMPOSITION_EXACT_SOURCE,,"Evidence row; correlate by combination_sku, component_sku and quantity.",EXACT_SKU,EXACT,EXACT,COMPOSITION_EXACT_SOURCE,COMPOSITION_EXACT_SOURCE,UNCHANGED_EXACT_EVIDENCE,SUPPORTING,NO,HIGH,Exact 001A.0 evidence retained; no fuzzy identity.,INCLUDED_EXACT,,,,,
MAESTRO,329,4057,,0504010|0730002|0608002,,0608002,1,EXACT,"{""source"":""MAESTRO_GESTIÓN.xlsx:RENTABILIDAD_COSTOS"",""source_row"":329,""parent_code"":""0504010"",""component_slot"":""ART4"",""component_code"":""0608002"",""quantity"":""1"",""quantity_status"":""EXACT"",""is_combination_row"":""YES"",""family"":""Sofás Cama"",""model"":""Luna"",""finish"":""Natural"",""measure"":""140x200"",""composition_label"":""Estructura + futon 2 látex + funda_lisa"",""product_name"":""Estructura + futon 2 látex + funda_lisa"",""status"":""DESCATALOGADO"",""legacy_magento_id"":""0504010"",""legacy_ean"":"""",""combination_sku_exact"":""0504010|0730002|0608002"",""combination_key_status"":""EXACT""}",EXACT_SKU,608002,EXACT,SUPPORTING_SOURCE,4057,3648,0504010|0730002|0608002,"140x200x8 cm, 140x120x100 cm, 140x200 cm, Futón con dos capas de látex, 140x200x14,5 cm, Crudo",608002,NO,NO,NO,YES,1,COMPOSITION_EXACT_SOURCE,,"Evidence row; correlate by combination_sku, component_sku and quantity.",EXACT_SKU,EXACT,EXACT,COMPOSITION_EXACT_SOURCE,COMPOSITION_EXACT_SOURCE,UNCHANGED_EXACT_EVIDENCE,SUPPORTING,NO,HIGH,Exact 001A.0 evidence retained; no fuzzy identity.,INCLUDED_EXACT,,,,,
MAESTRO,329,4057,,0504010|0730002|0608002,,0730002,1,EXACT,"{""source"":""MAESTRO_GESTIÓN.xlsx:RENTABILIDAD_COSTOS"",""source_row"":329,""parent_code"":""0504010"",""component_slot"":""ART2"",""component_code"":""0730002"",""quantity"":""1"",""quantity_status"":""EXACT"",""is_combination_row"":""YES"",""family"":""Sofás Cama"",""model"":""Luna"",""finish"":""Natural"",""measure"":""140x200"",""composition_label"":""Estructura + futon 2 látex + funda_lisa"",""product_name"":""Estructura + futon 2 látex + funda_lisa"",""status"":""DESCATALOGADO"",""legacy_magento_id"":""0504010"",""legacy_ean"":"""",""combination_sku_exact"":""0504010|0730002|0608002"",""combination_key_status"":""EXACT""}",EXACT_SKU,730002,EXACT,SUPPORTING_SOURCE,4057,3648,0504010|0730002|0608002,"140x200x8 cm, 140x120x100 cm, 140x200 cm, Futón con dos capas de látex, 140x200x14,5 cm, Crudo",730002,NO,NO,NO,YES,1,COMPOSITION_EXACT_SOURCE,,"Evidence row; correlate by combination_sku, component_sku and quantity.",EXACT_SKU,EXACT,EXACT,COMPOSITION_EXACT_SOURCE,COMPOSITION_EXACT_SOURCE,UNCHANGED_EXACT_EVIDENCE,SUPPORTING,NO,HIGH,Exact 001A.0 evidence retained; no fuzzy identity.,INCLUDED_EXACT,,,,,
MAESTRO,33,3719,,0201001|0201001|0728002,,0201001,2,EXACT,"{""source"":""MAESTRO_GESTIÓN.xlsx:RENTABILIDAD_COSTOS"",""source_row"":33,""parent_code"":""0201001"",""component_slot"":""ART1"",""component_code"":""0201001"",""quantity"":""2"",""quantity_status"":""EXACT"",""is_combination_row"":""YES"",""family"":""Combinación TatamisFuton"",""model"":""1 capa látex"",""finish"":""1 capa látex (140x200)"",""measure"":""80x200x5,5"",""composition_label"":""2 Tatamis + Futon 1 látex"",""product_name"":""Combinación 2 Tatamis (80 x200) futón Algodón 1 capa látex (140x200)"",""status"":""ACTIVO"",""legacy_magento_id"":""0201001"",""legacy_ean"":"""",""combination_sku_exact"":""0201001|0201001|0728002"",""combination_key_status"":""EXACT""}",EXACT_SKU,201001,EXACT,SUPPORTING_SOURCE,3719,3623,0201001|0201001|0728002,"140x200x14,5 cm, Con 2 tatamis de 80x200 cm",201001,NO,NO,NO,YES,1,COMPOSITION_EXACT_SOURCE,,"Evidence row; correlate by combination_sku, component_sku and quantity.",EXACT_SKU,EXACT,EXACT,COMPOSITION_EXACT_SOURCE,COMPOSITION_EXACT_SOURCE,UNCHANGED_EXACT_EVIDENCE,SUPPORTING,NO,HIGH,Exact 001A.0 evidence retained; no fuzzy identity.,INCLUDED_EXACT,,,,,
MAESTRO,33,3719,,0201001|0201001|0728002,,0728002,1,EXACT,"{""source"":""MAESTRO_GESTIÓN.xlsx:RENTABILIDAD_COSTOS"",""source_row"":33,""parent_code"":""0201001"",""component_slot"":""ART2"",""component_code"":""0728002"",""quantity"":""1"",""quantity_status"":""EXACT"",""is_combination_row"":""YES"",""family"":""Combinación TatamisFuton"",""model"":""1 capa látex"",""finish"":""1 capa látex (140x200)"",""measure"":""80x200x5,5"",""composition_label"":""2 Tatamis + Futon 1 látex"",""product_name"":""Combinación 2 Tatamis (80 x200) futón Algodón 1 capa látex (140x200)"",""status"":""ACTIVO"",""legacy_magento_id"":""0201001"",""legacy_ean"":"""",""combination_sku_exact"":""0201001|0201001|0728002"",""combination_key_status"":""EXACT""}",EXACT_SKU,728002,EXACT,SUPPORTING_SOURCE,3719,3623,0201001|0201001|0728002,"140x200x14,5 cm, Con 2 tatamis de 80x200 cm",728002,NO,NO,NO,YES,1,COMPOSITION_EXACT_SOURCE,,"Evidence row; correlate by combination_sku, component_sku and quantity.",EXACT_SKU,EXACT,EXACT,COMPOSITION_EXACT_SOURCE,COMPOSITION_EXACT_SOURCE,UNCHANGED_EXACT_EVIDENCE,SUPPORTING,NO,HIGH,Exact 001A.0 evidence retained; no fuzzy identity.,INCLUDED_EXACT,,,,,
MAESTRO,34,3720,,0201001|0201001|0728003,,0201001,2,EXACT,"{""source"":""MAESTRO_GESTIÓN.xlsx:RENTABILIDAD_COSTOS"",""source_row"":34,""parent_code"":""0201001"",""component_slot"":""ART1"",""component_code"":""0201001"",""quantity"":""2"",""quantity_status"":""EXACT"",""is_combination_row"":""YES"",""family"":""Combinación TatamisFuton"",""model"":""1 capa látex"",""finish"":""1 capa látex (150x200)"",""measure"":""80x200x5,5"",""composition_label"":""2 Tatamis + Futon 1 látex"",""product_name"":""Combinación 2 Tatamis (80 x200) futón algodón 1 capa látex (150x200)"",""status"":""ACTIVO"",""legacy_magento_id"":""0201001"",""legacy_ean"":"""",""combination_sku_exact"":""0201001|0201001|0728003"",""combination_key_status"":""EXACT""}",EXACT_SKU,201001,EXACT,SUPPORTING_SOURCE,3720,3623,0201001|0201001|0728003,"150x200x14,5 cm, Con 2 tatamis de 80x200 cm",201001,NO,NO,NO,YES,1,COMPOSITION_EXACT_SOURCE,,"Evidence row; correlate by combination_sku, component_sku and quantity.",EXACT_SKU,EXACT,EXACT,COMPOSITION_EXACT_SOURCE,COMPOSITION_EXACT_SOURCE,UNCHANGED_EXACT_EVIDENCE,SUPPORTING,NO,HIGH,Exact 001A.0 evidence retained; no fuzzy identity.,INCLUDED_EXACT,,,,,
MAESTRO,34,3720,,0201001|0201001|0728003,,0728003,1,EXACT,"{""source"":""MAESTRO_GESTIÓN.xlsx:RENTABILIDAD_COSTOS"",""source_row"":34,""parent_code"":""0201001"",""component_slot"":""ART2"",""component_code"":""0728003"",""quantity"":""1"",""quantity_status"":""EXACT"",""is_combination_row"":""YES"",""family"":""Combinación TatamisFuton"",""model"":""1 capa látex"",""finish"":""1 capa látex (150x200)"",""measure"":""80x200x5,5"",""composition_label"":""2 Tatamis + Futon 1 látex"",""product_name"":""Combinación 2 Tatamis (80 x200) futón algodón 1 capa látex (150x200)"",""status"":""ACTIVO"",""legacy_magento_id"":""0201001"",""legacy_ean"":"""",""combination_sku_exact"":""0201001|0201001|0728003"",""combination_key_status"":""EXACT""}",EXACT_SKU,728003,EXACT,SUPPORTING_SOURCE,3720,3623,0201001|0201001|0728003,"150x200x14,5 cm, Con 2 tatamis de 80x200 cm",728003,NO,NO,NO,YES,1,COMPOSITION_EXACT_SOURCE,,"Evidence row; correlate by combination_sku, component_sku and quantity.",EXACT_SKU,EXACT,EXACT,COMPOSITION_EXACT_SOURCE,COMPOSITION_EXACT_SOURCE,UNCHANGED_EXACT_EVIDENCE,SUPPORTING,NO,HIGH,Exact 001A.0 evidence retained; no fuzzy identity.,INCLUDED_EXACT,,,,,
MAESTRO,347,11837,,0502005|1249001,,0502005,1,EXACT,"{""source"":""MAESTRO_GESTIÓN.xlsx:RENTABILIDAD_COSTOS"",""source_row"":347,""parent_code"":""0502005"",""component_slot"":""ART1"",""component_code"":""0502005"",""quantity"":""1"",""quantity_status"":""EXACT"",""is_combination_row"":""YES"",""family"":""Sofás Cama"",""model"":""Sésamo"",""finish"":""Natural"",""measure"":""80x200"",""composition_label"":""Estructura + futonAlg + funda_Lisa"",""product_name"":""Estructura + futonAlg"",""status"":""ACTIVO"",""legacy_magento_id"":""0502005"",""legacy_ean"":"""",""combination_sku_exact"":""0502005|1249001"",""combination_key_status"":""EXACT""}",EXACT_SKU,502005,EXACT,SUPPORTING_SOURCE,11837,3649,0502005|1249001,"Futón de algodón de colores individual, 80x200x13 cm, Crudo, Sin funda",502005,NO,NO,NO,YES,1,COMPOSITION_EXACT_SOURCE,,"Evidence row; correlate by combination_sku, component_sku and quantity.",EXACT_SKU,EXACT,EXACT,COMPOSITION_EXACT_SOURCE,COMPOSITION_EXACT_SOURCE,UNCHANGED_EXACT_EVIDENCE,SUPPORTING,NO,HIGH,Exact 001A.0 evidence retained; no fuzzy identity.,INCLUDED_EXACT,,,,,
MAESTRO,347,11837,,0502005|1249001,,1249001,1,EXACT,"{""source"":""MAESTRO_GESTIÓN.xlsx:RENTABILIDAD_COSTOS"",""source_row"":347,""parent_code"":""0502005"",""component_slot"":""ART2"",""component_code"":""1249001"",""quantity"":""1"",""quantity_status"":""EXACT"",""is_combination_row"":""YES"",""family"":""Sofás Cama"",""model"":""Sésamo"",""finish"":""Natural"",""measure"":""80x200"",""composition_label"":""Estructura + futonAlg + funda_Lisa"",""product_name"":""Estructura + futonAlg"",""status"":""ACTIVO"",""legacy_magento_id"":""0502005"",""legacy_ean"":"""",""combination_sku_exact"":""0502005|1249001"",""combination_key_status"":""EXACT""}",EXACT_SKU,1249001,EXACT,SUPPORTING_SOURCE,11837,3649,0502005|1249001,"Futón de algodón de colores individual, 80x200x13 cm, Crudo, Sin funda",1249001,NO,NO,NO,YES,1,COMPOSITION_EXACT_SOURCE,,"Evidence row; correlate by combination_sku, component_sku and quantity.",EXACT_SKU,EXACT,EXACT,COMPOSITION_EXACT_SOURCE,COMPOSITION_EXACT_SOURCE,UNCHANGED_EXACT_EVIDENCE,SUPPORTING,NO,HIGH,Exact 001A.0 evidence retained; no fuzzy identity.,INCLUDED_EXACT,,,,,
MAESTRO,348,4200,,0502005|1249001|0608007,,0502005,1,EXACT,"{""source"":""MAESTRO_GESTIÓN.xlsx:RENTABILIDAD_COSTOS"",""source_row"":348,""parent_code"":""0502005"",""component_slot"":""ART1"",""component_code"":""0502005"",""quantity"":""1"",""quantity_status"":""EXACT"",""is_combination_row"":""YES"",""family"":""Sofás Cama"",""model"":""Sésamo"",""finish"":""Natural"",""measure"":""80x200"",""composition_label"":""Estructura + futonAlg + funda_Lisa"",""product_name"":""Estructura + futonAlg + funda_Lisa"",""status"":""ACTIVO"",""legacy_magento_id"":""0502005"",""legacy_ean"":"""",""combination_sku_exact"":""0502005|1249001|0608007"",""combination_key_status"":""EXACT""}",EXACT_SKU,502005,EXACT,SUPPORTING_SOURCE,4200,3649,0502005|1249001|0608007,"Futón de algodón de colores individual, 80x200x13 cm, Crudo, Crudo",502005,NO,NO,NO,YES,1,COMPOSITION_EXACT_SOURCE,,"Evidence row; correlate by combination_sku, component_sku and quantity.",EXACT_SKU,EXACT,EXACT,COMPOSITION_EXACT_SOURCE,COMPOSITION_EXACT_SOURCE,UNCHANGED_EXACT_EVIDENCE,SUPPORTING,NO,HIGH,Exact 001A.0 evidence retained; no fuzzy identity.,INCLUDED_EXACT,,,,,
MAESTRO,348,4200,,0502005|1249001|0608007,,0608007,1,EXACT,"{""source"":""MAESTRO_GESTIÓN.xlsx:RENTABILIDAD_COSTOS"",""source_row"":348,""parent_code"":""0502005"",""component_slot"":""ART4"",""component_code"":""0608007"",""quantity"":""1"",""quantity_status"":""EXACT"",""is_combination_row"":""YES"",""family"":""Sofás Cama"",""model"":""Sésamo"",""finish"":""Natural"",""measure"":""80x200"",""composition_label"":""Estructura + futonAlg + funda_Lisa"",""product_name"":""Estructura + futonAlg + funda_Lisa"",""status"":""ACTIVO"",""legacy_magento_id"":""0502005"",""legacy_ean"":"""",""combination_sku_exact"":""0502005|1249001|0608007"",""combination_key_status"":""EXACT""}",EXACT_SKU,608007,EXACT,SUPPORTING_SOURCE,4200,3649,0502005|1249001|0608007,"Futón de algodón de colores individual, 80x200x13 cm, Crudo, Crudo",608007,NO,NO,NO,YES,1,COMPOSITION_EXACT_SOURCE,,"Evidence row; correlate by combination_sku, component_sku and quantity.",EXACT_SKU,EXACT,EXACT,COMPOSITION_EXACT_SOURCE,COMPOSITION_EXACT_SOURCE,UNCHANGED_EXACT_EVIDENCE,SUPPORTING,NO,HIGH,Exact 001A.0 evidence retained; no fuzzy identity.,INCLUDED_EXACT,,,,,
MAESTRO,348,4200,,0502005|1249001|0608007,,1249001,1,EXACT,"{""source"":""MAESTRO_GESTIÓN.xlsx:RENTABILIDAD_COSTOS"",""source_row"":348,""parent_code"":""0502005"",""component_slot"":""ART2"",""component_code"":""1249001"",""quantity"":""1"",""quantity_status"":""EXACT"",""is_combination_row"":""YES"",""family"":""Sofás Cama"",""model"":""Sésamo"",""finish"":""Natural"",""measure"":""80x200"",""composition_label"":""Estructura + futonAlg + funda_Lisa"",""product_name"":""Estructura + futonAlg + funda_Lisa"",""status"":""ACTIVO"",""legacy_magento_id"":""0502005"",""legacy_ean"":"""",""combination_sku_exact"":""0502005|1249001|0608007"",""combination_key_status"":""EXACT""}",EXACT_SKU,1249001,EXACT,SUPPORTING_SOURCE,4200,3649,0502005|1249001|0608007,"Futón de algodón de colores individual, 80x200x13 cm, Crudo, Crudo",1249001,NO,NO,NO,YES,1,COMPOSITION_EXACT_SOURCE,,"Evidence row; correlate by combination_sku, component_sku and quantity.",EXACT_SKU,EXACT,EXACT,COMPOSITION_EXACT_SOURCE,COMPOSITION_EXACT_SOURCE,UNCHANGED_EXACT_EVIDENCE,SUPPORTING,NO,HIGH,Exact 001A.0 evidence retained; no fuzzy identity.,INCLUDED_EXACT,,,,,
MAESTRO,349,4124,,0502005|0727007,,0502005,1,EXACT,"{""source"":""MAESTRO_GESTIÓN.xlsx:RENTABILIDAD_COSTOS"",""source_row"":349,""parent_code"":""0502005"",""component_slot"":""ART1"",""component_code"":""0502005"",""quantity"":""1"",""quantity_status"":""EXACT"",""is_combination_row"":""YES"",""family"":""Sofás Cama"",""model"":""Sésamo"",""finish"":""Natural"",""measure"":""80x200"",""composition_label"":""Estructura + futon 1 látex"",""product_name"":""Estructura + futon 1 látex"",""status"":""ACTIVO"",""legacy_magento_id"":""0502005"",""legacy_ean"":"""",""combination_sku_exact"":""0502005|0727007"",""combination_key_status"":""EXACT""}",EXACT_SKU,502005,EXACT,SUPPORTING_SOURCE,4124,3649,0502005|0727007,"Futón con una capa de látex, 80x200x13 cm, Sin funda",502005,NO,NO,NO,YES,1,COMPOSITION_EXACT_SOURCE,,"Evidence row; correlate by combination_sku, component_sku and quantity.",EXACT_SKU,EXACT,EXACT,COMPOSITION_EXACT_SOURCE,COMPOSITION_EXACT_SOURCE,UNCHANGED_EXACT_EVIDENCE,SUPPORTING,NO,HIGH,Exact 001A.0 evidence retained; no fuzzy identity.,INCLUDED_EXACT,,,,,
MAESTRO,349,4124,,0502005|0727007,,0727007,1,EXACT,"{""source"":""MAESTRO_GESTIÓN.xlsx:RENTABILIDAD_COSTOS"",""source_row"":349,""parent_code"":""0502005"",""component_slot"":""ART2"",""component_code"":""0727007"",""quantity"":""1"",""quantity_status"":""EXACT"",""is_combination_row"":""YES"",""family"":""Sofás Cama"",""model"":""Sésamo"",""finish"":""Natural"",""measure"":""80x200"",""composition_label"":""Estructura + futon 1 látex"",""product_name"":""Estructura + futon 1 látex"",""status"":""ACTIVO"",""legacy_magento_id"":""0502005"",""legacy_ean"":"""",""combination_sku_exact"":""0502005|0727007"",""combination_key_status"":""EXACT""}",EXACT_SKU,727007,EXACT,SUPPORTING_SOURCE,4124,3649,0502005|0727007,"Futón con una capa de látex, 80x200x13 cm, Sin funda",727007,NO,NO,NO,YES,1,COMPOSITION_EXACT_SOURCE,,"Evidence row; correlate by combination_sku, component_sku and quantity.",EXACT_SKU,EXACT,EXACT,COMPOSITION_EXACT_SOURCE,COMPOSITION_EXACT_SOURCE,UNCHANGED_EXACT_EVIDENCE,SUPPORTING,NO,HIGH,Exact 001A.0 evidence retained; no fuzzy identity.,INCLUDED_EXACT,,,,,
MAESTRO,35,3698,,0201001|0201001|0728004,,0201001,2,EXACT,"{""source"":""MAESTRO_GESTIÓN.xlsx:RENTABILIDAD_COSTOS"",""source_row"":35,""parent_code"":""0201001"",""component_slot"":""ART1"",""component_code"":""0201001"",""quantity"":""2"",""quantity_status"":""EXACT"",""is_combination_row"":""YES"",""family"":""Combinación TatamisFuton"",""model"":""1 capa látex"",""finish"":""1 capa látex (160x200)"",""measure"":""80x200x5,5"",""composition_label"":""2 Tatamis + Futon 1 látex"",""product_name"":""Combinación 2 Tatamis (80x200) futón algodón 1 capa látex (160x200)"",""status"":""ACTIVO"",""legacy_magento_id"":""0201001"",""legacy_ean"":"""",""combination_sku_exact"":""0201001|0201001|0728004"",""combination_key_status"":""EXACT""}",EXACT_SKU,201001,EXACT,SUPPORTING_SOURCE,3698,3622,0201001|0201001|0728004,"160x200x14,5 cm, Con 2 tatamis de 80x200 cm",201001,NO,NO,NO,YES,1,COMPOSITION_EXACT_SOURCE,,"Evidence row; correlate by combination_sku, component_sku and quantity.",EXACT_SKU,EXACT,EXACT,COMPOSITION_EXACT_SOURCE,COMPOSITION_EXACT_SOURCE,UNCHANGED_EXACT_EVIDENCE,SUPPORTING,NO,HIGH,Exact 001A.0 evidence retained; no fuzzy identity.,INCLUDED_EXACT,,,,,
MAESTRO,35,3698,,0201001|0201001|0728004,,0728004,1,EXACT,"{""source"":""MAESTRO_GESTIÓN.xlsx:RENTABILIDAD_COSTOS"",""source_row"":35,""parent_code"":""0201001"",""component_slot"":""ART2"",""component_code"":""0728004"",""quantity"":""1"",""quantity_status"":""EXACT"",""is_combination_row"":""YES"",""family"":""Combinación TatamisFuton"",""model"":""1 capa látex"",""finish"":""1 capa látex (160x200)"",""measure"":""80x200x5,5"",""composition_label"":""2 Tatamis + Futon 1 látex"",""product_name"":""Combinación 2 Tatamis (80x200) futón algodón 1 capa látex (160x200)"",""status"":""ACTIVO"",""legacy_magento_id"":""0201001"",""legacy_ean"":"""",""combination_sku_exact"":""0201001|0201001|0728004"",""combination_key_status"":""EXACT""}",EXACT_SKU,728004,EXACT,SUPPORTING_SOURCE,3698,3622,0201001|0201001|0728004,"160x200x14,5 cm, Con 2 tatamis de 80x200 cm",728004,NO,NO,NO,YES,1,COMPOSITION_EXACT_SOURCE,,"Evidence row; correlate by combination_sku, component_sku and quantity.",EXACT_SKU,EXACT,EXACT,COMPOSITION_EXACT_SOURCE,COMPOSITION_EXACT_SOURCE,UNCHANGED_EXACT_EVIDENCE,SUPPORTING,NO,HIGH,Exact 001A.0 evidence retained; no fuzzy identity.,INCLUDED_EXACT,,,,,
MAESTRO,350,4128,,0502005|0727007|0608007,,0502005,1,EXACT,"{""source"":""MAESTRO_GESTIÓN.xlsx:RENTABILIDAD_COSTOS"",""source_row"":350,""parent_code"":""0502005"",""component_slot"":""ART1"",""component_code"":""0502005"",""quantity"":""1"",""quantity_status"":""EXACT"",""is_combination_row"":""YES"",""family"":""Sofás Cama"",""model"":""Sésamo"",""finish"":""Natural"",""measure"":""80x200"",""composition_label"":""Estructura + futon 1 látex + funda_Lisa"",""product_name"":""Estructura + futon 1 látex + funda_Lisa"",""status"":""ACTIVO"",""legacy_magento_id"":""0502005"",""legacy_ean"":"""",""combination_sku_exact"":""0502005|0727007|0608007"",""combination_key_status"":""EXACT""}",EXACT_SKU,502005,EXACT,SUPPORTING_SOURCE,4128,3649,0502005|0727007|0608007,"Futón con una capa de látex, 80x200x13 cm, Crudo",502005,NO,NO,NO,YES,1,COMPOSITION_EXACT_SOURCE,,"Evidence row; correlate by combination_sku, component_sku and quantity.",EXACT_SKU,EXACT,EXACT,COMPOSITION_EXACT_SOURCE,COMPOSITION_EXACT_SOURCE,UNCHANGED_EXACT_EVIDENCE,SUPPORTING,NO,HIGH,Exact 001A.0 evidence retained; no fuzzy identity.,INCLUDED_EXACT,,,,,
MAESTRO,350,4128,,0502005|0727007|0608007,,0608007,1,EXACT,"{""source"":""MAESTRO_GESTIÓN.xlsx:RENTABILIDAD_COSTOS"",""source_row"":350,""parent_code"":""0502005"",""component_slot"":""ART4"",""component_code"":""0608007"",""quantity"":""1"",""quantity_status"":""EXACT"",""is_combination_row"":""YES"",""family"":""Sofás Cama"",""model"":""Sésamo"",""finish"":""Natural"",""measure"":""80x200"",""composition_label"":""Estructura + futon 1 látex + funda_Lisa"",""product_name"":""Estructura + futon 1 látex + funda_Lisa"",""status"":""ACTIVO"",""legacy_magento_id"":""0502005"",""legacy_ean"":"""",""combination_sku_exact"":""0502005|0727007|0608007"",""combination_key_status"":""EXACT""}",EXACT_SKU,608007,EXACT,SUPPORTING_SOURCE,4128,3649,0502005|0727007|0608007,"Futón con una capa de látex, 80x200x13 cm, Crudo",608007,NO,NO,NO,YES,1,COMPOSITION_EXACT_SOURCE,,"Evidence row; correlate by combination_sku, component_sku and quantity.",EXACT_SKU,EXACT,EXACT,COMPOSITION_EXACT_SOURCE,COMPOSITION_EXACT_SOURCE,UNCHANGED_EXACT_EVIDENCE,SUPPORTING,NO,HIGH,Exact 001A.0 evidence retained; no fuzzy identity.,INCLUDED_EXACT,,,,,
MAESTRO,350,4128,,0502005|0727007|0608007,,0727007,1,EXACT,"{""source"":""MAESTRO_GESTIÓN.xlsx:RENTABILIDAD_COSTOS"",""source_row"":350,""parent_code"":""0502005"",""component_slot"":""ART2"",""component_code"":""0727007"",""quantity"":""1"",""quantity_status"":""EXACT"",""is_combination_row"":""YES"",""family"":""Sofás Cama"",""model"":""Sésamo"",""finish"":""Natural"",""measure"":""80x200"",""composition_label"":""Estructura + futon 1 látex + funda_Lisa"",""product_name"":""Estructura + futon 1 látex + funda_Lisa"",""status"":""ACTIVO"",""legacy_magento_id"":""0502005"",""legacy_ean"":"""",""combination_sku_exact"":""0502005|0727007|0608007"",""combination_key_status"":""EXACT""}",EXACT_SKU,727007,EXACT,SUPPORTING_SOURCE,4128,3649,0502005|0727007|0608007,"Futón con una capa de látex, 80x200x13 cm, Crudo",727007,NO,NO,NO,YES,1,COMPOSITION_EXACT_SOURCE,,"Evidence row; correlate by combination_sku, component_sku and quantity.",EXACT_SKU,EXACT,EXACT,COMPOSITION_EXACT_SOURCE,COMPOSITION_EXACT_SOURCE,UNCHANGED_EXACT_EVIDENCE,SUPPORTING,NO,HIGH,Exact 001A.0 evidence retained; no fuzzy identity.,INCLUDED_EXACT,,,,,
MAESTRO,351,4136,,0502005|0730009,,0502005,1,EXACT,"{""source"":""MAESTRO_GESTIÓN.xlsx:RENTABILIDAD_COSTOS"",""source_row"":351,""parent_code"":""0502005"",""component_slot"":""ART1"",""component_code"":""0502005"",""quantity"":""1"",""quantity_status"":""EXACT"",""is_combination_row"":""YES"",""family"":""Sofás Cama"",""model"":""Sésamo"",""finish"":""Natural"",""measure"":""80x200"",""composition_label"":""Estructura + futon 2 látex"",""product_name"":""Estructura + futon 2 Látex"",""status"":""ACTIVO"",""legacy_magento_id"":""0502005"",""legacy_ean"":"""",""combination_sku_exact"":""0502005|0730009"",""combination_key_status"":""EXACT""}",EXACT_SKU,502005,EXACT,SUPPORTING_SOURCE,4136,3649,0502005|0730009,"Futón con dos capas de látex, 80x200x13 cm, Sin funda",502005,NO,NO,NO,YES,1,COMPOSITION_EXACT_SOURCE,,"Evidence row; correlate by combination_sku, component_sku and quantity.",EXACT_SKU,EXACT,EXACT,COMPOSITION_EXACT_SOURCE,COMPOSITION_EXACT_SOURCE,UNCHANGED_EXACT_EVIDENCE,SUPPORTING,NO,HIGH,Exact 001A.0 evidence retained; no fuzzy identity.,INCLUDED_EXACT,,,,,
MAESTRO,351,4136,,0502005|0730009,,0730009,1,EXACT,"{""source"":""MAESTRO_GESTIÓN.xlsx:RENTABILIDAD_COSTOS"",""source_row"":351,""parent_code"":""0502005"",""component_slot"":""ART2"",""component_code"":""0730009"",""quantity"":""1"",""quantity_status"":""EXACT"",""is_combination_row"":""YES"",""family"":""Sofás Cama"",""model"":""Sésamo"",""finish"":""Natural"",""measure"":""80x200"",""composition_label"":""Estructura + futon 2 látex"",""product_name"":""Estructura + futon 2 Látex"",""status"":""ACTIVO"",""legacy_magento_id"":""0502005"",""legacy_ean"":"""",""combination_sku_exact"":""0502005|0730009"",""combination_key_status"":""EXACT""}",EXACT_SKU,730009,EXACT,SUPPORTING_SOURCE,4136,3649,0502005|0730009,"Futón con dos capas de látex, 80x200x13 cm, Sin funda",730009,NO,NO,NO,YES,1,COMPOSITION_EXACT_SOURCE,,"Evidence row; correlate by combination_sku, component_sku and quantity.",EXACT_SKU,EXACT,EXACT,COMPOSITION_EXACT_SOURCE,COMPOSITION_EXACT_SOURCE,UNCHANGED_EXACT_EVIDENCE,SUPPORTING,NO,HIGH,Exact 001A.0 evidence retained; no fuzzy identity.,INCLUDED_EXACT,,,,,
MAESTRO,352,4140,,0502005|0730009|0608007,,0502005,1,EXACT,"{""source"":""MAESTRO_GESTIÓN.xlsx:RENTABILIDAD_COSTOS"",""source_row"":352,""parent_code"":""0502005"",""component_slot"":""ART1"",""component_code"":""0502005"",""quantity"":""1"",""quantity_status"":""EXACT"",""is_combination_row"":""YES"",""family"":""Sofás Cama"",""model"":""Sésamo"",""finish"":""Natural"",""measure"":""80x200"",""composition_label"":""Estructura + futon 2 látex + funda_Lisa"",""product_name"":""Estructura + futon 2 látex + funda_Lisa"",""status"":""ACTIVO"",""legacy_magento_id"":""0502005"",""legacy_ean"":"""",""combination_sku_exact"":""0502005|0730009|0608007"",""combination_key_status"":""EXACT""}",EXACT_SKU,502005,EXACT,SUPPORTING_SOURCE,4140,3649,0502005|0730009|0608007,"Futón con dos capas de látex, 80x200x13 cm, Crudo",502005,NO,NO,NO,YES,1,COMPOSITION_EXACT_SOURCE,,"Evidence row; correlate by combination_sku, component_sku and quantity.",EXACT_SKU,EXACT,EXACT,COMPOSITION_EXACT_SOURCE,COMPOSITION_EXACT_SOURCE,UNCHANGED_EXACT_EVIDENCE,SUPPORTING,NO,HIGH,Exact 001A.0 evidence retained; no fuzzy identity.,INCLUDED_EXACT,,,,,
MAESTRO,352,4140,,0502005|0730009|0608007,,0608007,1,EXACT,"{""source"":""MAESTRO_GESTIÓN.xlsx:RENTABILIDAD_COSTOS"",""source_row"":352,""parent_code"":""0502005"",""component_slot"":""ART4"",""component_code"":""0608007"",""quantity"":""1"",""quantity_status"":""EXACT"",""is_combination_row"":""YES"",""family"":""Sofás Cama"",""model"":""Sésamo"",""finish"":""Natural"",""measure"":""80x200"",""composition_label"":""Estructura + futon 2 látex + funda_Lisa"",""product_name"":""Estructura + futon 2 látex + funda_Lisa"",""status"":""ACTIVO"",""legacy_magento_id"":""0502005"",""legacy_ean"":"""",""combination_sku_exact"":""0502005|0730009|0608007"",""combination_key_status"":""EXACT""}",EXACT_SKU,608007,EXACT,SUPPORTING_SOURCE,4140,3649,0502005|0730009|0608007,"Futón con dos capas de látex, 80x200x13 cm, Crudo",608007,NO,NO,NO,YES,1,COMPOSITION_EXACT_SOURCE,,"Evidence row; correlate by combination_sku, component_sku and quantity.",EXACT_SKU,EXACT,EXACT,COMPOSITION_EXACT_SOURCE,COMPOSITION_EXACT_SOURCE,UNCHANGED_EXACT_EVIDENCE,SUPPORTING,NO,HIGH,Exact 001A.0 evidence retained; no fuzzy identity.,INCLUDED_EXACT,,,,,
MAESTRO,352,4140,,0502005|0730009|0608007,,0730009,1,EXACT,"{""source"":""MAESTRO_GESTIÓN.xlsx:RENTABILIDAD_COSTOS"",""source_row"":352,""parent_code"":""0502005"",""component_slot"":""ART2"",""component_code"":""0730009"",""quantity"":""1"",""quantity_status"":""EXACT"",""is_combination_row"":""YES"",""family"":""Sofás Cama"",""model"":""Sésamo"",""finish"":""Natural"",""measure"":""80x200"",""composition_label"":""Estructura + futon 2 látex + funda_Lisa"",""product_name"":""Estructura + futon 2 látex + funda_Lisa"",""status"":""ACTIVO"",""legacy_magento_id"":""0502005"",""legacy_ean"":"""",""combination_sku_exact"":""0502005|0730009|0608007"",""combination_key_status"":""EXACT""}",EXACT_SKU,730009,EXACT,SUPPORTING_SOURCE,4140,3649,0502005|0730009|0608007,"Futón con dos capas de látex, 80x200x13 cm, Crudo",730009,NO,NO,NO,YES,1,COMPOSITION_EXACT_SOURCE,,"Evidence row; correlate by combination_sku, component_sku and quantity.",EXACT_SKU,EXACT,EXACT,COMPOSITION_EXACT_SOURCE,COMPOSITION_EXACT_SOURCE,UNCHANGED_EXACT_EVIDENCE,SUPPORTING,NO,HIGH,Exact 001A.0 evidence retained; no fuzzy identity.,INCLUDED_EXACT,,,,,
MAESTRO,355,4562,,0201001|0201001|1249001|1249001,,0201001,2,EXACT,"{""source"":""MAESTRO_GESTIÓN.xlsx:RENTABILIDAD_COSTOS"",""source_row"":355,""parent_code"":""0201001"",""component_slot"":""ART1"",""component_code"":""0201001"",""quantity"":""2"",""quantity_status"":""EXACT"",""is_combination_row"":""YES"",""family"":""Sofás Cama"",""model"":""TatamiSofa Con futon"",""finish"":""-"",""measure"":""80x200x5,5"",""composition_label"":""2 Futones Algodón + 2 tatamis"",""product_name"":""2 Futones Algodón + 2 tatamis"",""status"":""DESCATALOGADO"",""legacy_magento_id"":""0201001"",""legacy_ean"":"""",""combination_sku_exact"":""0201001|0201001|1249001|1249001"",""combination_key_status"":""EXACT""}",EXACT_SKU,201001,EXACT,SUPPORTING_SOURCE,4562,3658,0201001|0201001|1249001|1249001,"Crudo, Crudo, Sin funda, Sin funda",201001,NO,NO,NO,YES,1,COMPOSITION_EXACT_SOURCE,,"Evidence row; correlate by combination_sku, component_sku and quantity.",EXACT_SKU,EXACT,EXACT,COMPOSITION_EXACT_SOURCE,COMPOSITION_EXACT_SOURCE,UNCHANGED_EXACT_EVIDENCE,SUPPORTING,NO,HIGH,Exact 001A.0 evidence retained; no fuzzy identity.,INCLUDED_EXACT,,,,,
MAESTRO,355,4562,,0201001|0201001|1249001|1249001,,1249001,2,EXACT,"{""source"":""MAESTRO_GESTIÓN.xlsx:RENTABILIDAD_COSTOS"",""source_row"":355,""parent_code"":""0201001"",""component_slot"":""ART2"",""component_code"":""1249001"",""quantity"":""2"",""quantity_status"":""EXACT"",""is_combination_row"":""YES"",""family"":""Sofás Cama"",""model"":""TatamiSofa Con futon"",""finish"":""-"",""measure"":""80x200x5,5"",""composition_label"":""2 Futones Algodón + 2 tatamis"",""product_name"":""2 Futones Algodón + 2 tatamis"",""status"":""DESCATALOGADO"",""legacy_magento_id"":""0201001"",""legacy_ean"":"""",""combination_sku_exact"":""0201001|0201001|1249001|1249001"",""combination_key_status"":""EXACT""}",EXACT_SKU,1249001,EXACT,SUPPORTING_SOURCE,4562,3658,0201001|0201001|1249001|1249001,"Crudo, Crudo, Sin funda, Sin funda",1249001,NO,NO,NO,YES,1,COMPOSITION_EXACT_SOURCE,,"Evidence row; correlate by combination_sku, component_sku and quantity.",EXACT_SKU,EXACT,EXACT,COMPOSITION_EXACT_SOURCE,COMPOSITION_EXACT_SOURCE,UNCHANGED_EXACT_EVIDENCE,SUPPORTING,NO,HIGH,Exact 001A.0 evidence retained; no fuzzy identity.,INCLUDED_EXACT,,,,,
MAESTRO,356,4590,,0201001|0201001|1249001|1249001|0608007|0608007,,0201001,2,EXACT,"{""source"":""MAESTRO_GESTIÓN.xlsx:RENTABILIDAD_COSTOS"",""source_row"":356,""parent_code"":""0201001"",""component_slot"":""ART1"",""component_code"":""0201001"",""quantity"":""2"",""quantity_status"":""EXACT"",""is_combination_row"":""YES"",""family"":""Sofás Cama"",""model"":""TatamiSofa Con futon"",""finish"":""-"",""measure"":""80x200x5,5"",""composition_label"":""2 Futones Algodón + 2 tatamis+2fundas"",""product_name"":""2 Futones Algodón + 2 tatamis+2fundas"",""status"":""DESCATALOGADO"",""legacy_magento_id"":""0201001"",""legacy_ean"":"""",""combination_sku_exact"":""0201001|0201001|1249001|1249001|0608007|0608007"",""combination_key_status"":""EXACT""}",EXACT_SKU,201001,EXACT,SUPPORTING_SOURCE,4590,3658,0201001|0201001|1249001|1249001|0608007|0608007,"Crudo, Crudo, Crudo, Crudo",201001,NO,NO,NO,YES,1,COMPOSITION_EXACT_SOURCE,,"Evidence row; correlate by combination_sku, component_sku and quantity.",EXACT_SKU,EXACT,EXACT,COMPOSITION_EXACT_SOURCE,COMPOSITION_EXACT_SOURCE,UNCHANGED_EXACT_EVIDENCE,SUPPORTING,NO,HIGH,Exact 001A.0 evidence retained; no fuzzy identity.,INCLUDED_EXACT,,,,,
MAESTRO,356,4590,,0201001|0201001|1249001|1249001|0608007|0608007,,0608007,2,EXACT,"{""source"":""MAESTRO_GESTIÓN.xlsx:RENTABILIDAD_COSTOS"",""source_row"":356,""parent_code"":""0201001"",""component_slot"":""ART4"",""component_code"":""0608007"",""quantity"":""2"",""quantity_status"":""EXACT"",""is_combination_row"":""YES"",""family"":""Sofás Cama"",""model"":""TatamiSofa Con futon"",""finish"":""-"",""measure"":""80x200x5,5"",""composition_label"":""2 Futones Algodón + 2 tatamis+2fundas"",""product_name"":""2 Futones Algodón + 2 tatamis+2fundas"",""status"":""DESCATALOGADO"",""legacy_magento_id"":""0201001"",""legacy_ean"":"""",""combination_sku_exact"":""0201001|0201001|1249001|1249001|0608007|0608007"",""combination_key_status"":""EXACT""}",EXACT_SKU,608007,EXACT,SUPPORTING_SOURCE,4590,3658,0201001|0201001|1249001|1249001|0608007|0608007,"Crudo, Crudo, Crudo, Crudo",608007,NO,NO,NO,YES,1,COMPOSITION_EXACT_SOURCE,,"Evidence row; correlate by combination_sku, component_sku and quantity.",EXACT_SKU,EXACT,EXACT,COMPOSITION_EXACT_SOURCE,COMPOSITION_EXACT_SOURCE,UNCHANGED_EXACT_EVIDENCE,SUPPORTING,NO,HIGH,Exact 001A.0 evidence retained; no fuzzy identity.,INCLUDED_EXACT,,,,,
MAESTRO,356,4590,,0201001|0201001|1249001|1249001|0608007|0608007,,1249001,2,EXACT,"{""source"":""MAESTRO_GESTIÓN.xlsx:RENTABILIDAD_COSTOS"",""source_row"":356,""parent_code"":""0201001"",""component_slot"":""ART2"",""component_code"":""1249001"",""quantity"":""2"",""quantity_status"":""EXACT"",""is_combination_row"":""YES"",""family"":""Sofás Cama"",""model"":""TatamiSofa Con futon"",""finish"":""-"",""measure"":""80x200x5,5"",""composition_label"":""2 Futones Algodón + 2 tatamis+2fundas"",""product_name"":""2 Futones Algodón + 2 tatamis+2fundas"",""status"":""DESCATALOGADO"",""legacy_magento_id"":""0201001"",""legacy_ean"":"""",""combination_sku_exact"":""0201001|0201001|1249001|1249001|0608007|0608007"",""combination_key_status"":""EXACT""}",EXACT_SKU,1249001,EXACT,SUPPORTING_SOURCE,4590,3658,0201001|0201001|1249001|1249001|0608007|0608007,"Crudo, Crudo, Crudo, Crudo",1249001,NO,NO,NO,YES,1,COMPOSITION_EXACT_SOURCE,,"Evidence row; correlate by combination_sku, component_sku and quantity.",EXACT_SKU,EXACT,EXACT,COMPOSITION_EXACT_SOURCE,COMPOSITION_EXACT_SOURCE,UNCHANGED_EXACT_EVIDENCE,SUPPORTING,NO,HIGH,Exact 001A.0 evidence retained; no fuzzy identity.,INCLUDED_EXACT,,,,,
MAESTRO,361,4562,,0201001|0201001|1249001|1249001,,0201001,2,EXACT,"{""source"":""MAESTRO_GESTIÓN.xlsx:RENTABILIDAD_COSTOS"",""source_row"":361,""parent_code"":""0201001"",""component_slot"":""ART1"",""component_code"":""0201001"",""quantity"":""2"",""quantity_status"":""EXACT"",""is_combination_row"":""YES"",""family"":""Sofás Cama"",""model"":""TatamiSofa Con Futon Color"",""finish"":""-"",""measure"":""80x200x5,5"",""composition_label"":""2 Futones Algodón + 2 tatamis"",""product_name"":""2 Futones Algodón + 2 tatamis"",""status"":""ACTIVO"",""legacy_magento_id"":""0201001"",""legacy_ean"":"""",""combination_sku_exact"":""0201001|0201001|1249001|1249001"",""combination_key_status"":""EXACT""}",EXACT_SKU,201001,EXACT,SUPPORTING_SOURCE,4562,3658,0201001|0201001|1249001|1249001,"Crudo, Crudo, Sin funda, Sin funda",201001,NO,NO,NO,YES,1,COMPOSITION_EXACT_SOURCE,,"Evidence row; correlate by combination_sku, component_sku and quantity.",EXACT_SKU,EXACT,EXACT,COMPOSITION_EXACT_SOURCE,COMPOSITION_EXACT_SOURCE,UNCHANGED_EXACT_EVIDENCE,SUPPORTING,NO,HIGH,Exact 001A.0 evidence retained; no fuzzy identity.,INCLUDED_EXACT,,,,,
MAESTRO,361,4562,,0201001|0201001|1249001|1249001,,1249001,2,EXACT,"{""source"":""MAESTRO_GESTIÓN.xlsx:RENTABILIDAD_COSTOS"",""source_row"":361,""parent_code"":""0201001"",""component_slot"":""ART2"",""component_code"":""1249001"",""quantity"":""2"",""quantity_status"":""EXACT"",""is_combination_row"":""YES"",""family"":""Sofás Cama"",""model"":""TatamiSofa Con Futon Color"",""finish"":""-"",""measure"":""80x200x5,5"",""composition_label"":""2 Futones Algodón + 2 tatamis"",""product_name"":""2 Futones Algodón + 2 tatamis"",""status"":""ACTIVO"",""legacy_magento_id"":""0201001"",""legacy_ean"":"""",""combination_sku_exact"":""0201001|0201001|1249001|1249001"",""combination_key_status"":""EXACT""}",EXACT_SKU,1249001,EXACT,SUPPORTING_SOURCE,4562,3658,0201001|0201001|1249001|1249001,"Crudo, Crudo, Sin funda, Sin funda",1249001,NO,NO,NO,YES,1,COMPOSITION_EXACT_SOURCE,,"Evidence row; correlate by combination_sku, component_sku and quantity.",EXACT_SKU,EXACT,EXACT,COMPOSITION_EXACT_SOURCE,COMPOSITION_EXACT_SOURCE,UNCHANGED_EXACT_EVIDENCE,SUPPORTING,NO,HIGH,Exact 001A.0 evidence retained; no fuzzy identity.,INCLUDED_EXACT,,,,,
MAESTRO,37,3722,,0201002|0201002|0728002,,0201002,2,EXACT,"{""source"":""MAESTRO_GESTIÓN.xlsx:RENTABILIDAD_COSTOS"",""source_row"":37,""parent_code"":""0201002"",""component_slot"":""ART1"",""component_code"":""0201002"",""quantity"":""2"",""quantity_status"":""EXACT"",""is_combination_row"":""YES"",""family"":""Combinación TatamisFuton"",""model"":""1 capa látex"",""finish"":""1 capa látex (140x200)"",""measure"":""90x200x5,5"",""composition_label"":""2 Tatamis + Futon 1 látex"",""product_name"":""Combinación 2 Tatamis (90 x200) futón algodón 1 capa látex (140x200)"",""status"":""ACTIVO"",""legacy_magento_id"":""0201002"",""legacy_ean"":"""",""combination_sku_exact"":""0201002|0201002|0728002"",""combination_key_status"":""EXACT""}",EXACT_SKU,201002,EXACT,SUPPORTING_SOURCE,3722,3623,0201002|0201002|0728002,"140x200x14,5 cm, Con 2 tatamis de 90x200 cm",201002,NO,NO,NO,YES,1,COMPOSITION_EXACT_SOURCE,,"Evidence row; correlate by combination_sku, component_sku and quantity.",EXACT_SKU,EXACT,EXACT,COMPOSITION_EXACT_SOURCE,COMPOSITION_EXACT_SOURCE,UNCHANGED_EXACT_EVIDENCE,SUPPORTING,NO,HIGH,Exact 001A.0 evidence retained; no fuzzy identity.,INCLUDED_EXACT,,,,,
MAESTRO,37,3722,,0201002|0201002|0728002,,0728002,1,EXACT,"{""source"":""MAESTRO_GESTIÓN.xlsx:RENTABILIDAD_COSTOS"",""source_row"":37,""parent_code"":""0201002"",""component_slot"":""ART2"",""component_code"":""0728002"",""quantity"":""1"",""quantity_status"":""EXACT"",""is_combination_row"":""YES"",""family"":""Combinación TatamisFuton"",""model"":""1 capa látex"",""finish"":""1 capa látex (140x200)"",""measure"":""90x200x5,5"",""composition_label"":""2 Tatamis + Futon 1 látex"",""product_name"":""Combinación 2 Tatamis (90 x200) futón algodón 1 capa látex (140x200)"",""status"":""ACTIVO"",""legacy_magento_id"":""0201002"",""legacy_ean"":"""",""combination_sku_exact"":""0201002|0201002|0728002"",""combination_key_status"":""EXACT""}",EXACT_SKU,728002,EXACT,SUPPORTING_SOURCE,3722,3623,0201002|0201002|0728002,"140x200x14,5 cm, Con 2 tatamis de 90x200 cm",728002,NO,NO,NO,YES,1,COMPOSITION_EXACT_SOURCE,,"Evidence row; correlate by combination_sku, component_sku and quantity.",EXACT_SKU,EXACT,EXACT,COMPOSITION_EXACT_SOURCE,COMPOSITION_EXACT_SOURCE,UNCHANGED_EXACT_EVIDENCE,SUPPORTING,NO,HIGH,Exact 001A.0 evidence retained; no fuzzy identity.,INCLUDED_EXACT,,,,,
MAESTRO,38,3723,,0201002|0201002|0728003,,0201002,2,EXACT,"{""source"":""MAESTRO_GESTIÓN.xlsx:RENTABILIDAD_COSTOS"",""source_row"":38,""parent_code"":""0201002"",""component_slot"":""ART1"",""component_code"":""0201002"",""quantity"":""2"",""quantity_status"":""EXACT"",""is_combination_row"":""YES"",""family"":""Combinación TatamisFuton"",""model"":""1 capa látex"",""finish"":""1 capa látex (150x200)"",""measure"":""90x200x5,5"",""composition_label"":""2 Tatamis + Futon 1 látex"",""product_name"":""Combinación 2 Tatamis (90 x200) futón algodón 1 capa látex (150x200)"",""status"":""ACTIVO"",""legacy_magento_id"":""0201002"",""legacy_ean"":"""",""combination_sku_exact"":""0201002|0201002|0728003"",""combination_key_status"":""EXACT""}",EXACT_SKU,201002,EXACT,SUPPORTING_SOURCE,3723,3623,0201002|0201002|0728003,"150x200x14,5 cm, Con 2 tatamis de 90x200 cm",201002,NO,NO,NO,YES,1,COMPOSITION_EXACT_SOURCE,,"Evidence row; correlate by combination_sku, component_sku and quantity.",EXACT_SKU,EXACT,EXACT,COMPOSITION_EXACT_SOURCE,COMPOSITION_EXACT_SOURCE,UNCHANGED_EXACT_EVIDENCE,SUPPORTING,NO,HIGH,Exact 001A.0 evidence retained; no fuzzy identity.,INCLUDED_EXACT,,,,,
MAESTRO,38,3723,,0201002|0201002|0728003,,0728003,1,EXACT,"{""source"":""MAESTRO_GESTIÓN.xlsx:RENTABILIDAD_COSTOS"",""source_row"":38,""parent_code"":""0201002"",""component_slot"":""ART2"",""component_code"":""0728003"",""quantity"":""1"",""quantity_status"":""EXACT"",""is_combination_row"":""YES"",""family"":""Combinación TatamisFuton"",""model"":""1 capa látex"",""finish"":""1 capa látex (150x200)"",""measure"":""90x200x5,5"",""composition_label"":""2 Tatamis + Futon 1 látex"",""product_name"":""Combinación 2 Tatamis (90 x200) futón algodón 1 capa látex (150x200)"",""status"":""ACTIVO"",""legacy_magento_id"":""0201002"",""legacy_ean"":"""",""combination_sku_exact"":""0201002|0201002|0728003"",""combination_key_status"":""EXACT""}",EXACT_SKU,728003,EXACT,SUPPORTING_SOURCE,3723,3623,0201002|0201002|0728003,"150x200x14,5 cm, Con 2 tatamis de 90x200 cm",728003,NO,NO,NO,YES,1,COMPOSITION_EXACT_SOURCE,,"Evidence row; correlate by combination_sku, component_sku and quantity.",EXACT_SKU,EXACT,EXACT,COMPOSITION_EXACT_SOURCE,COMPOSITION_EXACT_SOURCE,UNCHANGED_EXACT_EVIDENCE,SUPPORTING,NO,HIGH,Exact 001A.0 evidence retained; no fuzzy identity.,INCLUDED_EXACT,,,,,
MAESTRO,380,8235,,0502012|0724004,,0502012,1,EXACT,"{""source"":""MAESTRO_GESTIÓN.xlsx:RENTABILIDAD_COSTOS"",""source_row"":380,""parent_code"":""0502012"",""component_slot"":""ART1"",""component_code"":""0502012"",""quantity"":""1"",""quantity_status"":""EXACT"",""is_combination_row"":""YES"",""family"":""Sofás Cama"",""model"":""Yokahoma"",""finish"":""Natural"",""measure"":""150x200"",""composition_label"":""Estructura + futonAlg"",""product_name"":""Estructura + futonAlg"",""status"":""ACTIVO"",""legacy_magento_id"":""0502012"",""legacy_ean"":"""",""combination_sku_exact"":""0502012|0724004"",""combination_key_status"":""EXACT""}",EXACT_SKU,502012,EXACT,SUPPORTING_SOURCE,8235,3651,0502012|0724004,"Futón de algodón, 150x200x14,5 cm, Sin funda, Sin cajón",502012,NO,NO,NO,YES,1,COMPOSITION_EXACT_SOURCE,,"Evidence row; correlate by combination_sku, component_sku and quantity.",EXACT_SKU,EXACT,EXACT,COMPOSITION_EXACT_SOURCE,COMPOSITION_EXACT_SOURCE,UNCHANGED_EXACT_EVIDENCE,SUPPORTING,NO,HIGH,Exact 001A.0 evidence retained; no fuzzy identity.,INCLUDED_EXACT,,,,,
MAESTRO,380,8235,,0502012|0724004,,0724004,1,EXACT,"{""source"":""MAESTRO_GESTIÓN.xlsx:RENTABILIDAD_COSTOS"",""source_row"":380,""parent_code"":""0502012"",""component_slot"":""ART2"",""component_code"":""0724004"",""quantity"":""1"",""quantity_status"":""EXACT"",""is_combination_row"":""YES"",""family"":""Sofás Cama"",""model"":""Yokahoma"",""finish"":""Natural"",""measure"":""150x200"",""composition_label"":""Estructura + futonAlg"",""product_name"":""Estructura + futonAlg"",""status"":""ACTIVO"",""legacy_magento_id"":""0502012"",""legacy_ean"":"""",""combination_sku_exact"":""0502012|0724004"",""combination_key_status"":""EXACT""}",EXACT_SKU,724004,EXACT,SUPPORTING_SOURCE,8235,3651,0502012|0724004,"Futón de algodón, 150x200x14,5 cm, Sin funda, Sin cajón",724004,NO,NO,NO,YES,1,COMPOSITION_EXACT_SOURCE,,"Evidence row; correlate by combination_sku, component_sku and quantity.",EXACT_SKU,EXACT,EXACT,COMPOSITION_EXACT_SOURCE,COMPOSITION_EXACT_SOURCE,UNCHANGED_EXACT_EVIDENCE,SUPPORTING,NO,HIGH,Exact 001A.0 evidence retained; no fuzzy identity.,INCLUDED_EXACT,,,,,
MAESTRO,381,4320,,0502012|0724004|0608004,,0502012,1,EXACT,"{""source"":""MAESTRO_GESTIÓN.xlsx:RENTABILIDAD_COSTOS"",""source_row"":381,""parent_code"":""0502012"",""component_slot"":""ART1"",""component_code"":""0502012"",""quantity"":""1"",""quantity_status"":""EXACT"",""is_combination_row"":""YES"",""family"":""Sofás Cama"",""model"":""Yokahoma"",""finish"":""Natural"",""measure"":""150x200"",""composition_label"":""Estructura + futonAlg + funda_lisa"",""product_name"":""Estructura + futonAlg + funda_lisa"",""status"":""ACTIVO"",""legacy_magento_id"":""0502012"",""legacy_ean"":"""",""combination_sku_exact"":""0502012|0724004|0608004"",""combination_key_status"":""EXACT""}",EXACT_SKU,502012,EXACT,SUPPORTING_SOURCE,4320,3651,0502012|0724004|0608004,"Futón de algodón, 150x200x14,5 cm, Crudo, Sin cajón",502012,NO,NO,NO,YES,1,COMPOSITION_EXACT_SOURCE,,"Evidence row; correlate by combination_sku, component_sku and quantity.",EXACT_SKU,EXACT,EXACT,COMPOSITION_EXACT_SOURCE,COMPOSITION_EXACT_SOURCE,UNCHANGED_EXACT_EVIDENCE,SUPPORTING,NO,HIGH,Exact 001A.0 evidence retained; no fuzzy identity.,INCLUDED_EXACT,,,,,
MAESTRO,381,4320,,0502012|0724004|0608004,,0608004,1,EXACT,"{""source"":""MAESTRO_GESTIÓN.xlsx:RENTABILIDAD_COSTOS"",""source_row"":381,""parent_code"":""0502012"",""component_slot"":""ART4"",""component_code"":""0608004"",""quantity"":""1"",""quantity_status"":""EXACT"",""is_combination_row"":""YES"",""family"":""Sofás Cama"",""model"":""Yokahoma"",""finish"":""Natural"",""measure"":""150x200"",""composition_label"":""Estructura + futonAlg + funda_lisa"",""product_name"":""Estructura + futonAlg + funda_lisa"",""status"":""ACTIVO"",""legacy_magento_id"":""0502012"",""legacy_ean"":"""",""combination_sku_exact"":""0502012|0724004|0608004"",""combination_key_status"":""EXACT""}",EXACT_SKU,608004,EXACT,SUPPORTING_SOURCE,4320,3651,0502012|0724004|0608004,"Futón de algodón, 150x200x14,5 cm, Crudo, Sin cajón",608004,NO,NO,NO,YES,1,COMPOSITION_EXACT_SOURCE,,"Evidence row; correlate by combination_sku, component_sku and quantity.",EXACT_SKU,EXACT,EXACT,COMPOSITION_EXACT_SOURCE,COMPOSITION_EXACT_SOURCE,UNCHANGED_EXACT_EVIDENCE,SUPPORTING,NO,HIGH,Exact 001A.0 evidence retained; no fuzzy identity.,INCLUDED_EXACT,,,,,
MAESTRO,381,4320,,0502012|0724004|0608004,,0724004,1,EXACT,"{""source"":""MAESTRO_GESTIÓN.xlsx:RENTABILIDAD_COSTOS"",""source_row"":381,""parent_code"":""0502012"",""component_slot"":""ART2"",""component_code"":""0724004"",""quantity"":""1"",""quantity_status"":""EXACT"",""is_combination_row"":""YES"",""family"":""Sofás Cama"",""model"":""Yokahoma"",""finish"":""Natural"",""measure"":""150x200"",""composition_label"":""Estructura + futonAlg + funda_lisa"",""product_name"":""Estructura + futonAlg + funda_lisa"",""status"":""ACTIVO"",""legacy_magento_id"":""0502012"",""legacy_ean"":"""",""combination_sku_exact"":""0502012|0724004|0608004"",""combination_key_status"":""EXACT""}",EXACT_SKU,724004,EXACT,SUPPORTING_SOURCE,4320,3651,0502012|0724004|0608004,"Futón de algodón, 150x200x14,5 cm, Crudo, Sin cajón",724004,NO,NO,NO,YES,1,COMPOSITION_EXACT_SOURCE,,"Evidence row; correlate by combination_sku, component_sku and quantity.",EXACT_SKU,EXACT,EXACT,COMPOSITION_EXACT_SOURCE,COMPOSITION_EXACT_SOURCE,UNCHANGED_EXACT_EVIDENCE,SUPPORTING,NO,HIGH,Exact 001A.0 evidence retained; no fuzzy identity.,INCLUDED_EXACT,,,,,
MAESTRO,382,6285,,0502012|0724004|0617004,,0502012,1,EXACT,"{""source"":""MAESTRO_GESTIÓN.xlsx:RENTABILIDAD_COSTOS"",""source_row"":382,""parent_code"":""0502012"",""component_slot"":""ART1"",""component_code"":""0502012"",""quantity"":""1"",""quantity_status"":""EXACT"",""is_combination_row"":""YES"",""family"":""Sofás Cama"",""model"":""Yokahoma"",""finish"":""Natural"",""measure"":""150x200"",""composition_label"":""Estructura + futonAlg + funda_GrisJaspeada"",""product_name"":""Estructura + futonAlg + funda_GrisJaspeada"",""status"":""ACTIVO"",""legacy_magento_id"":""0502012"",""legacy_ean"":"""",""combination_sku_exact"":""0502012|0724004|0617004"",""combination_key_status"":""EXACT""}",EXACT_SKU,502012,EXACT,SUPPORTING_SOURCE,6285,3651,0502012|0724004|0617004,"Futón de algodón, 150x200x14,5 cm, Gris jaspeado, Sin cajón",502012,NO,NO,NO,YES,1,COMPOSITION_EXACT_SOURCE,,"Evidence row; correlate by combination_sku, component_sku and quantity.",EXACT_SKU,EXACT,EXACT,COMPOSITION_EXACT_SOURCE,COMPOSITION_EXACT_SOURCE,UNCHANGED_EXACT_EVIDENCE,SUPPORTING,NO,HIGH,Exact 001A.0 evidence retained; no fuzzy identity.,INCLUDED_EXACT,,,,,
MAESTRO,382,6285,,0502012|0724004|0617004,,0617004,1,EXACT,"{""source"":""MAESTRO_GESTIÓN.xlsx:RENTABILIDAD_COSTOS"",""source_row"":382,""parent_code"":""0502012"",""component_slot"":""ART4"",""component_code"":""0617004"",""quantity"":""1"",""quantity_status"":""EXACT"",""is_combination_row"":""YES"",""family"":""Sofás Cama"",""model"":""Yokahoma"",""finish"":""Natural"",""measure"":""150x200"",""composition_label"":""Estructura + futonAlg + funda_GrisJaspeada"",""product_name"":""Estructura + futonAlg + funda_GrisJaspeada"",""status"":""ACTIVO"",""legacy_magento_id"":""0502012"",""legacy_ean"":"""",""combination_sku_exact"":""0502012|0724004|0617004"",""combination_key_status"":""EXACT""}",EXACT_SKU,617004,EXACT,SUPPORTING_SOURCE,6285,3651,0502012|0724004|0617004,"Futón de algodón, 150x200x14,5 cm, Gris jaspeado, Sin cajón",617004,NO,NO,NO,YES,1,COMPOSITION_EXACT_SOURCE,,"Evidence row; correlate by combination_sku, component_sku and quantity.",EXACT_SKU,EXACT,EXACT,COMPOSITION_EXACT_SOURCE,COMPOSITION_EXACT_SOURCE,UNCHANGED_EXACT_EVIDENCE,SUPPORTING,NO,HIGH,Exact 001A.0 evidence retained; no fuzzy identity.,INCLUDED_EXACT,,,,,
MAESTRO,382,6285,,0502012|0724004|0617004,,0724004,1,EXACT,"{""source"":""MAESTRO_GESTIÓN.xlsx:RENTABILIDAD_COSTOS"",""source_row"":382,""parent_code"":""0502012"",""component_slot"":""ART2"",""component_code"":""0724004"",""quantity"":""1"",""quantity_status"":""EXACT"",""is_combination_row"":""YES"",""family"":""Sofás Cama"",""model"":""Yokahoma"",""finish"":""Natural"",""measure"":""150x200"",""composition_label"":""Estructura + futonAlg + funda_GrisJaspeada"",""product_name"":""Estructura + futonAlg + funda_GrisJaspeada"",""status"":""ACTIVO"",""legacy_magento_id"":""0502012"",""legacy_ean"":"""",""combination_sku_exact"":""0502012|0724004|0617004"",""combination_key_status"":""EXACT""}",EXACT_SKU,724004,EXACT,SUPPORTING_SOURCE,6285,3651,0502012|0724004|0617004,"Futón de algodón, 150x200x14,5 cm, Gris jaspeado, Sin cajón",724004,NO,NO,NO,YES,1,COMPOSITION_EXACT_SOURCE,,"Evidence row; correlate by combination_sku, component_sku and quantity.",EXACT_SKU,EXACT,EXACT,COMPOSITION_EXACT_SOURCE,COMPOSITION_EXACT_SOURCE,UNCHANGED_EXACT_EVIDENCE,SUPPORTING,NO,HIGH,Exact 001A.0 evidence retained; no fuzzy identity.,INCLUDED_EXACT,,,,,
MAESTRO,383,4292,,0502012|0728003,,0502012,1,EXACT,"{""source"":""MAESTRO_GESTIÓN.xlsx:RENTABILIDAD_COSTOS"",""source_row"":383,""parent_code"":""0502012"",""component_slot"":""ART1"",""component_code"":""0502012"",""quantity"":""1"",""quantity_status"":""EXACT"",""is_combination_row"":""YES"",""family"":""Sofás Cama"",""model"":""Yokahoma"",""finish"":""Natural"",""measure"":""150x200"",""composition_label"":""Estructura + futon 1 látex"",""product_name"":""Estructura + futon 1 látex"",""status"":""ACTIVO"",""legacy_magento_id"":""0502012"",""legacy_ean"":"""",""combination_sku_exact"":""0502012|0728003"",""combination_key_status"":""EXACT""}",EXACT_SKU,502012,EXACT,SUPPORTING_SOURCE,4292,3651,0502012|0728003,"Futón con una capa de látex, 150x200x14,5 cm, Sin funda, Sin cajón",502012,NO,NO,NO,YES,1,COMPOSITION_EXACT_SOURCE,,"Evidence row; correlate by combination_sku, component_sku and quantity.",EXACT_SKU,EXACT,EXACT,COMPOSITION_EXACT_SOURCE,COMPOSITION_EXACT_SOURCE,UNCHANGED_EXACT_EVIDENCE,SUPPORTING,NO,HIGH,Exact 001A.0 evidence retained; no fuzzy identity.,INCLUDED_EXACT,,,,,
MAESTRO,383,4292,,0502012|0728003,,0728003,1,EXACT,"{""source"":""MAESTRO_GESTIÓN.xlsx:RENTABILIDAD_COSTOS"",""source_row"":383,""parent_code"":""0502012"",""component_slot"":""ART2"",""component_code"":""0728003"",""quantity"":""1"",""quantity_status"":""EXACT"",""is_combination_row"":""YES"",""family"":""Sofás Cama"",""model"":""Yokahoma"",""finish"":""Natural"",""measure"":""150x200"",""composition_label"":""Estructura + futon 1 látex"",""product_name"":""Estructura + futon 1 látex"",""status"":""ACTIVO"",""legacy_magento_id"":""0502012"",""legacy_ean"":"""",""combination_sku_exact"":""0502012|0728003"",""combination_key_status"":""EXACT""}",EXACT_SKU,728003,EXACT,SUPPORTING_SOURCE,4292,3651,0502012|0728003,"Futón con una capa de látex, 150x200x14,5 cm, Sin funda, Sin cajón",728003,NO,NO,NO,YES,1,COMPOSITION_EXACT_SOURCE,,"Evidence row; correlate by combination_sku, component_sku and quantity.",EXACT_SKU,EXACT,EXACT,COMPOSITION_EXACT_SOURCE,COMPOSITION_EXACT_SOURCE,UNCHANGED_EXACT_EVIDENCE,SUPPORTING,NO,HIGH,Exact 001A.0 evidence retained; no fuzzy identity.,INCLUDED_EXACT,,,,,
MAESTRO,384,4296,,0502012|0728003|0608004,,0502012,1,EXACT,"{""source"":""MAESTRO_GESTIÓN.xlsx:RENTABILIDAD_COSTOS"",""source_row"":384,""parent_code"":""0502012"",""component_slot"":""ART1"",""component_code"":""0502012"",""quantity"":""1"",""quantity_status"":""EXACT"",""is_combination_row"":""YES"",""family"":""Sofás Cama"",""model"":""Yokahoma"",""finish"":""Natural"",""measure"":""150x200"",""composition_label"":""Estructura + futon 1 látex + funda_lisa"",""product_name"":""Estructura + futon 1 látex + funda_lisa"",""status"":""ACTIVO"",""legacy_magento_id"":""0502012"",""legacy_ean"":"""",""combination_sku_exact"":""0502012|0728003|0608004"",""combination_key_status"":""EXACT""}",EXACT_SKU,502012,EXACT,SUPPORTING_SOURCE,4296,3651,0502012|0728003|0608004,"Futón con una capa de látex, 150x200x14,5 cm, Crudo, Sin cajón",502012,NO,NO,NO,YES,1,COMPOSITION_EXACT_SOURCE,,"Evidence row; correlate by combination_sku, component_sku and quantity.",EXACT_SKU,EXACT,EXACT,COMPOSITION_EXACT_SOURCE,COMPOSITION_EXACT_SOURCE,UNCHANGED_EXACT_EVIDENCE,SUPPORTING,NO,HIGH,Exact 001A.0 evidence retained; no fuzzy identity.,INCLUDED_EXACT,,,,,
MAESTRO,384,4296,,0502012|0728003|0608004,,0608004,1,EXACT,"{""source"":""MAESTRO_GESTIÓN.xlsx:RENTABILIDAD_COSTOS"",""source_row"":384,""parent_code"":""0502012"",""component_slot"":""ART4"",""component_code"":""0608004"",""quantity"":""1"",""quantity_status"":""EXACT"",""is_combination_row"":""YES"",""family"":""Sofás Cama"",""model"":""Yokahoma"",""finish"":""Natural"",""measure"":""150x200"",""composition_label"":""Estructura + futon 1 látex + funda_lisa"",""product_name"":""Estructura + futon 1 látex + funda_lisa"",""status"":""ACTIVO"",""legacy_magento_id"":""0502012"",""legacy_ean"":"""",""combination_sku_exact"":""0502012|0728003|0608004"",""combination_key_status"":""EXACT""}",EXACT_SKU,608004,EXACT,SUPPORTING_SOURCE,4296,3651,0502012|0728003|0608004,"Futón con una capa de látex, 150x200x14,5 cm, Crudo, Sin cajón",608004,NO,NO,NO,YES,1,COMPOSITION_EXACT_SOURCE,,"Evidence row; correlate by combination_sku, component_sku and quantity.",EXACT_SKU,EXACT,EXACT,COMPOSITION_EXACT_SOURCE,COMPOSITION_EXACT_SOURCE,UNCHANGED_EXACT_EVIDENCE,SUPPORTING,NO,HIGH,Exact 001A.0 evidence retained; no fuzzy identity.,INCLUDED_EXACT,,,,,
MAESTRO,384,4296,,0502012|0728003|0608004,,0728003,1,EXACT,"{""source"":""MAESTRO_GESTIÓN.xlsx:RENTABILIDAD_COSTOS"",""source_row"":384,""parent_code"":""0502012"",""component_slot"":""ART2"",""component_code"":""0728003"",""quantity"":""1"",""quantity_status"":""EXACT"",""is_combination_row"":""YES"",""family"":""Sofás Cama"",""model"":""Yokahoma"",""finish"":""Natural"",""measure"":""150x200"",""composition_label"":""Estructura + futon 1 látex + funda_lisa"",""product_name"":""Estructura + futon 1 látex + funda_lisa"",""status"":""ACTIVO"",""legacy_magento_id"":""0502012"",""legacy_ean"":"""",""combination_sku_exact"":""0502012|0728003|0608004"",""combination_key_status"":""EXACT""}",EXACT_SKU,728003,EXACT,SUPPORTING_SOURCE,4296,3651,0502012|0728003|0608004,"Futón con una capa de látex, 150x200x14,5 cm, Crudo, Sin cajón",728003,NO,NO,NO,YES,1,COMPOSITION_EXACT_SOURCE,,"Evidence row; correlate by combination_sku, component_sku and quantity.",EXACT_SKU,EXACT,EXACT,COMPOSITION_EXACT_SOURCE,COMPOSITION_EXACT_SOURCE,UNCHANGED_EXACT_EVIDENCE,SUPPORTING,NO,HIGH,Exact 001A.0 evidence retained; no fuzzy identity.,INCLUDED_EXACT,,,,,
MAESTRO,385,9441,,0502012|0728003|0617004,,0502012,1,EXACT,"{""source"":""MAESTRO_GESTIÓN.xlsx:RENTABILIDAD_COSTOS"",""source_row"":385,""parent_code"":""0502012"",""component_slot"":""ART1"",""component_code"":""0502012"",""quantity"":""1"",""quantity_status"":""EXACT"",""is_combination_row"":""YES"",""family"":""Sofás Cama"",""model"":""Yokahoma"",""finish"":""Natural"",""measure"":""150x200"",""composition_label"":""Estructura + futon 1 látex + funda_GrisJaspeada"",""product_name"":""Estructura + futon 1 látex + funda_GrisJaspeada"",""status"":""ACTIVO"",""legacy_magento_id"":""0502012"",""legacy_ean"":"""",""combination_sku_exact"":""0502012|0728003|0617004"",""combination_key_status"":""EXACT""}",EXACT_SKU,502012,EXACT,SUPPORTING_SOURCE,9441,3651,0502012|0728003|0617004,"Futón con una capa de látex, 150x200x14,5 cm, Gris jaspeado, Sin cajón",502012,NO,NO,NO,YES,1,COMPOSITION_EXACT_SOURCE,,"Evidence row; correlate by combination_sku, component_sku and quantity.",EXACT_SKU,EXACT,EXACT,COMPOSITION_EXACT_SOURCE,COMPOSITION_EXACT_SOURCE,UNCHANGED_EXACT_EVIDENCE,SUPPORTING,NO,HIGH,Exact 001A.0 evidence retained; no fuzzy identity.,INCLUDED_EXACT,,,,,
MAESTRO,385,9441,,0502012|0728003|0617004,,0617004,1,EXACT,"{""source"":""MAESTRO_GESTIÓN.xlsx:RENTABILIDAD_COSTOS"",""source_row"":385,""parent_code"":""0502012"",""component_slot"":""ART4"",""component_code"":""0617004"",""quantity"":""1"",""quantity_status"":""EXACT"",""is_combination_row"":""YES"",""family"":""Sofás Cama"",""model"":""Yokahoma"",""finish"":""Natural"",""measure"":""150x200"",""composition_label"":""Estructura + futon 1 látex + funda_GrisJaspeada"",""product_name"":""Estructura + futon 1 látex + funda_GrisJaspeada"",""status"":""ACTIVO"",""legacy_magento_id"":""0502012"",""legacy_ean"":"""",""combination_sku_exact"":""0502012|0728003|0617004"",""combination_key_status"":""EXACT""}",EXACT_SKU,617004,EXACT,SUPPORTING_SOURCE,9441,3651,0502012|0728003|0617004,"Futón con una capa de látex, 150x200x14,5 cm, Gris jaspeado, Sin cajón",617004,NO,NO,NO,YES,1,COMPOSITION_EXACT_SOURCE,,"Evidence row; correlate by combination_sku, component_sku and quantity.",EXACT_SKU,EXACT,EXACT,COMPOSITION_EXACT_SOURCE,COMPOSITION_EXACT_SOURCE,UNCHANGED_EXACT_EVIDENCE,SUPPORTING,NO,HIGH,Exact 001A.0 evidence retained; no fuzzy identity.,INCLUDED_EXACT,,,,,
MAESTRO,385,9441,,0502012|0728003|0617004,,0728003,1,EXACT,"{""source"":""MAESTRO_GESTIÓN.xlsx:RENTABILIDAD_COSTOS"",""source_row"":385,""parent_code"":""0502012"",""component_slot"":""ART2"",""component_code"":""0728003"",""quantity"":""1"",""quantity_status"":""EXACT"",""is_combination_row"":""YES"",""family"":""Sofás Cama"",""model"":""Yokahoma"",""finish"":""Natural"",""measure"":""150x200"",""composition_label"":""Estructura + futon 1 látex + funda_GrisJaspeada"",""product_name"":""Estructura + futon 1 látex + funda_GrisJaspeada"",""status"":""ACTIVO"",""legacy_magento_id"":""0502012"",""legacy_ean"":"""",""combination_sku_exact"":""0502012|0728003|0617004"",""combination_key_status"":""EXACT""}",EXACT_SKU,728003,EXACT,SUPPORTING_SOURCE,9441,3651,0502012|0728003|0617004,"Futón con una capa de látex, 150x200x14,5 cm, Gris jaspeado, Sin cajón",728003,NO,NO,NO,YES,1,COMPOSITION_EXACT_SOURCE,,"Evidence row; correlate by combination_sku, component_sku and quantity.",EXACT_SKU,EXACT,EXACT,COMPOSITION_EXACT_SOURCE,COMPOSITION_EXACT_SOURCE,UNCHANGED_EXACT_EVIDENCE,SUPPORTING,NO,HIGH,Exact 001A.0 evidence retained; no fuzzy identity.,INCLUDED_EXACT,,,,,
MAESTRO,386,9526,,0502012|0730003,,0502012,1,EXACT,"{""source"":""MAESTRO_GESTIÓN.xlsx:RENTABILIDAD_COSTOS"",""source_row"":386,""parent_code"":""0502012"",""component_slot"":""ART1"",""component_code"":""0502012"",""quantity"":""1"",""quantity_status"":""EXACT"",""is_combination_row"":""YES"",""family"":""Sofás Cama"",""model"":""Yokahoma"",""finish"":""Natural"",""measure"":""150x200"",""composition_label"":""Estructura + futon 2 látex"",""product_name"":""Estructura + futon 2 látex"",""status"":""ACTIVO"",""legacy_magento_id"":""0502012"",""legacy_ean"":"""",""combination_sku_exact"":""0502012|0730003"",""combination_key_status"":""EXACT""}",EXACT_SKU,502012,EXACT,SUPPORTING_SOURCE,9526,3651,0502012|0730003,"Futón con dos capas de látex, 150x200x14,5 cm, Sin funda, Sin cajón",502012,NO,NO,NO,YES,1,COMPOSITION_EXACT_SOURCE,,"Evidence row; correlate by combination_sku, component_sku and quantity.",EXACT_SKU,EXACT,EXACT,COMPOSITION_EXACT_SOURCE,COMPOSITION_EXACT_SOURCE,UNCHANGED_EXACT_EVIDENCE,SUPPORTING,NO,HIGH,Exact 001A.0 evidence retained; no fuzzy identity.,INCLUDED_EXACT,,,,,
MAESTRO,386,9526,,0502012|0730003,,0730003,1,EXACT,"{""source"":""MAESTRO_GESTIÓN.xlsx:RENTABILIDAD_COSTOS"",""source_row"":386,""parent_code"":""0502012"",""component_slot"":""ART2"",""component_code"":""0730003"",""quantity"":""1"",""quantity_status"":""EXACT"",""is_combination_row"":""YES"",""family"":""Sofás Cama"",""model"":""Yokahoma"",""finish"":""Natural"",""measure"":""150x200"",""composition_label"":""Estructura + futon 2 látex"",""product_name"":""Estructura + futon 2 látex"",""status"":""ACTIVO"",""legacy_magento_id"":""0502012"",""legacy_ean"":"""",""combination_sku_exact"":""0502012|0730003"",""combination_key_status"":""EXACT""}",EXACT_SKU,730003,EXACT,SUPPORTING_SOURCE,9526,3651,0502012|0730003,"Futón con dos capas de látex, 150x200x14,5 cm, Sin funda, Sin cajón",730003,NO,NO,NO,YES,1,COMPOSITION_EXACT_SOURCE,,"Evidence row; correlate by combination_sku, component_sku and quantity.",EXACT_SKU,EXACT,EXACT,COMPOSITION_EXACT_SOURCE,COMPOSITION_EXACT_SOURCE,UNCHANGED_EXACT_EVIDENCE,SUPPORTING,NO,HIGH,Exact 001A.0 evidence retained; no fuzzy identity.,INCLUDED_EXACT,,,,,
MAESTRO,387,4308,,0502012|0730003|0608004,,0502012,1,EXACT,"{""source"":""MAESTRO_GESTIÓN.xlsx:RENTABILIDAD_COSTOS"",""source_row"":387,""parent_code"":""0502012"",""component_slot"":""ART1"",""component_code"":""0502012"",""quantity"":""1"",""quantity_status"":""EXACT"",""is_combination_row"":""YES"",""family"":""Sofás Cama"",""model"":""Yokahoma"",""finish"":""Natural"",""measure"":""150x200"",""composition_label"":""Estructura + futon 2 látex + funda_Lisa"",""product_name"":""Estructura + futon 2 látex + funda_Lisa"",""status"":""ACTIVO"",""legacy_magento_id"":""0502012"",""legacy_ean"":"""",""combination_sku_exact"":""0502012|0730003|0608004"",""combination_key_status"":""EXACT""}",EXACT_SKU,502012,EXACT,SUPPORTING_SOURCE,4308,3651,0502012|0730003|0608004,"Futón con dos capas de látex, 150x200x14,5 cm, Crudo, Sin cajón",502012,NO,NO,NO,YES,1,COMPOSITION_EXACT_SOURCE,,"Evidence row; correlate by combination_sku, component_sku and quantity.",EXACT_SKU,EXACT,EXACT,COMPOSITION_EXACT_SOURCE,COMPOSITION_EXACT_SOURCE,UNCHANGED_EXACT_EVIDENCE,SUPPORTING,NO,HIGH,Exact 001A.0 evidence retained; no fuzzy identity.,INCLUDED_EXACT,,,,,
MAESTRO,387,4308,,0502012|0730003|0608004,,0608004,1,EXACT,"{""source"":""MAESTRO_GESTIÓN.xlsx:RENTABILIDAD_COSTOS"",""source_row"":387,""parent_code"":""0502012"",""component_slot"":""ART4"",""component_code"":""0608004"",""quantity"":""1"",""quantity_status"":""EXACT"",""is_combination_row"":""YES"",""family"":""Sofás Cama"",""model"":""Yokahoma"",""finish"":""Natural"",""measure"":""150x200"",""composition_label"":""Estructura + futon 2 látex + funda_Lisa"",""product_name"":""Estructura + futon 2 látex + funda_Lisa"",""status"":""ACTIVO"",""legacy_magento_id"":""0502012"",""legacy_ean"":"""",""combination_sku_exact"":""0502012|0730003|0608004"",""combination_key_status"":""EXACT""}",EXACT_SKU,608004,EXACT,SUPPORTING_SOURCE,4308,3651,0502012|0730003|0608004,"Futón con dos capas de látex, 150x200x14,5 cm, Crudo, Sin cajón",608004,NO,NO,NO,YES,1,COMPOSITION_EXACT_SOURCE,,"Evidence row; correlate by combination_sku, component_sku and quantity.",EXACT_SKU,EXACT,EXACT,COMPOSITION_EXACT_SOURCE,COMPOSITION_EXACT_SOURCE,UNCHANGED_EXACT_EVIDENCE,SUPPORTING,NO,HIGH,Exact 001A.0 evidence retained; no fuzzy identity.,INCLUDED_EXACT,,,,,
MAESTRO,387,4308,,0502012|0730003|0608004,,0730003,1,EXACT,"{""source"":""MAESTRO_GESTIÓN.xlsx:RENTABILIDAD_COSTOS"",""source_row"":387,""parent_code"":""0502012"",""component_slot"":""ART2"",""component_code"":""0730003"",""quantity"":""1"",""quantity_status"":""EXACT"",""is_combination_row"":""YES"",""family"":""Sofás Cama"",""model"":""Yokahoma"",""finish"":""Natural"",""measure"":""150x200"",""composition_label"":""Estructura + futon 2 látex + funda_Lisa"",""product_name"":""Estructura + futon 2 látex + funda_Lisa"",""status"":""ACTIVO"",""legacy_magento_id"":""0502012"",""legacy_ean"":"""",""combination_sku_exact"":""0502012|0730003|0608004"",""combination_key_status"":""EXACT""}",EXACT_SKU,730003,EXACT,SUPPORTING_SOURCE,4308,3651,0502012|0730003|0608004,"Futón con dos capas de látex, 150x200x14,5 cm, Crudo, Sin cajón",730003,NO,NO,NO,YES,1,COMPOSITION_EXACT_SOURCE,,"Evidence row; correlate by combination_sku, component_sku and quantity.",EXACT_SKU,EXACT,EXACT,COMPOSITION_EXACT_SOURCE,COMPOSITION_EXACT_SOURCE,UNCHANGED_EXACT_EVIDENCE,SUPPORTING,NO,HIGH,Exact 001A.0 evidence retained; no fuzzy identity.,INCLUDED_EXACT,,,,,
MAESTRO,388,9447,,0502012|0730003|0617004,,0502012,1,EXACT,"{""source"":""MAESTRO_GESTIÓN.xlsx:RENTABILIDAD_COSTOS"",""source_row"":388,""parent_code"":""0502012"",""component_slot"":""ART1"",""component_code"":""0502012"",""quantity"":""1"",""quantity_status"":""EXACT"",""is_combination_row"":""YES"",""family"":""Sofás Cama"",""model"":""Yokahoma"",""finish"":""Natural"",""measure"":""150x200"",""composition_label"":""Estructura + futon 2 látex + funda_GrisJaspeada"",""product_name"":""Estructura + futonAlg + funda_GrisJaspeada"",""status"":""ACTIVO"",""legacy_magento_id"":""0502012"",""legacy_ean"":"""",""combination_sku_exact"":""0502012|0730003|0617004"",""combination_key_status"":""EXACT""}",EXACT_SKU,502012,EXACT,SUPPORTING_SOURCE,9447,3651,0502012|0730003|0617004,"Futón con dos capas de látex, 150x200x14,5 cm, Gris jaspeado, Sin cajón",502012,NO,NO,NO,YES,1,COMPOSITION_EXACT_SOURCE,,"Evidence row; correlate by combination_sku, component_sku and quantity.",EXACT_SKU,EXACT,EXACT,COMPOSITION_EXACT_SOURCE,COMPOSITION_EXACT_SOURCE,UNCHANGED_EXACT_EVIDENCE,SUPPORTING,NO,HIGH,Exact 001A.0 evidence retained; no fuzzy identity.,INCLUDED_EXACT,,,,,
MAESTRO,388,9447,,0502012|0730003|0617004,,0617004,1,EXACT,"{""source"":""MAESTRO_GESTIÓN.xlsx:RENTABILIDAD_COSTOS"",""source_row"":388,""parent_code"":""0502012"",""component_slot"":""ART4"",""component_code"":""0617004"",""quantity"":""1"",""quantity_status"":""EXACT"",""is_combination_row"":""YES"",""family"":""Sofás Cama"",""model"":""Yokahoma"",""finish"":""Natural"",""measure"":""150x200"",""composition_label"":""Estructura + futon 2 látex + funda_GrisJaspeada"",""product_name"":""Estructura + futonAlg + funda_GrisJaspeada"",""status"":""ACTIVO"",""legacy_magento_id"":""0502012"",""legacy_ean"":"""",""combination_sku_exact"":""0502012|0730003|0617004"",""combination_key_status"":""EXACT""}",EXACT_SKU,617004,EXACT,SUPPORTING_SOURCE,9447,3651,0502012|0730003|0617004,"Futón con dos capas de látex, 150x200x14,5 cm, Gris jaspeado, Sin cajón",617004,NO,NO,NO,YES,1,COMPOSITION_EXACT_SOURCE,,"Evidence row; correlate by combination_sku, component_sku and quantity.",EXACT_SKU,EXACT,EXACT,COMPOSITION_EXACT_SOURCE,COMPOSITION_EXACT_SOURCE,UNCHANGED_EXACT_EVIDENCE,SUPPORTING,NO,HIGH,Exact 001A.0 evidence retained; no fuzzy identity.,INCLUDED_EXACT,,,,,
MAESTRO,388,9447,,0502012|0730003|0617004,,0730003,1,EXACT,"{""source"":""MAESTRO_GESTIÓN.xlsx:RENTABILIDAD_COSTOS"",""source_row"":388,""parent_code"":""0502012"",""component_slot"":""ART2"",""component_code"":""0730003"",""quantity"":""1"",""quantity_status"":""EXACT"",""is_combination_row"":""YES"",""family"":""Sofás Cama"",""model"":""Yokahoma"",""finish"":""Natural"",""measure"":""150x200"",""composition_label"":""Estructura + futon 2 látex + funda_GrisJaspeada"",""product_name"":""Estructura + futonAlg + funda_GrisJaspeada"",""status"":""ACTIVO"",""legacy_magento_id"":""0502012"",""legacy_ean"":"""",""combination_sku_exact"":""0502012|0730003|0617004"",""combination_key_status"":""EXACT""}",EXACT_SKU,730003,EXACT,SUPPORTING_SOURCE,9447,3651,0502012|0730003|0617004,"Futón con dos capas de látex, 150x200x14,5 cm, Gris jaspeado, Sin cajón",730003,NO,NO,NO,YES,1,COMPOSITION_EXACT_SOURCE,,"Evidence row; correlate by combination_sku, component_sku and quantity.",EXACT_SKU,EXACT,EXACT,COMPOSITION_EXACT_SOURCE,COMPOSITION_EXACT_SOURCE,UNCHANGED_EXACT_EVIDENCE,SUPPORTING,NO,HIGH,Exact 001A.0 evidence retained; no fuzzy identity.,INCLUDED_EXACT,,,,,
MAESTRO,39,3724,,0201002|0201002|0728004,,0201002,2,EXACT,"{""source"":""MAESTRO_GESTIÓN.xlsx:RENTABILIDAD_COSTOS"",""source_row"":39,""parent_code"":""0201002"",""component_slot"":""ART1"",""component_code"":""0201002"",""quantity"":""2"",""quantity_status"":""EXACT"",""is_combination_row"":""YES"",""family"":""Combinación TatamisFuton"",""model"":""1 capa látex"",""finish"":""1 capa látex (160x200)"",""measure"":""90x200x5,5"",""composition_label"":""2 Tatamis + Futon 1 látex"",""product_name"":""Combinación 2 Tatamis (90 x200) futón algodón 1 capa látex (160x200)"",""status"":""ACTIVO"",""legacy_magento_id"":""0201002"",""legacy_ean"":"""",""combination_sku_exact"":""0201002|0201002|0728004"",""combination_key_status"":""EXACT""}",EXACT_SKU,201002,EXACT,SUPPORTING_SOURCE,3724,3623,0201002|0201002|0728004,"160x200x14,5 cm, Con 2 tatamis de 90x200 cm",201002,NO,NO,NO,YES,1,COMPOSITION_EXACT_SOURCE,,"Evidence row; correlate by combination_sku, component_sku and quantity.",EXACT_SKU,EXACT,EXACT,COMPOSITION_EXACT_SOURCE,COMPOSITION_EXACT_SOURCE,UNCHANGED_EXACT_EVIDENCE,SUPPORTING,NO,HIGH,Exact 001A.0 evidence retained; no fuzzy identity.,INCLUDED_EXACT,,,,,
MAESTRO,39,3724,,0201002|0201002|0728004,,0728004,1,EXACT,"{""source"":""MAESTRO_GESTIÓN.xlsx:RENTABILIDAD_COSTOS"",""source_row"":39,""parent_code"":""0201002"",""component_slot"":""ART2"",""component_code"":""0728004"",""quantity"":""1"",""quantity_status"":""EXACT"",""is_combination_row"":""YES"",""family"":""Combinación TatamisFuton"",""model"":""1 capa látex"",""finish"":""1 capa látex (160x200)"",""measure"":""90x200x5,5"",""composition_label"":""2 Tatamis + Futon 1 látex"",""product_name"":""Combinación 2 Tatamis (90 x200) futón algodón 1 capa látex (160x200)"",""status"":""ACTIVO"",""legacy_magento_id"":""0201002"",""legacy_ean"":"""",""combination_sku_exact"":""0201002|0201002|0728004"",""combination_key_status"":""EXACT""}",EXACT_SKU,728004,EXACT,SUPPORTING_SOURCE,3724,3623,0201002|0201002|0728004,"160x200x14,5 cm, Con 2 tatamis de 90x200 cm",728004,NO,NO,NO,YES,1,COMPOSITION_EXACT_SOURCE,,"Evidence row; correlate by combination_sku, component_sku and quantity.",EXACT_SKU,EXACT,EXACT,COMPOSITION_EXACT_SOURCE,COMPOSITION_EXACT_SOURCE,UNCHANGED_EXACT_EVIDENCE,SUPPORTING,NO,HIGH,Exact 001A.0 evidence retained; no fuzzy identity.,INCLUDED_EXACT,,,,,
MAESTRO,392,3753,,0502012|1002004,,0502012,1,EXACT,"{""source"":""MAESTRO_GESTIÓN.xlsx:RENTABILIDAD_COSTOS"",""source_row"":392,""parent_code"":""0502012"",""component_slot"":""ART1"",""component_code"":""0502012"",""quantity"":""1"",""quantity_status"":""EXACT"",""is_combination_row"":""YES"",""family"":""Sofás Cama"",""model"":""Yokahoma"",""finish"":""Natural"",""measure"":""150x200"",""composition_label"":""La Estructura + 1 Cajón"",""product_name"":""La Estructura + 1 Cajón"",""status"":""ACTIVO"",""legacy_magento_id"":""0502012"",""legacy_ean"":"""",""combination_sku_exact"":""0502012|1002004"",""combination_key_status"":""EXACT""}",EXACT_SKU,502012,EXACT,SUPPORTING_SOURCE,3753,3629,0502012|1002004,Con cajón,502012,NO,NO,NO,YES,1,COMPOSITION_EXACT_SOURCE,,"Evidence row; correlate by combination_sku, component_sku and quantity.",EXACT_SKU,EXACT,EXACT,COMPOSITION_EXACT_SOURCE,COMPOSITION_EXACT_SOURCE,UNCHANGED_EXACT_EVIDENCE,SUPPORTING,NO,HIGH,Exact 001A.0 evidence retained; no fuzzy identity.,INCLUDED_EXACT,,,,,
MAESTRO,392,3753,,0502012|1002004,,1002004,1,EXACT,"{""source"":""MAESTRO_GESTIÓN.xlsx:RENTABILIDAD_COSTOS"",""source_row"":392,""parent_code"":""0502012"",""component_slot"":""ART3"",""component_code"":""1002004"",""quantity"":""1"",""quantity_status"":""EXACT"",""is_combination_row"":""YES"",""family"":""Sofás Cama"",""model"":""Yokahoma"",""finish"":""Natural"",""measure"":""150x200"",""composition_label"":""La Estructura + 1 Cajón"",""product_name"":""La Estructura + 1 Cajón"",""status"":""ACTIVO"",""legacy_magento_id"":""0502012"",""legacy_ean"":"""",""combination_sku_exact"":""0502012|1002004"",""combination_key_status"":""EXACT""}",EXACT_SKU,1002004,EXACT,SUPPORTING_SOURCE,3753,3629,0502012|1002004,Con cajón,1002004,NO,NO,NO,YES,1,COMPOSITION_EXACT_SOURCE,,"Evidence row; correlate by combination_sku, component_sku and quantity.",EXACT_SKU,EXACT,EXACT,COMPOSITION_EXACT_SOURCE,COMPOSITION_EXACT_SOURCE,UNCHANGED_EXACT_EVIDENCE,SUPPORTING,NO,HIGH,Exact 001A.0 evidence retained; no fuzzy identity.,INCLUDED_EXACT,,,,,
MAESTRO,393,4378,,0502012|0724004|1002004,,0502012,1,EXACT,"{""source"":""MAESTRO_GESTIÓN.xlsx:RENTABILIDAD_COSTOS"",""source_row"":393,""parent_code"":""0502012"",""component_slot"":""ART1"",""component_code"":""0502012"",""quantity"":""1"",""quantity_status"":""EXACT"",""is_combination_row"":""YES"",""family"":""Sofás Cama"",""model"":""Yokahoma"",""finish"":""Natural"",""measure"":""150x200"",""composition_label"":""Estructura + Cajón + futonAlg"",""product_name"":""Estructura + Cajón + futonAlg"",""status"":""ACTIVO"",""legacy_magento_id"":""0502012"",""legacy_ean"":"""",""combination_sku_exact"":""0502012|0724004|1002004"",""combination_key_status"":""EXACT""}",EXACT_SKU,502012,EXACT,SUPPORTING_SOURCE,4378,3651,0502012|0724004|1002004,"Futón de algodón, 150x200x14,5 cm, Sin funda, Con cajón",502012,NO,NO,NO,YES,1,COMPOSITION_EXACT_SOURCE,,"Evidence row; correlate by combination_sku, component_sku and quantity.",EXACT_SKU,EXACT,EXACT,COMPOSITION_EXACT_SOURCE,COMPOSITION_EXACT_SOURCE,UNCHANGED_EXACT_EVIDENCE,SUPPORTING,NO,HIGH,Exact 001A.0 evidence retained; no fuzzy identity.,INCLUDED_EXACT,,,,,
MAESTRO,393,4378,,0502012|0724004|1002004,,0724004,1,EXACT,"{""source"":""MAESTRO_GESTIÓN.xlsx:RENTABILIDAD_COSTOS"",""source_row"":393,""parent_code"":""0502012"",""component_slot"":""ART2"",""component_code"":""0724004"",""quantity"":""1"",""quantity_status"":""EXACT"",""is_combination_row"":""YES"",""family"":""Sofás Cama"",""model"":""Yokahoma"",""finish"":""Natural"",""measure"":""150x200"",""composition_label"":""Estructura + Cajón + futonAlg"",""product_name"":""Estructura + Cajón + futonAlg"",""status"":""ACTIVO"",""legacy_magento_id"":""0502012"",""legacy_ean"":"""",""combination_sku_exact"":""0502012|0724004|1002004"",""combination_key_status"":""EXACT""}",EXACT_SKU,724004,EXACT,SUPPORTING_SOURCE,4378,3651,0502012|0724004|1002004,"Futón de algodón, 150x200x14,5 cm, Sin funda, Con cajón",724004,NO,NO,NO,YES,1,COMPOSITION_EXACT_SOURCE,,"Evidence row; correlate by combination_sku, component_sku and quantity.",EXACT_SKU,EXACT,EXACT,COMPOSITION_EXACT_SOURCE,COMPOSITION_EXACT_SOURCE,UNCHANGED_EXACT_EVIDENCE,SUPPORTING,NO,HIGH,Exact 001A.0 evidence retained; no fuzzy identity.,INCLUDED_EXACT,,,,,
MAESTRO,393,4378,,0502012|0724004|1002004,,1002004,1,EXACT,"{""source"":""MAESTRO_GESTIÓN.xlsx:RENTABILIDAD_COSTOS"",""source_row"":393,""parent_code"":""0502012"",""component_slot"":""ART3"",""component_code"":""1002004"",""quantity"":""1"",""quantity_status"":""EXACT"",""is_combination_row"":""YES"",""family"":""Sofás Cama"",""model"":""Yokahoma"",""finish"":""Natural"",""measure"":""150x200"",""composition_label"":""Estructura + Cajón + futonAlg"",""product_name"":""Estructura + Cajón + futonAlg"",""status"":""ACTIVO"",""legacy_magento_id"":""0502012"",""legacy_ean"":"""",""combination_sku_exact"":""0502012|0724004|1002004"",""combination_key_status"":""EXACT""}",EXACT_SKU,1002004,EXACT,SUPPORTING_SOURCE,4378,3651,0502012|0724004|1002004,"Futón de algodón, 150x200x14,5 cm, Sin funda, Con cajón",1002004,NO,NO,NO,YES,1,COMPOSITION_EXACT_SOURCE,,"Evidence row; correlate by combination_sku, component_sku and quantity.",EXACT_SKU,EXACT,EXACT,COMPOSITION_EXACT_SOURCE,COMPOSITION_EXACT_SOURCE,UNCHANGED_EXACT_EVIDENCE,SUPPORTING,NO,HIGH,Exact 001A.0 evidence retained; no fuzzy identity.,INCLUDED_EXACT,,,,,
MAESTRO,394,4393,,0502012|0724004|1002004|0608004,,0502012,1,EXACT,"{""source"":""MAESTRO_GESTIÓN.xlsx:RENTABILIDAD_COSTOS"",""source_row"":394,""parent_code"":""0502012"",""component_slot"":""ART1"",""component_code"":""0502012"",""quantity"":""1"",""quantity_status"":""EXACT"",""is_combination_row"":""YES"",""family"":""Sofás Cama"",""model"":""Yokahoma"",""finish"":""Natural"",""measure"":""150x200"",""composition_label"":""Estructura + Cajón + futonAlg + funda_lisa"",""product_name"":""Estructura + Cajón + futonAlg + funda_lisa"",""status"":""ACTIVO"",""legacy_magento_id"":""0502012"",""legacy_ean"":"""",""combination_sku_exact"":""0502012|0724004|1002004|0608004"",""combination_key_status"":""EXACT""}",EXACT_SKU,502012,EXACT,SUPPORTING_SOURCE,4393,3651,0502012|0724004|1002004|0608004,"Futón de algodón, 150x200x14,5 cm, Crudo, Con cajón",502012,NO,NO,NO,YES,1,COMPOSITION_EXACT_SOURCE,,"Evidence row; correlate by combination_sku, component_sku and quantity.",EXACT_SKU,EXACT,EXACT,COMPOSITION_EXACT_SOURCE,COMPOSITION_EXACT_SOURCE,UNCHANGED_EXACT_EVIDENCE,SUPPORTING,NO,HIGH,Exact 001A.0 evidence retained; no fuzzy identity.,INCLUDED_EXACT,,,,,
MAESTRO,394,4393,,0502012|0724004|1002004|0608004,,0608004,1,EXACT,"{""source"":""MAESTRO_GESTIÓN.xlsx:RENTABILIDAD_COSTOS"",""source_row"":394,""parent_code"":""0502012"",""component_slot"":""ART4"",""component_code"":""0608004"",""quantity"":""1"",""quantity_status"":""EXACT"",""is_combination_row"":""YES"",""family"":""Sofás Cama"",""model"":""Yokahoma"",""finish"":""Natural"",""measure"":""150x200"",""composition_label"":""Estructura + Cajón + futonAlg + funda_lisa"",""product_name"":""Estructura + Cajón + futonAlg + funda_lisa"",""status"":""ACTIVO"",""legacy_magento_id"":""0502012"",""legacy_ean"":"""",""combination_sku_exact"":""0502012|0724004|1002004|0608004"",""combination_key_status"":""EXACT""}",EXACT_SKU,608004,EXACT,SUPPORTING_SOURCE,4393,3651,0502012|0724004|1002004|0608004,"Futón de algodón, 150x200x14,5 cm, Crudo, Con cajón",608004,NO,NO,NO,YES,1,COMPOSITION_EXACT_SOURCE,,"Evidence row; correlate by combination_sku, component_sku and quantity.",EXACT_SKU,EXACT,EXACT,COMPOSITION_EXACT_SOURCE,COMPOSITION_EXACT_SOURCE,UNCHANGED_EXACT_EVIDENCE,SUPPORTING,NO,HIGH,Exact 001A.0 evidence retained; no fuzzy identity.,INCLUDED_EXACT,,,,,
MAESTRO,394,4393,,0502012|0724004|1002004|0608004,,0724004,1,EXACT,"{""source"":""MAESTRO_GESTIÓN.xlsx:RENTABILIDAD_COSTOS"",""source_row"":394,""parent_code"":""0502012"",""component_slot"":""ART2"",""component_code"":""0724004"",""quantity"":""1"",""quantity_status"":""EXACT"",""is_combination_row"":""YES"",""family"":""Sofás Cama"",""model"":""Yokahoma"",""finish"":""Natural"",""measure"":""150x200"",""composition_label"":""Estructura + Cajón + futonAlg + funda_lisa"",""product_name"":""Estructura + Cajón + futonAlg + funda_lisa"",""status"":""ACTIVO"",""legacy_magento_id"":""0502012"",""legacy_ean"":"""",""combination_sku_exact"":""0502012|0724004|1002004|0608004"",""combination_key_status"":""EXACT""}",EXACT_SKU,724004,EXACT,SUPPORTING_SOURCE,4393,3651,0502012|0724004|1002004|0608004,"Futón de algodón, 150x200x14,5 cm, Crudo, Con cajón",724004,NO,NO,NO,YES,1,COMPOSITION_EXACT_SOURCE,,"Evidence row; correlate by combination_sku, component_sku and quantity.",EXACT_SKU,EXACT,EXACT,COMPOSITION_EXACT_SOURCE,COMPOSITION_EXACT_SOURCE,UNCHANGED_EXACT_EVIDENCE,SUPPORTING,NO,HIGH,Exact 001A.0 evidence retained; no fuzzy identity.,INCLUDED_EXACT,,,,,
MAESTRO,394,4393,,0502012|0724004|1002004|0608004,,1002004,1,EXACT,"{""source"":""MAESTRO_GESTIÓN.xlsx:RENTABILIDAD_COSTOS"",""source_row"":394,""parent_code"":""0502012"",""component_slot"":""ART3"",""component_code"":""1002004"",""quantity"":""1"",""quantity_status"":""EXACT"",""is_combination_row"":""YES"",""family"":""Sofás Cama"",""model"":""Yokahoma"",""finish"":""Natural"",""measure"":""150x200"",""composition_label"":""Estructura + Cajón + futonAlg + funda_lisa"",""product_name"":""Estructura + Cajón + futonAlg + funda_lisa"",""status"":""ACTIVO"",""legacy_magento_id"":""0502012"",""legacy_ean"":"""",""combination_sku_exact"":""0502012|0724004|1002004|0608004"",""combination_key_status"":""EXACT""}",EXACT_SKU,1002004,EXACT,SUPPORTING_SOURCE,4393,3651,0502012|0724004|1002004|0608004,"Futón de algodón, 150x200x14,5 cm, Crudo, Con cajón",1002004,NO,NO,NO,YES,1,COMPOSITION_EXACT_SOURCE,,"Evidence row; correlate by combination_sku, component_sku and quantity.",EXACT_SKU,EXACT,EXACT,COMPOSITION_EXACT_SOURCE,COMPOSITION_EXACT_SOURCE,UNCHANGED_EXACT_EVIDENCE,SUPPORTING,NO,HIGH,Exact 001A.0 evidence retained; no fuzzy identity.,INCLUDED_EXACT,,,,,
MAESTRO,395,6287,,0502012|0724004|1002004|0617004,,0502012,1,EXACT,"{""source"":""MAESTRO_GESTIÓN.xlsx:RENTABILIDAD_COSTOS"",""source_row"":395,""parent_code"":""0502012"",""component_slot"":""ART1"",""component_code"":""0502012"",""quantity"":""1"",""quantity_status"":""EXACT"",""is_combination_row"":""YES"",""family"":""Sofás Cama"",""model"":""Yokahoma"",""finish"":""Natural"",""measure"":""150x200"",""composition_label"":""Estructura + Cajón + futonAlg + funda_GrisJaspeada"",""product_name"":""Estructura + Cajón + futonAlg + funda_GrisJaspeada"",""status"":""ACTIVO"",""legacy_magento_id"":""0502012"",""legacy_ean"":"""",""combination_sku_exact"":""0502012|0724004|1002004|0617004"",""combination_key_status"":""EXACT""}",EXACT_SKU,502012,EXACT,SUPPORTING_SOURCE,6287,3651,0502012|0724004|1002004|0617004,"Futón de algodón, 150x200x14,5 cm, Gris jaspeado, Con cajón",502012,NO,NO,NO,YES,1,COMPOSITION_EXACT_SOURCE,,"Evidence row; correlate by combination_sku, component_sku and quantity.",EXACT_SKU,EXACT,EXACT,COMPOSITION_EXACT_SOURCE,COMPOSITION_EXACT_SOURCE,UNCHANGED_EXACT_EVIDENCE,SUPPORTING,NO,HIGH,Exact 001A.0 evidence retained; no fuzzy identity.,INCLUDED_EXACT,,,,,
MAESTRO,395,6287,,0502012|0724004|1002004|0617004,,0617004,1,EXACT,"{""source"":""MAESTRO_GESTIÓN.xlsx:RENTABILIDAD_COSTOS"",""source_row"":395,""parent_code"":""0502012"",""component_slot"":""ART4"",""component_code"":""0617004"",""quantity"":""1"",""quantity_status"":""EXACT"",""is_combination_row"":""YES"",""family"":""Sofás Cama"",""model"":""Yokahoma"",""finish"":""Natural"",""measure"":""150x200"",""composition_label"":""Estructura + Cajón + futonAlg + funda_GrisJaspeada"",""product_name"":""Estructura + Cajón + futonAlg + funda_GrisJaspeada"",""status"":""ACTIVO"",""legacy_magento_id"":""0502012"",""legacy_ean"":"""",""combination_sku_exact"":""0502012|0724004|1002004|0617004"",""combination_key_status"":""EXACT""}",EXACT_SKU,617004,EXACT,SUPPORTING_SOURCE,6287,3651,0502012|0724004|1002004|0617004,"Futón de algodón, 150x200x14,5 cm, Gris jaspeado, Con cajón",617004,NO,NO,NO,YES,1,COMPOSITION_EXACT_SOURCE,,"Evidence row; correlate by combination_sku, component_sku and quantity.",EXACT_SKU,EXACT,EXACT,COMPOSITION_EXACT_SOURCE,COMPOSITION_EXACT_SOURCE,UNCHANGED_EXACT_EVIDENCE,SUPPORTING,NO,HIGH,Exact 001A.0 evidence retained; no fuzzy identity.,INCLUDED_EXACT,,,,,
MAESTRO,395,6287,,0502012|0724004|1002004|0617004,,0724004,1,EXACT,"{""source"":""MAESTRO_GESTIÓN.xlsx:RENTABILIDAD_COSTOS"",""source_row"":395,""parent_code"":""0502012"",""component_slot"":""ART2"",""component_code"":""0724004"",""quantity"":""1"",""quantity_status"":""EXACT"",""is_combination_row"":""YES"",""family"":""Sofás Cama"",""model"":""Yokahoma"",""finish"":""Natural"",""measure"":""150x200"",""composition_label"":""Estructura + Cajón + futonAlg + funda_GrisJaspeada"",""product_name"":""Estructura + Cajón + futonAlg + funda_GrisJaspeada"",""status"":""ACTIVO"",""legacy_magento_id"":""0502012"",""legacy_ean"":"""",""combination_sku_exact"":""0502012|0724004|1002004|0617004"",""combination_key_status"":""EXACT""}",EXACT_SKU,724004,EXACT,SUPPORTING_SOURCE,6287,3651,0502012|0724004|1002004|0617004,"Futón de algodón, 150x200x14,5 cm, Gris jaspeado, Con cajón",724004,NO,NO,NO,YES,1,COMPOSITION_EXACT_SOURCE,,"Evidence row; correlate by combination_sku, component_sku and quantity.",EXACT_SKU,EXACT,EXACT,COMPOSITION_EXACT_SOURCE,COMPOSITION_EXACT_SOURCE,UNCHANGED_EXACT_EVIDENCE,SUPPORTING,NO,HIGH,Exact 001A.0 evidence retained; no fuzzy identity.,INCLUDED_EXACT,,,,,
MAESTRO,395,6287,,0502012|0724004|1002004|0617004,,1002004,1,EXACT,"{""source"":""MAESTRO_GESTIÓN.xlsx:RENTABILIDAD_COSTOS"",""source_row"":395,""parent_code"":""0502012"",""component_slot"":""ART3"",""component_code"":""1002004"",""quantity"":""1"",""quantity_status"":""EXACT"",""is_combination_row"":""YES"",""family"":""Sofás Cama"",""model"":""Yokahoma"",""finish"":""Natural"",""measure"":""150x200"",""composition_label"":""Estructura + Cajón + futonAlg + funda_GrisJaspeada"",""product_name"":""Estructura + Cajón + futonAlg + funda_GrisJaspeada"",""status"":""ACTIVO"",""legacy_magento_id"":""0502012"",""legacy_ean"":"""",""combination_sku_exact"":""0502012|0724004|1002004|0617004"",""combination_key_status"":""EXACT""}",EXACT_SKU,1002004,EXACT,SUPPORTING_SOURCE,6287,3651,0502012|0724004|1002004|0617004,"Futón de algodón, 150x200x14,5 cm, Gris jaspeado, Con cajón",1002004,NO,NO,NO,YES,1,COMPOSITION_EXACT_SOURCE,,"Evidence row; correlate by combination_sku, component_sku and quantity.",EXACT_SKU,EXACT,EXACT,COMPOSITION_EXACT_SOURCE,COMPOSITION_EXACT_SOURCE,UNCHANGED_EXACT_EVIDENCE,SUPPORTING,NO,HIGH,Exact 001A.0 evidence retained; no fuzzy identity.,INCLUDED_EXACT,,,,,
MAESTRO,396,4376,,0502012|0728003|1002004,,0502012,1,EXACT,"{""source"":""MAESTRO_GESTIÓN.xlsx:RENTABILIDAD_COSTOS"",""source_row"":396,""parent_code"":""0502012"",""component_slot"":""ART1"",""component_code"":""0502012"",""quantity"":""1"",""quantity_status"":""EXACT"",""is_combination_row"":""YES"",""family"":""Sofás Cama"",""model"":""Yokahoma"",""finish"":""Natural"",""measure"":""150x200"",""composition_label"":""Estructura + Cajón + futon 1 látex"",""product_name"":""Estructura + Cajón + futon 1 látex"",""status"":""ACTIVO"",""legacy_magento_id"":""0502012"",""legacy_ean"":"""",""combination_sku_exact"":""0502012|0728003|1002004"",""combination_key_status"":""EXACT""}",EXACT_SKU,502012,EXACT,SUPPORTING_SOURCE,4376,3651,0502012|0728003|1002004,"Futón con una capa de látex, 150x200x14,5 cm, Sin funda, Con cajón",502012,NO,NO,NO,YES,1,COMPOSITION_EXACT_SOURCE,,"Evidence row; correlate by combination_sku, component_sku and quantity.",EXACT_SKU,EXACT,EXACT,COMPOSITION_EXACT_SOURCE,COMPOSITION_EXACT_SOURCE,UNCHANGED_EXACT_EVIDENCE,SUPPORTING,NO,HIGH,Exact 001A.0 evidence retained; no fuzzy identity.,INCLUDED_EXACT,,,,,
MAESTRO,396,4376,,0502012|0728003|1002004,,0728003,1,EXACT,"{""source"":""MAESTRO_GESTIÓN.xlsx:RENTABILIDAD_COSTOS"",""source_row"":396,""parent_code"":""0502012"",""component_slot"":""ART2"",""component_code"":""0728003"",""quantity"":""1"",""quantity_status"":""EXACT"",""is_combination_row"":""YES"",""family"":""Sofás Cama"",""model"":""Yokahoma"",""finish"":""Natural"",""measure"":""150x200"",""composition_label"":""Estructura + Cajón + futon 1 látex"",""product_name"":""Estructura + Cajón + futon 1 látex"",""status"":""ACTIVO"",""legacy_magento_id"":""0502012"",""legacy_ean"":"""",""combination_sku_exact"":""0502012|0728003|1002004"",""combination_key_status"":""EXACT""}",EXACT_SKU,728003,EXACT,SUPPORTING_SOURCE,4376,3651,0502012|0728003|1002004,"Futón con una capa de látex, 150x200x14,5 cm, Sin funda, Con cajón",728003,NO,NO,NO,YES,1,COMPOSITION_EXACT_SOURCE,,"Evidence row; correlate by combination_sku, component_sku and quantity.",EXACT_SKU,EXACT,EXACT,COMPOSITION_EXACT_SOURCE,COMPOSITION_EXACT_SOURCE,UNCHANGED_EXACT_EVIDENCE,SUPPORTING,NO,HIGH,Exact 001A.0 evidence retained; no fuzzy identity.,INCLUDED_EXACT,,,,,
MAESTRO,396,4376,,0502012|0728003|1002004,,1002004,1,EXACT,"{""source"":""MAESTRO_GESTIÓN.xlsx:RENTABILIDAD_COSTOS"",""source_row"":396,""parent_code"":""0502012"",""component_slot"":""ART3"",""component_code"":""1002004"",""quantity"":""1"",""quantity_status"":""EXACT"",""is_combination_row"":""YES"",""family"":""Sofás Cama"",""model"":""Yokahoma"",""finish"":""Natural"",""measure"":""150x200"",""composition_label"":""Estructura + Cajón + futon 1 látex"",""product_name"":""Estructura + Cajón + futon 1 látex"",""status"":""ACTIVO"",""legacy_magento_id"":""0502012"",""legacy_ean"":"""",""combination_sku_exact"":""0502012|0728003|1002004"",""combination_key_status"":""EXACT""}",EXACT_SKU,1002004,EXACT,SUPPORTING_SOURCE,4376,3651,0502012|0728003|1002004,"Futón con una capa de látex, 150x200x14,5 cm, Sin funda, Con cajón",1002004,NO,NO,NO,YES,1,COMPOSITION_EXACT_SOURCE,,"Evidence row; correlate by combination_sku, component_sku and quantity.",EXACT_SKU,EXACT,EXACT,COMPOSITION_EXACT_SOURCE,COMPOSITION_EXACT_SOURCE,UNCHANGED_EXACT_EVIDENCE,SUPPORTING,NO,HIGH,Exact 001A.0 evidence retained; no fuzzy identity.,INCLUDED_EXACT,,,,,
MAESTRO,397,4452,,0502012|0728003|1002004|0608004,,0502012,1,EXACT,"{""source"":""MAESTRO_GESTIÓN.xlsx:RENTABILIDAD_COSTOS"",""source_row"":397,""parent_code"":""0502012"",""component_slot"":""ART1"",""component_code"":""0502012"",""quantity"":""1"",""quantity_status"":""EXACT"",""is_combination_row"":""YES"",""family"":""Sofás Cama"",""model"":""Yokahoma"",""finish"":""Natural"",""measure"":""150x200"",""composition_label"":""Estructura + Cajón + futon 1 látex +  funda_Lisa"",""product_name"":""Estructura + Cajón + futon 1 látex +  funda_Lisa"",""status"":""ACTIVO"",""legacy_magento_id"":""0502012"",""legacy_ean"":"""",""combination_sku_exact"":""0502012|0728003|1002004|0608004"",""combination_key_status"":""EXACT""}",EXACT_SKU,502012,EXACT,SUPPORTING_SOURCE,4452,3651,0502012|0728003|1002004|0608004,"Futón con una capa de látex, 150x200x14,5 cm, Crudo, Con cajón",502012,NO,NO,NO,YES,1,COMPOSITION_EXACT_SOURCE,,"Evidence row; correlate by combination_sku, component_sku and quantity.",EXACT_SKU,EXACT,EXACT,COMPOSITION_EXACT_SOURCE,COMPOSITION_EXACT_SOURCE,UNCHANGED_EXACT_EVIDENCE,SUPPORTING,NO,HIGH,Exact 001A.0 evidence retained; no fuzzy identity.,INCLUDED_EXACT,,,,,
MAESTRO,397,4452,,0502012|0728003|1002004|0608004,,0608004,1,EXACT,"{""source"":""MAESTRO_GESTIÓN.xlsx:RENTABILIDAD_COSTOS"",""source_row"":397,""parent_code"":""0502012"",""component_slot"":""ART4"",""component_code"":""0608004"",""quantity"":""1"",""quantity_status"":""EXACT"",""is_combination_row"":""YES"",""family"":""Sofás Cama"",""model"":""Yokahoma"",""finish"":""Natural"",""measure"":""150x200"",""composition_label"":""Estructura + Cajón + futon 1 látex +  funda_Lisa"",""product_name"":""Estructura + Cajón + futon 1 látex +  funda_Lisa"",""status"":""ACTIVO"",""legacy_magento_id"":""0502012"",""legacy_ean"":"""",""combination_sku_exact"":""0502012|0728003|1002004|0608004"",""combination_key_status"":""EXACT""}",EXACT_SKU,608004,EXACT,SUPPORTING_SOURCE,4452,3651,0502012|0728003|1002004|0608004,"Futón con una capa de látex, 150x200x14,5 cm, Crudo, Con cajón",608004,NO,NO,NO,YES,1,COMPOSITION_EXACT_SOURCE,,"Evidence row; correlate by combination_sku, component_sku and quantity.",EXACT_SKU,EXACT,EXACT,COMPOSITION_EXACT_SOURCE,COMPOSITION_EXACT_SOURCE,UNCHANGED_EXACT_EVIDENCE,SUPPORTING,NO,HIGH,Exact 001A.0 evidence retained; no fuzzy identity.,INCLUDED_EXACT,,,,,
MAESTRO,397,4452,,0502012|0728003|1002004|0608004,,0728003,1,EXACT,"{""source"":""MAESTRO_GESTIÓN.xlsx:RENTABILIDAD_COSTOS"",""source_row"":397,""parent_code"":""0502012"",""component_slot"":""ART2"",""component_code"":""0728003"",""quantity"":""1"",""quantity_status"":""EXACT"",""is_combination_row"":""YES"",""family"":""Sofás Cama"",""model"":""Yokahoma"",""finish"":""Natural"",""measure"":""150x200"",""composition_label"":""Estructura + Cajón + futon 1 látex +  funda_Lisa"",""product_name"":""Estructura + Cajón + futon 1 látex +  funda_Lisa"",""status"":""ACTIVO"",""legacy_magento_id"":""0502012"",""legacy_ean"":"""",""combination_sku_exact"":""0502012|0728003|1002004|0608004"",""combination_key_status"":""EXACT""}",EXACT_SKU,728003,EXACT,SUPPORTING_SOURCE,4452,3651,0502012|0728003|1002004|0608004,"Futón con una capa de látex, 150x200x14,5 cm, Crudo, Con cajón",728003,NO,NO,NO,YES,1,COMPOSITION_EXACT_SOURCE,,"Evidence row; correlate by combination_sku, component_sku and quantity.",EXACT_SKU,EXACT,EXACT,COMPOSITION_EXACT_SOURCE,COMPOSITION_EXACT_SOURCE,UNCHANGED_EXACT_EVIDENCE,SUPPORTING,NO,HIGH,Exact 001A.0 evidence retained; no fuzzy identity.,INCLUDED_EXACT,,,,,
MAESTRO,397,4452,,0502012|0728003|1002004|0608004,,1002004,1,EXACT,"{""source"":""MAESTRO_GESTIÓN.xlsx:RENTABILIDAD_COSTOS"",""source_row"":397,""parent_code"":""0502012"",""component_slot"":""ART3"",""component_code"":""1002004"",""quantity"":""1"",""quantity_status"":""EXACT"",""is_combination_row"":""YES"",""family"":""Sofás Cama"",""model"":""Yokahoma"",""finish"":""Natural"",""measure"":""150x200"",""composition_label"":""Estructura + Cajón + futon 1 látex +  funda_Lisa"",""product_name"":""Estructura + Cajón + futon 1 látex +  funda_Lisa"",""status"":""ACTIVO"",""legacy_magento_id"":""0502012"",""legacy_ean"":"""",""combination_sku_exact"":""0502012|0728003|1002004|0608004"",""combination_key_status"":""EXACT""}",EXACT_SKU,1002004,EXACT,SUPPORTING_SOURCE,4452,3651,0502012|0728003|1002004|0608004,"Futón con una capa de látex, 150x200x14,5 cm, Crudo, Con cajón",1002004,NO,NO,NO,YES,1,COMPOSITION_EXACT_SOURCE,,"Evidence row; correlate by combination_sku, component_sku and quantity.",EXACT_SKU,EXACT,EXACT,COMPOSITION_EXACT_SOURCE,COMPOSITION_EXACT_SOURCE,UNCHANGED_EXACT_EVIDENCE,SUPPORTING,NO,HIGH,Exact 001A.0 evidence retained; no fuzzy identity.,INCLUDED_EXACT,,,,,
MAESTRO,398,6284,,0502012|0728003|1002004|0617004,,0502012,1,EXACT,"{""source"":""MAESTRO_GESTIÓN.xlsx:RENTABILIDAD_COSTOS"",""source_row"":398,""parent_code"":""0502012"",""component_slot"":""ART1"",""component_code"":""0502012"",""quantity"":""1"",""quantity_status"":""EXACT"",""is_combination_row"":""YES"",""family"":""Sofás Cama"",""model"":""Yokahoma"",""finish"":""Natural"",""measure"":""150x200"",""composition_label"":""Estructura + Cajón + futon 1 látex +  funda_GrisJaspeada"",""product_name"":""Estructura + Cajón + futon 1 látex +  funda_GrisJaspeada"",""status"":""ACTIVO"",""legacy_magento_id"":""0502012"",""legacy_ean"":"""",""combination_sku_exact"":""0502012|0728003|1002004|0617004"",""combination_key_status"":""EXACT""}",EXACT_SKU,502012,EXACT,SUPPORTING_SOURCE,6284,3651,0502012|0728003|1002004|0617004,"Futón con una capa de látex, 150x200x14,5 cm, Gris jaspeado, Con cajón",502012,NO,NO,NO,YES,1,COMPOSITION_EXACT_SOURCE,,"Evidence row; correlate by combination_sku, component_sku and quantity.",EXACT_SKU,EXACT,EXACT,COMPOSITION_EXACT_SOURCE,COMPOSITION_EXACT_SOURCE,UNCHANGED_EXACT_EVIDENCE,SUPPORTING,NO,HIGH,Exact 001A.0 evidence retained; no fuzzy identity.,INCLUDED_EXACT,,,,,
MAESTRO,398,6284,,0502012|0728003|1002004|0617004,,0617004,1,EXACT,"{""source"":""MAESTRO_GESTIÓN.xlsx:RENTABILIDAD_COSTOS"",""source_row"":398,""parent_code"":""0502012"",""component_slot"":""ART4"",""component_code"":""0617004"",""quantity"":""1"",""quantity_status"":""EXACT"",""is_combination_row"":""YES"",""family"":""Sofás Cama"",""model"":""Yokahoma"",""finish"":""Natural"",""measure"":""150x200"",""composition_label"":""Estructura + Cajón + futon 1 látex +  funda_GrisJaspeada"",""product_name"":""Estructura + Cajón + futon 1 látex +  funda_GrisJaspeada"",""status"":""ACTIVO"",""legacy_magento_id"":""0502012"",""legacy_ean"":"""",""combination_sku_exact"":""0502012|0728003|1002004|0617004"",""combination_key_status"":""EXACT""}",EXACT_SKU,617004,EXACT,SUPPORTING_SOURCE,6284,3651,0502012|0728003|1002004|0617004,"Futón con una capa de látex, 150x200x14,5 cm, Gris jaspeado, Con cajón",617004,NO,NO,NO,YES,1,COMPOSITION_EXACT_SOURCE,,"Evidence row; correlate by combination_sku, component_sku and quantity.",EXACT_SKU,EXACT,EXACT,COMPOSITION_EXACT_SOURCE,COMPOSITION_EXACT_SOURCE,UNCHANGED_EXACT_EVIDENCE,SUPPORTING,NO,HIGH,Exact 001A.0 evidence retained; no fuzzy identity.,INCLUDED_EXACT,,,,,
MAESTRO,398,6284,,0502012|0728003|1002004|0617004,,0728003,1,EXACT,"{""source"":""MAESTRO_GESTIÓN.xlsx:RENTABILIDAD_COSTOS"",""source_row"":398,""parent_code"":""0502012"",""component_slot"":""ART2"",""component_code"":""0728003"",""quantity"":""1"",""quantity_status"":""EXACT"",""is_combination_row"":""YES"",""family"":""Sofás Cama"",""model"":""Yokahoma"",""finish"":""Natural"",""measure"":""150x200"",""composition_label"":""Estructura + Cajón + futon 1 látex +  funda_GrisJaspeada"",""product_name"":""Estructura + Cajón + futon 1 látex +  funda_GrisJaspeada"",""status"":""ACTIVO"",""legacy_magento_id"":""0502012"",""legacy_ean"":"""",""combination_sku_exact"":""0502012|0728003|1002004|0617004"",""combination_key_status"":""EXACT""}",EXACT_SKU,728003,EXACT,SUPPORTING_SOURCE,6284,3651,0502012|0728003|1002004|0617004,"Futón con una capa de látex, 150x200x14,5 cm, Gris jaspeado, Con cajón",728003,NO,NO,NO,YES,1,COMPOSITION_EXACT_SOURCE,,"Evidence row; correlate by combination_sku, component_sku and quantity.",EXACT_SKU,EXACT,EXACT,COMPOSITION_EXACT_SOURCE,COMPOSITION_EXACT_SOURCE,UNCHANGED_EXACT_EVIDENCE,SUPPORTING,NO,HIGH,Exact 001A.0 evidence retained; no fuzzy identity.,INCLUDED_EXACT,,,,,
MAESTRO,398,6284,,0502012|0728003|1002004|0617004,,1002004,1,EXACT,"{""source"":""MAESTRO_GESTIÓN.xlsx:RENTABILIDAD_COSTOS"",""source_row"":398,""parent_code"":""0502012"",""component_slot"":""ART3"",""component_code"":""1002004"",""quantity"":""1"",""quantity_status"":""EXACT"",""is_combination_row"":""YES"",""family"":""Sofás Cama"",""model"":""Yokahoma"",""finish"":""Natural"",""measure"":""150x200"",""composition_label"":""Estructura + Cajón + futon 1 látex +  funda_GrisJaspeada"",""product_name"":""Estructura + Cajón + futon 1 látex +  funda_GrisJaspeada"",""status"":""ACTIVO"",""legacy_magento_id"":""0502012"",""legacy_ean"":"""",""combination_sku_exact"":""0502012|0728003|1002004|0617004"",""combination_key_status"":""EXACT""}",EXACT_SKU,1002004,EXACT,SUPPORTING_SOURCE,6284,3651,0502012|0728003|1002004|0617004,"Futón con una capa de látex, 150x200x14,5 cm, Gris jaspeado, Con cajón",1002004,NO,NO,NO,YES,1,COMPOSITION_EXACT_SOURCE,,"Evidence row; correlate by combination_sku, component_sku and quantity.",EXACT_SKU,EXACT,EXACT,COMPOSITION_EXACT_SOURCE,COMPOSITION_EXACT_SOURCE,UNCHANGED_EXACT_EVIDENCE,SUPPORTING,NO,HIGH,Exact 001A.0 evidence retained; no fuzzy identity.,INCLUDED_EXACT,,,,,
MAESTRO,399,4377,,0502012|0730003|1002004,,0502012,1,EXACT,"{""source"":""MAESTRO_GESTIÓN.xlsx:RENTABILIDAD_COSTOS"",""source_row"":399,""parent_code"":""0502012"",""component_slot"":""ART1"",""component_code"":""0502012"",""quantity"":""1"",""quantity_status"":""EXACT"",""is_combination_row"":""YES"",""family"":""Sofás Cama"",""model"":""Yokahoma"",""finish"":""Natural"",""measure"":""150x200"",""composition_label"":""Estructura + Cajón + futon 2 látex"",""product_name"":""Estructura + Cajón + futon 2 látex"",""status"":""ACTIVO"",""legacy_magento_id"":""0502012"",""legacy_ean"":"""",""combination_sku_exact"":""0502012|0730003|1002004"",""combination_key_status"":""EXACT""}",EXACT_SKU,502012,EXACT,SUPPORTING_SOURCE,4377,3651,0502012|0730003|1002004,"Futón con dos capas de látex, 150x200x14,5 cm, Sin funda, Con cajón",502012,NO,NO,NO,YES,1,COMPOSITION_EXACT_SOURCE,,"Evidence row; correlate by combination_sku, component_sku and quantity.",EXACT_SKU,EXACT,EXACT,COMPOSITION_EXACT_SOURCE,COMPOSITION_EXACT_SOURCE,UNCHANGED_EXACT_EVIDENCE,SUPPORTING,NO,HIGH,Exact 001A.0 evidence retained; no fuzzy identity.,INCLUDED_EXACT,,,,,
MAESTRO,399,4377,,0502012|0730003|1002004,,0730003,1,EXACT,"{""source"":""MAESTRO_GESTIÓN.xlsx:RENTABILIDAD_COSTOS"",""source_row"":399,""parent_code"":""0502012"",""component_slot"":""ART2"",""component_code"":""0730003"",""quantity"":""1"",""quantity_status"":""EXACT"",""is_combination_row"":""YES"",""family"":""Sofás Cama"",""model"":""Yokahoma"",""finish"":""Natural"",""measure"":""150x200"",""composition_label"":""Estructura + Cajón + futon 2 látex"",""product_name"":""Estructura + Cajón + futon 2 látex"",""status"":""ACTIVO"",""legacy_magento_id"":""0502012"",""legacy_ean"":"""",""combination_sku_exact"":""0502012|0730003|1002004"",""combination_key_status"":""EXACT""}",EXACT_SKU,730003,EXACT,SUPPORTING_SOURCE,4377,3651,0502012|0730003|1002004,"Futón con dos capas de látex, 150x200x14,5 cm, Sin funda, Con cajón",730003,NO,NO,NO,YES,1,COMPOSITION_EXACT_SOURCE,,"Evidence row; correlate by combination_sku, component_sku and quantity.",EXACT_SKU,EXACT,EXACT,COMPOSITION_EXACT_SOURCE,COMPOSITION_EXACT_SOURCE,UNCHANGED_EXACT_EVIDENCE,SUPPORTING,NO,HIGH,Exact 001A.0 evidence retained; no fuzzy identity.,INCLUDED_EXACT,,,,,
MAESTRO,399,4377,,0502012|0730003|1002004,,1002004,1,EXACT,"{""source"":""MAESTRO_GESTIÓN.xlsx:RENTABILIDAD_COSTOS"",""source_row"":399,""parent_code"":""0502012"",""component_slot"":""ART3"",""component_code"":""1002004"",""quantity"":""1"",""quantity_status"":""EXACT"",""is_combination_row"":""YES"",""family"":""Sofás Cama"",""model"":""Yokahoma"",""finish"":""Natural"",""measure"":""150x200"",""composition_label"":""Estructura + Cajón + futon 2 látex"",""product_name"":""Estructura + Cajón + futon 2 látex"",""status"":""ACTIVO"",""legacy_magento_id"":""0502012"",""legacy_ean"":"""",""combination_sku_exact"":""0502012|0730003|1002004"",""combination_key_status"":""EXACT""}",EXACT_SKU,1002004,EXACT,SUPPORTING_SOURCE,4377,3651,0502012|0730003|1002004,"Futón con dos capas de látex, 150x200x14,5 cm, Sin funda, Con cajón",1002004,NO,NO,NO,YES,1,COMPOSITION_EXACT_SOURCE,,"Evidence row; correlate by combination_sku, component_sku and quantity.",EXACT_SKU,EXACT,EXACT,COMPOSITION_EXACT_SOURCE,COMPOSITION_EXACT_SOURCE,UNCHANGED_EXACT_EVIDENCE,SUPPORTING,NO,HIGH,Exact 001A.0 evidence retained; no fuzzy identity.,INCLUDED_EXACT,,,,,
MAESTRO,4,3662,,0302009|0201002|0201002,,0201002,2,EXACT,"{""source"":""MAESTRO_GESTIÓN.xlsx:RENTABILIDAD_COSTOS"",""source_row"":4,""parent_code"":""0302009"",""component_slot"":""ART2"",""component_code"":""0201002"",""quantity"":""2"",""quantity_status"":""EXACT"",""is_combination_row"":""YES"",""family"":""Bases Tatami"",""model"":""Macao"",""finish"":""Natural"",""measure"":""180x200"",""composition_label"":""Estructura + 2 tatamis"",""product_name"":""Base Tatami  Macao Natural 180x200 cm."",""status"":""ACTIVO"",""legacy_magento_id"":""0302009"",""legacy_ean"":""8436552580844"",""combination_sku_exact"":""0302009|0201002|0201002"",""combination_key_status"":""EXACT""}",EXACT_SKU,201002,EXACT,SUPPORTING_SOURCE,3662,3610,0302009|0201002|0201002,Con 2 tatamis de 90x200 cm,201002,NO,NO,NO,YES,1,COMPOSITION_EXACT_SOURCE,,"Evidence row; correlate by combination_sku, component_sku and quantity.",EXACT_SKU,EXACT,EXACT,COMPOSITION_EXACT_SOURCE,COMPOSITION_EXACT_SOURCE,UNCHANGED_EXACT_EVIDENCE,SUPPORTING,NO,HIGH,Exact 001A.0 evidence retained; no fuzzy identity.,INCLUDED_EXACT,,,,,
MAESTRO,4,3662,,0302009|0201002|0201002,,0302009,1,EXACT,"{""source"":""MAESTRO_GESTIÓN.xlsx:RENTABILIDAD_COSTOS"",""source_row"":4,""parent_code"":""0302009"",""component_slot"":""ART1"",""component_code"":""0302009"",""quantity"":""1"",""quantity_status"":""EXACT"",""is_combination_row"":""YES"",""family"":""Bases Tatami"",""model"":""Macao"",""finish"":""Natural"",""measure"":""180x200"",""composition_label"":""Estructura + 2 tatamis"",""product_name"":""Base Tatami  Macao Natural 180x200 cm."",""status"":""ACTIVO"",""legacy_magento_id"":""0302009"",""legacy_ean"":""8436552580844"",""combination_sku_exact"":""0302009|0201002|0201002"",""combination_key_status"":""EXACT""}",EXACT_SKU,302009,EXACT,SUPPORTING_SOURCE,3662,3610,0302009|0201002|0201002,Con 2 tatamis de 90x200 cm,302009,NO,NO,NO,YES,1,COMPOSITION_EXACT_SOURCE,,"Evidence row; correlate by combination_sku, component_sku and quantity.",EXACT_SKU,EXACT,EXACT,COMPOSITION_EXACT_SOURCE,COMPOSITION_EXACT_SOURCE,UNCHANGED_EXACT_EVIDENCE,SUPPORTING,NO,HIGH,Exact 001A.0 evidence retained; no fuzzy identity.,INCLUDED_EXACT,,,,,
MAESTRO,40,3725,,0201002|0201002|0728005,,0201002,2,EXACT,"{""source"":""MAESTRO_GESTIÓN.xlsx:RENTABILIDAD_COSTOS"",""source_row"":40,""parent_code"":""0201002"",""component_slot"":""ART1"",""component_code"":""0201002"",""quantity"":""2"",""quantity_status"":""EXACT"",""is_combination_row"":""YES"",""family"":""Combinación TatamisFuton"",""model"":""1 capa látex"",""finish"":""1 capa látex (180x200)"",""measure"":""90x200x5,5"",""composition_label"":""2 Tatamis + Futon 1 látex"",""product_name"":""Combinación 2 Tatamis (90 x200) futón algodón 1 capa látex (180x200)"",""status"":""ACTIVO"",""legacy_magento_id"":""0201002"",""legacy_ean"":"""",""combination_sku_exact"":""0201002|0201002|0728005"",""combination_key_status"":""EXACT""}",EXACT_SKU,201002,EXACT,SUPPORTING_SOURCE,3725,3623,0201002|0201002|0728005,"180x200x14,5 cm, Con 2 tatamis de 90x200 cm",201002,NO,NO,NO,YES,1,COMPOSITION_EXACT_SOURCE,,"Evidence row; correlate by combination_sku, component_sku and quantity.",EXACT_SKU,EXACT,EXACT,COMPOSITION_EXACT_SOURCE,COMPOSITION_EXACT_SOURCE,UNCHANGED_EXACT_EVIDENCE,SUPPORTING,NO,HIGH,Exact 001A.0 evidence retained; no fuzzy identity.,INCLUDED_EXACT,,,,,
MAESTRO,40,3725,,0201002|0201002|0728005,,0728005,1,EXACT,"{""source"":""MAESTRO_GESTIÓN.xlsx:RENTABILIDAD_COSTOS"",""source_row"":40,""parent_code"":""0201002"",""component_slot"":""ART2"",""component_code"":""0728005"",""quantity"":""1"",""quantity_status"":""EXACT"",""is_combination_row"":""YES"",""family"":""Combinación TatamisFuton"",""model"":""1 capa látex"",""finish"":""1 capa látex (180x200)"",""measure"":""90x200x5,5"",""composition_label"":""2 Tatamis + Futon 1 látex"",""product_name"":""Combinación 2 Tatamis (90 x200) futón algodón 1 capa látex (180x200)"",""status"":""ACTIVO"",""legacy_magento_id"":""0201002"",""legacy_ean"":"""",""combination_sku_exact"":""0201002|0201002|0728005"",""combination_key_status"":""EXACT""}",EXACT_SKU,728005,EXACT,SUPPORTING_SOURCE,3725,3623,0201002|0201002|0728005,"180x200x14,5 cm, Con 2 tatamis de 90x200 cm",728005,NO,NO,NO,YES,1,COMPOSITION_EXACT_SOURCE,,"Evidence row; correlate by combination_sku, component_sku and quantity.",EXACT_SKU,EXACT,EXACT,COMPOSITION_EXACT_SOURCE,COMPOSITION_EXACT_SOURCE,UNCHANGED_EXACT_EVIDENCE,SUPPORTING,NO,HIGH,Exact 001A.0 evidence retained; no fuzzy identity.,INCLUDED_EXACT,,,,,
MAESTRO,400,4382,,0502012|0730003|1002004|0608004,,0502012,1,EXACT,"{""source"":""MAESTRO_GESTIÓN.xlsx:RENTABILIDAD_COSTOS"",""source_row"":400,""parent_code"":""0502012"",""component_slot"":""ART1"",""component_code"":""0502012"",""quantity"":""1"",""quantity_status"":""EXACT"",""is_combination_row"":""YES"",""family"":""Sofás Cama"",""model"":""Yokahoma"",""finish"":""Natural"",""measure"":""150x200"",""composition_label"":""Estructura + Cajón + futon 2 látex + funda_Lisa"",""product_name"":""Estructura + Cajón + futon 2 látex + funda_Lisa"",""status"":""ACTIVO"",""legacy_magento_id"":""0502012"",""legacy_ean"":"""",""combination_sku_exact"":""0502012|0730003|1002004|0608004"",""combination_key_status"":""EXACT""}",EXACT_SKU,502012,EXACT,SUPPORTING_SOURCE,4382,3651,0502012|0730003|1002004|0608004,"Futón con dos capas de látex, 150x200x14,5 cm, Crudo, Con cajón",502012,NO,NO,NO,YES,1,COMPOSITION_EXACT_SOURCE,,"Evidence row; correlate by combination_sku, component_sku and quantity.",EXACT_SKU,EXACT,EXACT,COMPOSITION_EXACT_SOURCE,COMPOSITION_EXACT_SOURCE,UNCHANGED_EXACT_EVIDENCE,SUPPORTING,NO,HIGH,Exact 001A.0 evidence retained; no fuzzy identity.,INCLUDED_EXACT,,,,,
MAESTRO,400,4382,,0502012|0730003|1002004|0608004,,0608004,1,EXACT,"{""source"":""MAESTRO_GESTIÓN.xlsx:RENTABILIDAD_COSTOS"",""source_row"":400,""parent_code"":""0502012"",""component_slot"":""ART4"",""component_code"":""0608004"",""quantity"":""1"",""quantity_status"":""EXACT"",""is_combination_row"":""YES"",""family"":""Sofás Cama"",""model"":""Yokahoma"",""finish"":""Natural"",""measure"":""150x200"",""composition_label"":""Estructura + Cajón + futon 2 látex + funda_Lisa"",""product_name"":""Estructura + Cajón + futon 2 látex + funda_Lisa"",""status"":""ACTIVO"",""legacy_magento_id"":""0502012"",""legacy_ean"":"""",""combination_sku_exact"":""0502012|0730003|1002004|0608004"",""combination_key_status"":""EXACT""}",EXACT_SKU,608004,EXACT,SUPPORTING_SOURCE,4382,3651,0502012|0730003|1002004|0608004,"Futón con dos capas de látex, 150x200x14,5 cm, Crudo, Con cajón",608004,NO,NO,NO,YES,1,COMPOSITION_EXACT_SOURCE,,"Evidence row; correlate by combination_sku, component_sku and quantity.",EXACT_SKU,EXACT,EXACT,COMPOSITION_EXACT_SOURCE,COMPOSITION_EXACT_SOURCE,UNCHANGED_EXACT_EVIDENCE,SUPPORTING,NO,HIGH,Exact 001A.0 evidence retained; no fuzzy identity.,INCLUDED_EXACT,,,,,
MAESTRO,400,4382,,0502012|0730003|1002004|0608004,,0730003,1,EXACT,"{""source"":""MAESTRO_GESTIÓN.xlsx:RENTABILIDAD_COSTOS"",""source_row"":400,""parent_code"":""0502012"",""component_slot"":""ART2"",""component_code"":""0730003"",""quantity"":""1"",""quantity_status"":""EXACT"",""is_combination_row"":""YES"",""family"":""Sofás Cama"",""model"":""Yokahoma"",""finish"":""Natural"",""measure"":""150x200"",""composition_label"":""Estructura + Cajón + futon 2 látex + funda_Lisa"",""product_name"":""Estructura + Cajón + futon 2 látex + funda_Lisa"",""status"":""ACTIVO"",""legacy_magento_id"":""0502012"",""legacy_ean"":"""",""combination_sku_exact"":""0502012|0730003|1002004|0608004"",""combination_key_status"":""EXACT""}",EXACT_SKU,730003,EXACT,SUPPORTING_SOURCE,4382,3651,0502012|0730003|1002004|0608004,"Futón con dos capas de látex, 150x200x14,5 cm, Crudo, Con cajón",730003,NO,NO,NO,YES,1,COMPOSITION_EXACT_SOURCE,,"Evidence row; correlate by combination_sku, component_sku and quantity.",EXACT_SKU,EXACT,EXACT,COMPOSITION_EXACT_SOURCE,COMPOSITION_EXACT_SOURCE,UNCHANGED_EXACT_EVIDENCE,SUPPORTING,NO,HIGH,Exact 001A.0 evidence retained; no fuzzy identity.,INCLUDED_EXACT,,,,,
MAESTRO,400,4382,,0502012|0730003|1002004|0608004,,1002004,1,EXACT,"{""source"":""MAESTRO_GESTIÓN.xlsx:RENTABILIDAD_COSTOS"",""source_row"":400,""parent_code"":""0502012"",""component_slot"":""ART3"",""component_code"":""1002004"",""quantity"":""1"",""quantity_status"":""EXACT"",""is_combination_row"":""YES"",""family"":""Sofás Cama"",""model"":""Yokahoma"",""finish"":""Natural"",""measure"":""150x200"",""composition_label"":""Estructura + Cajón + futon 2 látex + funda_Lisa"",""product_name"":""Estructura + Cajón + futon 2 látex + funda_Lisa"",""status"":""ACTIVO"",""legacy_magento_id"":""0502012"",""legacy_ean"":"""",""combination_sku_exact"":""0502012|0730003|1002004|0608004"",""combination_key_status"":""EXACT""}",EXACT_SKU,1002004,EXACT,SUPPORTING_SOURCE,4382,3651,0502012|0730003|1002004|0608004,"Futón con dos capas de látex, 150x200x14,5 cm, Crudo, Con cajón",1002004,NO,NO,NO,YES,1,COMPOSITION_EXACT_SOURCE,,"Evidence row; correlate by combination_sku, component_sku and quantity.",EXACT_SKU,EXACT,EXACT,COMPOSITION_EXACT_SOURCE,COMPOSITION_EXACT_SOURCE,UNCHANGED_EXACT_EVIDENCE,SUPPORTING,NO,HIGH,Exact 001A.0 evidence retained; no fuzzy identity.,INCLUDED_EXACT,,,,,
MAESTRO,401,6289,,0502012|0730003|1002004|0617004,,0502012,1,EXACT,"{""source"":""MAESTRO_GESTIÓN.xlsx:RENTABILIDAD_COSTOS"",""source_row"":401,""parent_code"":""0502012"",""component_slot"":""ART1"",""component_code"":""0502012"",""quantity"":""1"",""quantity_status"":""EXACT"",""is_combination_row"":""YES"",""family"":""Sofás Cama"",""model"":""Yokahoma"",""finish"":""Natural"",""measure"":""150x200"",""composition_label"":""Estructura + Cajón + futon 2 látex + funda_GrisJaspeada"",""product_name"":""Estructura + Cajón + futon 2 látex + funda_GrisJaspeada"",""status"":""ACTIVO"",""legacy_magento_id"":""0502012"",""legacy_ean"":"""",""combination_sku_exact"":""0502012|0730003|1002004|0617004"",""combination_key_status"":""EXACT""}",EXACT_SKU,502012,EXACT,SUPPORTING_SOURCE,6289,3651,0502012|0730003|1002004|0617004,"Futón con dos capas de látex, 150x200x14,5 cm, Gris jaspeado, Con cajón",502012,NO,NO,NO,YES,1,COMPOSITION_EXACT_SOURCE,,"Evidence row; correlate by combination_sku, component_sku and quantity.",EXACT_SKU,EXACT,EXACT,COMPOSITION_EXACT_SOURCE,COMPOSITION_EXACT_SOURCE,UNCHANGED_EXACT_EVIDENCE,SUPPORTING,NO,HIGH,Exact 001A.0 evidence retained; no fuzzy identity.,INCLUDED_EXACT,,,,,
MAESTRO,401,6289,,0502012|0730003|1002004|0617004,,0617004,1,EXACT,"{""source"":""MAESTRO_GESTIÓN.xlsx:RENTABILIDAD_COSTOS"",""source_row"":401,""parent_code"":""0502012"",""component_slot"":""ART4"",""component_code"":""0617004"",""quantity"":""1"",""quantity_status"":""EXACT"",""is_combination_row"":""YES"",""family"":""Sofás Cama"",""model"":""Yokahoma"",""finish"":""Natural"",""measure"":""150x200"",""composition_label"":""Estructura + Cajón + futon 2 látex + funda_GrisJaspeada"",""product_name"":""Estructura + Cajón + futon 2 látex + funda_GrisJaspeada"",""status"":""ACTIVO"",""legacy_magento_id"":""0502012"",""legacy_ean"":"""",""combination_sku_exact"":""0502012|0730003|1002004|0617004"",""combination_key_status"":""EXACT""}",EXACT_SKU,617004,EXACT,SUPPORTING_SOURCE,6289,3651,0502012|0730003|1002004|0617004,"Futón con dos capas de látex, 150x200x14,5 cm, Gris jaspeado, Con cajón",617004,NO,NO,NO,YES,1,COMPOSITION_EXACT_SOURCE,,"Evidence row; correlate by combination_sku, component_sku and quantity.",EXACT_SKU,EXACT,EXACT,COMPOSITION_EXACT_SOURCE,COMPOSITION_EXACT_SOURCE,UNCHANGED_EXACT_EVIDENCE,SUPPORTING,NO,HIGH,Exact 001A.0 evidence retained; no fuzzy identity.,INCLUDED_EXACT,,,,,
MAESTRO,401,6289,,0502012|0730003|1002004|0617004,,0730003,1,EXACT,"{""source"":""MAESTRO_GESTIÓN.xlsx:RENTABILIDAD_COSTOS"",""source_row"":401,""parent_code"":""0502012"",""component_slot"":""ART2"",""component_code"":""0730003"",""quantity"":""1"",""quantity_status"":""EXACT"",""is_combination_row"":""YES"",""family"":""Sofás Cama"",""model"":""Yokahoma"",""finish"":""Natural"",""measure"":""150x200"",""composition_label"":""Estructura + Cajón + futon 2 látex + funda_GrisJaspeada"",""product_name"":""Estructura + Cajón + futon 2 látex + funda_GrisJaspeada"",""status"":""ACTIVO"",""legacy_magento_id"":""0502012"",""legacy_ean"":"""",""combination_sku_exact"":""0502012|0730003|1002004|0617004"",""combination_key_status"":""EXACT""}",EXACT_SKU,730003,EXACT,SUPPORTING_SOURCE,6289,3651,0502012|0730003|1002004|0617004,"Futón con dos capas de látex, 150x200x14,5 cm, Gris jaspeado, Con cajón",730003,NO,NO,NO,YES,1,COMPOSITION_EXACT_SOURCE,,"Evidence row; correlate by combination_sku, component_sku and quantity.",EXACT_SKU,EXACT,EXACT,COMPOSITION_EXACT_SOURCE,COMPOSITION_EXACT_SOURCE,UNCHANGED_EXACT_EVIDENCE,SUPPORTING,NO,HIGH,Exact 001A.0 evidence retained; no fuzzy identity.,INCLUDED_EXACT,,,,,
MAESTRO,401,6289,,0502012|0730003|1002004|0617004,,1002004,1,EXACT,"{""source"":""MAESTRO_GESTIÓN.xlsx:RENTABILIDAD_COSTOS"",""source_row"":401,""parent_code"":""0502012"",""component_slot"":""ART3"",""component_code"":""1002004"",""quantity"":""1"",""quantity_status"":""EXACT"",""is_combination_row"":""YES"",""family"":""Sofás Cama"",""model"":""Yokahoma"",""finish"":""Natural"",""measure"":""150x200"",""composition_label"":""Estructura + Cajón + futon 2 látex + funda_GrisJaspeada"",""product_name"":""Estructura + Cajón + futon 2 látex + funda_GrisJaspeada"",""status"":""ACTIVO"",""legacy_magento_id"":""0502012"",""legacy_ean"":"""",""combination_sku_exact"":""0502012|0730003|1002004|0617004"",""combination_key_status"":""EXACT""}",EXACT_SKU,1002004,EXACT,SUPPORTING_SOURCE,6289,3651,0502012|0730003|1002004|0617004,"Futón con dos capas de látex, 150x200x14,5 cm, Gris jaspeado, Con cajón",1002004,NO,NO,NO,YES,1,COMPOSITION_EXACT_SOURCE,,"Evidence row; correlate by combination_sku, component_sku and quantity.",EXACT_SKU,EXACT,EXACT,COMPOSITION_EXACT_SOURCE,COMPOSITION_EXACT_SOURCE,UNCHANGED_EXACT_EVIDENCE,SUPPORTING,NO,HIGH,Exact 001A.0 evidence retained; no fuzzy identity.,INCLUDED_EXACT,,,,,
MAESTRO,406,4484,,0504011|0724003,,0504011,1,EXACT,"{""source"":""MAESTRO_GESTIÓN.xlsx:RENTABILIDAD_COSTOS"",""source_row"":406,""parent_code"":""0504011"",""component_slot"":""ART1"",""component_code"":""0504011"",""quantity"":""1"",""quantity_status"":""EXACT"",""is_combination_row"":""YES"",""family"":""Sofás Cama"",""model"":""Zúrich"",""finish"":""Natural"",""measure"":""140x200"",""composition_label"":""Estructura + futonAlg"",""product_name"":""Estructura + futonAlg"",""status"":""ACTIVO"",""legacy_magento_id"":""0504011"",""legacy_ean"":"""",""combination_sku_exact"":""0504011|0724003"",""combination_key_status"":""EXACT""}",EXACT_SKU,504011,EXACT,SUPPORTING_SOURCE,4484,3652,0504011|0724003,"Futón de algodón, 140x200x14,5 cm, Sin funda",504011,NO,NO,NO,YES,1,COMPOSITION_EXACT_SOURCE,,"Evidence row; correlate by combination_sku, component_sku and quantity.",EXACT_SKU,EXACT,EXACT,COMPOSITION_EXACT_SOURCE,COMPOSITION_EXACT_SOURCE,UNCHANGED_EXACT_EVIDENCE,SUPPORTING,NO,HIGH,Exact 001A.0 evidence retained; no fuzzy identity.,INCLUDED_EXACT,,,,,
MAESTRO,406,4484,,0504011|0724003,,0724003,1,EXACT,"{""source"":""MAESTRO_GESTIÓN.xlsx:RENTABILIDAD_COSTOS"",""source_row"":406,""parent_code"":""0504011"",""component_slot"":""ART2"",""component_code"":""0724003"",""quantity"":""1"",""quantity_status"":""EXACT"",""is_combination_row"":""YES"",""family"":""Sofás Cama"",""model"":""Zúrich"",""finish"":""Natural"",""measure"":""140x200"",""composition_label"":""Estructura + futonAlg"",""product_name"":""Estructura + futonAlg"",""status"":""ACTIVO"",""legacy_magento_id"":""0504011"",""legacy_ean"":"""",""combination_sku_exact"":""0504011|0724003"",""combination_key_status"":""EXACT""}",EXACT_SKU,724003,EXACT,SUPPORTING_SOURCE,4484,3652,0504011|0724003,"Futón de algodón, 140x200x14,5 cm, Sin funda",724003,NO,NO,NO,YES,1,COMPOSITION_EXACT_SOURCE,,"Evidence row; correlate by combination_sku, component_sku and quantity.",EXACT_SKU,EXACT,EXACT,COMPOSITION_EXACT_SOURCE,COMPOSITION_EXACT_SOURCE,UNCHANGED_EXACT_EVIDENCE,SUPPORTING,NO,HIGH,Exact 001A.0 evidence retained; no fuzzy identity.,INCLUDED_EXACT,,,,,
MAESTRO,407,4488,,0504011|0724003|0608002,,0504011,1,EXACT,"{""source"":""MAESTRO_GESTIÓN.xlsx:RENTABILIDAD_COSTOS"",""source_row"":407,""parent_code"":""0504011"",""component_slot"":""ART1"",""component_code"":""0504011"",""quantity"":""1"",""quantity_status"":""EXACT"",""is_combination_row"":""YES"",""family"":""Sofás Cama"",""model"":""Zúrich"",""finish"":""Natural"",""measure"":""140x200"",""composition_label"":""Estructura + futonAlg + funda_lisa"",""product_name"":""Estructura + futonAlg + funda_lisa"",""status"":""ACTIVO"",""legacy_magento_id"":""0504011"",""legacy_ean"":"""",""combination_sku_exact"":""0504011|0724003|0608002"",""combination_key_status"":""EXACT""}",EXACT_SKU,504011,EXACT,SUPPORTING_SOURCE,4488,3652,0504011|0724003|0608002,"Futón de algodón, 140x200x14,5 cm, Crudo",504011,NO,NO,NO,YES,1,COMPOSITION_EXACT_SOURCE,,"Evidence row; correlate by combination_sku, component_sku and quantity.",EXACT_SKU,EXACT,EXACT,COMPOSITION_EXACT_SOURCE,COMPOSITION_EXACT_SOURCE,UNCHANGED_EXACT_EVIDENCE,SUPPORTING,NO,HIGH,Exact 001A.0 evidence retained; no fuzzy identity.,INCLUDED_EXACT,,,,,
MAESTRO,407,4488,,0504011|0724003|0608002,,0608002,1,EXACT,"{""source"":""MAESTRO_GESTIÓN.xlsx:RENTABILIDAD_COSTOS"",""source_row"":407,""parent_code"":""0504011"",""component_slot"":""ART4"",""component_code"":""0608002"",""quantity"":""1"",""quantity_status"":""EXACT"",""is_combination_row"":""YES"",""family"":""Sofás Cama"",""model"":""Zúrich"",""finish"":""Natural"",""measure"":""140x200"",""composition_label"":""Estructura + futonAlg + funda_lisa"",""product_name"":""Estructura + futonAlg + funda_lisa"",""status"":""ACTIVO"",""legacy_magento_id"":""0504011"",""legacy_ean"":"""",""combination_sku_exact"":""0504011|0724003|0608002"",""combination_key_status"":""EXACT""}",EXACT_SKU,608002,EXACT,SUPPORTING_SOURCE,4488,3652,0504011|0724003|0608002,"Futón de algodón, 140x200x14,5 cm, Crudo",608002,NO,NO,NO,YES,1,COMPOSITION_EXACT_SOURCE,,"Evidence row; correlate by combination_sku, component_sku and quantity.",EXACT_SKU,EXACT,EXACT,COMPOSITION_EXACT_SOURCE,COMPOSITION_EXACT_SOURCE,UNCHANGED_EXACT_EVIDENCE,SUPPORTING,NO,HIGH,Exact 001A.0 evidence retained; no fuzzy identity.,INCLUDED_EXACT,,,,,
MAESTRO,407,4488,,0504011|0724003|0608002,,0724003,1,EXACT,"{""source"":""MAESTRO_GESTIÓN.xlsx:RENTABILIDAD_COSTOS"",""source_row"":407,""parent_code"":""0504011"",""component_slot"":""ART2"",""component_code"":""0724003"",""quantity"":""1"",""quantity_status"":""EXACT"",""is_combination_row"":""YES"",""family"":""Sofás Cama"",""model"":""Zúrich"",""finish"":""Natural"",""measure"":""140x200"",""composition_label"":""Estructura + futonAlg + funda_lisa"",""product_name"":""Estructura + futonAlg + funda_lisa"",""status"":""ACTIVO"",""legacy_magento_id"":""0504011"",""legacy_ean"":"""",""combination_sku_exact"":""0504011|0724003|0608002"",""combination_key_status"":""EXACT""}",EXACT_SKU,724003,EXACT,SUPPORTING_SOURCE,4488,3652,0504011|0724003|0608002,"Futón de algodón, 140x200x14,5 cm, Crudo",724003,NO,NO,NO,YES,1,COMPOSITION_EXACT_SOURCE,,"Evidence row; correlate by combination_sku, component_sku and quantity.",EXACT_SKU,EXACT,EXACT,COMPOSITION_EXACT_SOURCE,COMPOSITION_EXACT_SOURCE,UNCHANGED_EXACT_EVIDENCE,SUPPORTING,NO,HIGH,Exact 001A.0 evidence retained; no fuzzy identity.,INCLUDED_EXACT,,,,,
MAESTRO,408,6093,,0504011|0724003|0617002,,0504011,1,EXACT,"{""source"":""MAESTRO_GESTIÓN.xlsx:RENTABILIDAD_COSTOS"",""source_row"":408,""parent_code"":""0504011"",""component_slot"":""ART1"",""component_code"":""0504011"",""quantity"":""1"",""quantity_status"":""EXACT"",""is_combination_row"":""YES"",""family"":""Sofás Cama"",""model"":""Zúrich"",""finish"":""Natural"",""measure"":""140x200"",""composition_label"":""Estructura + futonAlg + funda_GrisJaspeada"",""product_name"":""Estructura + futonAlg + funda_GrisJaspeada"",""status"":""ACTIVO"",""legacy_magento_id"":""0504011"",""legacy_ean"":"""",""combination_sku_exact"":""0504011|0724003|0617002"",""combination_key_status"":""EXACT""}",EXACT_SKU,504011,EXACT,SUPPORTING_SOURCE,6093,3652,0504011|0724003|0617002,"Futón de algodón, 140x200x14,5 cm, Gris jaspeado",504011,NO,NO,NO,YES,1,COMPOSITION_EXACT_SOURCE,,"Evidence row; correlate by combination_sku, component_sku and quantity.",EXACT_SKU,EXACT,EXACT,COMPOSITION_EXACT_SOURCE,COMPOSITION_EXACT_SOURCE,UNCHANGED_EXACT_EVIDENCE,SUPPORTING,NO,HIGH,Exact 001A.0 evidence retained; no fuzzy identity.,INCLUDED_EXACT,,,,,
MAESTRO,408,6093,,0504011|0724003|0617002,,0617002,1,EXACT,"{""source"":""MAESTRO_GESTIÓN.xlsx:RENTABILIDAD_COSTOS"",""source_row"":408,""parent_code"":""0504011"",""component_slot"":""ART4"",""component_code"":""0617002"",""quantity"":""1"",""quantity_status"":""EXACT"",""is_combination_row"":""YES"",""family"":""Sofás Cama"",""model"":""Zúrich"",""finish"":""Natural"",""measure"":""140x200"",""composition_label"":""Estructura + futonAlg + funda_GrisJaspeada"",""product_name"":""Estructura + futonAlg + funda_GrisJaspeada"",""status"":""ACTIVO"",""legacy_magento_id"":""0504011"",""legacy_ean"":"""",""combination_sku_exact"":""0504011|0724003|0617002"",""combination_key_status"":""EXACT""}",EXACT_SKU,617002,EXACT,SUPPORTING_SOURCE,6093,3652,0504011|0724003|0617002,"Futón de algodón, 140x200x14,5 cm, Gris jaspeado",617002,NO,NO,NO,YES,1,COMPOSITION_EXACT_SOURCE,,"Evidence row; correlate by combination_sku, component_sku and quantity.",EXACT_SKU,EXACT,EXACT,COMPOSITION_EXACT_SOURCE,COMPOSITION_EXACT_SOURCE,UNCHANGED_EXACT_EVIDENCE,SUPPORTING,NO,HIGH,Exact 001A.0 evidence retained; no fuzzy identity.,INCLUDED_EXACT,,,,,
MAESTRO,408,6093,,0504011|0724003|0617002,,0724003,1,EXACT,"{""source"":""MAESTRO_GESTIÓN.xlsx:RENTABILIDAD_COSTOS"",""source_row"":408,""parent_code"":""0504011"",""component_slot"":""ART2"",""component_code"":""0724003"",""quantity"":""1"",""quantity_status"":""EXACT"",""is_combination_row"":""YES"",""family"":""Sofás Cama"",""model"":""Zúrich"",""finish"":""Natural"",""measure"":""140x200"",""composition_label"":""Estructura + futonAlg + funda_GrisJaspeada"",""product_name"":""Estructura + futonAlg + funda_GrisJaspeada"",""status"":""ACTIVO"",""legacy_magento_id"":""0504011"",""legacy_ean"":"""",""combination_sku_exact"":""0504011|0724003|0617002"",""combination_key_status"":""EXACT""}",EXACT_SKU,724003,EXACT,SUPPORTING_SOURCE,6093,3652,0504011|0724003|0617002,"Futón de algodón, 140x200x14,5 cm, Gris jaspeado",724003,NO,NO,NO,YES,1,COMPOSITION_EXACT_SOURCE,,"Evidence row; correlate by combination_sku, component_sku and quantity.",EXACT_SKU,EXACT,EXACT,COMPOSITION_EXACT_SOURCE,COMPOSITION_EXACT_SOURCE,UNCHANGED_EXACT_EVIDENCE,SUPPORTING,NO,HIGH,Exact 001A.0 evidence retained; no fuzzy identity.,INCLUDED_EXACT,,,,,
MAESTRO,409,4460,,0504011|0728002,,0504011,1,EXACT,"{""source"":""MAESTRO_GESTIÓN.xlsx:RENTABILIDAD_COSTOS"",""source_row"":409,""parent_code"":""0504011"",""component_slot"":""ART1"",""component_code"":""0504011"",""quantity"":""1"",""quantity_status"":""EXACT"",""is_combination_row"":""YES"",""family"":""Sofás Cama"",""model"":""Zúrich"",""finish"":""Natural"",""measure"":""140x200"",""composition_label"":""Estructura + futon 1 látex"",""product_name"":""Estructura + futon 1 látex"",""status"":""ACTIVO"",""legacy_magento_id"":""0504011"",""legacy_ean"":"""",""combination_sku_exact"":""0504011|0728002"",""combination_key_status"":""EXACT""}",EXACT_SKU,504011,EXACT,SUPPORTING_SOURCE,4460,3652,0504011|0728002,"Futón con una capa de látex, 140x200x14,5 cm, Sin funda",504011,NO,NO,NO,YES,1,COMPOSITION_EXACT_SOURCE,,"Evidence row; correlate by combination_sku, component_sku and quantity.",EXACT_SKU,EXACT,EXACT,COMPOSITION_EXACT_SOURCE,COMPOSITION_EXACT_SOURCE,UNCHANGED_EXACT_EVIDENCE,SUPPORTING,NO,HIGH,Exact 001A.0 evidence retained; no fuzzy identity.,INCLUDED_EXACT,,,,,
MAESTRO,409,4460,,0504011|0728002,,0728002,1,EXACT,"{""source"":""MAESTRO_GESTIÓN.xlsx:RENTABILIDAD_COSTOS"",""source_row"":409,""parent_code"":""0504011"",""component_slot"":""ART2"",""component_code"":""0728002"",""quantity"":""1"",""quantity_status"":""EXACT"",""is_combination_row"":""YES"",""family"":""Sofás Cama"",""model"":""Zúrich"",""finish"":""Natural"",""measure"":""140x200"",""composition_label"":""Estructura + futon 1 látex"",""product_name"":""Estructura + futon 1 látex"",""status"":""ACTIVO"",""legacy_magento_id"":""0504011"",""legacy_ean"":"""",""combination_sku_exact"":""0504011|0728002"",""combination_key_status"":""EXACT""}",EXACT_SKU,728002,EXACT,SUPPORTING_SOURCE,4460,3652,0504011|0728002,"Futón con una capa de látex, 140x200x14,5 cm, Sin funda",728002,NO,NO,NO,YES,1,COMPOSITION_EXACT_SOURCE,,"Evidence row; correlate by combination_sku, component_sku and quantity.",EXACT_SKU,EXACT,EXACT,COMPOSITION_EXACT_SOURCE,COMPOSITION_EXACT_SOURCE,UNCHANGED_EXACT_EVIDENCE,SUPPORTING,NO,HIGH,Exact 001A.0 evidence retained; no fuzzy identity.,INCLUDED_EXACT,,,,,
MAESTRO,41,3715,,0201003|0201003|0728001,,0201003,2,EXACT,"{""source"":""MAESTRO_GESTIÓN.xlsx:RENTABILIDAD_COSTOS"",""source_row"":41,""parent_code"":""0201003"",""component_slot"":""ART1"",""component_code"":""0201003"",""quantity"":""2"",""quantity_status"":""EXACT"",""is_combination_row"":""YES"",""family"":""Combinación TatamisFuton"",""model"":""1 capa látex"",""finish"":""1 capa látex (90x200)"",""measure"":""70x200x5,5"",""composition_label"":""2 Tatamis + Futon 1 látex"",""product_name"":""Combinación 2 Tatamis (70X200) futón Algodón 1 capa látex (90x200)"",""status"":""ACTIVO"",""legacy_magento_id"":""0201003"",""legacy_ean"":"""",""combination_sku_exact"":""0201003|0201003|0728001"",""combination_key_status"":""EXACT""}",EXACT_SKU,201003,EXACT,SUPPORTING_SOURCE,3715,3623,0201003|0201003|0728001,"90x200x14,5 cm, Con 2 tatamis de 70x200 cm",201003,NO,NO,NO,YES,1,COMPOSITION_EXACT_SOURCE,,"Evidence row; correlate by combination_sku, component_sku and quantity.",EXACT_SKU,EXACT,EXACT,COMPOSITION_EXACT_SOURCE,COMPOSITION_EXACT_SOURCE,UNCHANGED_EXACT_EVIDENCE,SUPPORTING,NO,HIGH,Exact 001A.0 evidence retained; no fuzzy identity.,INCLUDED_EXACT,,,,,
MAESTRO,41,3715,,0201003|0201003|0728001,,0728001,1,EXACT,"{""source"":""MAESTRO_GESTIÓN.xlsx:RENTABILIDAD_COSTOS"",""source_row"":41,""parent_code"":""0201003"",""component_slot"":""ART2"",""component_code"":""0728001"",""quantity"":""1"",""quantity_status"":""EXACT"",""is_combination_row"":""YES"",""family"":""Combinación TatamisFuton"",""model"":""1 capa látex"",""finish"":""1 capa látex (90x200)"",""measure"":""70x200x5,5"",""composition_label"":""2 Tatamis + Futon 1 látex"",""product_name"":""Combinación 2 Tatamis (70X200) futón Algodón 1 capa látex (90x200)"",""status"":""ACTIVO"",""legacy_magento_id"":""0201003"",""legacy_ean"":"""",""combination_sku_exact"":""0201003|0201003|0728001"",""combination_key_status"":""EXACT""}",EXACT_SKU,728001,EXACT,SUPPORTING_SOURCE,3715,3623,0201003|0201003|0728001,"90x200x14,5 cm, Con 2 tatamis de 70x200 cm",728001,NO,NO,NO,YES,1,COMPOSITION_EXACT_SOURCE,,"Evidence row; correlate by combination_sku, component_sku and quantity.",EXACT_SKU,EXACT,EXACT,COMPOSITION_EXACT_SOURCE,COMPOSITION_EXACT_SOURCE,UNCHANGED_EXACT_EVIDENCE,SUPPORTING,NO,HIGH,Exact 001A.0 evidence retained; no fuzzy identity.,INCLUDED_EXACT,,,,,
MAESTRO,410,4464,,0504011|0728002|0608002,,0504011,1,EXACT,"{""source"":""MAESTRO_GESTIÓN.xlsx:RENTABILIDAD_COSTOS"",""source_row"":410,""parent_code"":""0504011"",""component_slot"":""ART1"",""component_code"":""0504011"",""quantity"":""1"",""quantity_status"":""EXACT"",""is_combination_row"":""YES"",""family"":""Sofás Cama"",""model"":""Zúrich"",""finish"":""Natural"",""measure"":""140x200"",""composition_label"":""Estructura + futon 1 látex + funda_lisa"",""product_name"":""Estructura + futon 1 látex + funda_lisa"",""status"":""ACTIVO"",""legacy_magento_id"":""0504011"",""legacy_ean"":"""",""combination_sku_exact"":""0504011|0728002|0608002"",""combination_key_status"":""EXACT""}",EXACT_SKU,504011,EXACT,SUPPORTING_SOURCE,4464,3652,0504011|0728002|0608002,"Futón con una capa de látex, 140x200x14,5 cm, Crudo",504011,NO,NO,NO,YES,1,COMPOSITION_EXACT_SOURCE,,"Evidence row; correlate by combination_sku, component_sku and quantity.",EXACT_SKU,EXACT,EXACT,COMPOSITION_EXACT_SOURCE,COMPOSITION_EXACT_SOURCE,UNCHANGED_EXACT_EVIDENCE,SUPPORTING,NO,HIGH,Exact 001A.0 evidence retained; no fuzzy identity.,INCLUDED_EXACT,,,,,
MAESTRO,410,4464,,0504011|0728002|0608002,,0608002,1,EXACT,"{""source"":""MAESTRO_GESTIÓN.xlsx:RENTABILIDAD_COSTOS"",""source_row"":410,""parent_code"":""0504011"",""component_slot"":""ART4"",""component_code"":""0608002"",""quantity"":""1"",""quantity_status"":""EXACT"",""is_combination_row"":""YES"",""family"":""Sofás Cama"",""model"":""Zúrich"",""finish"":""Natural"",""measure"":""140x200"",""composition_label"":""Estructura + futon 1 látex + funda_lisa"",""product_name"":""Estructura + futon 1 látex + funda_lisa"",""status"":""ACTIVO"",""legacy_magento_id"":""0504011"",""legacy_ean"":"""",""combination_sku_exact"":""0504011|0728002|0608002"",""combination_key_status"":""EXACT""}",EXACT_SKU,608002,EXACT,SUPPORTING_SOURCE,4464,3652,0504011|0728002|0608002,"Futón con una capa de látex, 140x200x14,5 cm, Crudo",608002,NO,NO,NO,YES,1,COMPOSITION_EXACT_SOURCE,,"Evidence row; correlate by combination_sku, component_sku and quantity.",EXACT_SKU,EXACT,EXACT,COMPOSITION_EXACT_SOURCE,COMPOSITION_EXACT_SOURCE,UNCHANGED_EXACT_EVIDENCE,SUPPORTING,NO,HIGH,Exact 001A.0 evidence retained; no fuzzy identity.,INCLUDED_EXACT,,,,,
MAESTRO,410,4464,,0504011|0728002|0608002,,0728002,1,EXACT,"{""source"":""MAESTRO_GESTIÓN.xlsx:RENTABILIDAD_COSTOS"",""source_row"":410,""parent_code"":""0504011"",""component_slot"":""ART2"",""component_code"":""0728002"",""quantity"":""1"",""quantity_status"":""EXACT"",""is_combination_row"":""YES"",""family"":""Sofás Cama"",""model"":""Zúrich"",""finish"":""Natural"",""measure"":""140x200"",""composition_label"":""Estructura + futon 1 látex + funda_lisa"",""product_name"":""Estructura + futon 1 látex + funda_lisa"",""status"":""ACTIVO"",""legacy_magento_id"":""0504011"",""legacy_ean"":"""",""combination_sku_exact"":""0504011|0728002|0608002"",""combination_key_status"":""EXACT""}",EXACT_SKU,728002,EXACT,SUPPORTING_SOURCE,4464,3652,0504011|0728002|0608002,"Futón con una capa de látex, 140x200x14,5 cm, Crudo",728002,NO,NO,NO,YES,1,COMPOSITION_EXACT_SOURCE,,"Evidence row; correlate by combination_sku, component_sku and quantity.",EXACT_SKU,EXACT,EXACT,COMPOSITION_EXACT_SOURCE,COMPOSITION_EXACT_SOURCE,UNCHANGED_EXACT_EVIDENCE,SUPPORTING,NO,HIGH,Exact 001A.0 evidence retained; no fuzzy identity.,INCLUDED_EXACT,,,,,
MAESTRO,411,9458,,0504011|0728002|0617002,,0504011,1,EXACT,"{""source"":""MAESTRO_GESTIÓN.xlsx:RENTABILIDAD_COSTOS"",""source_row"":411,""parent_code"":""0504011"",""component_slot"":""ART1"",""component_code"":""0504011"",""quantity"":""1"",""quantity_status"":""EXACT"",""is_combination_row"":""YES"",""family"":""Sofás Cama"",""model"":""Zúrich"",""finish"":""Natural"",""measure"":""140x200"",""composition_label"":""Estructura + futon 1 látex + funda_GrisJaspeada"",""product_name"":""Estructura + futon 1 látex + funda GrisJaspeada"",""status"":""ACTIVO"",""legacy_magento_id"":""0504011"",""legacy_ean"":"""",""combination_sku_exact"":""0504011|0728002|0617002"",""combination_key_status"":""EXACT""}",EXACT_SKU,504011,EXACT,SUPPORTING_SOURCE,9458,3652,0504011|0728002|0617002,"Futón con una capa de látex, 140x200x14,5 cm, Gris jaspeado",504011,NO,NO,NO,YES,1,COMPOSITION_EXACT_SOURCE,,"Evidence row; correlate by combination_sku, component_sku and quantity.",EXACT_SKU,EXACT,EXACT,COMPOSITION_EXACT_SOURCE,COMPOSITION_EXACT_SOURCE,UNCHANGED_EXACT_EVIDENCE,SUPPORTING,NO,HIGH,Exact 001A.0 evidence retained; no fuzzy identity.,INCLUDED_EXACT,,,,,
MAESTRO,411,9458,,0504011|0728002|0617002,,0617002,1,EXACT,"{""source"":""MAESTRO_GESTIÓN.xlsx:RENTABILIDAD_COSTOS"",""source_row"":411,""parent_code"":""0504011"",""component_slot"":""ART4"",""component_code"":""0617002"",""quantity"":""1"",""quantity_status"":""EXACT"",""is_combination_row"":""YES"",""family"":""Sofás Cama"",""model"":""Zúrich"",""finish"":""Natural"",""measure"":""140x200"",""composition_label"":""Estructura + futon 1 látex + funda_GrisJaspeada"",""product_name"":""Estructura + futon 1 látex + funda GrisJaspeada"",""status"":""ACTIVO"",""legacy_magento_id"":""0504011"",""legacy_ean"":"""",""combination_sku_exact"":""0504011|0728002|0617002"",""combination_key_status"":""EXACT""}",EXACT_SKU,617002,EXACT,SUPPORTING_SOURCE,9458,3652,0504011|0728002|0617002,"Futón con una capa de látex, 140x200x14,5 cm, Gris jaspeado",617002,NO,NO,NO,YES,1,COMPOSITION_EXACT_SOURCE,,"Evidence row; correlate by combination_sku, component_sku and quantity.",EXACT_SKU,EXACT,EXACT,COMPOSITION_EXACT_SOURCE,COMPOSITION_EXACT_SOURCE,UNCHANGED_EXACT_EVIDENCE,SUPPORTING,NO,HIGH,Exact 001A.0 evidence retained; no fuzzy identity.,INCLUDED_EXACT,,,,,
MAESTRO,411,9458,,0504011|0728002|0617002,,0728002,1,EXACT,"{""source"":""MAESTRO_GESTIÓN.xlsx:RENTABILIDAD_COSTOS"",""source_row"":411,""parent_code"":""0504011"",""component_slot"":""ART2"",""component_code"":""0728002"",""quantity"":""1"",""quantity_status"":""EXACT"",""is_combination_row"":""YES"",""family"":""Sofás Cama"",""model"":""Zúrich"",""finish"":""Natural"",""measure"":""140x200"",""composition_label"":""Estructura + futon 1 látex + funda_GrisJaspeada"",""product_name"":""Estructura + futon 1 látex + funda GrisJaspeada"",""status"":""ACTIVO"",""legacy_magento_id"":""0504011"",""legacy_ean"":"""",""combination_sku_exact"":""0504011|0728002|0617002"",""combination_key_status"":""EXACT""}",EXACT_SKU,728002,EXACT,SUPPORTING_SOURCE,9458,3652,0504011|0728002|0617002,"Futón con una capa de látex, 140x200x14,5 cm, Gris jaspeado",728002,NO,NO,NO,YES,1,COMPOSITION_EXACT_SOURCE,,"Evidence row; correlate by combination_sku, component_sku and quantity.",EXACT_SKU,EXACT,EXACT,COMPOSITION_EXACT_SOURCE,COMPOSITION_EXACT_SOURCE,UNCHANGED_EXACT_EVIDENCE,SUPPORTING,NO,HIGH,Exact 001A.0 evidence retained; no fuzzy identity.,INCLUDED_EXACT,,,,,
MAESTRO,412,4472,,0504011|0730002,,0504011,1,EXACT,"{""source"":""MAESTRO_GESTIÓN.xlsx:RENTABILIDAD_COSTOS"",""source_row"":412,""parent_code"":""0504011"",""component_slot"":""ART1"",""component_code"":""0504011"",""quantity"":""1"",""quantity_status"":""EXACT"",""is_combination_row"":""YES"",""family"":""Sofás Cama"",""model"":""Zúrich"",""finish"":""Natural"",""measure"":""140x200"",""composition_label"":""Estructura + futon 2 látex"",""product_name"":""Estructura + futon 2 látex"",""status"":""ACTIVO"",""legacy_magento_id"":""0504011"",""legacy_ean"":"""",""combination_sku_exact"":""0504011|0730002"",""combination_key_status"":""EXACT""}",EXACT_SKU,504011,EXACT,SUPPORTING_SOURCE,4472,3652,0504011|0730002,"Futón con dos capas de látex, 140x200x14,5 cm, Sin funda",504011,NO,NO,NO,YES,1,COMPOSITION_EXACT_SOURCE,,"Evidence row; correlate by combination_sku, component_sku and quantity.",EXACT_SKU,EXACT,EXACT,COMPOSITION_EXACT_SOURCE,COMPOSITION_EXACT_SOURCE,UNCHANGED_EXACT_EVIDENCE,SUPPORTING,NO,HIGH,Exact 001A.0 evidence retained; no fuzzy identity.,INCLUDED_EXACT,,,,,
MAESTRO,412,4472,,0504011|0730002,,0730002,1,EXACT,"{""source"":""MAESTRO_GESTIÓN.xlsx:RENTABILIDAD_COSTOS"",""source_row"":412,""parent_code"":""0504011"",""component_slot"":""ART2"",""component_code"":""0730002"",""quantity"":""1"",""quantity_status"":""EXACT"",""is_combination_row"":""YES"",""family"":""Sofás Cama"",""model"":""Zúrich"",""finish"":""Natural"",""measure"":""140x200"",""composition_label"":""Estructura + futon 2 látex"",""product_name"":""Estructura + futon 2 látex"",""status"":""ACTIVO"",""legacy_magento_id"":""0504011"",""legacy_ean"":"""",""combination_sku_exact"":""0504011|0730002"",""combination_key_status"":""EXACT""}",EXACT_SKU,730002,EXACT,SUPPORTING_SOURCE,4472,3652,0504011|0730002,"Futón con dos capas de látex, 140x200x14,5 cm, Sin funda",730002,NO,NO,NO,YES,1,COMPOSITION_EXACT_SOURCE,,"Evidence row; correlate by combination_sku, component_sku and quantity.",EXACT_SKU,EXACT,EXACT,COMPOSITION_EXACT_SOURCE,COMPOSITION_EXACT_SOURCE,UNCHANGED_EXACT_EVIDENCE,SUPPORTING,NO,HIGH,Exact 001A.0 evidence retained; no fuzzy identity.,INCLUDED_EXACT,,,,,
MAESTRO,413,4476,,0504011|0730002|0608002,,0504011,1,EXACT,"{""source"":""MAESTRO_GESTIÓN.xlsx:RENTABILIDAD_COSTOS"",""source_row"":413,""parent_code"":""0504011"",""component_slot"":""ART1"",""component_code"":""0504011"",""quantity"":""1"",""quantity_status"":""EXACT"",""is_combination_row"":""YES"",""family"":""Sofás Cama"",""model"":""Zúrich"",""finish"":""Natural"",""measure"":""140x200"",""composition_label"":""Estructura + futon 2 látex + funda_Lisa"",""product_name"":""Estructura + futon 2 látex + funda_Lisa"",""status"":""ACTIVO"",""legacy_magento_id"":""0504011"",""legacy_ean"":"""",""combination_sku_exact"":""0504011|0730002|0608002"",""combination_key_status"":""EXACT""}",EXACT_SKU,504011,EXACT,SUPPORTING_SOURCE,4476,3652,0504011|0730002|0608002,"Futón con dos capas de látex, 140x200x14,5 cm, Crudo",504011,NO,NO,NO,YES,1,COMPOSITION_EXACT_SOURCE,,"Evidence row; correlate by combination_sku, component_sku and quantity.",EXACT_SKU,EXACT,EXACT,COMPOSITION_EXACT_SOURCE,COMPOSITION_EXACT_SOURCE,UNCHANGED_EXACT_EVIDENCE,SUPPORTING,NO,HIGH,Exact 001A.0 evidence retained; no fuzzy identity.,INCLUDED_EXACT,,,,,
MAESTRO,413,4476,,0504011|0730002|0608002,,0608002,1,EXACT,"{""source"":""MAESTRO_GESTIÓN.xlsx:RENTABILIDAD_COSTOS"",""source_row"":413,""parent_code"":""0504011"",""component_slot"":""ART4"",""component_code"":""0608002"",""quantity"":""1"",""quantity_status"":""EXACT"",""is_combination_row"":""YES"",""family"":""Sofás Cama"",""model"":""Zúrich"",""finish"":""Natural"",""measure"":""140x200"",""composition_label"":""Estructura + futon 2 látex + funda_Lisa"",""product_name"":""Estructura + futon 2 látex + funda_Lisa"",""status"":""ACTIVO"",""legacy_magento_id"":""0504011"",""legacy_ean"":"""",""combination_sku_exact"":""0504011|0730002|0608002"",""combination_key_status"":""EXACT""}",EXACT_SKU,608002,EXACT,SUPPORTING_SOURCE,4476,3652,0504011|0730002|0608002,"Futón con dos capas de látex, 140x200x14,5 cm, Crudo",608002,NO,NO,NO,YES,1,COMPOSITION_EXACT_SOURCE,,"Evidence row; correlate by combination_sku, component_sku and quantity.",EXACT_SKU,EXACT,EXACT,COMPOSITION_EXACT_SOURCE,COMPOSITION_EXACT_SOURCE,UNCHANGED_EXACT_EVIDENCE,SUPPORTING,NO,HIGH,Exact 001A.0 evidence retained; no fuzzy identity.,INCLUDED_EXACT,,,,,
MAESTRO,413,4476,,0504011|0730002|0608002,,0730002,1,EXACT,"{""source"":""MAESTRO_GESTIÓN.xlsx:RENTABILIDAD_COSTOS"",""source_row"":413,""parent_code"":""0504011"",""component_slot"":""ART2"",""component_code"":""0730002"",""quantity"":""1"",""quantity_status"":""EXACT"",""is_combination_row"":""YES"",""family"":""Sofás Cama"",""model"":""Zúrich"",""finish"":""Natural"",""measure"":""140x200"",""composition_label"":""Estructura + futon 2 látex + funda_Lisa"",""product_name"":""Estructura + futon 2 látex + funda_Lisa"",""status"":""ACTIVO"",""legacy_magento_id"":""0504011"",""legacy_ean"":"""",""combination_sku_exact"":""0504011|0730002|0608002"",""combination_key_status"":""EXACT""}",EXACT_SKU,730002,EXACT,SUPPORTING_SOURCE,4476,3652,0504011|0730002|0608002,"Futón con dos capas de látex, 140x200x14,5 cm, Crudo",730002,NO,NO,NO,YES,1,COMPOSITION_EXACT_SOURCE,,"Evidence row; correlate by combination_sku, component_sku and quantity.",EXACT_SKU,EXACT,EXACT,COMPOSITION_EXACT_SOURCE,COMPOSITION_EXACT_SOURCE,UNCHANGED_EXACT_EVIDENCE,SUPPORTING,NO,HIGH,Exact 001A.0 evidence retained; no fuzzy identity.,INCLUDED_EXACT,,,,,
MAESTRO,414,6095,,0504011|0730002|0617002,,0504011,1,EXACT,"{""source"":""MAESTRO_GESTIÓN.xlsx:RENTABILIDAD_COSTOS"",""source_row"":414,""parent_code"":""0504011"",""component_slot"":""ART1"",""component_code"":""0504011"",""quantity"":""1"",""quantity_status"":""EXACT"",""is_combination_row"":""YES"",""family"":""Sofás Cama"",""model"":""Zúrich"",""finish"":""Natural"",""measure"":""140x200"",""composition_label"":""Estructura + futon 2 látex + funda_GrisJaspeada"",""product_name"":""Estructura + futon 2 látex + funda_GrisJaspeada"",""status"":""ACTIVO"",""legacy_magento_id"":""0504011"",""legacy_ean"":"""",""combination_sku_exact"":""0504011|0730002|0617002"",""combination_key_status"":""EXACT""}",EXACT_SKU,504011,EXACT,SUPPORTING_SOURCE,6095,3652,0504011|0730002|0617002,"Futón con dos capas de látex, 140x200x14,5 cm, Gris jaspeado",504011,NO,NO,NO,YES,1,COMPOSITION_EXACT_SOURCE,,"Evidence row; correlate by combination_sku, component_sku and quantity.",EXACT_SKU,EXACT,EXACT,COMPOSITION_EXACT_SOURCE,COMPOSITION_EXACT_SOURCE,UNCHANGED_EXACT_EVIDENCE,SUPPORTING,NO,HIGH,Exact 001A.0 evidence retained; no fuzzy identity.,INCLUDED_EXACT,,,,,
MAESTRO,414,6095,,0504011|0730002|0617002,,0617002,1,EXACT,"{""source"":""MAESTRO_GESTIÓN.xlsx:RENTABILIDAD_COSTOS"",""source_row"":414,""parent_code"":""0504011"",""component_slot"":""ART4"",""component_code"":""0617002"",""quantity"":""1"",""quantity_status"":""EXACT"",""is_combination_row"":""YES"",""family"":""Sofás Cama"",""model"":""Zúrich"",""finish"":""Natural"",""measure"":""140x200"",""composition_label"":""Estructura + futon 2 látex + funda_GrisJaspeada"",""product_name"":""Estructura + futon 2 látex + funda_GrisJaspeada"",""status"":""ACTIVO"",""legacy_magento_id"":""0504011"",""legacy_ean"":"""",""combination_sku_exact"":""0504011|0730002|0617002"",""combination_key_status"":""EXACT""}",EXACT_SKU,617002,EXACT,SUPPORTING_SOURCE,6095,3652,0504011|0730002|0617002,"Futón con dos capas de látex, 140x200x14,5 cm, Gris jaspeado",617002,NO,NO,NO,YES,1,COMPOSITION_EXACT_SOURCE,,"Evidence row; correlate by combination_sku, component_sku and quantity.",EXACT_SKU,EXACT,EXACT,COMPOSITION_EXACT_SOURCE,COMPOSITION_EXACT_SOURCE,UNCHANGED_EXACT_EVIDENCE,SUPPORTING,NO,HIGH,Exact 001A.0 evidence retained; no fuzzy identity.,INCLUDED_EXACT,,,,,
MAESTRO,414,6095,,0504011|0730002|0617002,,0730002,1,EXACT,"{""source"":""MAESTRO_GESTIÓN.xlsx:RENTABILIDAD_COSTOS"",""source_row"":414,""parent_code"":""0504011"",""component_slot"":""ART2"",""component_code"":""0730002"",""quantity"":""1"",""quantity_status"":""EXACT"",""is_combination_row"":""YES"",""family"":""Sofás Cama"",""model"":""Zúrich"",""finish"":""Natural"",""measure"":""140x200"",""composition_label"":""Estructura + futon 2 látex + funda_GrisJaspeada"",""product_name"":""Estructura + futon 2 látex + funda_GrisJaspeada"",""status"":""ACTIVO"",""legacy_magento_id"":""0504011"",""legacy_ean"":"""",""combination_sku_exact"":""0504011|0730002|0617002"",""combination_key_status"":""EXACT""}",EXACT_SKU,730002,EXACT,SUPPORTING_SOURCE,6095,3652,0504011|0730002|0617002,"Futón con dos capas de látex, 140x200x14,5 cm, Gris jaspeado",730002,NO,NO,NO,YES,1,COMPOSITION_EXACT_SOURCE,,"Evidence row; correlate by combination_sku, component_sku and quantity.",EXACT_SKU,EXACT,EXACT,COMPOSITION_EXACT_SOURCE,COMPOSITION_EXACT_SOURCE,UNCHANGED_EXACT_EVIDENCE,SUPPORTING,NO,HIGH,Exact 001A.0 evidence retained; no fuzzy identity.,INCLUDED_EXACT,,,,,
MAESTRO,42,3714,,0201003|0201003|0728002,,0201003,2,EXACT,"{""source"":""MAESTRO_GESTIÓN.xlsx:RENTABILIDAD_COSTOS"",""source_row"":42,""parent_code"":""0201003"",""component_slot"":""ART1"",""component_code"":""0201003"",""quantity"":""2"",""quantity_status"":""EXACT"",""is_combination_row"":""YES"",""family"":""Combinación TatamisFuton"",""model"":""1 capa látex"",""finish"":""1 capa látex (140x200)"",""measure"":""70x200x5,5"",""composition_label"":""2 Tatamis + Futon 1 látex"",""product_name"":""Combinación 2 Tatamis (70X200) futón Algodón 1 capa látex (140x200)"",""status"":""ACTIVO"",""legacy_magento_id"":""0201003"",""legacy_ean"":"""",""combination_sku_exact"":""0201003|0201003|0728002"",""combination_key_status"":""EXACT""}",EXACT_SKU,201003,EXACT,SUPPORTING_SOURCE,3714,3623,0201003|0201003|0728002,"140x200x14,5 cm, Con 2 tatamis de 70x200 cm",201003,NO,NO,NO,YES,1,COMPOSITION_EXACT_SOURCE,,"Evidence row; correlate by combination_sku, component_sku and quantity.",EXACT_SKU,EXACT,EXACT,COMPOSITION_EXACT_SOURCE,COMPOSITION_EXACT_SOURCE,UNCHANGED_EXACT_EVIDENCE,SUPPORTING,NO,HIGH,Exact 001A.0 evidence retained; no fuzzy identity.,INCLUDED_EXACT,,,,,
MAESTRO,42,3714,,0201003|0201003|0728002,,0728002,1,EXACT,"{""source"":""MAESTRO_GESTIÓN.xlsx:RENTABILIDAD_COSTOS"",""source_row"":42,""parent_code"":""0201003"",""component_slot"":""ART2"",""component_code"":""0728002"",""quantity"":""1"",""quantity_status"":""EXACT"",""is_combination_row"":""YES"",""family"":""Combinación TatamisFuton"",""model"":""1 capa látex"",""finish"":""1 capa látex (140x200)"",""measure"":""70x200x5,5"",""composition_label"":""2 Tatamis + Futon 1 látex"",""product_name"":""Combinación 2 Tatamis (70X200) futón Algodón 1 capa látex (140x200)"",""status"":""ACTIVO"",""legacy_magento_id"":""0201003"",""legacy_ean"":"""",""combination_sku_exact"":""0201003|0201003|0728002"",""combination_key_status"":""EXACT""}",EXACT_SKU,728002,EXACT,SUPPORTING_SOURCE,3714,3623,0201003|0201003|0728002,"140x200x14,5 cm, Con 2 tatamis de 70x200 cm",728002,NO,NO,NO,YES,1,COMPOSITION_EXACT_SOURCE,,"Evidence row; correlate by combination_sku, component_sku and quantity.",EXACT_SKU,EXACT,EXACT,COMPOSITION_EXACT_SOURCE,COMPOSITION_EXACT_SOURCE,UNCHANGED_EXACT_EVIDENCE,SUPPORTING,NO,HIGH,Exact 001A.0 evidence retained; no fuzzy identity.,INCLUDED_EXACT,,,,,
MAESTRO,429,4556,,0201011|0809001,,0201011,1,EXACT,"{""source"":""MAESTRO_GESTIÓN.xlsx:RENTABILIDAD_COSTOS"",""source_row"":429,""parent_code"":""0201011"",""component_slot"":""ART1"",""component_code"":""0201011"",""quantity"":""1"",""quantity_status"":""EXACT"",""is_combination_row"":""YES"",""family"":""Tatamis"",""model"":""TatamPlegableFutónPortátl"",""finish"":""Azul"",""measure"":""90x200x1,2"",""composition_label"":""TatamiPlegable + FutónPortátl"",""product_name"":""TatamPlegableFutónPortátl Azul"",""status"":""ACTIVO"",""legacy_magento_id"":""0201011"",""legacy_ean"":"""",""combination_sku_exact"":""0201011|0809001"",""combination_key_status"":""EXACT""}",EXACT_SKU,201011,EXACT,SUPPORTING_SOURCE,4556,3657,0201011|0809001,Azul,201011,NO,NO,NO,YES,1,COMPOSITION_EXACT_SOURCE,,"Evidence row; correlate by combination_sku, component_sku and quantity.",EXACT_SKU,EXACT,EXACT,COMPOSITION_EXACT_SOURCE,COMPOSITION_EXACT_SOURCE,UNCHANGED_EXACT_EVIDENCE,SUPPORTING,NO,HIGH,Exact 001A.0 evidence retained; no fuzzy identity.,INCLUDED_EXACT,,,,,
MAESTRO,429,4556,,0201011|0809001,,0809001,1,EXACT,"{""source"":""MAESTRO_GESTIÓN.xlsx:RENTABILIDAD_COSTOS"",""source_row"":429,""parent_code"":""0201011"",""component_slot"":""ART2"",""component_code"":""0809001"",""quantity"":""1"",""quantity_status"":""EXACT"",""is_combination_row"":""YES"",""family"":""Tatamis"",""model"":""TatamPlegableFutónPortátl"",""finish"":""Azul"",""measure"":""90x200x1,2"",""composition_label"":""TatamiPlegable + FutónPortátl"",""product_name"":""TatamPlegableFutónPortátl Azul"",""status"":""ACTIVO"",""legacy_magento_id"":""0201011"",""legacy_ean"":"""",""combination_sku_exact"":""0201011|0809001"",""combination_key_status"":""EXACT""}",EXACT_SKU,809001,EXACT,SUPPORTING_SOURCE,4556,3657,0201011|0809001,Azul,809001,NO,NO,NO,YES,1,COMPOSITION_EXACT_SOURCE,,"Evidence row; correlate by combination_sku, component_sku and quantity.",EXACT_SKU,EXACT,EXACT,COMPOSITION_EXACT_SOURCE,COMPOSITION_EXACT_SOURCE,UNCHANGED_EXACT_EVIDENCE,SUPPORTING,NO,HIGH,Exact 001A.0 evidence retained; no fuzzy identity.,INCLUDED_EXACT,,,,,
MAESTRO,43,3718,,0201004|0201004|0728001,,0201004,2,EXACT,"{""source"":""MAESTRO_GESTIÓN.xlsx:RENTABILIDAD_COSTOS"",""source_row"":43,""parent_code"":""0201004"",""component_slot"":""ART1"",""component_code"":""0201004"",""quantity"":""2"",""quantity_status"":""EXACT"",""is_combination_row"":""YES"",""family"":""Combinación TatamisFuton"",""model"":""1 capa látex"",""finish"":""1 capa látex (90x200)"",""measure"":""76x200x5,5"",""composition_label"":""2 Tatamis + Futon 1 látex"",""product_name"":""Combinación 2 Tatamis (76X200) futón Algodón 1 capa látex (90x200)"",""status"":""ACTIVO"",""legacy_magento_id"":""0201004"",""legacy_ean"":"""",""combination_sku_exact"":""0201004|0201004|0728001"",""combination_key_status"":""EXACT""}",EXACT_SKU,201004,EXACT,SUPPORTING_SOURCE,3718,3623,0201004|0201004|0728001,"90x200x14,5 cm, Con 2 tatamis de 76x200 cm",201004,NO,NO,NO,YES,1,COMPOSITION_EXACT_SOURCE,,"Evidence row; correlate by combination_sku, component_sku and quantity.",EXACT_SKU,EXACT,EXACT,COMPOSITION_EXACT_SOURCE,COMPOSITION_EXACT_SOURCE,UNCHANGED_EXACT_EVIDENCE,SUPPORTING,NO,HIGH,Exact 001A.0 evidence retained; no fuzzy identity.,INCLUDED_EXACT,,,,,
MAESTRO,43,3718,,0201004|0201004|0728001,,0728001,1,EXACT,"{""source"":""MAESTRO_GESTIÓN.xlsx:RENTABILIDAD_COSTOS"",""source_row"":43,""parent_code"":""0201004"",""component_slot"":""ART2"",""component_code"":""0728001"",""quantity"":""1"",""quantity_status"":""EXACT"",""is_combination_row"":""YES"",""family"":""Combinación TatamisFuton"",""model"":""1 capa látex"",""finish"":""1 capa látex (90x200)"",""measure"":""76x200x5,5"",""composition_label"":""2 Tatamis + Futon 1 látex"",""product_name"":""Combinación 2 Tatamis (76X200) futón Algodón 1 capa látex (90x200)"",""status"":""ACTIVO"",""legacy_magento_id"":""0201004"",""legacy_ean"":"""",""combination_sku_exact"":""0201004|0201004|0728001"",""combination_key_status"":""EXACT""}",EXACT_SKU,728001,EXACT,SUPPORTING_SOURCE,3718,3623,0201004|0201004|0728001,"90x200x14,5 cm, Con 2 tatamis de 76x200 cm",728001,NO,NO,NO,YES,1,COMPOSITION_EXACT_SOURCE,,"Evidence row; correlate by combination_sku, component_sku and quantity.",EXACT_SKU,EXACT,EXACT,COMPOSITION_EXACT_SOURCE,COMPOSITION_EXACT_SOURCE,UNCHANGED_EXACT_EVIDENCE,SUPPORTING,NO,HIGH,Exact 001A.0 evidence retained; no fuzzy identity.,INCLUDED_EXACT,,,,,
MAESTRO,430,4557,,0201011|0817001,,0201011,1,EXACT,"{""source"":""MAESTRO_GESTIÓN.xlsx:RENTABILIDAD_COSTOS"",""source_row"":430,""parent_code"":""0201011"",""component_slot"":""ART1"",""component_code"":""0201011"",""quantity"":""1"",""quantity_status"":""EXACT"",""is_combination_row"":""YES"",""family"":""Tatamis"",""model"":""TatamPlegableFutónPortátl"",""finish"":""Granate"",""measure"":""90x200x1,2"",""composition_label"":""TatamiPlegable + FutónPortátl"",""product_name"":""TatamPlegableFutónPortátl Granate"",""status"":""ACTIVO"",""legacy_magento_id"":""0201011"",""legacy_ean"":"""",""combination_sku_exact"":""0201011|0817001"",""combination_key_status"":""EXACT""}",EXACT_SKU,201011,EXACT,SUPPORTING_SOURCE,4557,3657,0201011|0817001,Granate,201011,NO,NO,NO,YES,1,COMPOSITION_EXACT_SOURCE,,"Evidence row; correlate by combination_sku, component_sku and quantity.",EXACT_SKU,EXACT,EXACT,COMPOSITION_EXACT_SOURCE,COMPOSITION_EXACT_SOURCE,UNCHANGED_EXACT_EVIDENCE,SUPPORTING,NO,HIGH,Exact 001A.0 evidence retained; no fuzzy identity.,INCLUDED_EXACT,,,,,
MAESTRO,430,4557,,0201011|0817001,,0817001,1,EXACT,"{""source"":""MAESTRO_GESTIÓN.xlsx:RENTABILIDAD_COSTOS"",""source_row"":430,""parent_code"":""0201011"",""component_slot"":""ART2"",""component_code"":""0817001"",""quantity"":""1"",""quantity_status"":""EXACT"",""is_combination_row"":""YES"",""family"":""Tatamis"",""model"":""TatamPlegableFutónPortátl"",""finish"":""Granate"",""measure"":""90x200x1,2"",""composition_label"":""TatamiPlegable + FutónPortátl"",""product_name"":""TatamPlegableFutónPortátl Granate"",""status"":""ACTIVO"",""legacy_magento_id"":""0201011"",""legacy_ean"":"""",""combination_sku_exact"":""0201011|0817001"",""combination_key_status"":""EXACT""}",EXACT_SKU,817001,EXACT,SUPPORTING_SOURCE,4557,3657,0201011|0817001,Granate,817001,NO,NO,NO,YES,1,COMPOSITION_EXACT_SOURCE,,"Evidence row; correlate by combination_sku, component_sku and quantity.",EXACT_SKU,EXACT,EXACT,COMPOSITION_EXACT_SOURCE,COMPOSITION_EXACT_SOURCE,UNCHANGED_EXACT_EVIDENCE,SUPPORTING,NO,HIGH,Exact 001A.0 evidence retained; no fuzzy identity.,INCLUDED_EXACT,,,,,
MAESTRO,431,4558,,0201011|0808001,,0201011,1,EXACT,"{""source"":""MAESTRO_GESTIÓN.xlsx:RENTABILIDAD_COSTOS"",""source_row"":431,""parent_code"":""0201011"",""component_slot"":""ART1"",""component_code"":""0201011"",""quantity"":""1"",""quantity_status"":""EXACT"",""is_combination_row"":""YES"",""family"":""Tatamis"",""model"":""TatamPlegableFutónPortátl"",""finish"":""Crudo (Blanco hueso)"",""measure"":""90x200x1,2"",""composition_label"":""TatamiPlegable + FutónPortátl"",""product_name"":""TatamPlegableFutónPortátl Crudo (Blanco hueso)"",""status"":""ACTIVO"",""legacy_magento_id"":""0201011"",""legacy_ean"":"""",""combination_sku_exact"":""0201011|0808001"",""combination_key_status"":""EXACT""}",EXACT_SKU,201011,EXACT,SUPPORTING_SOURCE,4558,3657,0201011|0808001,Crudo,201011,NO,NO,NO,YES,1,COMPOSITION_EXACT_SOURCE,,"Evidence row; correlate by combination_sku, component_sku and quantity.",EXACT_SKU,EXACT,EXACT,COMPOSITION_EXACT_SOURCE,COMPOSITION_EXACT_SOURCE,UNCHANGED_EXACT_EVIDENCE,SUPPORTING,NO,HIGH,Exact 001A.0 evidence retained; no fuzzy identity.,INCLUDED_EXACT,,,,,
MAESTRO,431,4558,,0201011|0808001,,0808001,1,EXACT,"{""source"":""MAESTRO_GESTIÓN.xlsx:RENTABILIDAD_COSTOS"",""source_row"":431,""parent_code"":""0201011"",""component_slot"":""ART2"",""component_code"":""0808001"",""quantity"":""1"",""quantity_status"":""EXACT"",""is_combination_row"":""YES"",""family"":""Tatamis"",""model"":""TatamPlegableFutónPortátl"",""finish"":""Crudo (Blanco hueso)"",""measure"":""90x200x1,2"",""composition_label"":""TatamiPlegable + FutónPortátl"",""product_name"":""TatamPlegableFutónPortátl Crudo (Blanco hueso)"",""status"":""ACTIVO"",""legacy_magento_id"":""0201011"",""legacy_ean"":"""",""combination_sku_exact"":""0201011|0808001"",""combination_key_status"":""EXACT""}",EXACT_SKU,808001,EXACT,SUPPORTING_SOURCE,4558,3657,0201011|0808001,Crudo,808001,NO,NO,NO,YES,1,COMPOSITION_EXACT_SOURCE,,"Evidence row; correlate by combination_sku, component_sku and quantity.",EXACT_SKU,EXACT,EXACT,COMPOSITION_EXACT_SOURCE,COMPOSITION_EXACT_SOURCE,UNCHANGED_EXACT_EVIDENCE,SUPPORTING,NO,HIGH,Exact 001A.0 evidence retained; no fuzzy identity.,INCLUDED_EXACT,,,,,
MAESTRO,434,4561,,0201011|0816001,,0201011,1,EXACT,"{""source"":""MAESTRO_GESTIÓN.xlsx:RENTABILIDAD_COSTOS"",""source_row"":434,""parent_code"":""0201011"",""component_slot"":""ART1"",""component_code"":""0201011"",""quantity"":""1"",""quantity_status"":""EXACT"",""is_combination_row"":""YES"",""family"":""Tatamis"",""model"":""TatamPlegableFutónPortátl"",""finish"":""negro"",""measure"":""90x200x1,2"",""composition_label"":""TatamiPlegable + FutónPortátl"",""product_name"":""TatamPlegableFutónPortátl Negra"",""status"":""ACTIVO"",""legacy_magento_id"":""0201011"",""legacy_ean"":"""",""combination_sku_exact"":""0201011|0816001"",""combination_key_status"":""EXACT""}",EXACT_SKU,201011,EXACT,SUPPORTING_SOURCE,4561,3657,0201011|0816001,Negro,201011,NO,NO,NO,YES,1,COMPOSITION_EXACT_SOURCE,,"Evidence row; correlate by combination_sku, component_sku and quantity.",EXACT_SKU,EXACT,EXACT,COMPOSITION_EXACT_SOURCE,COMPOSITION_EXACT_SOURCE,UNCHANGED_EXACT_EVIDENCE,SUPPORTING,NO,HIGH,Exact 001A.0 evidence retained; no fuzzy identity.,INCLUDED_EXACT,,,,,
MAESTRO,434,4561,,0201011|0816001,,0816001,1,EXACT,"{""source"":""MAESTRO_GESTIÓN.xlsx:RENTABILIDAD_COSTOS"",""source_row"":434,""parent_code"":""0201011"",""component_slot"":""ART2"",""component_code"":""0816001"",""quantity"":""1"",""quantity_status"":""EXACT"",""is_combination_row"":""YES"",""family"":""Tatamis"",""model"":""TatamPlegableFutónPortátl"",""finish"":""negro"",""measure"":""90x200x1,2"",""composition_label"":""TatamiPlegable + FutónPortátl"",""product_name"":""TatamPlegableFutónPortátl Negra"",""status"":""ACTIVO"",""legacy_magento_id"":""0201011"",""legacy_ean"":"""",""combination_sku_exact"":""0201011|0816001"",""combination_key_status"":""EXACT""}",EXACT_SKU,816001,EXACT,SUPPORTING_SOURCE,4561,3657,0201011|0816001,Negro,816001,NO,NO,NO,YES,1,COMPOSITION_EXACT_SOURCE,,"Evidence row; correlate by combination_sku, component_sku and quantity.",EXACT_SKU,EXACT,EXACT,COMPOSITION_EXACT_SOURCE,COMPOSITION_EXACT_SOURCE,UNCHANGED_EXACT_EVIDENCE,SUPPORTING,NO,HIGH,Exact 001A.0 evidence retained; no fuzzy identity.,INCLUDED_EXACT,,,,,
MAESTRO,44,3716,,0201004|0201004|0728002,,0201004,2,EXACT,"{""source"":""MAESTRO_GESTIÓN.xlsx:RENTABILIDAD_COSTOS"",""source_row"":44,""parent_code"":""0201004"",""component_slot"":""ART1"",""component_code"":""0201004"",""quantity"":""2"",""quantity_status"":""EXACT"",""is_combination_row"":""YES"",""family"":""Combinación TatamisFuton"",""model"":""1 capa látex"",""finish"":""1 capa látex (140x200)"",""measure"":""76x200x5,5"",""composition_label"":""2 Tatamis + Futon 1 látex"",""product_name"":""Combinación 2 Tatamis (76X200) futón Algodón 1 capa látex (140x200)"",""status"":""ACTIVO"",""legacy_magento_id"":""0201004"",""legacy_ean"":"""",""combination_sku_exact"":""0201004|0201004|0728002"",""combination_key_status"":""EXACT""}",EXACT_SKU,201004,EXACT,SUPPORTING_SOURCE,3716,3623,0201004|0201004|0728002,"140x200x14,5 cm, Con 2 tatamis de 76x200 cm",201004,NO,NO,NO,YES,1,COMPOSITION_EXACT_SOURCE,,"Evidence row; correlate by combination_sku, component_sku and quantity.",EXACT_SKU,EXACT,EXACT,COMPOSITION_EXACT_SOURCE,COMPOSITION_EXACT_SOURCE,UNCHANGED_EXACT_EVIDENCE,SUPPORTING,NO,HIGH,Exact 001A.0 evidence retained; no fuzzy identity.,INCLUDED_EXACT,,,,,
MAESTRO,44,3716,,0201004|0201004|0728002,,0728002,1,EXACT,"{""source"":""MAESTRO_GESTIÓN.xlsx:RENTABILIDAD_COSTOS"",""source_row"":44,""parent_code"":""0201004"",""component_slot"":""ART2"",""component_code"":""0728002"",""quantity"":""1"",""quantity_status"":""EXACT"",""is_combination_row"":""YES"",""family"":""Combinación TatamisFuton"",""model"":""1 capa látex"",""finish"":""1 capa látex (140x200)"",""measure"":""76x200x5,5"",""composition_label"":""2 Tatamis + Futon 1 látex"",""product_name"":""Combinación 2 Tatamis (76X200) futón Algodón 1 capa látex (140x200)"",""status"":""ACTIVO"",""legacy_magento_id"":""0201004"",""legacy_ean"":"""",""combination_sku_exact"":""0201004|0201004|0728002"",""combination_key_status"":""EXACT""}",EXACT_SKU,728002,EXACT,SUPPORTING_SOURCE,3716,3623,0201004|0201004|0728002,"140x200x14,5 cm, Con 2 tatamis de 76x200 cm",728002,NO,NO,NO,YES,1,COMPOSITION_EXACT_SOURCE,,"Evidence row; correlate by combination_sku, component_sku and quantity.",EXACT_SKU,EXACT,EXACT,COMPOSITION_EXACT_SOURCE,COMPOSITION_EXACT_SOURCE,UNCHANGED_EXACT_EVIDENCE,SUPPORTING,NO,HIGH,Exact 001A.0 evidence retained; no fuzzy identity.,INCLUDED_EXACT,,,,,
MAESTRO,45,3717,,0201004|0201004|0728003,,0201004,2,EXACT,"{""source"":""MAESTRO_GESTIÓN.xlsx:RENTABILIDAD_COSTOS"",""source_row"":45,""parent_code"":""0201004"",""component_slot"":""ART1"",""component_code"":""0201004"",""quantity"":""2"",""quantity_status"":""EXACT"",""is_combination_row"":""YES"",""family"":""Combinación TatamisFuton"",""model"":""1 capa látex"",""finish"":""1 capa látex (150x200)"",""measure"":""76x200x5,5"",""composition_label"":""2 Tatamis + Futon 1 látex"",""product_name"":""Combinación 2 Tatamis (76X200) futón algodón 1 capa látex (150x200)"",""status"":""ACTIVO"",""legacy_magento_id"":""0201004"",""legacy_ean"":"""",""combination_sku_exact"":""0201004|0201004|0728003"",""combination_key_status"":""EXACT""}",EXACT_SKU,201004,EXACT,SUPPORTING_SOURCE,3717,3623,0201004|0201004|0728003,"150x200x14,5 cm, Con 2 tatamis de 76x200 cm",201004,NO,NO,NO,YES,1,COMPOSITION_EXACT_SOURCE,,"Evidence row; correlate by combination_sku, component_sku and quantity.",EXACT_SKU,EXACT,EXACT,COMPOSITION_EXACT_SOURCE,COMPOSITION_EXACT_SOURCE,UNCHANGED_EXACT_EVIDENCE,SUPPORTING,NO,HIGH,Exact 001A.0 evidence retained; no fuzzy identity.,INCLUDED_EXACT,,,,,
MAESTRO,45,3717,,0201004|0201004|0728003,,0728003,1,EXACT,"{""source"":""MAESTRO_GESTIÓN.xlsx:RENTABILIDAD_COSTOS"",""source_row"":45,""parent_code"":""0201004"",""component_slot"":""ART2"",""component_code"":""0728003"",""quantity"":""1"",""quantity_status"":""EXACT"",""is_combination_row"":""YES"",""family"":""Combinación TatamisFuton"",""model"":""1 capa látex"",""finish"":""1 capa látex (150x200)"",""measure"":""76x200x5,5"",""composition_label"":""2 Tatamis + Futon 1 látex"",""product_name"":""Combinación 2 Tatamis (76X200) futón algodón 1 capa látex (150x200)"",""status"":""ACTIVO"",""legacy_magento_id"":""0201004"",""legacy_ean"":"""",""combination_sku_exact"":""0201004|0201004|0728003"",""combination_key_status"":""EXACT""}",EXACT_SKU,728003,EXACT,SUPPORTING_SOURCE,3717,3623,0201004|0201004|0728003,"150x200x14,5 cm, Con 2 tatamis de 76x200 cm",728003,NO,NO,NO,YES,1,COMPOSITION_EXACT_SOURCE,,"Evidence row; correlate by combination_sku, component_sku and quantity.",EXACT_SKU,EXACT,EXACT,COMPOSITION_EXACT_SOURCE,COMPOSITION_EXACT_SOURCE,UNCHANGED_EXACT_EVIDENCE,SUPPORTING,NO,HIGH,Exact 001A.0 evidence retained; no fuzzy identity.,INCLUDED_EXACT,,,,,
MAESTRO,47,3708,,0201010|0201010|0728002,,0201010,2,EXACT,"{""source"":""MAESTRO_GESTIÓN.xlsx:RENTABILIDAD_COSTOS"",""source_row"":47,""parent_code"":""0201010"",""component_slot"":""ART1"",""component_code"":""0201010"",""quantity"":""2"",""quantity_status"":""EXACT"",""is_combination_row"":""YES"",""family"":""Combinación TatamisFuton"",""model"":""1 capa látex"",""finish"":""1 capa látex (140x200)"",""measure"":""100x200x5,5"",""composition_label"":""2 Tatamis + Futon 1 látex"",""product_name"":""Combinación 2 Tatamis (100X200) futón algodón 1 capa látex (140x200)"",""status"":""ACTIVO"",""legacy_magento_id"":""0201010"",""legacy_ean"":"""",""combination_sku_exact"":""0201010|0201010|0728002"",""combination_key_status"":""EXACT""}",EXACT_SKU,201010,EXACT,SUPPORTING_SOURCE,3708,3623,0201010|0201010|0728002,"140x200x14,5 cm, Con 2 tatamis de 100x200 cm",201010,NO,NO,NO,YES,1,COMPOSITION_EXACT_SOURCE,,"Evidence row; correlate by combination_sku, component_sku and quantity.",EXACT_SKU,EXACT,EXACT,COMPOSITION_EXACT_SOURCE,COMPOSITION_EXACT_SOURCE,UNCHANGED_EXACT_EVIDENCE,SUPPORTING,NO,HIGH,Exact 001A.0 evidence retained; no fuzzy identity.,INCLUDED_EXACT,,,,,
MAESTRO,47,3708,,0201010|0201010|0728002,,0728002,1,EXACT,"{""source"":""MAESTRO_GESTIÓN.xlsx:RENTABILIDAD_COSTOS"",""source_row"":47,""parent_code"":""0201010"",""component_slot"":""ART2"",""component_code"":""0728002"",""quantity"":""1"",""quantity_status"":""EXACT"",""is_combination_row"":""YES"",""family"":""Combinación TatamisFuton"",""model"":""1 capa látex"",""finish"":""1 capa látex (140x200)"",""measure"":""100x200x5,5"",""composition_label"":""2 Tatamis + Futon 1 látex"",""product_name"":""Combinación 2 Tatamis (100X200) futón algodón 1 capa látex (140x200)"",""status"":""ACTIVO"",""legacy_magento_id"":""0201010"",""legacy_ean"":"""",""combination_sku_exact"":""0201010|0201010|0728002"",""combination_key_status"":""EXACT""}",EXACT_SKU,728002,EXACT,SUPPORTING_SOURCE,3708,3623,0201010|0201010|0728002,"140x200x14,5 cm, Con 2 tatamis de 100x200 cm",728002,NO,NO,NO,YES,1,COMPOSITION_EXACT_SOURCE,,"Evidence row; correlate by combination_sku, component_sku and quantity.",EXACT_SKU,EXACT,EXACT,COMPOSITION_EXACT_SOURCE,COMPOSITION_EXACT_SOURCE,UNCHANGED_EXACT_EVIDENCE,SUPPORTING,NO,HIGH,Exact 001A.0 evidence retained; no fuzzy identity.,INCLUDED_EXACT,,,,,
MAESTRO,48,3709,,0201010|0201010|0728003,,0201010,2,EXACT,"{""source"":""MAESTRO_GESTIÓN.xlsx:RENTABILIDAD_COSTOS"",""source_row"":48,""parent_code"":""0201010"",""component_slot"":""ART1"",""component_code"":""0201010"",""quantity"":""2"",""quantity_status"":""EXACT"",""is_combination_row"":""YES"",""family"":""Combinación TatamisFuton"",""model"":""1 capa látex"",""finish"":""1 capa látex (150x200)"",""measure"":""100x200x5,5"",""composition_label"":""2 Tatamis + Futon 1 látex"",""product_name"":""Combinación 2 Tatamis (100X200) futón algodón 1 capa látex (150x200)"",""status"":""ACTIVO"",""legacy_magento_id"":""0201010"",""legacy_ean"":"""",""combination_sku_exact"":""0201010|0201010|0728003"",""combination_key_status"":""EXACT""}",EXACT_SKU,201010,EXACT,SUPPORTING_SOURCE,3709,3623,0201010|0201010|0728003,"150x200x14,5 cm, Con 2 tatamis de 100x200 cm",201010,NO,NO,NO,YES,1,COMPOSITION_EXACT_SOURCE,,"Evidence row; correlate by combination_sku, component_sku and quantity.",EXACT_SKU,EXACT,EXACT,COMPOSITION_EXACT_SOURCE,COMPOSITION_EXACT_SOURCE,UNCHANGED_EXACT_EVIDENCE,SUPPORTING,NO,HIGH,Exact 001A.0 evidence retained; no fuzzy identity.,INCLUDED_EXACT,,,,,
MAESTRO,48,3709,,0201010|0201010|0728003,,0728003,1,EXACT,"{""source"":""MAESTRO_GESTIÓN.xlsx:RENTABILIDAD_COSTOS"",""source_row"":48,""parent_code"":""0201010"",""component_slot"":""ART2"",""component_code"":""0728003"",""quantity"":""1"",""quantity_status"":""EXACT"",""is_combination_row"":""YES"",""family"":""Combinación TatamisFuton"",""model"":""1 capa látex"",""finish"":""1 capa látex (150x200)"",""measure"":""100x200x5,5"",""composition_label"":""2 Tatamis + Futon 1 látex"",""product_name"":""Combinación 2 Tatamis (100X200) futón algodón 1 capa látex (150x200)"",""status"":""ACTIVO"",""legacy_magento_id"":""0201010"",""legacy_ean"":"""",""combination_sku_exact"":""0201010|0201010|0728003"",""combination_key_status"":""EXACT""}",EXACT_SKU,728003,EXACT,SUPPORTING_SOURCE,3709,3623,0201010|0201010|0728003,"150x200x14,5 cm, Con 2 tatamis de 100x200 cm",728003,NO,NO,NO,YES,1,COMPOSITION_EXACT_SOURCE,,"Evidence row; correlate by combination_sku, component_sku and quantity.",EXACT_SKU,EXACT,EXACT,COMPOSITION_EXACT_SOURCE,COMPOSITION_EXACT_SOURCE,UNCHANGED_EXACT_EVIDENCE,SUPPORTING,NO,HIGH,Exact 001A.0 evidence retained; no fuzzy identity.,INCLUDED_EXACT,,,,,
MAESTRO,49,3710,,0201010|0201010|0728004,,0201010,2,EXACT,"{""source"":""MAESTRO_GESTIÓN.xlsx:RENTABILIDAD_COSTOS"",""source_row"":49,""parent_code"":""0201010"",""component_slot"":""ART1"",""component_code"":""0201010"",""quantity"":""2"",""quantity_status"":""EXACT"",""is_combination_row"":""YES"",""family"":""Combinación TatamisFuton"",""model"":""1 capa látex"",""finish"":""1 capa látex (160x200)"",""measure"":""100x200x5,5"",""composition_label"":""2 Tatamis + Futon 1 látex"",""product_name"":""Combinación 2 Tatamis (100X200) futón algodón 1 capa látex (160x200)"",""status"":""ACTIVO"",""legacy_magento_id"":""0201010"",""legacy_ean"":"""",""combination_sku_exact"":""0201010|0201010|0728004"",""combination_key_status"":""EXACT""}",EXACT_SKU,201010,EXACT,SUPPORTING_SOURCE,3710,3623,0201010|0201010|0728004,"160x200x14,5 cm, Con 2 tatamis de 100x200 cm",201010,NO,NO,NO,YES,1,COMPOSITION_EXACT_SOURCE,,"Evidence row; correlate by combination_sku, component_sku and quantity.",EXACT_SKU,EXACT,EXACT,COMPOSITION_EXACT_SOURCE,COMPOSITION_EXACT_SOURCE,UNCHANGED_EXACT_EVIDENCE,SUPPORTING,NO,HIGH,Exact 001A.0 evidence retained; no fuzzy identity.,INCLUDED_EXACT,,,,,
MAESTRO,49,3710,,0201010|0201010|0728004,,0728004,1,EXACT,"{""source"":""MAESTRO_GESTIÓN.xlsx:RENTABILIDAD_COSTOS"",""source_row"":49,""parent_code"":""0201010"",""component_slot"":""ART2"",""component_code"":""0728004"",""quantity"":""1"",""quantity_status"":""EXACT"",""is_combination_row"":""YES"",""family"":""Combinación TatamisFuton"",""model"":""1 capa látex"",""finish"":""1 capa látex (160x200)"",""measure"":""100x200x5,5"",""composition_label"":""2 Tatamis + Futon 1 látex"",""product_name"":""Combinación 2 Tatamis (100X200) futón algodón 1 capa látex (160x200)"",""status"":""ACTIVO"",""legacy_magento_id"":""0201010"",""legacy_ean"":"""",""combination_sku_exact"":""0201010|0201010|0728004"",""combination_key_status"":""EXACT""}",EXACT_SKU,728004,EXACT,SUPPORTING_SOURCE,3710,3623,0201010|0201010|0728004,"160x200x14,5 cm, Con 2 tatamis de 100x200 cm",728004,NO,NO,NO,YES,1,COMPOSITION_EXACT_SOURCE,,"Evidence row; correlate by combination_sku, component_sku and quantity.",EXACT_SKU,EXACT,EXACT,COMPOSITION_EXACT_SOURCE,COMPOSITION_EXACT_SOURCE,UNCHANGED_EXACT_EVIDENCE,SUPPORTING,NO,HIGH,Exact 001A.0 evidence retained; no fuzzy identity.,INCLUDED_EXACT,,,,,
MAESTRO,50,3711,,0201010|0201010|0728005,,0201010,2,EXACT,"{""source"":""MAESTRO_GESTIÓN.xlsx:RENTABILIDAD_COSTOS"",""source_row"":50,""parent_code"":""0201010"",""component_slot"":""ART1"",""component_code"":""0201010"",""quantity"":""2"",""quantity_status"":""EXACT"",""is_combination_row"":""YES"",""family"":""Combinación TatamisFuton"",""model"":""1 capa látex"",""finish"":""1 capa látex (180x200)"",""measure"":""100x200x5,5"",""composition_label"":""2 Tatamis + Futon 1 látex"",""product_name"":""Combinación 2 Tatamis (100X200) futón algodón 1 capa látex (180x200)"",""status"":""ACTIVO"",""legacy_magento_id"":""0201010"",""legacy_ean"":"""",""combination_sku_exact"":""0201010|0201010|0728005"",""combination_key_status"":""EXACT""}",EXACT_SKU,201010,EXACT,SUPPORTING_SOURCE,3711,3623,0201010|0201010|0728005,"180x200x14,5 cm, Con 2 tatamis de 100x200 cm",201010,NO,NO,NO,YES,1,COMPOSITION_EXACT_SOURCE,,"Evidence row; correlate by combination_sku, component_sku and quantity.",EXACT_SKU,EXACT,EXACT,COMPOSITION_EXACT_SOURCE,COMPOSITION_EXACT_SOURCE,UNCHANGED_EXACT_EVIDENCE,SUPPORTING,NO,HIGH,Exact 001A.0 evidence retained; no fuzzy identity.,INCLUDED_EXACT,,,,,
MAESTRO,50,3711,,0201010|0201010|0728005,,0728005,1,EXACT,"{""source"":""MAESTRO_GESTIÓN.xlsx:RENTABILIDAD_COSTOS"",""source_row"":50,""parent_code"":""0201010"",""component_slot"":""ART2"",""component_code"":""0728005"",""quantity"":""1"",""quantity_status"":""EXACT"",""is_combination_row"":""YES"",""family"":""Combinación TatamisFuton"",""model"":""1 capa látex"",""finish"":""1 capa látex (180x200)"",""measure"":""100x200x5,5"",""composition_label"":""2 Tatamis + Futon 1 látex"",""product_name"":""Combinación 2 Tatamis (100X200) futón algodón 1 capa látex (180x200)"",""status"":""ACTIVO"",""legacy_magento_id"":""0201010"",""legacy_ean"":"""",""combination_sku_exact"":""0201010|0201010|0728005"",""combination_key_status"":""EXACT""}",EXACT_SKU,728005,EXACT,SUPPORTING_SOURCE,3711,3623,0201010|0201010|0728005,"180x200x14,5 cm, Con 2 tatamis de 100x200 cm",728005,NO,NO,NO,YES,1,COMPOSITION_EXACT_SOURCE,,"Evidence row; correlate by combination_sku, component_sku and quantity.",EXACT_SKU,EXACT,EXACT,COMPOSITION_EXACT_SOURCE,COMPOSITION_EXACT_SOURCE,UNCHANGED_EXACT_EVIDENCE,SUPPORTING,NO,HIGH,Exact 001A.0 evidence retained; no fuzzy identity.,INCLUDED_EXACT,,,,,
MAESTRO,51,3712,,0201010|0201010|0728006,,0201010,2,EXACT,"{""source"":""MAESTRO_GESTIÓN.xlsx:RENTABILIDAD_COSTOS"",""source_row"":51,""parent_code"":""0201010"",""component_slot"":""ART1"",""component_code"":""0201010"",""quantity"":""2"",""quantity_status"":""EXACT"",""is_combination_row"":""YES"",""family"":""Combinación TatamisFuton"",""model"":""1 capa látex"",""finish"":""1 capa látex (200x200)"",""measure"":""100x200x5,5"",""composition_label"":""2 Tatamis + Futon 1 látex"",""product_name"":""Combinación 2 Tatamis (100X200) futón algodón 1 capa látex (200x200)"",""status"":""ACTIVO"",""legacy_magento_id"":""0201010"",""legacy_ean"":"""",""combination_sku_exact"":""0201010|0201010|0728006"",""combination_key_status"":""EXACT""}",EXACT_SKU,201010,EXACT,SUPPORTING_SOURCE,3712,3623,0201010|0201010|0728006,"200x200x14,5 cm, Con 2 tatamis de 100x200 cm",201010,NO,NO,NO,YES,1,COMPOSITION_EXACT_SOURCE,,"Evidence row; correlate by combination_sku, component_sku and quantity.",EXACT_SKU,EXACT,EXACT,COMPOSITION_EXACT_SOURCE,COMPOSITION_EXACT_SOURCE,UNCHANGED_EXACT_EVIDENCE,SUPPORTING,NO,HIGH,Exact 001A.0 evidence retained; no fuzzy identity.,INCLUDED_EXACT,,,,,
MAESTRO,51,3712,,0201010|0201010|0728006,,0728006,1,EXACT,"{""source"":""MAESTRO_GESTIÓN.xlsx:RENTABILIDAD_COSTOS"",""source_row"":51,""parent_code"":""0201010"",""component_slot"":""ART2"",""component_code"":""0728006"",""quantity"":""1"",""quantity_status"":""EXACT"",""is_combination_row"":""YES"",""family"":""Combinación TatamisFuton"",""model"":""1 capa látex"",""finish"":""1 capa látex (200x200)"",""measure"":""100x200x5,5"",""composition_label"":""2 Tatamis + Futon 1 látex"",""product_name"":""Combinación 2 Tatamis (100X200) futón algodón 1 capa látex (200x200)"",""status"":""ACTIVO"",""legacy_magento_id"":""0201010"",""legacy_ean"":"""",""combination_sku_exact"":""0201010|0201010|0728006"",""combination_key_status"":""EXACT""}",EXACT_SKU,728006,EXACT,SUPPORTING_SOURCE,3712,3623,0201010|0201010|0728006,"200x200x14,5 cm, Con 2 tatamis de 100x200 cm",728006,NO,NO,NO,YES,1,COMPOSITION_EXACT_SOURCE,,"Evidence row; correlate by combination_sku, component_sku and quantity.",EXACT_SKU,EXACT,EXACT,COMPOSITION_EXACT_SOURCE,COMPOSITION_EXACT_SOURCE,UNCHANGED_EXACT_EVIDENCE,SUPPORTING,NO,HIGH,Exact 001A.0 evidence retained; no fuzzy identity.,INCLUDED_EXACT,,,,,
MAESTRO,52,3702,,0201001|0201001|0730001,,0201001,2,EXACT,"{""source"":""MAESTRO_GESTIÓN.xlsx:RENTABILIDAD_COSTOS"",""source_row"":52,""parent_code"":""0201001"",""component_slot"":""ART1"",""component_code"":""0201001"",""quantity"":""2"",""quantity_status"":""EXACT"",""is_combination_row"":""YES"",""family"":""Combinación TatamisFuton"",""model"":""2 capas látex"",""finish"":""2 capas látex(90X200)"",""measure"":""80x200x5,5"",""composition_label"":""2 Tatamis + Futon 2 látex"",""product_name"":""Combinación 2 Tatamis (80X200) futón algodón 2 capas látex(90X200)"",""status"":""ACTIVO"",""legacy_magento_id"":""0201001"",""legacy_ean"":"""",""combination_sku_exact"":""0201001|0201001|0730001"",""combination_key_status"":""EXACT""}",EXACT_SKU,201001,EXACT,SUPPORTING_SOURCE,3702,3622,0201001|0201001|0730001,"90x200x14,5 cm, Con 2 tatamis de 80x200 cm",201001,NO,NO,NO,YES,1,COMPOSITION_EXACT_SOURCE,,"Evidence row; correlate by combination_sku, component_sku and quantity.",EXACT_SKU,EXACT,EXACT,COMPOSITION_EXACT_SOURCE,COMPOSITION_EXACT_SOURCE,UNCHANGED_EXACT_EVIDENCE,SUPPORTING,NO,HIGH,Exact 001A.0 evidence retained; no fuzzy identity.,INCLUDED_EXACT,,,,,
MAESTRO,52,3702,,0201001|0201001|0730001,,0730001,1,EXACT,"{""source"":""MAESTRO_GESTIÓN.xlsx:RENTABILIDAD_COSTOS"",""source_row"":52,""parent_code"":""0201001"",""component_slot"":""ART2"",""component_code"":""0730001"",""quantity"":""1"",""quantity_status"":""EXACT"",""is_combination_row"":""YES"",""family"":""Combinación TatamisFuton"",""model"":""2 capas látex"",""finish"":""2 capas látex(90X200)"",""measure"":""80x200x5,5"",""composition_label"":""2 Tatamis + Futon 2 látex"",""product_name"":""Combinación 2 Tatamis (80X200) futón algodón 2 capas látex(90X200)"",""status"":""ACTIVO"",""legacy_magento_id"":""0201001"",""legacy_ean"":"""",""combination_sku_exact"":""0201001|0201001|0730001"",""combination_key_status"":""EXACT""}",EXACT_SKU,730001,EXACT,SUPPORTING_SOURCE,3702,3622,0201001|0201001|0730001,"90x200x14,5 cm, Con 2 tatamis de 80x200 cm",730001,NO,NO,NO,YES,1,COMPOSITION_EXACT_SOURCE,,"Evidence row; correlate by combination_sku, component_sku and quantity.",EXACT_SKU,EXACT,EXACT,COMPOSITION_EXACT_SOURCE,COMPOSITION_EXACT_SOURCE,UNCHANGED_EXACT_EVIDENCE,SUPPORTING,NO,HIGH,Exact 001A.0 evidence retained; no fuzzy identity.,INCLUDED_EXACT,,,,,
MAESTRO,53,3699,,0201001|0201001|0730002,,0201001,2,EXACT,"{""source"":""MAESTRO_GESTIÓN.xlsx:RENTABILIDAD_COSTOS"",""source_row"":53,""parent_code"":""0201001"",""component_slot"":""ART1"",""component_code"":""0201001"",""quantity"":""2"",""quantity_status"":""EXACT"",""is_combination_row"":""YES"",""family"":""Combinación TatamisFuton"",""model"":""2 capas látex"",""finish"":""2 capas látex(140X200)"",""measure"":""80x200x5,5"",""composition_label"":""2 Tatamis + Futon 2 látex"",""product_name"":""Combinación 2 Tatamis (80X200) futón algodón 2 capas látex(140X200)"",""status"":""ACTIVO"",""legacy_magento_id"":""0201001"",""legacy_ean"":"""",""combination_sku_exact"":""0201001|0201001|0730002"",""combination_key_status"":""EXACT""}",EXACT_SKU,201001,EXACT,SUPPORTING_SOURCE,3699,3622,0201001|0201001|0730002,"140x200x14,5 cm, Con 2 tatamis de 80x200 cm",201001,NO,NO,NO,YES,1,COMPOSITION_EXACT_SOURCE,,"Evidence row; correlate by combination_sku, component_sku and quantity.",EXACT_SKU,EXACT,EXACT,COMPOSITION_EXACT_SOURCE,COMPOSITION_EXACT_SOURCE,UNCHANGED_EXACT_EVIDENCE,SUPPORTING,NO,HIGH,Exact 001A.0 evidence retained; no fuzzy identity.,INCLUDED_EXACT,,,,,
MAESTRO,53,3699,,0201001|0201001|0730002,,0730002,1,EXACT,"{""source"":""MAESTRO_GESTIÓN.xlsx:RENTABILIDAD_COSTOS"",""source_row"":53,""parent_code"":""0201001"",""component_slot"":""ART2"",""component_code"":""0730002"",""quantity"":""1"",""quantity_status"":""EXACT"",""is_combination_row"":""YES"",""family"":""Combinación TatamisFuton"",""model"":""2 capas látex"",""finish"":""2 capas látex(140X200)"",""measure"":""80x200x5,5"",""composition_label"":""2 Tatamis + Futon 2 látex"",""product_name"":""Combinación 2 Tatamis (80X200) futón algodón 2 capas látex(140X200)"",""status"":""ACTIVO"",""legacy_magento_id"":""0201001"",""legacy_ean"":"""",""combination_sku_exact"":""0201001|0201001|0730002"",""combination_key_status"":""EXACT""}",EXACT_SKU,730002,EXACT,SUPPORTING_SOURCE,3699,3622,0201001|0201001|0730002,"140x200x14,5 cm, Con 2 tatamis de 80x200 cm",730002,NO,NO,NO,YES,1,COMPOSITION_EXACT_SOURCE,,"Evidence row; correlate by combination_sku, component_sku and quantity.",EXACT_SKU,EXACT,EXACT,COMPOSITION_EXACT_SOURCE,COMPOSITION_EXACT_SOURCE,UNCHANGED_EXACT_EVIDENCE,SUPPORTING,NO,HIGH,Exact 001A.0 evidence retained; no fuzzy identity.,INCLUDED_EXACT,,,,,
MAESTRO,54,3700,,0201001|0201001|0730003,,0201001,2,EXACT,"{""source"":""MAESTRO_GESTIÓN.xlsx:RENTABILIDAD_COSTOS"",""source_row"":54,""parent_code"":""0201001"",""component_slot"":""ART1"",""component_code"":""0201001"",""quantity"":""2"",""quantity_status"":""EXACT"",""is_combination_row"":""YES"",""family"":""Combinación TatamisFuton"",""model"":""2 capas látex"",""finish"":""2 capas látex(150X200)"",""measure"":""80x200x5,5"",""composition_label"":""2 Tatamis + Futon 2 látex"",""product_name"":""Combinación 2 Tatamis (80X200) futón algodón 2 capas látex(150X200)"",""status"":""ACTIVO"",""legacy_magento_id"":""0201001"",""legacy_ean"":"""",""combination_sku_exact"":""0201001|0201001|0730003"",""combination_key_status"":""EXACT""}",EXACT_SKU,201001,EXACT,SUPPORTING_SOURCE,3700,3622,0201001|0201001|0730003,"150x200x14,5 cm, Con 2 tatamis de 80x200 cm",201001,NO,NO,NO,YES,1,COMPOSITION_EXACT_SOURCE,,"Evidence row; correlate by combination_sku, component_sku and quantity.",EXACT_SKU,EXACT,EXACT,COMPOSITION_EXACT_SOURCE,COMPOSITION_EXACT_SOURCE,UNCHANGED_EXACT_EVIDENCE,SUPPORTING,NO,HIGH,Exact 001A.0 evidence retained; no fuzzy identity.,INCLUDED_EXACT,,,,,
MAESTRO,54,3700,,0201001|0201001|0730003,,0730003,1,EXACT,"{""source"":""MAESTRO_GESTIÓN.xlsx:RENTABILIDAD_COSTOS"",""source_row"":54,""parent_code"":""0201001"",""component_slot"":""ART2"",""component_code"":""0730003"",""quantity"":""1"",""quantity_status"":""EXACT"",""is_combination_row"":""YES"",""family"":""Combinación TatamisFuton"",""model"":""2 capas látex"",""finish"":""2 capas látex(150X200)"",""measure"":""80x200x5,5"",""composition_label"":""2 Tatamis + Futon 2 látex"",""product_name"":""Combinación 2 Tatamis (80X200) futón algodón 2 capas látex(150X200)"",""status"":""ACTIVO"",""legacy_magento_id"":""0201001"",""legacy_ean"":"""",""combination_sku_exact"":""0201001|0201001|0730003"",""combination_key_status"":""EXACT""}",EXACT_SKU,730003,EXACT,SUPPORTING_SOURCE,3700,3622,0201001|0201001|0730003,"150x200x14,5 cm, Con 2 tatamis de 80x200 cm",730003,NO,NO,NO,YES,1,COMPOSITION_EXACT_SOURCE,,"Evidence row; correlate by combination_sku, component_sku and quantity.",EXACT_SKU,EXACT,EXACT,COMPOSITION_EXACT_SOURCE,COMPOSITION_EXACT_SOURCE,UNCHANGED_EXACT_EVIDENCE,SUPPORTING,NO,HIGH,Exact 001A.0 evidence retained; no fuzzy identity.,INCLUDED_EXACT,,,,,
MAESTRO,55,3701,,0201001|0201001|0730004,,0201001,2,EXACT,"{""source"":""MAESTRO_GESTIÓN.xlsx:RENTABILIDAD_COSTOS"",""source_row"":55,""parent_code"":""0201001"",""component_slot"":""ART1"",""component_code"":""0201001"",""quantity"":""2"",""quantity_status"":""EXACT"",""is_combination_row"":""YES"",""family"":""Combinación TatamisFuton"",""model"":""2 capas látex"",""finish"":""2 capas látex(160X200)"",""measure"":""80x200x5,5"",""composition_label"":""2 Tatamis + Futon 2 látex"",""product_name"":""Combinación 2 Tatamis (80X200) futón algodón 2 capas látex(160X200)"",""status"":""ACTIVO"",""legacy_magento_id"":""0201001"",""legacy_ean"":"""",""combination_sku_exact"":""0201001|0201001|0730004"",""combination_key_status"":""EXACT""}",EXACT_SKU,201001,EXACT,SUPPORTING_SOURCE,3701,3622,0201001|0201001|0730004,"160x200x14,5 cm, Con 2 tatamis de 80x200 cm",201001,NO,NO,NO,YES,1,COMPOSITION_EXACT_SOURCE,,"Evidence row; correlate by combination_sku, component_sku and quantity.",EXACT_SKU,EXACT,EXACT,COMPOSITION_EXACT_SOURCE,COMPOSITION_EXACT_SOURCE,UNCHANGED_EXACT_EVIDENCE,SUPPORTING,NO,HIGH,Exact 001A.0 evidence retained; no fuzzy identity.,INCLUDED_EXACT,,,,,
MAESTRO,55,3701,,0201001|0201001|0730004,,0730004,1,EXACT,"{""source"":""MAESTRO_GESTIÓN.xlsx:RENTABILIDAD_COSTOS"",""source_row"":55,""parent_code"":""0201001"",""component_slot"":""ART2"",""component_code"":""0730004"",""quantity"":""1"",""quantity_status"":""EXACT"",""is_combination_row"":""YES"",""family"":""Combinación TatamisFuton"",""model"":""2 capas látex"",""finish"":""2 capas látex(160X200)"",""measure"":""80x200x5,5"",""composition_label"":""2 Tatamis + Futon 2 látex"",""product_name"":""Combinación 2 Tatamis (80X200) futón algodón 2 capas látex(160X200)"",""status"":""ACTIVO"",""legacy_magento_id"":""0201001"",""legacy_ean"":"""",""combination_sku_exact"":""0201001|0201001|0730004"",""combination_key_status"":""EXACT""}",EXACT_SKU,730004,EXACT,SUPPORTING_SOURCE,3701,3622,0201001|0201001|0730004,"160x200x14,5 cm, Con 2 tatamis de 80x200 cm",730004,NO,NO,NO,YES,1,COMPOSITION_EXACT_SOURCE,,"Evidence row; correlate by combination_sku, component_sku and quantity.",EXACT_SKU,EXACT,EXACT,COMPOSITION_EXACT_SOURCE,COMPOSITION_EXACT_SOURCE,UNCHANGED_EXACT_EVIDENCE,SUPPORTING,NO,HIGH,Exact 001A.0 evidence retained; no fuzzy identity.,INCLUDED_EXACT,,,,,
MAESTRO,56,3707,,0201002|0201002|0730001,,0201002,2,EXACT,"{""source"":""MAESTRO_GESTIÓN.xlsx:RENTABILIDAD_COSTOS"",""source_row"":56,""parent_code"":""0201002"",""component_slot"":""ART1"",""component_code"":""0201002"",""quantity"":""2"",""quantity_status"":""EXACT"",""is_combination_row"":""YES"",""family"":""Combinación TatamisFuton"",""model"":""2 capas látex"",""finish"":""2 capas látex(90X200)"",""measure"":""90x200x5,5"",""composition_label"":""2 Tatamis + Futon 2 látex"",""product_name"":""Combinación 2 Tatamis (90X200) futón algodón 2 capas látex(90X200)"",""status"":""ACTIVO"",""legacy_magento_id"":""0201002"",""legacy_ean"":"""",""combination_sku_exact"":""0201002|0201002|0730001"",""combination_key_status"":""EXACT""}",EXACT_SKU,201002,EXACT,SUPPORTING_SOURCE,3707,3622,0201002|0201002|0730001,"90x200x14,5 cm, Con 2 tatamis de 90x200 cm",201002,NO,NO,NO,YES,1,COMPOSITION_EXACT_SOURCE,,"Evidence row; correlate by combination_sku, component_sku and quantity.",EXACT_SKU,EXACT,EXACT,COMPOSITION_EXACT_SOURCE,COMPOSITION_EXACT_SOURCE,UNCHANGED_EXACT_EVIDENCE,SUPPORTING,NO,HIGH,Exact 001A.0 evidence retained; no fuzzy identity.,INCLUDED_EXACT,,,,,
MAESTRO,56,3707,,0201002|0201002|0730001,,0730001,1,EXACT,"{""source"":""MAESTRO_GESTIÓN.xlsx:RENTABILIDAD_COSTOS"",""source_row"":56,""parent_code"":""0201002"",""component_slot"":""ART2"",""component_code"":""0730001"",""quantity"":""1"",""quantity_status"":""EXACT"",""is_combination_row"":""YES"",""family"":""Combinación TatamisFuton"",""model"":""2 capas látex"",""finish"":""2 capas látex(90X200)"",""measure"":""90x200x5,5"",""composition_label"":""2 Tatamis + Futon 2 látex"",""product_name"":""Combinación 2 Tatamis (90X200) futón algodón 2 capas látex(90X200)"",""status"":""ACTIVO"",""legacy_magento_id"":""0201002"",""legacy_ean"":"""",""combination_sku_exact"":""0201002|0201002|0730001"",""combination_key_status"":""EXACT""}",EXACT_SKU,730001,EXACT,SUPPORTING_SOURCE,3707,3622,0201002|0201002|0730001,"90x200x14,5 cm, Con 2 tatamis de 90x200 cm",730001,NO,NO,NO,YES,1,COMPOSITION_EXACT_SOURCE,,"Evidence row; correlate by combination_sku, component_sku and quantity.",EXACT_SKU,EXACT,EXACT,COMPOSITION_EXACT_SOURCE,COMPOSITION_EXACT_SOURCE,UNCHANGED_EXACT_EVIDENCE,SUPPORTING,NO,HIGH,Exact 001A.0 evidence retained; no fuzzy identity.,INCLUDED_EXACT,,,,,
MAESTRO,57,3703,,0201002|0201002|0730002,,0201002,2,EXACT,"{""source"":""MAESTRO_GESTIÓN.xlsx:RENTABILIDAD_COSTOS"",""source_row"":57,""parent_code"":""0201002"",""component_slot"":""ART1"",""component_code"":""0201002"",""quantity"":""2"",""quantity_status"":""EXACT"",""is_combination_row"":""YES"",""family"":""Combinación TatamisFuton"",""model"":""2 capas látex"",""finish"":""2 capas látex(140X200)"",""measure"":""90x200x5,5"",""composition_label"":""2 Tatamis + Futon 2 látex"",""product_name"":""Combinación 2 Tatamis (90X200) futón algodón 2 capas látex(140X200)"",""status"":""ACTIVO"",""legacy_magento_id"":""0201002"",""legacy_ean"":"""",""combination_sku_exact"":""0201002|0201002|0730002"",""combination_key_status"":""EXACT""}",EXACT_SKU,201002,EXACT,SUPPORTING_SOURCE,3703,3622,0201002|0201002|0730002,"140x200x14,5 cm, Con 2 tatamis de 90x200 cm",201002,NO,NO,NO,YES,1,COMPOSITION_EXACT_SOURCE,,"Evidence row; correlate by combination_sku, component_sku and quantity.",EXACT_SKU,EXACT,EXACT,COMPOSITION_EXACT_SOURCE,COMPOSITION_EXACT_SOURCE,UNCHANGED_EXACT_EVIDENCE,SUPPORTING,NO,HIGH,Exact 001A.0 evidence retained; no fuzzy identity.,INCLUDED_EXACT,,,,,
MAESTRO,57,3703,,0201002|0201002|0730002,,0730002,1,EXACT,"{""source"":""MAESTRO_GESTIÓN.xlsx:RENTABILIDAD_COSTOS"",""source_row"":57,""parent_code"":""0201002"",""component_slot"":""ART2"",""component_code"":""0730002"",""quantity"":""1"",""quantity_status"":""EXACT"",""is_combination_row"":""YES"",""family"":""Combinación TatamisFuton"",""model"":""2 capas látex"",""finish"":""2 capas látex(140X200)"",""measure"":""90x200x5,5"",""composition_label"":""2 Tatamis + Futon 2 látex"",""product_name"":""Combinación 2 Tatamis (90X200) futón algodón 2 capas látex(140X200)"",""status"":""ACTIVO"",""legacy_magento_id"":""0201002"",""legacy_ean"":"""",""combination_sku_exact"":""0201002|0201002|0730002"",""combination_key_status"":""EXACT""}",EXACT_SKU,730002,EXACT,SUPPORTING_SOURCE,3703,3622,0201002|0201002|0730002,"140x200x14,5 cm, Con 2 tatamis de 90x200 cm",730002,NO,NO,NO,YES,1,COMPOSITION_EXACT_SOURCE,,"Evidence row; correlate by combination_sku, component_sku and quantity.",EXACT_SKU,EXACT,EXACT,COMPOSITION_EXACT_SOURCE,COMPOSITION_EXACT_SOURCE,UNCHANGED_EXACT_EVIDENCE,SUPPORTING,NO,HIGH,Exact 001A.0 evidence retained; no fuzzy identity.,INCLUDED_EXACT,,,,,
MAESTRO,58,3704,,0201002|0201002|0730003,,0201002,2,EXACT,"{""source"":""MAESTRO_GESTIÓN.xlsx:RENTABILIDAD_COSTOS"",""source_row"":58,""parent_code"":""0201002"",""component_slot"":""ART1"",""component_code"":""0201002"",""quantity"":""2"",""quantity_status"":""EXACT"",""is_combination_row"":""YES"",""family"":""Combinación TatamisFuton"",""model"":""2 capas látex"",""finish"":""2 capas látex(150X200)"",""measure"":""90x200x5,5"",""composition_label"":""2 Tatamis + Futon 2 látex"",""product_name"":""Combinación 2 Tatamis (90X200) futón algodón 2 capas látex(150X200)"",""status"":""ACTIVO"",""legacy_magento_id"":""0201002"",""legacy_ean"":"""",""combination_sku_exact"":""0201002|0201002|0730003"",""combination_key_status"":""EXACT""}",EXACT_SKU,201002,EXACT,SUPPORTING_SOURCE,3704,3622,0201002|0201002|0730003,"150x200x14,5 cm, Con 2 tatamis de 90x200 cm",201002,NO,NO,NO,YES,1,COMPOSITION_EXACT_SOURCE,,"Evidence row; correlate by combination_sku, component_sku and quantity.",EXACT_SKU,EXACT,EXACT,COMPOSITION_EXACT_SOURCE,COMPOSITION_EXACT_SOURCE,UNCHANGED_EXACT_EVIDENCE,SUPPORTING,NO,HIGH,Exact 001A.0 evidence retained; no fuzzy identity.,INCLUDED_EXACT,,,,,
MAESTRO,58,3704,,0201002|0201002|0730003,,0730003,1,EXACT,"{""source"":""MAESTRO_GESTIÓN.xlsx:RENTABILIDAD_COSTOS"",""source_row"":58,""parent_code"":""0201002"",""component_slot"":""ART2"",""component_code"":""0730003"",""quantity"":""1"",""quantity_status"":""EXACT"",""is_combination_row"":""YES"",""family"":""Combinación TatamisFuton"",""model"":""2 capas látex"",""finish"":""2 capas látex(150X200)"",""measure"":""90x200x5,5"",""composition_label"":""2 Tatamis + Futon 2 látex"",""product_name"":""Combinación 2 Tatamis (90X200) futón algodón 2 capas látex(150X200)"",""status"":""ACTIVO"",""legacy_magento_id"":""0201002"",""legacy_ean"":"""",""combination_sku_exact"":""0201002|0201002|0730003"",""combination_key_status"":""EXACT""}",EXACT_SKU,730003,EXACT,SUPPORTING_SOURCE,3704,3622,0201002|0201002|0730003,"150x200x14,5 cm, Con 2 tatamis de 90x200 cm",730003,NO,NO,NO,YES,1,COMPOSITION_EXACT_SOURCE,,"Evidence row; correlate by combination_sku, component_sku and quantity.",EXACT_SKU,EXACT,EXACT,COMPOSITION_EXACT_SOURCE,COMPOSITION_EXACT_SOURCE,UNCHANGED_EXACT_EVIDENCE,SUPPORTING,NO,HIGH,Exact 001A.0 evidence retained; no fuzzy identity.,INCLUDED_EXACT,,,,,
MAESTRO,59,3705,,0201002|0201002|0730004,,0201002,2,EXACT,"{""source"":""MAESTRO_GESTIÓN.xlsx:RENTABILIDAD_COSTOS"",""source_row"":59,""parent_code"":""0201002"",""component_slot"":""ART1"",""component_code"":""0201002"",""quantity"":""2"",""quantity_status"":""EXACT"",""is_combination_row"":""YES"",""family"":""Combinación TatamisFuton"",""model"":""2 capas látex"",""finish"":""2 capas látex(160X200)"",""measure"":""90x200x5,5"",""composition_label"":""2 Tatamis + Futon 2 látex"",""product_name"":""Combinación 2 Tatamis (90X200) futón algodón 2 capas látex(160X200)"",""status"":""ACTIVO"",""legacy_magento_id"":""0201002"",""legacy_ean"":"""",""combination_sku_exact"":""0201002|0201002|0730004"",""combination_key_status"":""EXACT""}",EXACT_SKU,201002,EXACT,SUPPORTING_SOURCE,3705,3622,0201002|0201002|0730004,"160x200x14,5 cm, Con 2 tatamis de 90x200 cm",201002,NO,NO,NO,YES,1,COMPOSITION_EXACT_SOURCE,,"Evidence row; correlate by combination_sku, component_sku and quantity.",EXACT_SKU,EXACT,EXACT,COMPOSITION_EXACT_SOURCE,COMPOSITION_EXACT_SOURCE,UNCHANGED_EXACT_EVIDENCE,SUPPORTING,NO,HIGH,Exact 001A.0 evidence retained; no fuzzy identity.,INCLUDED_EXACT,,,,,
MAESTRO,59,3705,,0201002|0201002|0730004,,0730004,1,EXACT,"{""source"":""MAESTRO_GESTIÓN.xlsx:RENTABILIDAD_COSTOS"",""source_row"":59,""parent_code"":""0201002"",""component_slot"":""ART2"",""component_code"":""0730004"",""quantity"":""1"",""quantity_status"":""EXACT"",""is_combination_row"":""YES"",""family"":""Combinación TatamisFuton"",""model"":""2 capas látex"",""finish"":""2 capas látex(160X200)"",""measure"":""90x200x5,5"",""composition_label"":""2 Tatamis + Futon 2 látex"",""product_name"":""Combinación 2 Tatamis (90X200) futón algodón 2 capas látex(160X200)"",""status"":""ACTIVO"",""legacy_magento_id"":""0201002"",""legacy_ean"":"""",""combination_sku_exact"":""0201002|0201002|0730004"",""combination_key_status"":""EXACT""}",EXACT_SKU,730004,EXACT,SUPPORTING_SOURCE,3705,3622,0201002|0201002|0730004,"160x200x14,5 cm, Con 2 tatamis de 90x200 cm",730004,NO,NO,NO,YES,1,COMPOSITION_EXACT_SOURCE,,"Evidence row; correlate by combination_sku, component_sku and quantity.",EXACT_SKU,EXACT,EXACT,COMPOSITION_EXACT_SOURCE,COMPOSITION_EXACT_SOURCE,UNCHANGED_EXACT_EVIDENCE,SUPPORTING,NO,HIGH,Exact 001A.0 evidence retained; no fuzzy identity.,INCLUDED_EXACT,,,,,
MAESTRO,6,3664,,0302002|0201002|0201002,,0201002,2,EXACT,"{""source"":""MAESTRO_GESTIÓN.xlsx:RENTABILIDAD_COSTOS"",""source_row"":6,""parent_code"":""0302002"",""component_slot"":""ART2"",""component_code"":""0201002"",""quantity"":""2"",""quantity_status"":""EXACT"",""is_combination_row"":""YES"",""family"":""Bases Tatami"",""model"":""Provence"",""finish"":""Natural"",""measure"":""180x200"",""composition_label"":""Estructura + 2 tatamis"",""product_name"":""Base Tatami Provence, Natural, 180x200x17 cm"",""status"":""ACTIVO"",""legacy_magento_id"":""0302002"",""legacy_ean"":""8436552580363"",""combination_sku_exact"":""0302002|0201002|0201002"",""combination_key_status"":""EXACT""}",EXACT_SKU,201002,EXACT,SUPPORTING_SOURCE,3664,3611,0302002|0201002|0201002,Con 2 tatamis de 90x200 cm,201002,NO,NO,NO,YES,1,COMPOSITION_EXACT_SOURCE,,"Evidence row; correlate by combination_sku, component_sku and quantity.",EXACT_SKU,EXACT,EXACT,COMPOSITION_EXACT_SOURCE,COMPOSITION_EXACT_SOURCE,UNCHANGED_EXACT_EVIDENCE,SUPPORTING,NO,HIGH,Exact 001A.0 evidence retained; no fuzzy identity.,INCLUDED_EXACT,,,,,
MAESTRO,6,3664,,0302002|0201002|0201002,,0302002,1,EXACT,"{""source"":""MAESTRO_GESTIÓN.xlsx:RENTABILIDAD_COSTOS"",""source_row"":6,""parent_code"":""0302002"",""component_slot"":""ART1"",""component_code"":""0302002"",""quantity"":""1"",""quantity_status"":""EXACT"",""is_combination_row"":""YES"",""family"":""Bases Tatami"",""model"":""Provence"",""finish"":""Natural"",""measure"":""180x200"",""composition_label"":""Estructura + 2 tatamis"",""product_name"":""Base Tatami Provence, Natural, 180x200x17 cm"",""status"":""ACTIVO"",""legacy_magento_id"":""0302002"",""legacy_ean"":""8436552580363"",""combination_sku_exact"":""0302002|0201002|0201002"",""combination_key_status"":""EXACT""}",EXACT_SKU,302002,EXACT,SUPPORTING_SOURCE,3664,3611,0302002|0201002|0201002,Con 2 tatamis de 90x200 cm,302002,NO,NO,NO,YES,1,COMPOSITION_EXACT_SOURCE,,"Evidence row; correlate by combination_sku, component_sku and quantity.",EXACT_SKU,EXACT,EXACT,COMPOSITION_EXACT_SOURCE,COMPOSITION_EXACT_SOURCE,UNCHANGED_EXACT_EVIDENCE,SUPPORTING,NO,HIGH,Exact 001A.0 evidence retained; no fuzzy identity.,INCLUDED_EXACT,,,,,
MAESTRO,60,3706,,0201002|0201002|0730005,,0201002,2,EXACT,"{""source"":""MAESTRO_GESTIÓN.xlsx:RENTABILIDAD_COSTOS"",""source_row"":60,""parent_code"":""0201002"",""component_slot"":""ART1"",""component_code"":""0201002"",""quantity"":""2"",""quantity_status"":""EXACT"",""is_combination_row"":""YES"",""family"":""Combinación TatamisFuton"",""model"":""2 capas látex"",""finish"":""2 capas látex(180X200)"",""measure"":""90x200x5,5"",""composition_label"":""2 Tatamis + Futon 2 látex"",""product_name"":""Combinación 2 Tatamis (90X200) futón algodón 2 capas látex(180X200)"",""status"":""ACTIVO"",""legacy_magento_id"":""0201002"",""legacy_ean"":"""",""combination_sku_exact"":""0201002|0201002|0730005"",""combination_key_status"":""EXACT""}",EXACT_SKU,201002,EXACT,SUPPORTING_SOURCE,3706,3622,0201002|0201002|0730005,"180x200x14,5 cm, Con 2 tatamis de 90x200 cm",201002,NO,NO,NO,YES,1,COMPOSITION_EXACT_SOURCE,,"Evidence row; correlate by combination_sku, component_sku and quantity.",EXACT_SKU,EXACT,EXACT,COMPOSITION_EXACT_SOURCE,COMPOSITION_EXACT_SOURCE,UNCHANGED_EXACT_EVIDENCE,SUPPORTING,NO,HIGH,Exact 001A.0 evidence retained; no fuzzy identity.,INCLUDED_EXACT,,,,,
MAESTRO,60,3706,,0201002|0201002|0730005,,0730005,1,EXACT,"{""source"":""MAESTRO_GESTIÓN.xlsx:RENTABILIDAD_COSTOS"",""source_row"":60,""parent_code"":""0201002"",""component_slot"":""ART2"",""component_code"":""0730005"",""quantity"":""1"",""quantity_status"":""EXACT"",""is_combination_row"":""YES"",""family"":""Combinación TatamisFuton"",""model"":""2 capas látex"",""finish"":""2 capas látex(180X200)"",""measure"":""90x200x5,5"",""composition_label"":""2 Tatamis + Futon 2 látex"",""product_name"":""Combinación 2 Tatamis (90X200) futón algodón 2 capas látex(180X200)"",""status"":""ACTIVO"",""legacy_magento_id"":""0201002"",""legacy_ean"":"""",""combination_sku_exact"":""0201002|0201002|0730005"",""combination_key_status"":""EXACT""}",EXACT_SKU,730005,EXACT,SUPPORTING_SOURCE,3706,3622,0201002|0201002|0730005,"180x200x14,5 cm, Con 2 tatamis de 90x200 cm",730005,NO,NO,NO,YES,1,COMPOSITION_EXACT_SOURCE,,"Evidence row; correlate by combination_sku, component_sku and quantity.",EXACT_SKU,EXACT,EXACT,COMPOSITION_EXACT_SOURCE,COMPOSITION_EXACT_SOURCE,UNCHANGED_EXACT_EVIDENCE,SUPPORTING,NO,HIGH,Exact 001A.0 evidence retained; no fuzzy identity.,INCLUDED_EXACT,,,,,
MAESTRO,61,3694,,0201003|0201003|0730001,,0201003,2,EXACT,"{""source"":""MAESTRO_GESTIÓN.xlsx:RENTABILIDAD_COSTOS"",""source_row"":61,""parent_code"":""0201003"",""component_slot"":""ART1"",""component_code"":""0201003"",""quantity"":""2"",""quantity_status"":""EXACT"",""is_combination_row"":""YES"",""family"":""Combinación TatamisFuton"",""model"":""2 capas látex"",""finish"":""2 capas látex(90X200)"",""measure"":""70x200x5,5"",""composition_label"":""2 Tatamis + Futon 2 látex"",""product_name"":""Combinación 2 Tatamis (70X200) futón algodón 2 capas látex(90X200)"",""status"":""ACTIVO"",""legacy_magento_id"":""0201003"",""legacy_ean"":"""",""combination_sku_exact"":""0201003|0201003|0730001"",""combination_key_status"":""EXACT""}",EXACT_SKU,201003,EXACT,SUPPORTING_SOURCE,3694,3622,0201003|0201003|0730001,"90x200x14,5 cm, Con 2 tatamis de 70x200 cm",201003,NO,NO,NO,YES,1,COMPOSITION_EXACT_SOURCE,,"Evidence row; correlate by combination_sku, component_sku and quantity.",EXACT_SKU,EXACT,EXACT,COMPOSITION_EXACT_SOURCE,COMPOSITION_EXACT_SOURCE,UNCHANGED_EXACT_EVIDENCE,SUPPORTING,NO,HIGH,Exact 001A.0 evidence retained; no fuzzy identity.,INCLUDED_EXACT,,,,,
MAESTRO,61,3694,,0201003|0201003|0730001,,0730001,1,EXACT,"{""source"":""MAESTRO_GESTIÓN.xlsx:RENTABILIDAD_COSTOS"",""source_row"":61,""parent_code"":""0201003"",""component_slot"":""ART2"",""component_code"":""0730001"",""quantity"":""1"",""quantity_status"":""EXACT"",""is_combination_row"":""YES"",""family"":""Combinación TatamisFuton"",""model"":""2 capas látex"",""finish"":""2 capas látex(90X200)"",""measure"":""70x200x5,5"",""composition_label"":""2 Tatamis + Futon 2 látex"",""product_name"":""Combinación 2 Tatamis (70X200) futón algodón 2 capas látex(90X200)"",""status"":""ACTIVO"",""legacy_magento_id"":""0201003"",""legacy_ean"":"""",""combination_sku_exact"":""0201003|0201003|0730001"",""combination_key_status"":""EXACT""}",EXACT_SKU,730001,EXACT,SUPPORTING_SOURCE,3694,3622,0201003|0201003|0730001,"90x200x14,5 cm, Con 2 tatamis de 70x200 cm",730001,NO,NO,NO,YES,1,COMPOSITION_EXACT_SOURCE,,"Evidence row; correlate by combination_sku, component_sku and quantity.",EXACT_SKU,EXACT,EXACT,COMPOSITION_EXACT_SOURCE,COMPOSITION_EXACT_SOURCE,UNCHANGED_EXACT_EVIDENCE,SUPPORTING,NO,HIGH,Exact 001A.0 evidence retained; no fuzzy identity.,INCLUDED_EXACT,,,,,
MAESTRO,62,3693,,0201003|0201003|0730002,,0201003,2,EXACT,"{""source"":""MAESTRO_GESTIÓN.xlsx:RENTABILIDAD_COSTOS"",""source_row"":62,""parent_code"":""0201003"",""component_slot"":""ART1"",""component_code"":""0201003"",""quantity"":""2"",""quantity_status"":""EXACT"",""is_combination_row"":""YES"",""family"":""Combinación TatamisFuton"",""model"":""2 capas látex"",""finish"":""2 capas látex(140X200)"",""measure"":""70x200x5,5"",""composition_label"":""2 Tatamis + Futon 2 látex"",""product_name"":""Combinación 2 Tatamis (70X200) futón algodón 2 capas látex(140X200)"",""status"":""ACTIVO"",""legacy_magento_id"":""0201003"",""legacy_ean"":"""",""combination_sku_exact"":""0201003|0201003|0730002"",""combination_key_status"":""EXACT""}",EXACT_SKU,201003,EXACT,SUPPORTING_SOURCE,3693,3622,0201003|0201003|0730002,"140x200x14,5 cm, Con 2 tatamis de 70x200 cm",201003,NO,NO,NO,YES,1,COMPOSITION_EXACT_SOURCE,,"Evidence row; correlate by combination_sku, component_sku and quantity.",EXACT_SKU,EXACT,EXACT,COMPOSITION_EXACT_SOURCE,COMPOSITION_EXACT_SOURCE,UNCHANGED_EXACT_EVIDENCE,SUPPORTING,NO,HIGH,Exact 001A.0 evidence retained; no fuzzy identity.,INCLUDED_EXACT,,,,,
MAESTRO,62,3693,,0201003|0201003|0730002,,0730002,1,EXACT,"{""source"":""MAESTRO_GESTIÓN.xlsx:RENTABILIDAD_COSTOS"",""source_row"":62,""parent_code"":""0201003"",""component_slot"":""ART2"",""component_code"":""0730002"",""quantity"":""1"",""quantity_status"":""EXACT"",""is_combination_row"":""YES"",""family"":""Combinación TatamisFuton"",""model"":""2 capas látex"",""finish"":""2 capas látex(140X200)"",""measure"":""70x200x5,5"",""composition_label"":""2 Tatamis + Futon 2 látex"",""product_name"":""Combinación 2 Tatamis (70X200) futón algodón 2 capas látex(140X200)"",""status"":""ACTIVO"",""legacy_magento_id"":""0201003"",""legacy_ean"":"""",""combination_sku_exact"":""0201003|0201003|0730002"",""combination_key_status"":""EXACT""}",EXACT_SKU,730002,EXACT,SUPPORTING_SOURCE,3693,3622,0201003|0201003|0730002,"140x200x14,5 cm, Con 2 tatamis de 70x200 cm",730002,NO,NO,NO,YES,1,COMPOSITION_EXACT_SOURCE,,"Evidence row; correlate by combination_sku, component_sku and quantity.",EXACT_SKU,EXACT,EXACT,COMPOSITION_EXACT_SOURCE,COMPOSITION_EXACT_SOURCE,UNCHANGED_EXACT_EVIDENCE,SUPPORTING,NO,HIGH,Exact 001A.0 evidence retained; no fuzzy identity.,INCLUDED_EXACT,,,,,
MAESTRO,63,3697,,0201004|0201004|0730001,,0201004,2,EXACT,"{""source"":""MAESTRO_GESTIÓN.xlsx:RENTABILIDAD_COSTOS"",""source_row"":63,""parent_code"":""0201004"",""component_slot"":""ART1"",""component_code"":""0201004"",""quantity"":""2"",""quantity_status"":""EXACT"",""is_combination_row"":""YES"",""family"":""Combinación TatamisFuton"",""model"":""2 capas látex"",""finish"":""2 capas látex(90X200)"",""measure"":""76x200x5,5"",""composition_label"":""2 Tatamis + Futon 2 látex"",""product_name"":""Combinación 2 Tatamis (76X200) futón algodón 2 capas látex(90X200)"",""status"":""ACTIVO"",""legacy_magento_id"":""0201004"",""legacy_ean"":"""",""combination_sku_exact"":""0201004|0201004|0730001"",""combination_key_status"":""EXACT""}",EXACT_SKU,201004,EXACT,SUPPORTING_SOURCE,3697,3622,0201004|0201004|0730001,"90x200x14,5 cm, Con 2 tatamis de 76x200 cm",201004,NO,NO,NO,YES,1,COMPOSITION_EXACT_SOURCE,,"Evidence row; correlate by combination_sku, component_sku and quantity.",EXACT_SKU,EXACT,EXACT,COMPOSITION_EXACT_SOURCE,COMPOSITION_EXACT_SOURCE,UNCHANGED_EXACT_EVIDENCE,SUPPORTING,NO,HIGH,Exact 001A.0 evidence retained; no fuzzy identity.,INCLUDED_EXACT,,,,,
MAESTRO,63,3697,,0201004|0201004|0730001,,0730001,1,EXACT,"{""source"":""MAESTRO_GESTIÓN.xlsx:RENTABILIDAD_COSTOS"",""source_row"":63,""parent_code"":""0201004"",""component_slot"":""ART2"",""component_code"":""0730001"",""quantity"":""1"",""quantity_status"":""EXACT"",""is_combination_row"":""YES"",""family"":""Combinación TatamisFuton"",""model"":""2 capas látex"",""finish"":""2 capas látex(90X200)"",""measure"":""76x200x5,5"",""composition_label"":""2 Tatamis + Futon 2 látex"",""product_name"":""Combinación 2 Tatamis (76X200) futón algodón 2 capas látex(90X200)"",""status"":""ACTIVO"",""legacy_magento_id"":""0201004"",""legacy_ean"":"""",""combination_sku_exact"":""0201004|0201004|0730001"",""combination_key_status"":""EXACT""}",EXACT_SKU,730001,EXACT,SUPPORTING_SOURCE,3697,3622,0201004|0201004|0730001,"90x200x14,5 cm, Con 2 tatamis de 76x200 cm",730001,NO,NO,NO,YES,1,COMPOSITION_EXACT_SOURCE,,"Evidence row; correlate by combination_sku, component_sku and quantity.",EXACT_SKU,EXACT,EXACT,COMPOSITION_EXACT_SOURCE,COMPOSITION_EXACT_SOURCE,UNCHANGED_EXACT_EVIDENCE,SUPPORTING,NO,HIGH,Exact 001A.0 evidence retained; no fuzzy identity.,INCLUDED_EXACT,,,,,
MAESTRO,64,3695,,0201004|0201004|0730002,,0201004,2,EXACT,"{""source"":""MAESTRO_GESTIÓN.xlsx:RENTABILIDAD_COSTOS"",""source_row"":64,""parent_code"":""0201004"",""component_slot"":""ART1"",""component_code"":""0201004"",""quantity"":""2"",""quantity_status"":""EXACT"",""is_combination_row"":""YES"",""family"":""Combinación TatamisFuton"",""model"":""2 capas látex"",""finish"":""2 capas látex(140X200)"",""measure"":""76x200x5,5"",""composition_label"":""2 Tatamis + Futon 2 látex"",""product_name"":""Combinación 2 Tatamis (76X200) futón algodón 2 capas látex(140X200)"",""status"":""ACTIVO"",""legacy_magento_id"":""0201004"",""legacy_ean"":"""",""combination_sku_exact"":""0201004|0201004|0730002"",""combination_key_status"":""EXACT""}",EXACT_SKU,201004,EXACT,SUPPORTING_SOURCE,3695,3622,0201004|0201004|0730002,"140x200x14,5 cm, Con 2 tatamis de 76x200 cm",201004,NO,NO,NO,YES,1,COMPOSITION_EXACT_SOURCE,,"Evidence row; correlate by combination_sku, component_sku and quantity.",EXACT_SKU,EXACT,EXACT,COMPOSITION_EXACT_SOURCE,COMPOSITION_EXACT_SOURCE,UNCHANGED_EXACT_EVIDENCE,SUPPORTING,NO,HIGH,Exact 001A.0 evidence retained; no fuzzy identity.,INCLUDED_EXACT,,,,,
MAESTRO,64,3695,,0201004|0201004|0730002,,0730002,1,EXACT,"{""source"":""MAESTRO_GESTIÓN.xlsx:RENTABILIDAD_COSTOS"",""source_row"":64,""parent_code"":""0201004"",""component_slot"":""ART2"",""component_code"":""0730002"",""quantity"":""1"",""quantity_status"":""EXACT"",""is_combination_row"":""YES"",""family"":""Combinación TatamisFuton"",""model"":""2 capas látex"",""finish"":""2 capas látex(140X200)"",""measure"":""76x200x5,5"",""composition_label"":""2 Tatamis + Futon 2 látex"",""product_name"":""Combinación 2 Tatamis (76X200) futón algodón 2 capas látex(140X200)"",""status"":""ACTIVO"",""legacy_magento_id"":""0201004"",""legacy_ean"":"""",""combination_sku_exact"":""0201004|0201004|0730002"",""combination_key_status"":""EXACT""}",EXACT_SKU,730002,EXACT,SUPPORTING_SOURCE,3695,3622,0201004|0201004|0730002,"140x200x14,5 cm, Con 2 tatamis de 76x200 cm",730002,NO,NO,NO,YES,1,COMPOSITION_EXACT_SOURCE,,"Evidence row; correlate by combination_sku, component_sku and quantity.",EXACT_SKU,EXACT,EXACT,COMPOSITION_EXACT_SOURCE,COMPOSITION_EXACT_SOURCE,UNCHANGED_EXACT_EVIDENCE,SUPPORTING,NO,HIGH,Exact 001A.0 evidence retained; no fuzzy identity.,INCLUDED_EXACT,,,,,
MAESTRO,65,3696,,0201004|0201004|0730003,,0201004,2,EXACT,"{""source"":""MAESTRO_GESTIÓN.xlsx:RENTABILIDAD_COSTOS"",""source_row"":65,""parent_code"":""0201004"",""component_slot"":""ART1"",""component_code"":""0201004"",""quantity"":""2"",""quantity_status"":""EXACT"",""is_combination_row"":""YES"",""family"":""Combinación TatamisFuton"",""model"":""2 capas látex"",""finish"":""2 capas látex(150X200)"",""measure"":""76x200x5,5"",""composition_label"":""2 Tatamis + Futon 2 látex"",""product_name"":""Combinación 2 Tatamis (76X200) futón algodón 2 capas látex(150X200)"",""status"":""ACTIVO"",""legacy_magento_id"":""0201004"",""legacy_ean"":"""",""combination_sku_exact"":""0201004|0201004|0730003"",""combination_key_status"":""EXACT""}",EXACT_SKU,201004,EXACT,SUPPORTING_SOURCE,3696,3622,0201004|0201004|0730003,"150x200x14,5 cm, Con 2 tatamis de 76x200 cm",201004,NO,NO,NO,YES,1,COMPOSITION_EXACT_SOURCE,,"Evidence row; correlate by combination_sku, component_sku and quantity.",EXACT_SKU,EXACT,EXACT,COMPOSITION_EXACT_SOURCE,COMPOSITION_EXACT_SOURCE,UNCHANGED_EXACT_EVIDENCE,SUPPORTING,NO,HIGH,Exact 001A.0 evidence retained; no fuzzy identity.,INCLUDED_EXACT,,,,,
MAESTRO,65,3696,,0201004|0201004|0730003,,0730003,1,EXACT,"{""source"":""MAESTRO_GESTIÓN.xlsx:RENTABILIDAD_COSTOS"",""source_row"":65,""parent_code"":""0201004"",""component_slot"":""ART2"",""component_code"":""0730003"",""quantity"":""1"",""quantity_status"":""EXACT"",""is_combination_row"":""YES"",""family"":""Combinación TatamisFuton"",""model"":""2 capas látex"",""finish"":""2 capas látex(150X200)"",""measure"":""76x200x5,5"",""composition_label"":""2 Tatamis + Futon 2 látex"",""product_name"":""Combinación 2 Tatamis (76X200) futón algodón 2 capas látex(150X200)"",""status"":""ACTIVO"",""legacy_magento_id"":""0201004"",""legacy_ean"":"""",""combination_sku_exact"":""0201004|0201004|0730003"",""combination_key_status"":""EXACT""}",EXACT_SKU,730003,EXACT,SUPPORTING_SOURCE,3696,3622,0201004|0201004|0730003,"150x200x14,5 cm, Con 2 tatamis de 76x200 cm",730003,NO,NO,NO,YES,1,COMPOSITION_EXACT_SOURCE,,"Evidence row; correlate by combination_sku, component_sku and quantity.",EXACT_SKU,EXACT,EXACT,COMPOSITION_EXACT_SOURCE,COMPOSITION_EXACT_SOURCE,UNCHANGED_EXACT_EVIDENCE,SUPPORTING,NO,HIGH,Exact 001A.0 evidence retained; no fuzzy identity.,INCLUDED_EXACT,,,,,
MAESTRO,66,3692,,0201010|0201010|0730001,,0201010,2,EXACT,"{""source"":""MAESTRO_GESTIÓN.xlsx:RENTABILIDAD_COSTOS"",""source_row"":66,""parent_code"":""0201010"",""component_slot"":""ART1"",""component_code"":""0201010"",""quantity"":""2"",""quantity_status"":""EXACT"",""is_combination_row"":""YES"",""family"":""Combinación TatamisFuton"",""model"":""2 capas látex"",""finish"":""2 capas látex(90X200)"",""measure"":""100x200x5,5"",""composition_label"":""2 Tatamis + Futon 2 látex"",""product_name"":""Combinación 2 Tatamis (100X200) futón algodón 2 capas látex(90X200)"",""status"":""ACTIVO"",""legacy_magento_id"":""0201010"",""legacy_ean"":"""",""combination_sku_exact"":""0201010|0201010|0730001"",""combination_key_status"":""EXACT""}",EXACT_SKU,201010,EXACT,SUPPORTING_SOURCE,3692,3622,0201010|0201010|0730001,"90x200x14,5 cm, Con 2 tatamis de 100x200 cm",201010,NO,NO,NO,YES,1,COMPOSITION_EXACT_SOURCE,,"Evidence row; correlate by combination_sku, component_sku and quantity.",EXACT_SKU,EXACT,EXACT,COMPOSITION_EXACT_SOURCE,COMPOSITION_EXACT_SOURCE,UNCHANGED_EXACT_EVIDENCE,SUPPORTING,NO,HIGH,Exact 001A.0 evidence retained; no fuzzy identity.,INCLUDED_EXACT,,,,,
MAESTRO,66,3692,,0201010|0201010|0730001,,0730001,1,EXACT,"{""source"":""MAESTRO_GESTIÓN.xlsx:RENTABILIDAD_COSTOS"",""source_row"":66,""parent_code"":""0201010"",""component_slot"":""ART2"",""component_code"":""0730001"",""quantity"":""1"",""quantity_status"":""EXACT"",""is_combination_row"":""YES"",""family"":""Combinación TatamisFuton"",""model"":""2 capas látex"",""finish"":""2 capas látex(90X200)"",""measure"":""100x200x5,5"",""composition_label"":""2 Tatamis + Futon 2 látex"",""product_name"":""Combinación 2 Tatamis (100X200) futón algodón 2 capas látex(90X200)"",""status"":""ACTIVO"",""legacy_magento_id"":""0201010"",""legacy_ean"":"""",""combination_sku_exact"":""0201010|0201010|0730001"",""combination_key_status"":""EXACT""}",EXACT_SKU,730001,EXACT,SUPPORTING_SOURCE,3692,3622,0201010|0201010|0730001,"90x200x14,5 cm, Con 2 tatamis de 100x200 cm",730001,NO,NO,NO,YES,1,COMPOSITION_EXACT_SOURCE,,"Evidence row; correlate by combination_sku, component_sku and quantity.",EXACT_SKU,EXACT,EXACT,COMPOSITION_EXACT_SOURCE,COMPOSITION_EXACT_SOURCE,UNCHANGED_EXACT_EVIDENCE,SUPPORTING,NO,HIGH,Exact 001A.0 evidence retained; no fuzzy identity.,INCLUDED_EXACT,,,,,
MAESTRO,67,3687,,0201010|0201010|0730002,,0201010,2,EXACT,"{""source"":""MAESTRO_GESTIÓN.xlsx:RENTABILIDAD_COSTOS"",""source_row"":67,""parent_code"":""0201010"",""component_slot"":""ART1"",""component_code"":""0201010"",""quantity"":""2"",""quantity_status"":""EXACT"",""is_combination_row"":""YES"",""family"":""Combinación TatamisFuton"",""model"":""2 capas látex"",""finish"":""2 capas látex(140X200)"",""measure"":""100x200x5,5"",""composition_label"":""2 Tatamis + Futon 2 látex"",""product_name"":""Combinación 2 Tatamis (100X200) futón algodón 2 capas látex(140X200)"",""status"":""ACTIVO"",""legacy_magento_id"":""0201010"",""legacy_ean"":""8436552585603"",""combination_sku_exact"":""0201010|0201010|0730002"",""combination_key_status"":""EXACT""}",EXACT_SKU,201010,EXACT,SUPPORTING_SOURCE,3687,3622,0201010|0201010|0730002,"140x200x14,5 cm, Con 2 tatamis de 100x200 cm",201010,NO,NO,NO,YES,1,COMPOSITION_EXACT_SOURCE,,"Evidence row; correlate by combination_sku, component_sku and quantity.",EXACT_SKU,EXACT,EXACT,COMPOSITION_EXACT_SOURCE,COMPOSITION_EXACT_SOURCE,UNCHANGED_EXACT_EVIDENCE,SUPPORTING,NO,HIGH,Exact 001A.0 evidence retained; no fuzzy identity.,INCLUDED_EXACT,,,,,
MAESTRO,67,3687,,0201010|0201010|0730002,,0730002,1,EXACT,"{""source"":""MAESTRO_GESTIÓN.xlsx:RENTABILIDAD_COSTOS"",""source_row"":67,""parent_code"":""0201010"",""component_slot"":""ART2"",""component_code"":""0730002"",""quantity"":""1"",""quantity_status"":""EXACT"",""is_combination_row"":""YES"",""family"":""Combinación TatamisFuton"",""model"":""2 capas látex"",""finish"":""2 capas látex(140X200)"",""measure"":""100x200x5,5"",""composition_label"":""2 Tatamis + Futon 2 látex"",""product_name"":""Combinación 2 Tatamis (100X200) futón algodón 2 capas látex(140X200)"",""status"":""ACTIVO"",""legacy_magento_id"":""0201010"",""legacy_ean"":""8436552585603"",""combination_sku_exact"":""0201010|0201010|0730002"",""combination_key_status"":""EXACT""}",EXACT_SKU,730002,EXACT,SUPPORTING_SOURCE,3687,3622,0201010|0201010|0730002,"140x200x14,5 cm, Con 2 tatamis de 100x200 cm",730002,NO,NO,NO,YES,1,COMPOSITION_EXACT_SOURCE,,"Evidence row; correlate by combination_sku, component_sku and quantity.",EXACT_SKU,EXACT,EXACT,COMPOSITION_EXACT_SOURCE,COMPOSITION_EXACT_SOURCE,UNCHANGED_EXACT_EVIDENCE,SUPPORTING,NO,HIGH,Exact 001A.0 evidence retained; no fuzzy identity.,INCLUDED_EXACT,,,,,
MAESTRO,68,3688,,0201010|0201010|0730003,,0201010,2,EXACT,"{""source"":""MAESTRO_GESTIÓN.xlsx:RENTABILIDAD_COSTOS"",""source_row"":68,""parent_code"":""0201010"",""component_slot"":""ART1"",""component_code"":""0201010"",""quantity"":""2"",""quantity_status"":""EXACT"",""is_combination_row"":""YES"",""family"":""Combinación TatamisFuton"",""model"":""2 capas látex"",""finish"":""2 capas látex(150X200)"",""measure"":""100x200x5,5"",""composition_label"":""2 Tatamis + Futon 2 látex"",""product_name"":""Combinación 2 Tatamis (100X200) futón algodón 2 capas látex(150X200)"",""status"":""ACTIVO"",""legacy_magento_id"":""0201010"",""legacy_ean"":""8436552585610"",""combination_sku_exact"":""0201010|0201010|0730003"",""combination_key_status"":""EXACT""}",EXACT_SKU,201010,EXACT,SUPPORTING_SOURCE,3688,3622,0201010|0201010|0730003,"150x200x14,5 cm, Con 2 tatamis de 100x200 cm",201010,NO,NO,NO,YES,1,COMPOSITION_EXACT_SOURCE,,"Evidence row; correlate by combination_sku, component_sku and quantity.",EXACT_SKU,EXACT,EXACT,COMPOSITION_EXACT_SOURCE,COMPOSITION_EXACT_SOURCE,UNCHANGED_EXACT_EVIDENCE,SUPPORTING,NO,HIGH,Exact 001A.0 evidence retained; no fuzzy identity.,INCLUDED_EXACT,,,,,
MAESTRO,68,3688,,0201010|0201010|0730003,,0730003,1,EXACT,"{""source"":""MAESTRO_GESTIÓN.xlsx:RENTABILIDAD_COSTOS"",""source_row"":68,""parent_code"":""0201010"",""component_slot"":""ART2"",""component_code"":""0730003"",""quantity"":""1"",""quantity_status"":""EXACT"",""is_combination_row"":""YES"",""family"":""Combinación TatamisFuton"",""model"":""2 capas látex"",""finish"":""2 capas látex(150X200)"",""measure"":""100x200x5,5"",""composition_label"":""2 Tatamis + Futon 2 látex"",""product_name"":""Combinación 2 Tatamis (100X200) futón algodón 2 capas látex(150X200)"",""status"":""ACTIVO"",""legacy_magento_id"":""0201010"",""legacy_ean"":""8436552585610"",""combination_sku_exact"":""0201010|0201010|0730003"",""combination_key_status"":""EXACT""}",EXACT_SKU,730003,EXACT,SUPPORTING_SOURCE,3688,3622,0201010|0201010|0730003,"150x200x14,5 cm, Con 2 tatamis de 100x200 cm",730003,NO,NO,NO,YES,1,COMPOSITION_EXACT_SOURCE,,"Evidence row; correlate by combination_sku, component_sku and quantity.",EXACT_SKU,EXACT,EXACT,COMPOSITION_EXACT_SOURCE,COMPOSITION_EXACT_SOURCE,UNCHANGED_EXACT_EVIDENCE,SUPPORTING,NO,HIGH,Exact 001A.0 evidence retained; no fuzzy identity.,INCLUDED_EXACT,,,,,
MAESTRO,69,3689,,0201010|0201010|0730004,,0201010,2,EXACT,"{""source"":""MAESTRO_GESTIÓN.xlsx:RENTABILIDAD_COSTOS"",""source_row"":69,""parent_code"":""0201010"",""component_slot"":""ART1"",""component_code"":""0201010"",""quantity"":""2"",""quantity_status"":""EXACT"",""is_combination_row"":""YES"",""family"":""Combinación TatamisFuton"",""model"":""2 capas látex"",""finish"":""2 capas látex(160X200)"",""measure"":""100x200x5,5"",""composition_label"":""2 Tatamis + Futon 2 látex"",""product_name"":""Combinación 2 Tatamis (100X200) futón algodón 2 capas látex(160X200)"",""status"":""ACTIVO"",""legacy_magento_id"":""0201010"",""legacy_ean"":"""",""combination_sku_exact"":""0201010|0201010|0730004"",""combination_key_status"":""EXACT""}",EXACT_SKU,201010,EXACT,SUPPORTING_SOURCE,3689,3622,0201010|0201010|0730004,"160x200x14,5 cm, Con 2 tatamis de 100x200 cm",201010,NO,NO,NO,YES,1,COMPOSITION_EXACT_SOURCE,,"Evidence row; correlate by combination_sku, component_sku and quantity.",EXACT_SKU,EXACT,EXACT,COMPOSITION_EXACT_SOURCE,COMPOSITION_EXACT_SOURCE,UNCHANGED_EXACT_EVIDENCE,SUPPORTING,NO,HIGH,Exact 001A.0 evidence retained; no fuzzy identity.,INCLUDED_EXACT,,,,,
MAESTRO,69,3689,,0201010|0201010|0730004,,0730004,1,EXACT,"{""source"":""MAESTRO_GESTIÓN.xlsx:RENTABILIDAD_COSTOS"",""source_row"":69,""parent_code"":""0201010"",""component_slot"":""ART2"",""component_code"":""0730004"",""quantity"":""1"",""quantity_status"":""EXACT"",""is_combination_row"":""YES"",""family"":""Combinación TatamisFuton"",""model"":""2 capas látex"",""finish"":""2 capas látex(160X200)"",""measure"":""100x200x5,5"",""composition_label"":""2 Tatamis + Futon 2 látex"",""product_name"":""Combinación 2 Tatamis (100X200) futón algodón 2 capas látex(160X200)"",""status"":""ACTIVO"",""legacy_magento_id"":""0201010"",""legacy_ean"":"""",""combination_sku_exact"":""0201010|0201010|0730004"",""combination_key_status"":""EXACT""}",EXACT_SKU,730004,EXACT,SUPPORTING_SOURCE,3689,3622,0201010|0201010|0730004,"160x200x14,5 cm, Con 2 tatamis de 100x200 cm",730004,NO,NO,NO,YES,1,COMPOSITION_EXACT_SOURCE,,"Evidence row; correlate by combination_sku, component_sku and quantity.",EXACT_SKU,EXACT,EXACT,COMPOSITION_EXACT_SOURCE,COMPOSITION_EXACT_SOURCE,UNCHANGED_EXACT_EVIDENCE,SUPPORTING,NO,HIGH,Exact 001A.0 evidence retained; no fuzzy identity.,INCLUDED_EXACT,,,,,
MAESTRO,70,3690,,0201010|0201010|0730005,,0201010,2,EXACT,"{""source"":""MAESTRO_GESTIÓN.xlsx:RENTABILIDAD_COSTOS"",""source_row"":70,""parent_code"":""0201010"",""component_slot"":""ART1"",""component_code"":""0201010"",""quantity"":""2"",""quantity_status"":""EXACT"",""is_combination_row"":""YES"",""family"":""Combinación TatamisFuton"",""model"":""2 capas látex"",""finish"":""2 capas látex(180X200)"",""measure"":""100x200x5,5"",""composition_label"":""2 Tatamis + Futon 2 látex"",""product_name"":""Combinación 2 Tatamis (100X200) futón algodón 2 capas látex(180X200)"",""status"":""ACTIVO"",""legacy_magento_id"":""0201010"",""legacy_ean"":"""",""combination_sku_exact"":""0201010|0201010|0730005"",""combination_key_status"":""EXACT""}",EXACT_SKU,201010,EXACT,SUPPORTING_SOURCE,3690,3622,0201010|0201010|0730005,"180x200x14,5 cm, Con 2 tatamis de 100x200 cm",201010,NO,NO,NO,YES,1,COMPOSITION_EXACT_SOURCE,,"Evidence row; correlate by combination_sku, component_sku and quantity.",EXACT_SKU,EXACT,EXACT,COMPOSITION_EXACT_SOURCE,COMPOSITION_EXACT_SOURCE,UNCHANGED_EXACT_EVIDENCE,SUPPORTING,NO,HIGH,Exact 001A.0 evidence retained; no fuzzy identity.,INCLUDED_EXACT,,,,,
MAESTRO,70,3690,,0201010|0201010|0730005,,0730005,1,EXACT,"{""source"":""MAESTRO_GESTIÓN.xlsx:RENTABILIDAD_COSTOS"",""source_row"":70,""parent_code"":""0201010"",""component_slot"":""ART2"",""component_code"":""0730005"",""quantity"":""1"",""quantity_status"":""EXACT"",""is_combination_row"":""YES"",""family"":""Combinación TatamisFuton"",""model"":""2 capas látex"",""finish"":""2 capas látex(180X200)"",""measure"":""100x200x5,5"",""composition_label"":""2 Tatamis + Futon 2 látex"",""product_name"":""Combinación 2 Tatamis (100X200) futón algodón 2 capas látex(180X200)"",""status"":""ACTIVO"",""legacy_magento_id"":""0201010"",""legacy_ean"":"""",""combination_sku_exact"":""0201010|0201010|0730005"",""combination_key_status"":""EXACT""}",EXACT_SKU,730005,EXACT,SUPPORTING_SOURCE,3690,3622,0201010|0201010|0730005,"180x200x14,5 cm, Con 2 tatamis de 100x200 cm",730005,NO,NO,NO,YES,1,COMPOSITION_EXACT_SOURCE,,"Evidence row; correlate by combination_sku, component_sku and quantity.",EXACT_SKU,EXACT,EXACT,COMPOSITION_EXACT_SOURCE,COMPOSITION_EXACT_SOURCE,UNCHANGED_EXACT_EVIDENCE,SUPPORTING,NO,HIGH,Exact 001A.0 evidence retained; no fuzzy identity.,INCLUDED_EXACT,,,,,
MAESTRO,71,3691,,0201010|0201010|0730006,,0201010,2,EXACT,"{""source"":""MAESTRO_GESTIÓN.xlsx:RENTABILIDAD_COSTOS"",""source_row"":71,""parent_code"":""0201010"",""component_slot"":""ART1"",""component_code"":""0201010"",""quantity"":""2"",""quantity_status"":""EXACT"",""is_combination_row"":""YES"",""family"":""Combinación TatamisFuton"",""model"":""2 capas látex"",""finish"":""2 capas látex(200X200)"",""measure"":""100x200x5,5"",""composition_label"":""2 Tatamis + Futon 2 látex"",""product_name"":""Combinación 2 Tatamis (100X200) futón algodón 2 capas látex(200X200)"",""status"":""ACTIVO"",""legacy_magento_id"":""0201010"",""legacy_ean"":"""",""combination_sku_exact"":""0201010|0201010|0730006"",""combination_key_status"":""EXACT""}",EXACT_SKU,201010,EXACT,SUPPORTING_SOURCE,3691,3622,0201010|0201010|0730006,"200x200x14,5 cm, Con 2 tatamis de 100x200 cm",201010,NO,NO,NO,YES,1,COMPOSITION_EXACT_SOURCE,,"Evidence row; correlate by combination_sku, component_sku and quantity.",EXACT_SKU,EXACT,EXACT,COMPOSITION_EXACT_SOURCE,COMPOSITION_EXACT_SOURCE,UNCHANGED_EXACT_EVIDENCE,SUPPORTING,NO,HIGH,Exact 001A.0 evidence retained; no fuzzy identity.,INCLUDED_EXACT,,,,,
MAESTRO,71,3691,,0201010|0201010|0730006,,0730006,1,EXACT,"{""source"":""MAESTRO_GESTIÓN.xlsx:RENTABILIDAD_COSTOS"",""source_row"":71,""parent_code"":""0201010"",""component_slot"":""ART2"",""component_code"":""0730006"",""quantity"":""1"",""quantity_status"":""EXACT"",""is_combination_row"":""YES"",""family"":""Combinación TatamisFuton"",""model"":""2 capas látex"",""finish"":""2 capas látex(200X200)"",""measure"":""100x200x5,5"",""composition_label"":""2 Tatamis + Futon 2 látex"",""product_name"":""Combinación 2 Tatamis (100X200) futón algodón 2 capas látex(200X200)"",""status"":""ACTIVO"",""legacy_magento_id"":""0201010"",""legacy_ean"":"""",""combination_sku_exact"":""0201010|0201010|0730006"",""combination_key_status"":""EXACT""}",EXACT_SKU,730006,EXACT,SUPPORTING_SOURCE,3691,3622,0201010|0201010|0730006,"200x200x14,5 cm, Con 2 tatamis de 100x200 cm",730006,NO,NO,NO,YES,1,COMPOSITION_EXACT_SOURCE,,"Evidence row; correlate by combination_sku, component_sku and quantity.",EXACT_SKU,EXACT,EXACT,COMPOSITION_EXACT_SOURCE,COMPOSITION_EXACT_SOURCE,UNCHANGED_EXACT_EVIDENCE,SUPPORTING,NO,HIGH,Exact 001A.0 evidence retained; no fuzzy identity.,INCLUDED_EXACT,,,,,
MAESTRO,72,3741,,0201001|0201001|0724001,,0201001,2,EXACT,"{""source"":""MAESTRO_GESTIÓN.xlsx:RENTABILIDAD_COSTOS"",""source_row"":72,""parent_code"":""0201001"",""component_slot"":""ART1"",""component_code"":""0201001"",""quantity"":""2"",""quantity_status"":""EXACT"",""is_combination_row"":""YES"",""family"":""Combinación TatamisFuton"",""model"":""Algodón"",""finish"":""futón algodón (90X200)"",""measure"":""80x200x5,5"",""composition_label"":""2 Tatamis + FutonAlg"",""product_name"":""Combinación 2 Tatamis (80X200) futón algodón (90X200)"",""status"":""ACTIVO"",""legacy_magento_id"":""0201001"",""legacy_ean"":"""",""combination_sku_exact"":""0201001|0201001|0724001"",""combination_key_status"":""EXACT""}",EXACT_SKU,201001,EXACT,SUPPORTING_SOURCE,3741,3624,0201001|0201001|0724001,"Con 2 tatamis de 80x200 cm, 90x200x14,5 cm",201001,NO,NO,NO,YES,1,COMPOSITION_EXACT_SOURCE,,"Evidence row; correlate by combination_sku, component_sku and quantity.",EXACT_SKU,EXACT,EXACT,COMPOSITION_EXACT_SOURCE,COMPOSITION_EXACT_SOURCE,UNCHANGED_EXACT_EVIDENCE,SUPPORTING,NO,HIGH,Exact 001A.0 evidence retained; no fuzzy identity.,INCLUDED_EXACT,,,,,
MAESTRO,72,3741,,0201001|0201001|0724001,,0724001,1,EXACT,"{""source"":""MAESTRO_GESTIÓN.xlsx:RENTABILIDAD_COSTOS"",""source_row"":72,""parent_code"":""0201001"",""component_slot"":""ART2"",""component_code"":""0724001"",""quantity"":""1"",""quantity_status"":""EXACT"",""is_combination_row"":""YES"",""family"":""Combinación TatamisFuton"",""model"":""Algodón"",""finish"":""futón algodón (90X200)"",""measure"":""80x200x5,5"",""composition_label"":""2 Tatamis + FutonAlg"",""product_name"":""Combinación 2 Tatamis (80X200) futón algodón (90X200)"",""status"":""ACTIVO"",""legacy_magento_id"":""0201001"",""legacy_ean"":"""",""combination_sku_exact"":""0201001|0201001|0724001"",""combination_key_status"":""EXACT""}",EXACT_SKU,724001,EXACT,SUPPORTING_SOURCE,3741,3624,0201001|0201001|0724001,"Con 2 tatamis de 80x200 cm, 90x200x14,5 cm",724001,NO,NO,NO,YES,1,COMPOSITION_EXACT_SOURCE,,"Evidence row; correlate by combination_sku, component_sku and quantity.",EXACT_SKU,EXACT,EXACT,COMPOSITION_EXACT_SOURCE,COMPOSITION_EXACT_SOURCE,UNCHANGED_EXACT_EVIDENCE,SUPPORTING,NO,HIGH,Exact 001A.0 evidence retained; no fuzzy identity.,INCLUDED_EXACT,,,,,
MAESTRO,73,3738,,0201001|0201001|0724003,,0201001,2,EXACT,"{""source"":""MAESTRO_GESTIÓN.xlsx:RENTABILIDAD_COSTOS"",""source_row"":73,""parent_code"":""0201001"",""component_slot"":""ART1"",""component_code"":""0201001"",""quantity"":""2"",""quantity_status"":""EXACT"",""is_combination_row"":""YES"",""family"":""Combinación TatamisFuton"",""model"":""Algodón"",""finish"":""futón algodón (140X200)"",""measure"":""80x200x5,5"",""composition_label"":""2 Tatamis + FutonAlg"",""product_name"":""Combinación 2 Tatamis (80X200) futón algodón (140X200)"",""status"":""ACTIVO"",""legacy_magento_id"":""0201001"",""legacy_ean"":"""",""combination_sku_exact"":""0201001|0201001|0724003"",""combination_key_status"":""EXACT""}",EXACT_SKU,201001,EXACT,SUPPORTING_SOURCE,3738,3624,0201001|0201001|0724003,"Con 2 tatamis de 80x200 cm, 140x200x14,5 cm",201001,NO,NO,NO,YES,1,COMPOSITION_EXACT_SOURCE,,"Evidence row; correlate by combination_sku, component_sku and quantity.",EXACT_SKU,EXACT,EXACT,COMPOSITION_EXACT_SOURCE,COMPOSITION_EXACT_SOURCE,UNCHANGED_EXACT_EVIDENCE,SUPPORTING,NO,HIGH,Exact 001A.0 evidence retained; no fuzzy identity.,INCLUDED_EXACT,,,,,
MAESTRO,73,3738,,0201001|0201001|0724003,,0724003,1,EXACT,"{""source"":""MAESTRO_GESTIÓN.xlsx:RENTABILIDAD_COSTOS"",""source_row"":73,""parent_code"":""0201001"",""component_slot"":""ART2"",""component_code"":""0724003"",""quantity"":""1"",""quantity_status"":""EXACT"",""is_combination_row"":""YES"",""family"":""Combinación TatamisFuton"",""model"":""Algodón"",""finish"":""futón algodón (140X200)"",""measure"":""80x200x5,5"",""composition_label"":""2 Tatamis + FutonAlg"",""product_name"":""Combinación 2 Tatamis (80X200) futón algodón (140X200)"",""status"":""ACTIVO"",""legacy_magento_id"":""0201001"",""legacy_ean"":"""",""combination_sku_exact"":""0201001|0201001|0724003"",""combination_key_status"":""EXACT""}",EXACT_SKU,724003,EXACT,SUPPORTING_SOURCE,3738,3624,0201001|0201001|0724003,"Con 2 tatamis de 80x200 cm, 140x200x14,5 cm",724003,NO,NO,NO,YES,1,COMPOSITION_EXACT_SOURCE,,"Evidence row; correlate by combination_sku, component_sku and quantity.",EXACT_SKU,EXACT,EXACT,COMPOSITION_EXACT_SOURCE,COMPOSITION_EXACT_SOURCE,UNCHANGED_EXACT_EVIDENCE,SUPPORTING,NO,HIGH,Exact 001A.0 evidence retained; no fuzzy identity.,INCLUDED_EXACT,,,,,
MAESTRO,74,3739,,0201001|0201001|0724004,,0201001,2,EXACT,"{""source"":""MAESTRO_GESTIÓN.xlsx:RENTABILIDAD_COSTOS"",""source_row"":74,""parent_code"":""0201001"",""component_slot"":""ART1"",""component_code"":""0201001"",""quantity"":""2"",""quantity_status"":""EXACT"",""is_combination_row"":""YES"",""family"":""Combinación TatamisFuton"",""model"":""Algodón"",""finish"":""futón algodón (150X200)"",""measure"":""80x200x5,5"",""composition_label"":""2 Tatamis + FutonAlg"",""product_name"":""Combinación 2 Tatamis (80X200) futón algodón (150X200)"",""status"":""ACTIVO"",""legacy_magento_id"":""0201001"",""legacy_ean"":"""",""combination_sku_exact"":""0201001|0201001|0724004"",""combination_key_status"":""EXACT""}",EXACT_SKU,201001,EXACT,SUPPORTING_SOURCE,3739,3624,0201001|0201001|0724004,"Con 2 tatamis de 80x200 cm, 150x200x14,5 cm",201001,NO,NO,NO,YES,1,COMPOSITION_EXACT_SOURCE,,"Evidence row; correlate by combination_sku, component_sku and quantity.",EXACT_SKU,EXACT,EXACT,COMPOSITION_EXACT_SOURCE,COMPOSITION_EXACT_SOURCE,UNCHANGED_EXACT_EVIDENCE,SUPPORTING,NO,HIGH,Exact 001A.0 evidence retained; no fuzzy identity.,INCLUDED_EXACT,,,,,
MAESTRO,74,3739,,0201001|0201001|0724004,,0724004,1,EXACT,"{""source"":""MAESTRO_GESTIÓN.xlsx:RENTABILIDAD_COSTOS"",""source_row"":74,""parent_code"":""0201001"",""component_slot"":""ART2"",""component_code"":""0724004"",""quantity"":""1"",""quantity_status"":""EXACT"",""is_combination_row"":""YES"",""family"":""Combinación TatamisFuton"",""model"":""Algodón"",""finish"":""futón algodón (150X200)"",""measure"":""80x200x5,5"",""composition_label"":""2 Tatamis + FutonAlg"",""product_name"":""Combinación 2 Tatamis (80X200) futón algodón (150X200)"",""status"":""ACTIVO"",""legacy_magento_id"":""0201001"",""legacy_ean"":"""",""combination_sku_exact"":""0201001|0201001|0724004"",""combination_key_status"":""EXACT""}",EXACT_SKU,724004,EXACT,SUPPORTING_SOURCE,3739,3624,0201001|0201001|0724004,"Con 2 tatamis de 80x200 cm, 150x200x14,5 cm",724004,NO,NO,NO,YES,1,COMPOSITION_EXACT_SOURCE,,"Evidence row; correlate by combination_sku, component_sku and quantity.",EXACT_SKU,EXACT,EXACT,COMPOSITION_EXACT_SOURCE,COMPOSITION_EXACT_SOURCE,UNCHANGED_EXACT_EVIDENCE,SUPPORTING,NO,HIGH,Exact 001A.0 evidence retained; no fuzzy identity.,INCLUDED_EXACT,,,,,
MAESTRO,75,3740,,0201001|0201001|0724005,,0201001,2,EXACT,"{""source"":""MAESTRO_GESTIÓN.xlsx:RENTABILIDAD_COSTOS"",""source_row"":75,""parent_code"":""0201001"",""component_slot"":""ART1"",""component_code"":""0201001"",""quantity"":""2"",""quantity_status"":""EXACT"",""is_combination_row"":""YES"",""family"":""Combinación TatamisFuton"",""model"":""Algodón"",""finish"":""futón algodón (160X200)"",""measure"":""80x200x5,5"",""composition_label"":""2 Tatamis + FutonAlg"",""product_name"":""Combinación 2 Tatamis (80X200) futón algodón (160X200)"",""status"":""ACTIVO"",""legacy_magento_id"":""0201001"",""legacy_ean"":"""",""combination_sku_exact"":""0201001|0201001|0724005"",""combination_key_status"":""EXACT""}",EXACT_SKU,201001,EXACT,SUPPORTING_SOURCE,3740,3624,0201001|0201001|0724005,"Con 2 tatamis de 80x200 cm, 160x200x14,5 cm",201001,NO,NO,NO,YES,1,COMPOSITION_EXACT_SOURCE,,"Evidence row; correlate by combination_sku, component_sku and quantity.",EXACT_SKU,EXACT,EXACT,COMPOSITION_EXACT_SOURCE,COMPOSITION_EXACT_SOURCE,UNCHANGED_EXACT_EVIDENCE,SUPPORTING,NO,HIGH,Exact 001A.0 evidence retained; no fuzzy identity.,INCLUDED_EXACT,,,,,
MAESTRO,75,3740,,0201001|0201001|0724005,,0724005,1,EXACT,"{""source"":""MAESTRO_GESTIÓN.xlsx:RENTABILIDAD_COSTOS"",""source_row"":75,""parent_code"":""0201001"",""component_slot"":""ART2"",""component_code"":""0724005"",""quantity"":""1"",""quantity_status"":""EXACT"",""is_combination_row"":""YES"",""family"":""Combinación TatamisFuton"",""model"":""Algodón"",""finish"":""futón algodón (160X200)"",""measure"":""80x200x5,5"",""composition_label"":""2 Tatamis + FutonAlg"",""product_name"":""Combinación 2 Tatamis (80X200) futón algodón (160X200)"",""status"":""ACTIVO"",""legacy_magento_id"":""0201001"",""legacy_ean"":"""",""combination_sku_exact"":""0201001|0201001|0724005"",""combination_key_status"":""EXACT""}",EXACT_SKU,724005,EXACT,SUPPORTING_SOURCE,3740,3624,0201001|0201001|0724005,"Con 2 tatamis de 80x200 cm, 160x200x14,5 cm",724005,NO,NO,NO,YES,1,COMPOSITION_EXACT_SOURCE,,"Evidence row; correlate by combination_sku, component_sku and quantity.",EXACT_SKU,EXACT,EXACT,COMPOSITION_EXACT_SOURCE,COMPOSITION_EXACT_SOURCE,UNCHANGED_EXACT_EVIDENCE,SUPPORTING,NO,HIGH,Exact 001A.0 evidence retained; no fuzzy identity.,INCLUDED_EXACT,,,,,
MAESTRO,76,3746,,0201002|0201002|0724001,,0201002,2,EXACT,"{""source"":""MAESTRO_GESTIÓN.xlsx:RENTABILIDAD_COSTOS"",""source_row"":76,""parent_code"":""0201002"",""component_slot"":""ART1"",""component_code"":""0201002"",""quantity"":""2"",""quantity_status"":""EXACT"",""is_combination_row"":""YES"",""family"":""Combinación TatamisFuton"",""model"":""Algodón"",""finish"":""futón algodón (90X200)"",""measure"":""90x200x5,5"",""composition_label"":""2 Tatamis + FutonAlg"",""product_name"":""Combinación 2 Tatamis (90X200) futón algodón (90X200)"",""status"":""ACTIVO"",""legacy_magento_id"":""0201002"",""legacy_ean"":"""",""combination_sku_exact"":""0201002|0201002|0724001"",""combination_key_status"":""EXACT""}",EXACT_SKU,201002,EXACT,SUPPORTING_SOURCE,3746,3624,0201002|0201002|0724001,"Con 2 tatamis de 90x200 cm, 90x200x14,5 cm",201002,NO,NO,NO,YES,1,COMPOSITION_EXACT_SOURCE,,"Evidence row; correlate by combination_sku, component_sku and quantity.",EXACT_SKU,EXACT,EXACT,COMPOSITION_EXACT_SOURCE,COMPOSITION_EXACT_SOURCE,UNCHANGED_EXACT_EVIDENCE,SUPPORTING,NO,HIGH,Exact 001A.0 evidence retained; no fuzzy identity.,INCLUDED_EXACT,,,,,
MAESTRO,76,3746,,0201002|0201002|0724001,,0724001,1,EXACT,"{""source"":""MAESTRO_GESTIÓN.xlsx:RENTABILIDAD_COSTOS"",""source_row"":76,""parent_code"":""0201002"",""component_slot"":""ART2"",""component_code"":""0724001"",""quantity"":""1"",""quantity_status"":""EXACT"",""is_combination_row"":""YES"",""family"":""Combinación TatamisFuton"",""model"":""Algodón"",""finish"":""futón algodón (90X200)"",""measure"":""90x200x5,5"",""composition_label"":""2 Tatamis + FutonAlg"",""product_name"":""Combinación 2 Tatamis (90X200) futón algodón (90X200)"",""status"":""ACTIVO"",""legacy_magento_id"":""0201002"",""legacy_ean"":"""",""combination_sku_exact"":""0201002|0201002|0724001"",""combination_key_status"":""EXACT""}",EXACT_SKU,724001,EXACT,SUPPORTING_SOURCE,3746,3624,0201002|0201002|0724001,"Con 2 tatamis de 90x200 cm, 90x200x14,5 cm",724001,NO,NO,NO,YES,1,COMPOSITION_EXACT_SOURCE,,"Evidence row; correlate by combination_sku, component_sku and quantity.",EXACT_SKU,EXACT,EXACT,COMPOSITION_EXACT_SOURCE,COMPOSITION_EXACT_SOURCE,UNCHANGED_EXACT_EVIDENCE,SUPPORTING,NO,HIGH,Exact 001A.0 evidence retained; no fuzzy identity.,INCLUDED_EXACT,,,,,
MAESTRO,77,3742,,0201002|0201002|0724003,,0201002,2,EXACT,"{""source"":""MAESTRO_GESTIÓN.xlsx:RENTABILIDAD_COSTOS"",""source_row"":77,""parent_code"":""0201002"",""component_slot"":""ART1"",""component_code"":""0201002"",""quantity"":""2"",""quantity_status"":""EXACT"",""is_combination_row"":""YES"",""family"":""Combinación TatamisFuton"",""model"":""Algodón"",""finish"":""futón algodón (140X200)"",""measure"":""90x200x5,5"",""composition_label"":""2 Tatamis + FutonAlg"",""product_name"":""Combinación 2 Tatamis (90X200) futón algodón (140X200)"",""status"":""ACTIVO"",""legacy_magento_id"":""0201002"",""legacy_ean"":"""",""combination_sku_exact"":""0201002|0201002|0724003"",""combination_key_status"":""EXACT""}",EXACT_SKU,201002,EXACT,SUPPORTING_SOURCE,3742,3624,0201002|0201002|0724003,"Con 2 tatamis de 90x200 cm, 140x200x14,5 cm",201002,NO,NO,NO,YES,1,COMPOSITION_EXACT_SOURCE,,"Evidence row; correlate by combination_sku, component_sku and quantity.",EXACT_SKU,EXACT,EXACT,COMPOSITION_EXACT_SOURCE,COMPOSITION_EXACT_SOURCE,UNCHANGED_EXACT_EVIDENCE,SUPPORTING,NO,HIGH,Exact 001A.0 evidence retained; no fuzzy identity.,INCLUDED_EXACT,,,,,
MAESTRO,77,3742,,0201002|0201002|0724003,,0724003,1,EXACT,"{""source"":""MAESTRO_GESTIÓN.xlsx:RENTABILIDAD_COSTOS"",""source_row"":77,""parent_code"":""0201002"",""component_slot"":""ART2"",""component_code"":""0724003"",""quantity"":""1"",""quantity_status"":""EXACT"",""is_combination_row"":""YES"",""family"":""Combinación TatamisFuton"",""model"":""Algodón"",""finish"":""futón algodón (140X200)"",""measure"":""90x200x5,5"",""composition_label"":""2 Tatamis + FutonAlg"",""product_name"":""Combinación 2 Tatamis (90X200) futón algodón (140X200)"",""status"":""ACTIVO"",""legacy_magento_id"":""0201002"",""legacy_ean"":"""",""combination_sku_exact"":""0201002|0201002|0724003"",""combination_key_status"":""EXACT""}",EXACT_SKU,724003,EXACT,SUPPORTING_SOURCE,3742,3624,0201002|0201002|0724003,"Con 2 tatamis de 90x200 cm, 140x200x14,5 cm",724003,NO,NO,NO,YES,1,COMPOSITION_EXACT_SOURCE,,"Evidence row; correlate by combination_sku, component_sku and quantity.",EXACT_SKU,EXACT,EXACT,COMPOSITION_EXACT_SOURCE,COMPOSITION_EXACT_SOURCE,UNCHANGED_EXACT_EVIDENCE,SUPPORTING,NO,HIGH,Exact 001A.0 evidence retained; no fuzzy identity.,INCLUDED_EXACT,,,,,
MAESTRO,78,3743,,0201002|0201002|0724004,,0201002,2,EXACT,"{""source"":""MAESTRO_GESTIÓN.xlsx:RENTABILIDAD_COSTOS"",""source_row"":78,""parent_code"":""0201002"",""component_slot"":""ART1"",""component_code"":""0201002"",""quantity"":""2"",""quantity_status"":""EXACT"",""is_combination_row"":""YES"",""family"":""Combinación TatamisFuton"",""model"":""Algodón"",""finish"":""futón algodón (150X200)"",""measure"":""90x200x5,5"",""composition_label"":""2 Tatamis + FutonAlg"",""product_name"":""Combinación 2 Tatamis (90X200) futón algodón (150X200)"",""status"":""ACTIVO"",""legacy_magento_id"":""0201002"",""legacy_ean"":"""",""combination_sku_exact"":""0201002|0201002|0724004"",""combination_key_status"":""EXACT""}",EXACT_SKU,201002,EXACT,SUPPORTING_SOURCE,3743,3624,0201002|0201002|0724004,"Con 2 tatamis de 90x200 cm, 150x200x14,5 cm",201002,NO,NO,NO,YES,1,COMPOSITION_EXACT_SOURCE,,"Evidence row; correlate by combination_sku, component_sku and quantity.",EXACT_SKU,EXACT,EXACT,COMPOSITION_EXACT_SOURCE,COMPOSITION_EXACT_SOURCE,UNCHANGED_EXACT_EVIDENCE,SUPPORTING,NO,HIGH,Exact 001A.0 evidence retained; no fuzzy identity.,INCLUDED_EXACT,,,,,
MAESTRO,78,3743,,0201002|0201002|0724004,,0724004,1,EXACT,"{""source"":""MAESTRO_GESTIÓN.xlsx:RENTABILIDAD_COSTOS"",""source_row"":78,""parent_code"":""0201002"",""component_slot"":""ART2"",""component_code"":""0724004"",""quantity"":""1"",""quantity_status"":""EXACT"",""is_combination_row"":""YES"",""family"":""Combinación TatamisFuton"",""model"":""Algodón"",""finish"":""futón algodón (150X200)"",""measure"":""90x200x5,5"",""composition_label"":""2 Tatamis + FutonAlg"",""product_name"":""Combinación 2 Tatamis (90X200) futón algodón (150X200)"",""status"":""ACTIVO"",""legacy_magento_id"":""0201002"",""legacy_ean"":"""",""combination_sku_exact"":""0201002|0201002|0724004"",""combination_key_status"":""EXACT""}",EXACT_SKU,724004,EXACT,SUPPORTING_SOURCE,3743,3624,0201002|0201002|0724004,"Con 2 tatamis de 90x200 cm, 150x200x14,5 cm",724004,NO,NO,NO,YES,1,COMPOSITION_EXACT_SOURCE,,"Evidence row; correlate by combination_sku, component_sku and quantity.",EXACT_SKU,EXACT,EXACT,COMPOSITION_EXACT_SOURCE,COMPOSITION_EXACT_SOURCE,UNCHANGED_EXACT_EVIDENCE,SUPPORTING,NO,HIGH,Exact 001A.0 evidence retained; no fuzzy identity.,INCLUDED_EXACT,,,,,
MAESTRO,79,3744,,0201002|0201002|0724005,,0201002,2,EXACT,"{""source"":""MAESTRO_GESTIÓN.xlsx:RENTABILIDAD_COSTOS"",""source_row"":79,""parent_code"":""0201002"",""component_slot"":""ART1"",""component_code"":""0201002"",""quantity"":""2"",""quantity_status"":""EXACT"",""is_combination_row"":""YES"",""family"":""Combinación TatamisFuton"",""model"":""Algodón"",""finish"":""futón algodón (160X200)"",""measure"":""90x200x5,5"",""composition_label"":""2 Tatamis + FutonAlg"",""product_name"":""Combinación 2 Tatamis (90X200) futón algodón (160X200)"",""status"":""ACTIVO"",""legacy_magento_id"":""0201002"",""legacy_ean"":"""",""combination_sku_exact"":""0201002|0201002|0724005"",""combination_key_status"":""EXACT""}",EXACT_SKU,201002,EXACT,SUPPORTING_SOURCE,3744,3624,0201002|0201002|0724005,"Con 2 tatamis de 90x200 cm, 160x200x14,5 cm",201002,NO,NO,NO,YES,1,COMPOSITION_EXACT_SOURCE,,"Evidence row; correlate by combination_sku, component_sku and quantity.",EXACT_SKU,EXACT,EXACT,COMPOSITION_EXACT_SOURCE,COMPOSITION_EXACT_SOURCE,UNCHANGED_EXACT_EVIDENCE,SUPPORTING,NO,HIGH,Exact 001A.0 evidence retained; no fuzzy identity.,INCLUDED_EXACT,,,,,
MAESTRO,79,3744,,0201002|0201002|0724005,,0724005,1,EXACT,"{""source"":""MAESTRO_GESTIÓN.xlsx:RENTABILIDAD_COSTOS"",""source_row"":79,""parent_code"":""0201002"",""component_slot"":""ART2"",""component_code"":""0724005"",""quantity"":""1"",""quantity_status"":""EXACT"",""is_combination_row"":""YES"",""family"":""Combinación TatamisFuton"",""model"":""Algodón"",""finish"":""futón algodón (160X200)"",""measure"":""90x200x5,5"",""composition_label"":""2 Tatamis + FutonAlg"",""product_name"":""Combinación 2 Tatamis (90X200) futón algodón (160X200)"",""status"":""ACTIVO"",""legacy_magento_id"":""0201002"",""legacy_ean"":"""",""combination_sku_exact"":""0201002|0201002|0724005"",""combination_key_status"":""EXACT""}",EXACT_SKU,724005,EXACT,SUPPORTING_SOURCE,3744,3624,0201002|0201002|0724005,"Con 2 tatamis de 90x200 cm, 160x200x14,5 cm",724005,NO,NO,NO,YES,1,COMPOSITION_EXACT_SOURCE,,"Evidence row; correlate by combination_sku, component_sku and quantity.",EXACT_SKU,EXACT,EXACT,COMPOSITION_EXACT_SOURCE,COMPOSITION_EXACT_SOURCE,UNCHANGED_EXACT_EVIDENCE,SUPPORTING,NO,HIGH,Exact 001A.0 evidence retained; no fuzzy identity.,INCLUDED_EXACT,,,,,
MAESTRO,8,3667,,0302018|0201001|0201001,,0201001,2,EXACT,"{""source"":""MAESTRO_GESTIÓN.xlsx:RENTABILIDAD_COSTOS"",""source_row"":8,""parent_code"":""0302018"",""component_slot"":""ART2"",""component_code"":""0201001"",""quantity"":""2"",""quantity_status"":""EXACT"",""is_combination_row"":""YES"",""family"":""Bases Tatami"",""model"":""tokio"",""finish"":""Natural"",""measure"":""160x200"",""composition_label"":""Estructura + 2 tatamis"",""product_name"":""Cama Tokio, Natural, 160x200x20 cm"",""status"":""ACTIVO"",""legacy_magento_id"":""0302018"",""legacy_ean"":""8436552584903"",""combination_sku_exact"":""0302018|0201001|0201001"",""combination_key_status"":""EXACT""}",EXACT_SKU,201001,EXACT,SUPPORTING_SOURCE,3667,3612,0302018|0201001|0201001,"174x214x20 cm, 160x200 cm, Crudo, sin barniz, Con 2 tatamis de 80x200 cm",201001,NO,NO,NO,YES,1,COMPOSITION_EXACT_SOURCE,,"Evidence row; correlate by combination_sku, component_sku and quantity.",EXACT_SKU,EXACT,EXACT,COMPOSITION_EXACT_SOURCE,COMPOSITION_EXACT_SOURCE,UNCHANGED_EXACT_EVIDENCE,SUPPORTING,NO,HIGH,Exact 001A.0 evidence retained; no fuzzy identity.,INCLUDED_EXACT,,,,,
MAESTRO,8,3667,,0302018|0201001|0201001,,0302018,1,EXACT,"{""source"":""MAESTRO_GESTIÓN.xlsx:RENTABILIDAD_COSTOS"",""source_row"":8,""parent_code"":""0302018"",""component_slot"":""ART1"",""component_code"":""0302018"",""quantity"":""1"",""quantity_status"":""EXACT"",""is_combination_row"":""YES"",""family"":""Bases Tatami"",""model"":""tokio"",""finish"":""Natural"",""measure"":""160x200"",""composition_label"":""Estructura + 2 tatamis"",""product_name"":""Cama Tokio, Natural, 160x200x20 cm"",""status"":""ACTIVO"",""legacy_magento_id"":""0302018"",""legacy_ean"":""8436552584903"",""combination_sku_exact"":""0302018|0201001|0201001"",""combination_key_status"":""EXACT""}",EXACT_SKU,302018,EXACT,SUPPORTING_SOURCE,3667,3612,0302018|0201001|0201001,"174x214x20 cm, 160x200 cm, Crudo, sin barniz, Con 2 tatamis de 80x200 cm",302018,NO,NO,NO,YES,1,COMPOSITION_EXACT_SOURCE,,"Evidence row; correlate by combination_sku, component_sku and quantity.",EXACT_SKU,EXACT,EXACT,COMPOSITION_EXACT_SOURCE,COMPOSITION_EXACT_SOURCE,UNCHANGED_EXACT_EVIDENCE,SUPPORTING,NO,HIGH,Exact 001A.0 evidence retained; no fuzzy identity.,INCLUDED_EXACT,,,,,
MAESTRO,80,3745,,0201002|0201002|0724006,,0201002,2,EXACT,"{""source"":""MAESTRO_GESTIÓN.xlsx:RENTABILIDAD_COSTOS"",""source_row"":80,""parent_code"":""0201002"",""component_slot"":""ART1"",""component_code"":""0201002"",""quantity"":""2"",""quantity_status"":""EXACT"",""is_combination_row"":""YES"",""family"":""Combinación TatamisFuton"",""model"":""Algodón"",""finish"":""futón algodón (180X200)"",""measure"":""90x200x5,5"",""composition_label"":""2 Tatamis + FutonAlg"",""product_name"":""Combinación 2 Tatamis (90X200) futón algodón (180X200)"",""status"":""ACTIVO"",""legacy_magento_id"":""0201002"",""legacy_ean"":"""",""combination_sku_exact"":""0201002|0201002|0724006"",""combination_key_status"":""EXACT""}",EXACT_SKU,201002,EXACT,SUPPORTING_SOURCE,3745,3624,0201002|0201002|0724006,"Con 2 tatamis de 90x200 cm, 180x200x14,5 cm",201002,NO,NO,NO,YES,1,COMPOSITION_EXACT_SOURCE,,"Evidence row; correlate by combination_sku, component_sku and quantity.",EXACT_SKU,EXACT,EXACT,COMPOSITION_EXACT_SOURCE,COMPOSITION_EXACT_SOURCE,UNCHANGED_EXACT_EVIDENCE,SUPPORTING,NO,HIGH,Exact 001A.0 evidence retained; no fuzzy identity.,INCLUDED_EXACT,,,,,
MAESTRO,80,3745,,0201002|0201002|0724006,,0724006,1,EXACT,"{""source"":""MAESTRO_GESTIÓN.xlsx:RENTABILIDAD_COSTOS"",""source_row"":80,""parent_code"":""0201002"",""component_slot"":""ART2"",""component_code"":""0724006"",""quantity"":""1"",""quantity_status"":""EXACT"",""is_combination_row"":""YES"",""family"":""Combinación TatamisFuton"",""model"":""Algodón"",""finish"":""futón algodón (180X200)"",""measure"":""90x200x5,5"",""composition_label"":""2 Tatamis + FutonAlg"",""product_name"":""Combinación 2 Tatamis (90X200) futón algodón (180X200)"",""status"":""ACTIVO"",""legacy_magento_id"":""0201002"",""legacy_ean"":"""",""combination_sku_exact"":""0201002|0201002|0724006"",""combination_key_status"":""EXACT""}",EXACT_SKU,724006,EXACT,SUPPORTING_SOURCE,3745,3624,0201002|0201002|0724006,"Con 2 tatamis de 90x200 cm, 180x200x14,5 cm",724006,NO,NO,NO,YES,1,COMPOSITION_EXACT_SOURCE,,"Evidence row; correlate by combination_sku, component_sku and quantity.",EXACT_SKU,EXACT,EXACT,COMPOSITION_EXACT_SOURCE,COMPOSITION_EXACT_SOURCE,UNCHANGED_EXACT_EVIDENCE,SUPPORTING,NO,HIGH,Exact 001A.0 evidence retained; no fuzzy identity.,INCLUDED_EXACT,,,,,
MAESTRO,81,3734,,0201003|0201003|0724001,,0201003,2,EXACT,"{""source"":""MAESTRO_GESTIÓN.xlsx:RENTABILIDAD_COSTOS"",""source_row"":81,""parent_code"":""0201003"",""component_slot"":""ART1"",""component_code"":""0201003"",""quantity"":""2"",""quantity_status"":""EXACT"",""is_combination_row"":""YES"",""family"":""Combinación TatamisFuton"",""model"":""Algodón"",""finish"":""futón algodón (90X200)"",""measure"":""70x200x5,5"",""composition_label"":""2 Tatamis + FutonAlg"",""product_name"":""Combinación 2 Tatamis (70X200) futón algodón (90X200)"",""status"":""ACTIVO"",""legacy_magento_id"":""0201003"",""legacy_ean"":"""",""combination_sku_exact"":""0201003|0201003|0724001"",""combination_key_status"":""EXACT""}",EXACT_SKU,201003,EXACT,SUPPORTING_SOURCE,3734,3624,0201003|0201003|0724001,"Con 2 tatamis de 70x200 cm, 90x200x14,5 cm",201003,NO,NO,NO,YES,1,COMPOSITION_EXACT_SOURCE,,"Evidence row; correlate by combination_sku, component_sku and quantity.",EXACT_SKU,EXACT,EXACT,COMPOSITION_EXACT_SOURCE,COMPOSITION_EXACT_SOURCE,UNCHANGED_EXACT_EVIDENCE,SUPPORTING,NO,HIGH,Exact 001A.0 evidence retained; no fuzzy identity.,INCLUDED_EXACT,,,,,
MAESTRO,81,3734,,0201003|0201003|0724001,,0724001,1,EXACT,"{""source"":""MAESTRO_GESTIÓN.xlsx:RENTABILIDAD_COSTOS"",""source_row"":81,""parent_code"":""0201003"",""component_slot"":""ART2"",""component_code"":""0724001"",""quantity"":""1"",""quantity_status"":""EXACT"",""is_combination_row"":""YES"",""family"":""Combinación TatamisFuton"",""model"":""Algodón"",""finish"":""futón algodón (90X200)"",""measure"":""70x200x5,5"",""composition_label"":""2 Tatamis + FutonAlg"",""product_name"":""Combinación 2 Tatamis (70X200) futón algodón (90X200)"",""status"":""ACTIVO"",""legacy_magento_id"":""0201003"",""legacy_ean"":"""",""combination_sku_exact"":""0201003|0201003|0724001"",""combination_key_status"":""EXACT""}",EXACT_SKU,724001,EXACT,SUPPORTING_SOURCE,3734,3624,0201003|0201003|0724001,"Con 2 tatamis de 70x200 cm, 90x200x14,5 cm",724001,NO,NO,NO,YES,1,COMPOSITION_EXACT_SOURCE,,"Evidence row; correlate by combination_sku, component_sku and quantity.",EXACT_SKU,EXACT,EXACT,COMPOSITION_EXACT_SOURCE,COMPOSITION_EXACT_SOURCE,UNCHANGED_EXACT_EVIDENCE,SUPPORTING,NO,HIGH,Exact 001A.0 evidence retained; no fuzzy identity.,INCLUDED_EXACT,,,,,
MAESTRO,82,3733,,0201003|0201003|0724003,,0201003,2,EXACT,"{""source"":""MAESTRO_GESTIÓN.xlsx:RENTABILIDAD_COSTOS"",""source_row"":82,""parent_code"":""0201003"",""component_slot"":""ART1"",""component_code"":""0201003"",""quantity"":""2"",""quantity_status"":""EXACT"",""is_combination_row"":""YES"",""family"":""Combinación TatamisFuton"",""model"":""Algodón"",""finish"":""futón algodón (140X200)"",""measure"":""70x200x5,5"",""composition_label"":""2 Tatamis + FutonAlg"",""product_name"":""Combinación 2 Tatamis (70X200) futón algodón (140X200)"",""status"":""ACTIVO"",""legacy_magento_id"":""0201003"",""legacy_ean"":"""",""combination_sku_exact"":""0201003|0201003|0724003"",""combination_key_status"":""EXACT""}",EXACT_SKU,201003,EXACT,SUPPORTING_SOURCE,3733,3624,0201003|0201003|0724003,"Con 2 tatamis de 70x200 cm, 140x200x14,5 cm",201003,NO,NO,NO,YES,1,COMPOSITION_EXACT_SOURCE,,"Evidence row; correlate by combination_sku, component_sku and quantity.",EXACT_SKU,EXACT,EXACT,COMPOSITION_EXACT_SOURCE,COMPOSITION_EXACT_SOURCE,UNCHANGED_EXACT_EVIDENCE,SUPPORTING,NO,HIGH,Exact 001A.0 evidence retained; no fuzzy identity.,INCLUDED_EXACT,,,,,
MAESTRO,82,3733,,0201003|0201003|0724003,,0724003,1,EXACT,"{""source"":""MAESTRO_GESTIÓN.xlsx:RENTABILIDAD_COSTOS"",""source_row"":82,""parent_code"":""0201003"",""component_slot"":""ART2"",""component_code"":""0724003"",""quantity"":""1"",""quantity_status"":""EXACT"",""is_combination_row"":""YES"",""family"":""Combinación TatamisFuton"",""model"":""Algodón"",""finish"":""futón algodón (140X200)"",""measure"":""70x200x5,5"",""composition_label"":""2 Tatamis + FutonAlg"",""product_name"":""Combinación 2 Tatamis (70X200) futón algodón (140X200)"",""status"":""ACTIVO"",""legacy_magento_id"":""0201003"",""legacy_ean"":"""",""combination_sku_exact"":""0201003|0201003|0724003"",""combination_key_status"":""EXACT""}",EXACT_SKU,724003,EXACT,SUPPORTING_SOURCE,3733,3624,0201003|0201003|0724003,"Con 2 tatamis de 70x200 cm, 140x200x14,5 cm",724003,NO,NO,NO,YES,1,COMPOSITION_EXACT_SOURCE,,"Evidence row; correlate by combination_sku, component_sku and quantity.",EXACT_SKU,EXACT,EXACT,COMPOSITION_EXACT_SOURCE,COMPOSITION_EXACT_SOURCE,UNCHANGED_EXACT_EVIDENCE,SUPPORTING,NO,HIGH,Exact 001A.0 evidence retained; no fuzzy identity.,INCLUDED_EXACT,,,,,
MAESTRO,83,3737,,0201004|0201004|0724001,,0201004,2,EXACT,"{""source"":""MAESTRO_GESTIÓN.xlsx:RENTABILIDAD_COSTOS"",""source_row"":83,""parent_code"":""0201004"",""component_slot"":""ART1"",""component_code"":""0201004"",""quantity"":""2"",""quantity_status"":""EXACT"",""is_combination_row"":""YES"",""family"":""Combinación TatamisFuton"",""model"":""Algodón"",""finish"":""futón algodón (90X200)"",""measure"":""76x200x5,5"",""composition_label"":""2 Tatamis + FutonAlg"",""product_name"":""Combinación 2 Tatamis (76X200) futón algodón (90X200)"",""status"":""ACTIVO"",""legacy_magento_id"":""0201004"",""legacy_ean"":"""",""combination_sku_exact"":""0201004|0201004|0724001"",""combination_key_status"":""EXACT""}",EXACT_SKU,201004,EXACT,SUPPORTING_SOURCE,3737,3624,0201004|0201004|0724001,"Con 2 tatamis de 76x200 cm, 90x200x14,5 cm",201004,NO,NO,NO,YES,1,COMPOSITION_EXACT_SOURCE,,"Evidence row; correlate by combination_sku, component_sku and quantity.",EXACT_SKU,EXACT,EXACT,COMPOSITION_EXACT_SOURCE,COMPOSITION_EXACT_SOURCE,UNCHANGED_EXACT_EVIDENCE,SUPPORTING,NO,HIGH,Exact 001A.0 evidence retained; no fuzzy identity.,INCLUDED_EXACT,,,,,
MAESTRO,83,3737,,0201004|0201004|0724001,,0724001,1,EXACT,"{""source"":""MAESTRO_GESTIÓN.xlsx:RENTABILIDAD_COSTOS"",""source_row"":83,""parent_code"":""0201004"",""component_slot"":""ART2"",""component_code"":""0724001"",""quantity"":""1"",""quantity_status"":""EXACT"",""is_combination_row"":""YES"",""family"":""Combinación TatamisFuton"",""model"":""Algodón"",""finish"":""futón algodón (90X200)"",""measure"":""76x200x5,5"",""composition_label"":""2 Tatamis + FutonAlg"",""product_name"":""Combinación 2 Tatamis (76X200) futón algodón (90X200)"",""status"":""ACTIVO"",""legacy_magento_id"":""0201004"",""legacy_ean"":"""",""combination_sku_exact"":""0201004|0201004|0724001"",""combination_key_status"":""EXACT""}",EXACT_SKU,724001,EXACT,SUPPORTING_SOURCE,3737,3624,0201004|0201004|0724001,"Con 2 tatamis de 76x200 cm, 90x200x14,5 cm",724001,NO,NO,NO,YES,1,COMPOSITION_EXACT_SOURCE,,"Evidence row; correlate by combination_sku, component_sku and quantity.",EXACT_SKU,EXACT,EXACT,COMPOSITION_EXACT_SOURCE,COMPOSITION_EXACT_SOURCE,UNCHANGED_EXACT_EVIDENCE,SUPPORTING,NO,HIGH,Exact 001A.0 evidence retained; no fuzzy identity.,INCLUDED_EXACT,,,,,
MAESTRO,84,3735,,0201004|0201004|0724003,,0201004,2,EXACT,"{""source"":""MAESTRO_GESTIÓN.xlsx:RENTABILIDAD_COSTOS"",""source_row"":84,""parent_code"":""0201004"",""component_slot"":""ART1"",""component_code"":""0201004"",""quantity"":""2"",""quantity_status"":""EXACT"",""is_combination_row"":""YES"",""family"":""Combinación TatamisFuton"",""model"":""Algodón"",""finish"":""futón algodón (140X200)"",""measure"":""76x200x5,5"",""composition_label"":""2 Tatamis + FutonAlg"",""product_name"":""Combinación 2 Tatamis (76X200) futón algodón (140X200)"",""status"":""ACTIVO"",""legacy_magento_id"":""0201004"",""legacy_ean"":"""",""combination_sku_exact"":""0201004|0201004|0724003"",""combination_key_status"":""EXACT""}",EXACT_SKU,201004,EXACT,SUPPORTING_SOURCE,3735,3624,0201004|0201004|0724003,"Con 2 tatamis de 76x200 cm, 140x200x14,5 cm",201004,NO,NO,NO,YES,1,COMPOSITION_EXACT_SOURCE,,"Evidence row; correlate by combination_sku, component_sku and quantity.",EXACT_SKU,EXACT,EXACT,COMPOSITION_EXACT_SOURCE,COMPOSITION_EXACT_SOURCE,UNCHANGED_EXACT_EVIDENCE,SUPPORTING,NO,HIGH,Exact 001A.0 evidence retained; no fuzzy identity.,INCLUDED_EXACT,,,,,
MAESTRO,84,3735,,0201004|0201004|0724003,,0724003,1,EXACT,"{""source"":""MAESTRO_GESTIÓN.xlsx:RENTABILIDAD_COSTOS"",""source_row"":84,""parent_code"":""0201004"",""component_slot"":""ART2"",""component_code"":""0724003"",""quantity"":""1"",""quantity_status"":""EXACT"",""is_combination_row"":""YES"",""family"":""Combinación TatamisFuton"",""model"":""Algodón"",""finish"":""futón algodón (140X200)"",""measure"":""76x200x5,5"",""composition_label"":""2 Tatamis + FutonAlg"",""product_name"":""Combinación 2 Tatamis (76X200) futón algodón (140X200)"",""status"":""ACTIVO"",""legacy_magento_id"":""0201004"",""legacy_ean"":"""",""combination_sku_exact"":""0201004|0201004|0724003"",""combination_key_status"":""EXACT""}",EXACT_SKU,724003,EXACT,SUPPORTING_SOURCE,3735,3624,0201004|0201004|0724003,"Con 2 tatamis de 76x200 cm, 140x200x14,5 cm",724003,NO,NO,NO,YES,1,COMPOSITION_EXACT_SOURCE,,"Evidence row; correlate by combination_sku, component_sku and quantity.",EXACT_SKU,EXACT,EXACT,COMPOSITION_EXACT_SOURCE,COMPOSITION_EXACT_SOURCE,UNCHANGED_EXACT_EVIDENCE,SUPPORTING,NO,HIGH,Exact 001A.0 evidence retained; no fuzzy identity.,INCLUDED_EXACT,,,,,
MAESTRO,85,3736,,0201004|0201004|0724004,,0201004,2,EXACT,"{""source"":""MAESTRO_GESTIÓN.xlsx:RENTABILIDAD_COSTOS"",""source_row"":85,""parent_code"":""0201004"",""component_slot"":""ART1"",""component_code"":""0201004"",""quantity"":""2"",""quantity_status"":""EXACT"",""is_combination_row"":""YES"",""family"":""Combinación TatamisFuton"",""model"":""Algodón"",""finish"":""futón algodón (150X200)"",""measure"":""76x200x5,5"",""composition_label"":""2 Tatamis + FutonAlg"",""product_name"":""Combinación 2 Tatamis (76X200) futón algodón (150X200)"",""status"":""ACTIVO"",""legacy_magento_id"":""0201004"",""legacy_ean"":"""",""combination_sku_exact"":""0201004|0201004|0724004"",""combination_key_status"":""EXACT""}",EXACT_SKU,201004,EXACT,SUPPORTING_SOURCE,3736,3624,0201004|0201004|0724004,"Con 2 tatamis de 76x200 cm, 150x200x14,5 cm",201004,NO,NO,NO,YES,1,COMPOSITION_EXACT_SOURCE,,"Evidence row; correlate by combination_sku, component_sku and quantity.",EXACT_SKU,EXACT,EXACT,COMPOSITION_EXACT_SOURCE,COMPOSITION_EXACT_SOURCE,UNCHANGED_EXACT_EVIDENCE,SUPPORTING,NO,HIGH,Exact 001A.0 evidence retained; no fuzzy identity.,INCLUDED_EXACT,,,,,
MAESTRO,85,3736,,0201004|0201004|0724004,,0724004,1,EXACT,"{""source"":""MAESTRO_GESTIÓN.xlsx:RENTABILIDAD_COSTOS"",""source_row"":85,""parent_code"":""0201004"",""component_slot"":""ART2"",""component_code"":""0724004"",""quantity"":""1"",""quantity_status"":""EXACT"",""is_combination_row"":""YES"",""family"":""Combinación TatamisFuton"",""model"":""Algodón"",""finish"":""futón algodón (150X200)"",""measure"":""76x200x5,5"",""composition_label"":""2 Tatamis + FutonAlg"",""product_name"":""Combinación 2 Tatamis (76X200) futón algodón (150X200)"",""status"":""ACTIVO"",""legacy_magento_id"":""0201004"",""legacy_ean"":"""",""combination_sku_exact"":""0201004|0201004|0724004"",""combination_key_status"":""EXACT""}",EXACT_SKU,724004,EXACT,SUPPORTING_SOURCE,3736,3624,0201004|0201004|0724004,"Con 2 tatamis de 76x200 cm, 150x200x14,5 cm",724004,NO,NO,NO,YES,1,COMPOSITION_EXACT_SOURCE,,"Evidence row; correlate by combination_sku, component_sku and quantity.",EXACT_SKU,EXACT,EXACT,COMPOSITION_EXACT_SOURCE,COMPOSITION_EXACT_SOURCE,UNCHANGED_EXACT_EVIDENCE,SUPPORTING,NO,HIGH,Exact 001A.0 evidence retained; no fuzzy identity.,INCLUDED_EXACT,,,,,
MAESTRO,86,3732,,0201010|0201010|0724001,,0201010,2,EXACT,"{""source"":""MAESTRO_GESTIÓN.xlsx:RENTABILIDAD_COSTOS"",""source_row"":86,""parent_code"":""0201010"",""component_slot"":""ART1"",""component_code"":""0201010"",""quantity"":""2"",""quantity_status"":""EXACT"",""is_combination_row"":""YES"",""family"":""Combinación TatamisFuton"",""model"":""Algodón"",""finish"":""futón algodón (90X200)"",""measure"":""100x200x5,5"",""composition_label"":""2 Tatamis + FutonAlg"",""product_name"":""Combinación 2 Tatamis (100X200) futón algodón (90X200)"",""status"":""ACTIVO"",""legacy_magento_id"":""0201010"",""legacy_ean"":"""",""combination_sku_exact"":""0201010|0201010|0724001"",""combination_key_status"":""EXACT""}",EXACT_SKU,201010,EXACT,SUPPORTING_SOURCE,3732,3624,0201010|0201010|0724001,"Con 2 tatamis de 100x200 cm, 90x200x14,5 cm",201010,NO,NO,NO,YES,1,COMPOSITION_EXACT_SOURCE,,"Evidence row; correlate by combination_sku, component_sku and quantity.",EXACT_SKU,EXACT,EXACT,COMPOSITION_EXACT_SOURCE,COMPOSITION_EXACT_SOURCE,UNCHANGED_EXACT_EVIDENCE,SUPPORTING,NO,HIGH,Exact 001A.0 evidence retained; no fuzzy identity.,INCLUDED_EXACT,,,,,
MAESTRO,86,3732,,0201010|0201010|0724001,,0724001,1,EXACT,"{""source"":""MAESTRO_GESTIÓN.xlsx:RENTABILIDAD_COSTOS"",""source_row"":86,""parent_code"":""0201010"",""component_slot"":""ART2"",""component_code"":""0724001"",""quantity"":""1"",""quantity_status"":""EXACT"",""is_combination_row"":""YES"",""family"":""Combinación TatamisFuton"",""model"":""Algodón"",""finish"":""futón algodón (90X200)"",""measure"":""100x200x5,5"",""composition_label"":""2 Tatamis + FutonAlg"",""product_name"":""Combinación 2 Tatamis (100X200) futón algodón (90X200)"",""status"":""ACTIVO"",""legacy_magento_id"":""0201010"",""legacy_ean"":"""",""combination_sku_exact"":""0201010|0201010|0724001"",""combination_key_status"":""EXACT""}",EXACT_SKU,724001,EXACT,SUPPORTING_SOURCE,3732,3624,0201010|0201010|0724001,"Con 2 tatamis de 100x200 cm, 90x200x14,5 cm",724001,NO,NO,NO,YES,1,COMPOSITION_EXACT_SOURCE,,"Evidence row; correlate by combination_sku, component_sku and quantity.",EXACT_SKU,EXACT,EXACT,COMPOSITION_EXACT_SOURCE,COMPOSITION_EXACT_SOURCE,UNCHANGED_EXACT_EVIDENCE,SUPPORTING,NO,HIGH,Exact 001A.0 evidence retained; no fuzzy identity.,INCLUDED_EXACT,,,,,
MAESTRO,87,3727,,0201010|0201010|0724003,,0201010,2,EXACT,"{""source"":""MAESTRO_GESTIÓN.xlsx:RENTABILIDAD_COSTOS"",""source_row"":87,""parent_code"":""0201010"",""component_slot"":""ART1"",""component_code"":""0201010"",""quantity"":""2"",""quantity_status"":""EXACT"",""is_combination_row"":""YES"",""family"":""Combinación TatamisFuton"",""model"":""Algodón"",""finish"":""futón algodón (140X200)"",""measure"":""100x200x5,5"",""composition_label"":""2 Tatamis + FutonAlg"",""product_name"":""Combinación 2 Tatamis (100X200) futón algodón (140X200)"",""status"":""ACTIVO"",""legacy_magento_id"":""0201010"",""legacy_ean"":"""",""combination_sku_exact"":""0201010|0201010|0724003"",""combination_key_status"":""EXACT""}",EXACT_SKU,201010,EXACT,SUPPORTING_SOURCE,3727,3624,0201010|0201010|0724003,"Con 2 tatamis de 100x200 cm, 140x200x14,5 cm",201010,NO,NO,NO,YES,1,COMPOSITION_EXACT_SOURCE,,"Evidence row; correlate by combination_sku, component_sku and quantity.",EXACT_SKU,EXACT,EXACT,COMPOSITION_EXACT_SOURCE,COMPOSITION_EXACT_SOURCE,UNCHANGED_EXACT_EVIDENCE,SUPPORTING,NO,HIGH,Exact 001A.0 evidence retained; no fuzzy identity.,INCLUDED_EXACT,,,,,
MAESTRO,87,3727,,0201010|0201010|0724003,,0724003,1,EXACT,"{""source"":""MAESTRO_GESTIÓN.xlsx:RENTABILIDAD_COSTOS"",""source_row"":87,""parent_code"":""0201010"",""component_slot"":""ART2"",""component_code"":""0724003"",""quantity"":""1"",""quantity_status"":""EXACT"",""is_combination_row"":""YES"",""family"":""Combinación TatamisFuton"",""model"":""Algodón"",""finish"":""futón algodón (140X200)"",""measure"":""100x200x5,5"",""composition_label"":""2 Tatamis + FutonAlg"",""product_name"":""Combinación 2 Tatamis (100X200) futón algodón (140X200)"",""status"":""ACTIVO"",""legacy_magento_id"":""0201010"",""legacy_ean"":"""",""combination_sku_exact"":""0201010|0201010|0724003"",""combination_key_status"":""EXACT""}",EXACT_SKU,724003,EXACT,SUPPORTING_SOURCE,3727,3624,0201010|0201010|0724003,"Con 2 tatamis de 100x200 cm, 140x200x14,5 cm",724003,NO,NO,NO,YES,1,COMPOSITION_EXACT_SOURCE,,"Evidence row; correlate by combination_sku, component_sku and quantity.",EXACT_SKU,EXACT,EXACT,COMPOSITION_EXACT_SOURCE,COMPOSITION_EXACT_SOURCE,UNCHANGED_EXACT_EVIDENCE,SUPPORTING,NO,HIGH,Exact 001A.0 evidence retained; no fuzzy identity.,INCLUDED_EXACT,,,,,
MAESTRO,88,3728,,0201010|0201010|0724004,,0201010,2,EXACT,"{""source"":""MAESTRO_GESTIÓN.xlsx:RENTABILIDAD_COSTOS"",""source_row"":88,""parent_code"":""0201010"",""component_slot"":""ART1"",""component_code"":""0201010"",""quantity"":""2"",""quantity_status"":""EXACT"",""is_combination_row"":""YES"",""family"":""Combinación TatamisFuton"",""model"":""Algodón"",""finish"":""futón algodón (150X200)"",""measure"":""100x200x5,5"",""composition_label"":""2 Tatamis + FutonAlg"",""product_name"":""Combinación 2 Tatamis (100X200) futón algodón (150X200)"",""status"":""ACTIVO"",""legacy_magento_id"":""0201010"",""legacy_ean"":"""",""combination_sku_exact"":""0201010|0201010|0724004"",""combination_key_status"":""EXACT""}",EXACT_SKU,201010,EXACT,SUPPORTING_SOURCE,3728,3624,0201010|0201010|0724004,"Con 2 tatamis de 100x200 cm, 150x200x14,5 cm",201010,NO,NO,NO,YES,1,COMPOSITION_EXACT_SOURCE,,"Evidence row; correlate by combination_sku, component_sku and quantity.",EXACT_SKU,EXACT,EXACT,COMPOSITION_EXACT_SOURCE,COMPOSITION_EXACT_SOURCE,UNCHANGED_EXACT_EVIDENCE,SUPPORTING,NO,HIGH,Exact 001A.0 evidence retained; no fuzzy identity.,INCLUDED_EXACT,,,,,
MAESTRO,88,3728,,0201010|0201010|0724004,,0724004,1,EXACT,"{""source"":""MAESTRO_GESTIÓN.xlsx:RENTABILIDAD_COSTOS"",""source_row"":88,""parent_code"":""0201010"",""component_slot"":""ART2"",""component_code"":""0724004"",""quantity"":""1"",""quantity_status"":""EXACT"",""is_combination_row"":""YES"",""family"":""Combinación TatamisFuton"",""model"":""Algodón"",""finish"":""futón algodón (150X200)"",""measure"":""100x200x5,5"",""composition_label"":""2 Tatamis + FutonAlg"",""product_name"":""Combinación 2 Tatamis (100X200) futón algodón (150X200)"",""status"":""ACTIVO"",""legacy_magento_id"":""0201010"",""legacy_ean"":"""",""combination_sku_exact"":""0201010|0201010|0724004"",""combination_key_status"":""EXACT""}",EXACT_SKU,724004,EXACT,SUPPORTING_SOURCE,3728,3624,0201010|0201010|0724004,"Con 2 tatamis de 100x200 cm, 150x200x14,5 cm",724004,NO,NO,NO,YES,1,COMPOSITION_EXACT_SOURCE,,"Evidence row; correlate by combination_sku, component_sku and quantity.",EXACT_SKU,EXACT,EXACT,COMPOSITION_EXACT_SOURCE,COMPOSITION_EXACT_SOURCE,UNCHANGED_EXACT_EVIDENCE,SUPPORTING,NO,HIGH,Exact 001A.0 evidence retained; no fuzzy identity.,INCLUDED_EXACT,,,,,
MAESTRO,89,3729,,0201010|0201010|0724005,,0201010,2,EXACT,"{""source"":""MAESTRO_GESTIÓN.xlsx:RENTABILIDAD_COSTOS"",""source_row"":89,""parent_code"":""0201010"",""component_slot"":""ART1"",""component_code"":""0201010"",""quantity"":""2"",""quantity_status"":""EXACT"",""is_combination_row"":""YES"",""family"":""Combinación TatamisFuton"",""model"":""Algodón"",""finish"":""futón algodón (160X200)"",""measure"":""100x200x5,5"",""composition_label"":""2 Tatamis + FutonAlg"",""product_name"":""Combinación 2 Tatamis (100X200) futón algodón (160X200)"",""status"":""ACTIVO"",""legacy_magento_id"":""0201010"",""legacy_ean"":"""",""combination_sku_exact"":""0201010|0201010|0724005"",""combination_key_status"":""EXACT""}",EXACT_SKU,201010,EXACT,SUPPORTING_SOURCE,3729,3624,0201010|0201010|0724005,"Con 2 tatamis de 100x200 cm, 160x200x14,5 cm",201010,NO,NO,NO,YES,1,COMPOSITION_EXACT_SOURCE,,"Evidence row; correlate by combination_sku, component_sku and quantity.",EXACT_SKU,EXACT,EXACT,COMPOSITION_EXACT_SOURCE,COMPOSITION_EXACT_SOURCE,UNCHANGED_EXACT_EVIDENCE,SUPPORTING,NO,HIGH,Exact 001A.0 evidence retained; no fuzzy identity.,INCLUDED_EXACT,,,,,
MAESTRO,89,3729,,0201010|0201010|0724005,,0724005,1,EXACT,"{""source"":""MAESTRO_GESTIÓN.xlsx:RENTABILIDAD_COSTOS"",""source_row"":89,""parent_code"":""0201010"",""component_slot"":""ART2"",""component_code"":""0724005"",""quantity"":""1"",""quantity_status"":""EXACT"",""is_combination_row"":""YES"",""family"":""Combinación TatamisFuton"",""model"":""Algodón"",""finish"":""futón algodón (160X200)"",""measure"":""100x200x5,5"",""composition_label"":""2 Tatamis + FutonAlg"",""product_name"":""Combinación 2 Tatamis (100X200) futón algodón (160X200)"",""status"":""ACTIVO"",""legacy_magento_id"":""0201010"",""legacy_ean"":"""",""combination_sku_exact"":""0201010|0201010|0724005"",""combination_key_status"":""EXACT""}",EXACT_SKU,724005,EXACT,SUPPORTING_SOURCE,3729,3624,0201010|0201010|0724005,"Con 2 tatamis de 100x200 cm, 160x200x14,5 cm",724005,NO,NO,NO,YES,1,COMPOSITION_EXACT_SOURCE,,"Evidence row; correlate by combination_sku, component_sku and quantity.",EXACT_SKU,EXACT,EXACT,COMPOSITION_EXACT_SOURCE,COMPOSITION_EXACT_SOURCE,UNCHANGED_EXACT_EVIDENCE,SUPPORTING,NO,HIGH,Exact 001A.0 evidence retained; no fuzzy identity.,INCLUDED_EXACT,,,,,
MAESTRO,90,3730,,0201010|0201010|0724006,,0201010,2,EXACT,"{""source"":""MAESTRO_GESTIÓN.xlsx:RENTABILIDAD_COSTOS"",""source_row"":90,""parent_code"":""0201010"",""component_slot"":""ART1"",""component_code"":""0201010"",""quantity"":""2"",""quantity_status"":""EXACT"",""is_combination_row"":""YES"",""family"":""Combinación TatamisFuton"",""model"":""Algodón"",""finish"":""futón algodón (180X200)"",""measure"":""100x200x5,5"",""composition_label"":""2 Tatamis + FutonAlg"",""product_name"":""Combinación 2 Tatamis (100X200) futón algodón (180X200)"",""status"":""ACTIVO"",""legacy_magento_id"":""0201010"",""legacy_ean"":"""",""combination_sku_exact"":""0201010|0201010|0724006"",""combination_key_status"":""EXACT""}",EXACT_SKU,201010,EXACT,SUPPORTING_SOURCE,3730,3624,0201010|0201010|0724006,"Con 2 tatamis de 100x200 cm, 180x200x14,5 cm",201010,NO,NO,NO,YES,1,COMPOSITION_EXACT_SOURCE,,"Evidence row; correlate by combination_sku, component_sku and quantity.",EXACT_SKU,EXACT,EXACT,COMPOSITION_EXACT_SOURCE,COMPOSITION_EXACT_SOURCE,UNCHANGED_EXACT_EVIDENCE,SUPPORTING,NO,HIGH,Exact 001A.0 evidence retained; no fuzzy identity.,INCLUDED_EXACT,,,,,
MAESTRO,90,3730,,0201010|0201010|0724006,,0724006,1,EXACT,"{""source"":""MAESTRO_GESTIÓN.xlsx:RENTABILIDAD_COSTOS"",""source_row"":90,""parent_code"":""0201010"",""component_slot"":""ART2"",""component_code"":""0724006"",""quantity"":""1"",""quantity_status"":""EXACT"",""is_combination_row"":""YES"",""family"":""Combinación TatamisFuton"",""model"":""Algodón"",""finish"":""futón algodón (180X200)"",""measure"":""100x200x5,5"",""composition_label"":""2 Tatamis + FutonAlg"",""product_name"":""Combinación 2 Tatamis (100X200) futón algodón (180X200)"",""status"":""ACTIVO"",""legacy_magento_id"":""0201010"",""legacy_ean"":"""",""combination_sku_exact"":""0201010|0201010|0724006"",""combination_key_status"":""EXACT""}",EXACT_SKU,724006,EXACT,SUPPORTING_SOURCE,3730,3624,0201010|0201010|0724006,"Con 2 tatamis de 100x200 cm, 180x200x14,5 cm",724006,NO,NO,NO,YES,1,COMPOSITION_EXACT_SOURCE,,"Evidence row; correlate by combination_sku, component_sku and quantity.",EXACT_SKU,EXACT,EXACT,COMPOSITION_EXACT_SOURCE,COMPOSITION_EXACT_SOURCE,UNCHANGED_EXACT_EVIDENCE,SUPPORTING,NO,HIGH,Exact 001A.0 evidence retained; no fuzzy identity.,INCLUDED_EXACT,,,,,
MAESTRO,91,3731,,0201010|0201010|0724007,,0201010,2,EXACT,"{""source"":""MAESTRO_GESTIÓN.xlsx:RENTABILIDAD_COSTOS"",""source_row"":91,""parent_code"":""0201010"",""component_slot"":""ART1"",""component_code"":""0201010"",""quantity"":""2"",""quantity_status"":""EXACT"",""is_combination_row"":""YES"",""family"":""Combinación TatamisFuton"",""model"":""Algodón"",""finish"":""futón algodón (200X200)"",""measure"":""100x200x5,5"",""composition_label"":""2 Tatamis + FutonAlg"",""product_name"":""Combinación 2 Tatamis (100X200) futón algodón (200X200)"",""status"":""ACTIVO"",""legacy_magento_id"":""0201010"",""legacy_ean"":"""",""combination_sku_exact"":""0201010|0201010|0724007"",""combination_key_status"":""EXACT""}",EXACT_SKU,201010,EXACT,SUPPORTING_SOURCE,3731,3624,0201010|0201010|0724007,"Con 2 tatamis de 100x200 cm, 200x200x14,5 cm",201010,NO,NO,NO,YES,1,COMPOSITION_EXACT_SOURCE,,"Evidence row; correlate by combination_sku, component_sku and quantity.",EXACT_SKU,EXACT,EXACT,COMPOSITION_EXACT_SOURCE,COMPOSITION_EXACT_SOURCE,UNCHANGED_EXACT_EVIDENCE,SUPPORTING,NO,HIGH,Exact 001A.0 evidence retained; no fuzzy identity.,INCLUDED_EXACT,,,,,
MAESTRO,91,3731,,0201010|0201010|0724007,,0724007,1,EXACT,"{""source"":""MAESTRO_GESTIÓN.xlsx:RENTABILIDAD_COSTOS"",""source_row"":91,""parent_code"":""0201010"",""component_slot"":""ART2"",""component_code"":""0724007"",""quantity"":""1"",""quantity_status"":""EXACT"",""is_combination_row"":""YES"",""family"":""Combinación TatamisFuton"",""model"":""Algodón"",""finish"":""futón algodón (200X200)"",""measure"":""100x200x5,5"",""composition_label"":""2 Tatamis + FutonAlg"",""product_name"":""Combinación 2 Tatamis (100X200) futón algodón (200X200)"",""status"":""ACTIVO"",""legacy_magento_id"":""0201010"",""legacy_ean"":"""",""combination_sku_exact"":""0201010|0201010|0724007"",""combination_key_status"":""EXACT""}",EXACT_SKU,724007,EXACT,SUPPORTING_SOURCE,3731,3624,0201010|0201010|0724007,"Con 2 tatamis de 100x200 cm, 200x200x14,5 cm",724007,NO,NO,NO,YES,1,COMPOSITION_EXACT_SOURCE,,"Evidence row; correlate by combination_sku, component_sku and quantity.",EXACT_SKU,EXACT,EXACT,COMPOSITION_EXACT_SOURCE,COMPOSITION_EXACT_SOURCE,UNCHANGED_EXACT_EVIDENCE,SUPPORTING,NO,HIGH,Exact 001A.0 evidence retained; no fuzzy identity.,INCLUDED_EXACT,,,,,
WOO_SKU_COMPONENT_LIST,sku_component[1],3741,3624,0201001|0201001|0724001,,0201001,2,EXACT,SKU Woo literal: 0201001|0201001|0724001,EXACT_SKU,201001,EXACT,PRIMARY_WOO,3741,3624,0201001|0201001|0724001,"Con 2 tatamis de 80x200 cm, 90x200x14,5 cm",201001,YES,NO,NO,NO,1,COMPOSITION_EXACT_WOO,,"Evidence row; correlate by combination_sku, component_sku and quantity.",,EXACT,EXACT,COMPOSITION_EXACT_WOO,COMPOSITION_EXACT_WOO,UNCHANGED_EXACT_EVIDENCE,YES,NO,HIGH,Exact 001A.0 evidence retained; no fuzzy identity.,INCLUDED_EXACT,,,,,
WOO_SKU_COMPONENT_LIST,sku_component[1],3738,3624,0201001|0201001|0724003,,0201001,2,EXACT,SKU Woo literal: 0201001|0201001|0724003,EXACT_SKU,201001,EXACT,PRIMARY_WOO,3738,3624,0201001|0201001|0724003,"Con 2 tatamis de 80x200 cm, 140x200x14,5 cm",201001,YES,NO,NO,NO,1,COMPOSITION_EXACT_WOO,,"Evidence row; correlate by combination_sku, component_sku and quantity.",,EXACT,EXACT,COMPOSITION_EXACT_WOO,COMPOSITION_EXACT_WOO,UNCHANGED_EXACT_EVIDENCE,YES,NO,HIGH,Exact 001A.0 evidence retained; no fuzzy identity.,INCLUDED_EXACT,,,,,
WOO_SKU_COMPONENT_LIST,sku_component[1],3739,3624,0201001|0201001|0724004,,0201001,2,EXACT,SKU Woo literal: 0201001|0201001|0724004,EXACT_SKU,201001,EXACT,PRIMARY_WOO,3739,3624,0201001|0201001|0724004,"Con 2 tatamis de 80x200 cm, 150x200x14,5 cm",201001,YES,NO,NO,NO,1,COMPOSITION_EXACT_WOO,,"Evidence row; correlate by combination_sku, component_sku and quantity.",,EXACT,EXACT,COMPOSITION_EXACT_WOO,COMPOSITION_EXACT_WOO,UNCHANGED_EXACT_EVIDENCE,YES,NO,HIGH,Exact 001A.0 evidence retained; no fuzzy identity.,INCLUDED_EXACT,,,,,
WOO_SKU_COMPONENT_LIST,sku_component[1],3740,3624,0201001|0201001|0724005,,0201001,2,EXACT,SKU Woo literal: 0201001|0201001|0724005,EXACT_SKU,201001,EXACT,PRIMARY_WOO,3740,3624,0201001|0201001|0724005,"Con 2 tatamis de 80x200 cm, 160x200x14,5 cm",201001,YES,NO,NO,NO,1,COMPOSITION_EXACT_WOO,,"Evidence row; correlate by combination_sku, component_sku and quantity.",,EXACT,EXACT,COMPOSITION_EXACT_WOO,COMPOSITION_EXACT_WOO,UNCHANGED_EXACT_EVIDENCE,YES,NO,HIGH,Exact 001A.0 evidence retained; no fuzzy identity.,INCLUDED_EXACT,,,,,
WOO_SKU_COMPONENT_LIST,sku_component[1],3721,3623,0201001|0201001|0728001,,0201001,2,EXACT,SKU Woo literal: 0201001|0201001|0728001,EXACT_SKU,201001,EXACT,PRIMARY_WOO,3721,3623,0201001|0201001|0728001,"90x200x14,5 cm, Con 2 tatamis de 80x200 cm",201001,YES,NO,NO,NO,1,COMPOSITION_EXACT_WOO,,"Evidence row; correlate by combination_sku, component_sku and quantity.",,EXACT,EXACT,COMPOSITION_EXACT_WOO,COMPOSITION_EXACT_WOO,UNCHANGED_EXACT_EVIDENCE,YES,NO,HIGH,Exact 001A.0 evidence retained; no fuzzy identity.,INCLUDED_EXACT,,,,,
WOO_SKU_COMPONENT_LIST,sku_component[1],3719,3623,0201001|0201001|0728002,,0201001,2,EXACT,SKU Woo literal: 0201001|0201001|0728002,EXACT_SKU,201001,EXACT,PRIMARY_WOO,3719,3623,0201001|0201001|0728002,"140x200x14,5 cm, Con 2 tatamis de 80x200 cm",201001,YES,NO,NO,NO,1,COMPOSITION_EXACT_WOO,,"Evidence row; correlate by combination_sku, component_sku and quantity.",,EXACT,EXACT,COMPOSITION_EXACT_WOO,COMPOSITION_EXACT_WOO,UNCHANGED_EXACT_EVIDENCE,YES,NO,HIGH,Exact 001A.0 evidence retained; no fuzzy identity.,INCLUDED_EXACT,,,,,
WOO_SKU_COMPONENT_LIST,sku_component[1],3720,3623,0201001|0201001|0728003,,0201001,2,EXACT,SKU Woo literal: 0201001|0201001|0728003,EXACT_SKU,201001,EXACT,PRIMARY_WOO,3720,3623,0201001|0201001|0728003,"150x200x14,5 cm, Con 2 tatamis de 80x200 cm",201001,YES,NO,NO,NO,1,COMPOSITION_EXACT_WOO,,"Evidence row; correlate by combination_sku, component_sku and quantity.",,EXACT,EXACT,COMPOSITION_EXACT_WOO,COMPOSITION_EXACT_WOO,UNCHANGED_EXACT_EVIDENCE,YES,NO,HIGH,Exact 001A.0 evidence retained; no fuzzy identity.,INCLUDED_EXACT,,,,,
WOO_SKU_COMPONENT_LIST,sku_component[1],3698,3622,0201001|0201001|0728004,,0201001,2,EXACT,SKU Woo literal: 0201001|0201001|0728004,EXACT_SKU,201001,EXACT,PRIMARY_WOO,3698,3622,0201001|0201001|0728004,"160x200x14,5 cm, Con 2 tatamis de 80x200 cm",201001,YES,NO,NO,NO,1,COMPOSITION_EXACT_WOO,,"Evidence row; correlate by combination_sku, component_sku and quantity.",,EXACT,EXACT,COMPOSITION_EXACT_WOO,COMPOSITION_EXACT_WOO,UNCHANGED_EXACT_EVIDENCE,YES,NO,HIGH,Exact 001A.0 evidence retained; no fuzzy identity.,INCLUDED_EXACT,,,,,
WOO_SKU_COMPONENT_LIST,sku_component[1],3702,3622,0201001|0201001|0730001,,0201001,2,EXACT,SKU Woo literal: 0201001|0201001|0730001,EXACT_SKU,201001,EXACT,PRIMARY_WOO,3702,3622,0201001|0201001|0730001,"90x200x14,5 cm, Con 2 tatamis de 80x200 cm",201001,YES,NO,NO,NO,1,COMPOSITION_EXACT_WOO,,"Evidence row; correlate by combination_sku, component_sku and quantity.",,EXACT,EXACT,COMPOSITION_EXACT_WOO,COMPOSITION_EXACT_WOO,UNCHANGED_EXACT_EVIDENCE,YES,NO,HIGH,Exact 001A.0 evidence retained; no fuzzy identity.,INCLUDED_EXACT,,,,,
WOO_SKU_COMPONENT_LIST,sku_component[1],3699,3622,0201001|0201001|0730002,,0201001,2,EXACT,SKU Woo literal: 0201001|0201001|0730002,EXACT_SKU,201001,EXACT,PRIMARY_WOO,3699,3622,0201001|0201001|0730002,"140x200x14,5 cm, Con 2 tatamis de 80x200 cm",201001,YES,NO,NO,NO,1,COMPOSITION_EXACT_WOO,,"Evidence row; correlate by combination_sku, component_sku and quantity.",,EXACT,EXACT,COMPOSITION_EXACT_WOO,COMPOSITION_EXACT_WOO,UNCHANGED_EXACT_EVIDENCE,YES,NO,HIGH,Exact 001A.0 evidence retained; no fuzzy identity.,INCLUDED_EXACT,,,,,
WOO_SKU_COMPONENT_LIST,sku_component[1],3700,3622,0201001|0201001|0730003,,0201001,2,EXACT,SKU Woo literal: 0201001|0201001|0730003,EXACT_SKU,201001,EXACT,PRIMARY_WOO,3700,3622,0201001|0201001|0730003,"150x200x14,5 cm, Con 2 tatamis de 80x200 cm",201001,YES,NO,NO,NO,1,COMPOSITION_EXACT_WOO,,"Evidence row; correlate by combination_sku, component_sku and quantity.",,EXACT,EXACT,COMPOSITION_EXACT_WOO,COMPOSITION_EXACT_WOO,UNCHANGED_EXACT_EVIDENCE,YES,NO,HIGH,Exact 001A.0 evidence retained; no fuzzy identity.,INCLUDED_EXACT,,,,,
WOO_SKU_COMPONENT_LIST,sku_component[1],3701,3622,0201001|0201001|0730004,,0201001,2,EXACT,SKU Woo literal: 0201001|0201001|0730004,EXACT_SKU,201001,EXACT,PRIMARY_WOO,3701,3622,0201001|0201001|0730004,"160x200x14,5 cm, Con 2 tatamis de 80x200 cm",201001,YES,NO,NO,NO,1,COMPOSITION_EXACT_WOO,,"Evidence row; correlate by combination_sku, component_sku and quantity.",,EXACT,EXACT,COMPOSITION_EXACT_WOO,COMPOSITION_EXACT_WOO,UNCHANGED_EXACT_EVIDENCE,YES,NO,HIGH,Exact 001A.0 evidence retained; no fuzzy identity.,INCLUDED_EXACT,,,,,
WOO_SKU_COMPONENT_LIST,sku_component[1],4562,3658,0201001|0201001|1249001|1249001,,0201001,2,EXACT,SKU Woo literal: 0201001|0201001|1249001|1249001,EXACT_SKU,201001,EXACT,PRIMARY_WOO,4562,3658,0201001|0201001|1249001|1249001,"Crudo, Crudo, Sin funda, Sin funda",201001,YES,NO,NO,NO,1,COMPOSITION_EXACT_WOO,,"Evidence row; correlate by combination_sku, component_sku and quantity.",,EXACT,EXACT,COMPOSITION_EXACT_WOO,COMPOSITION_EXACT_WOO,UNCHANGED_EXACT_EVIDENCE,YES,NO,HIGH,Exact 001A.0 evidence retained; no fuzzy identity.,INCLUDED_EXACT,,,,,
WOO_SKU_COMPONENT_LIST,sku_component[1],4590,3658,0201001|0201001|1249001|1249001|0608007|0608007,,0201001,2,EXACT,SKU Woo literal: 0201001|0201001|1249001|1249001|0608007|0608007,EXACT_SKU,201001,EXACT,PRIMARY_WOO,4590,3658,0201001|0201001|1249001|1249001|0608007|0608007,"Crudo, Crudo, Crudo, Crudo",201001,YES,NO,NO,NO,1,COMPOSITION_EXACT_WOO,,"Evidence row; correlate by combination_sku, component_sku and quantity.",,EXACT,EXACT,COMPOSITION_EXACT_WOO,COMPOSITION_EXACT_WOO,UNCHANGED_EXACT_EVIDENCE,YES,NO,HIGH,Exact 001A.0 evidence retained; no fuzzy identity.,INCLUDED_EXACT,,,,,
WOO_SKU_COMPONENT_LIST,sku_component[1],4628,3658,0201001|0201001|1249001|1249001|0608007|0619007,,0201001,2,EXACT,SKU Woo literal: 0201001|0201001|1249001|1249001|0608007|0619007,EXACT_SKU,201001,EXACT,PRIMARY_WOO,4628,3658,0201001|0201001|1249001|1249001|0608007|0619007,"Crudo, Crudo, Crudo, Marrón",201001,YES,NO,NO,NO,1,COMPOSITION_EXACT_WOO,,"Evidence row; correlate by combination_sku, component_sku and quantity.",,EXACT,EXACT,COMPOSITION_EXACT_WOO,COMPOSITION_EXACT_WOO,UNCHANGED_EXACT_EVIDENCE,YES,NO,HIGH,Exact 001A.0 evidence retained; no fuzzy identity.,INCLUDED_EXACT,,,,,
WOO_SKU_COMPONENT_LIST,sku_component[1],13092,3658,0201001|0201001|1249001|1249001|0619007|0619007,,0201001,2,EXACT,SKU Woo literal: 0201001|0201001|1249001|1249001|0619007|0619007,EXACT_SKU,201001,EXACT,PRIMARY_WOO,13092,3658,0201001|0201001|1249001|1249001|0619007|0619007,"Crudo, Crudo, Marrón, Marrón",201001,YES,NO,NO,NO,1,COMPOSITION_EXACT_WOO,,"Evidence row; correlate by combination_sku, component_sku and quantity.",,EXACT,EXACT,COMPOSITION_EXACT_WOO,COMPOSITION_EXACT_WOO,UNCHANGED_EXACT_EVIDENCE,YES,NO,HIGH,Exact 001A.0 evidence retained; no fuzzy identity.,INCLUDED_EXACT,,,,,
WOO_SKU_COMPONENT_LIST,sku_component[1],3746,3624,0201002|0201002|0724001,,0201002,2,EXACT,SKU Woo literal: 0201002|0201002|0724001,EXACT_SKU,201002,EXACT,PRIMARY_WOO,3746,3624,0201002|0201002|0724001,"Con 2 tatamis de 90x200 cm, 90x200x14,5 cm",201002,YES,NO,NO,NO,1,COMPOSITION_EXACT_WOO,,"Evidence row; correlate by combination_sku, component_sku and quantity.",,EXACT,EXACT,COMPOSITION_EXACT_WOO,COMPOSITION_EXACT_WOO,UNCHANGED_EXACT_EVIDENCE,YES,NO,HIGH,Exact 001A.0 evidence retained; no fuzzy identity.,INCLUDED_EXACT,,,,,
WOO_SKU_COMPONENT_LIST,sku_component[1],3742,3624,0201002|0201002|0724003,,0201002,2,EXACT,SKU Woo literal: 0201002|0201002|0724003,EXACT_SKU,201002,EXACT,PRIMARY_WOO,3742,3624,0201002|0201002|0724003,"Con 2 tatamis de 90x200 cm, 140x200x14,5 cm",201002,YES,NO,NO,NO,1,COMPOSITION_EXACT_WOO,,"Evidence row; correlate by combination_sku, component_sku and quantity.",,EXACT,EXACT,COMPOSITION_EXACT_WOO,COMPOSITION_EXACT_WOO,UNCHANGED_EXACT_EVIDENCE,YES,NO,HIGH,Exact 001A.0 evidence retained; no fuzzy identity.,INCLUDED_EXACT,,,,,
WOO_SKU_COMPONENT_LIST,sku_component[1],3743,3624,0201002|0201002|0724004,,0201002,2,EXACT,SKU Woo literal: 0201002|0201002|0724004,EXACT_SKU,201002,EXACT,PRIMARY_WOO,3743,3624,0201002|0201002|0724004,"Con 2 tatamis de 90x200 cm, 150x200x14,5 cm",201002,YES,NO,NO,NO,1,COMPOSITION_EXACT_WOO,,"Evidence row; correlate by combination_sku, component_sku and quantity.",,EXACT,EXACT,COMPOSITION_EXACT_WOO,COMPOSITION_EXACT_WOO,UNCHANGED_EXACT_EVIDENCE,YES,NO,HIGH,Exact 001A.0 evidence retained; no fuzzy identity.,INCLUDED_EXACT,,,,,
WOO_SKU_COMPONENT_LIST,sku_component[1],3744,3624,0201002|0201002|0724005,,0201002,2,EXACT,SKU Woo literal: 0201002|0201002|0724005,EXACT_SKU,201002,EXACT,PRIMARY_WOO,3744,3624,0201002|0201002|0724005,"Con 2 tatamis de 90x200 cm, 160x200x14,5 cm",201002,YES,NO,NO,NO,1,COMPOSITION_EXACT_WOO,,"Evidence row; correlate by combination_sku, component_sku and quantity.",,EXACT,EXACT,COMPOSITION_EXACT_WOO,COMPOSITION_EXACT_WOO,UNCHANGED_EXACT_EVIDENCE,YES,NO,HIGH,Exact 001A.0 evidence retained; no fuzzy identity.,INCLUDED_EXACT,,,,,
WOO_SKU_COMPONENT_LIST,sku_component[1],3745,3624,0201002|0201002|0724006,,0201002,2,EXACT,SKU Woo literal: 0201002|0201002|0724006,EXACT_SKU,201002,EXACT,PRIMARY_WOO,3745,3624,0201002|0201002|0724006,"Con 2 tatamis de 90x200 cm, 180x200x14,5 cm",201002,YES,NO,NO,NO,1,COMPOSITION_EXACT_WOO,,"Evidence row; correlate by combination_sku, component_sku and quantity.",,EXACT,EXACT,COMPOSITION_EXACT_WOO,COMPOSITION_EXACT_WOO,UNCHANGED_EXACT_EVIDENCE,YES,NO,HIGH,Exact 001A.0 evidence retained; no fuzzy identity.,INCLUDED_EXACT,,,,,
WOO_SKU_COMPONENT_LIST,sku_component[1],3726,3623,0201002|0201002|0728001,,0201002,2,EXACT,SKU Woo literal: 0201002|0201002|0728001,EXACT_SKU,201002,EXACT,PRIMARY_WOO,3726,3623,0201002|0201002|0728001,"90x200x14,5 cm, Con 2 tatamis de 90x200 cm",201002,YES,NO,NO,NO,1,COMPOSITION_EXACT_WOO,,"Evidence row; correlate by combination_sku, component_sku and quantity.",,EXACT,EXACT,COMPOSITION_EXACT_WOO,COMPOSITION_EXACT_WOO,UNCHANGED_EXACT_EVIDENCE,YES,NO,HIGH,Exact 001A.0 evidence retained; no fuzzy identity.,INCLUDED_EXACT,,,,,
WOO_SKU_COMPONENT_LIST,sku_component[1],3722,3623,0201002|0201002|0728002,,0201002,2,EXACT,SKU Woo literal: 0201002|0201002|0728002,EXACT_SKU,201002,EXACT,PRIMARY_WOO,3722,3623,0201002|0201002|0728002,"140x200x14,5 cm, Con 2 tatamis de 90x200 cm",201002,YES,NO,NO,NO,1,COMPOSITION_EXACT_WOO,,"Evidence row; correlate by combination_sku, component_sku and quantity.",,EXACT,EXACT,COMPOSITION_EXACT_WOO,COMPOSITION_EXACT_WOO,UNCHANGED_EXACT_EVIDENCE,YES,NO,HIGH,Exact 001A.0 evidence retained; no fuzzy identity.,INCLUDED_EXACT,,,,,
WOO_SKU_COMPONENT_LIST,sku_component[1],3723,3623,0201002|0201002|0728003,,0201002,2,EXACT,SKU Woo literal: 0201002|0201002|0728003,EXACT_SKU,201002,EXACT,PRIMARY_WOO,3723,3623,0201002|0201002|0728003,"150x200x14,5 cm, Con 2 tatamis de 90x200 cm",201002,YES,NO,NO,NO,1,COMPOSITION_EXACT_WOO,,"Evidence row; correlate by combination_sku, component_sku and quantity.",,EXACT,EXACT,COMPOSITION_EXACT_WOO,COMPOSITION_EXACT_WOO,UNCHANGED_EXACT_EVIDENCE,YES,NO,HIGH,Exact 001A.0 evidence retained; no fuzzy identity.,INCLUDED_EXACT,,,,,
WOO_SKU_COMPONENT_LIST,sku_component[1],3724,3623,0201002|0201002|0728004,,0201002,2,EXACT,SKU Woo literal: 0201002|0201002|0728004,EXACT_SKU,201002,EXACT,PRIMARY_WOO,3724,3623,0201002|0201002|0728004,"160x200x14,5 cm, Con 2 tatamis de 90x200 cm",201002,YES,NO,NO,NO,1,COMPOSITION_EXACT_WOO,,"Evidence row; correlate by combination_sku, component_sku and quantity.",,EXACT,EXACT,COMPOSITION_EXACT_WOO,COMPOSITION_EXACT_WOO,UNCHANGED_EXACT_EVIDENCE,YES,NO,HIGH,Exact 001A.0 evidence retained; no fuzzy identity.,INCLUDED_EXACT,,,,,
WOO_SKU_COMPONENT_LIST,sku_component[1],3725,3623,0201002|0201002|0728005,,0201002,2,EXACT,SKU Woo literal: 0201002|0201002|0728005,EXACT_SKU,201002,EXACT,PRIMARY_WOO,3725,3623,0201002|0201002|0728005,"180x200x14,5 cm, Con 2 tatamis de 90x200 cm",201002,YES,NO,NO,NO,1,COMPOSITION_EXACT_WOO,,"Evidence row; correlate by combination_sku, component_sku and quantity.",,EXACT,EXACT,COMPOSITION_EXACT_WOO,COMPOSITION_EXACT_WOO,UNCHANGED_EXACT_EVIDENCE,YES,NO,HIGH,Exact 001A.0 evidence retained; no fuzzy identity.,INCLUDED_EXACT,,,,,
WOO_SKU_COMPONENT_LIST,sku_component[1],3707,3622,0201002|0201002|0730001,,0201002,2,EXACT,SKU Woo literal: 0201002|0201002|0730001,EXACT_SKU,201002,EXACT,PRIMARY_WOO,3707,3622,0201002|0201002|0730001,"90x200x14,5 cm, Con 2 tatamis de 90x200 cm",201002,YES,NO,NO,NO,1,COMPOSITION_EXACT_WOO,,"Evidence row; correlate by combination_sku, component_sku and quantity.",,EXACT,EXACT,COMPOSITION_EXACT_WOO,COMPOSITION_EXACT_WOO,UNCHANGED_EXACT_EVIDENCE,YES,NO,HIGH,Exact 001A.0 evidence retained; no fuzzy identity.,INCLUDED_EXACT,,,,,
WOO_SKU_COMPONENT_LIST,sku_component[1],3703,3622,0201002|0201002|0730002,,0201002,2,EXACT,SKU Woo literal: 0201002|0201002|0730002,EXACT_SKU,201002,EXACT,PRIMARY_WOO,3703,3622,0201002|0201002|0730002,"140x200x14,5 cm, Con 2 tatamis de 90x200 cm",201002,YES,NO,NO,NO,1,COMPOSITION_EXACT_WOO,,"Evidence row; correlate by combination_sku, component_sku and quantity.",,EXACT,EXACT,COMPOSITION_EXACT_WOO,COMPOSITION_EXACT_WOO,UNCHANGED_EXACT_EVIDENCE,YES,NO,HIGH,Exact 001A.0 evidence retained; no fuzzy identity.,INCLUDED_EXACT,,,,,
WOO_SKU_COMPONENT_LIST,sku_component[1],3704,3622,0201002|0201002|0730003,,0201002,2,EXACT,SKU Woo literal: 0201002|0201002|0730003,EXACT_SKU,201002,EXACT,PRIMARY_WOO,3704,3622,0201002|0201002|0730003,"150x200x14,5 cm, Con 2 tatamis de 90x200 cm",201002,YES,NO,NO,NO,1,COMPOSITION_EXACT_WOO,,"Evidence row; correlate by combination_sku, component_sku and quantity.",,EXACT,EXACT,COMPOSITION_EXACT_WOO,COMPOSITION_EXACT_WOO,UNCHANGED_EXACT_EVIDENCE,YES,NO,HIGH,Exact 001A.0 evidence retained; no fuzzy identity.,INCLUDED_EXACT,,,,,
WOO_SKU_COMPONENT_LIST,sku_component[1],3705,3622,0201002|0201002|0730004,,0201002,2,EXACT,SKU Woo literal: 0201002|0201002|0730004,EXACT_SKU,201002,EXACT,PRIMARY_WOO,3705,3622,0201002|0201002|0730004,"160x200x14,5 cm, Con 2 tatamis de 90x200 cm",201002,YES,NO,NO,NO,1,COMPOSITION_EXACT_WOO,,"Evidence row; correlate by combination_sku, component_sku and quantity.",,EXACT,EXACT,COMPOSITION_EXACT_WOO,COMPOSITION_EXACT_WOO,UNCHANGED_EXACT_EVIDENCE,YES,NO,HIGH,Exact 001A.0 evidence retained; no fuzzy identity.,INCLUDED_EXACT,,,,,
WOO_SKU_COMPONENT_LIST,sku_component[1],3706,3622,0201002|0201002|0730005,,0201002,2,EXACT,SKU Woo literal: 0201002|0201002|0730005,EXACT_SKU,201002,EXACT,PRIMARY_WOO,3706,3622,0201002|0201002|0730005,"180x200x14,5 cm, Con 2 tatamis de 90x200 cm",201002,YES,NO,NO,NO,1,COMPOSITION_EXACT_WOO,,"Evidence row; correlate by combination_sku, component_sku and quantity.",,EXACT,EXACT,COMPOSITION_EXACT_WOO,COMPOSITION_EXACT_WOO,UNCHANGED_EXACT_EVIDENCE,YES,NO,HIGH,Exact 001A.0 evidence retained; no fuzzy identity.,INCLUDED_EXACT,,,,,
WOO_SKU_COMPONENT_LIST,sku_component[1],3734,3624,0201003|0201003|0724001,,0201003,2,EXACT,SKU Woo literal: 0201003|0201003|0724001,EXACT_SKU,201003,EXACT,PRIMARY_WOO,3734,3624,0201003|0201003|0724001,"Con 2 tatamis de 70x200 cm, 90x200x14,5 cm",201003,YES,NO,NO,NO,1,COMPOSITION_EXACT_WOO,,"Evidence row; correlate by combination_sku, component_sku and quantity.",,EXACT,EXACT,COMPOSITION_EXACT_WOO,COMPOSITION_EXACT_WOO,UNCHANGED_EXACT_EVIDENCE,YES,NO,HIGH,Exact 001A.0 evidence retained; no fuzzy identity.,INCLUDED_EXACT,,,,,
WOO_SKU_COMPONENT_LIST,sku_component[1],3733,3624,0201003|0201003|0724003,,0201003,2,EXACT,SKU Woo literal: 0201003|0201003|0724003,EXACT_SKU,201003,EXACT,PRIMARY_WOO,3733,3624,0201003|0201003|0724003,"Con 2 tatamis de 70x200 cm, 140x200x14,5 cm",201003,YES,NO,NO,NO,1,COMPOSITION_EXACT_WOO,,"Evidence row; correlate by combination_sku, component_sku and quantity.",,EXACT,EXACT,COMPOSITION_EXACT_WOO,COMPOSITION_EXACT_WOO,UNCHANGED_EXACT_EVIDENCE,YES,NO,HIGH,Exact 001A.0 evidence retained; no fuzzy identity.,INCLUDED_EXACT,,,,,
WOO_SKU_COMPONENT_LIST,sku_component[1],3715,3623,0201003|0201003|0728001,,0201003,2,EXACT,SKU Woo literal: 0201003|0201003|0728001,EXACT_SKU,201003,EXACT,PRIMARY_WOO,3715,3623,0201003|0201003|0728001,"90x200x14,5 cm, Con 2 tatamis de 70x200 cm",201003,YES,NO,NO,NO,1,COMPOSITION_EXACT_WOO,,"Evidence row; correlate by combination_sku, component_sku and quantity.",,EXACT,EXACT,COMPOSITION_EXACT_WOO,COMPOSITION_EXACT_WOO,UNCHANGED_EXACT_EVIDENCE,YES,NO,HIGH,Exact 001A.0 evidence retained; no fuzzy identity.,INCLUDED_EXACT,,,,,
WOO_SKU_COMPONENT_LIST,sku_component[1],3714,3623,0201003|0201003|0728002,,0201003,2,EXACT,SKU Woo literal: 0201003|0201003|0728002,EXACT_SKU,201003,EXACT,PRIMARY_WOO,3714,3623,0201003|0201003|0728002,"140x200x14,5 cm, Con 2 tatamis de 70x200 cm",201003,YES,NO,NO,NO,1,COMPOSITION_EXACT_WOO,,"Evidence row; correlate by combination_sku, component_sku and quantity.",,EXACT,EXACT,COMPOSITION_EXACT_WOO,COMPOSITION_EXACT_WOO,UNCHANGED_EXACT_EVIDENCE,YES,NO,HIGH,Exact 001A.0 evidence retained; no fuzzy identity.,INCLUDED_EXACT,,,,,
WOO_SKU_COMPONENT_LIST,sku_component[1],3694,3622,0201003|0201003|0730001,,0201003,2,EXACT,SKU Woo literal: 0201003|0201003|0730001,EXACT_SKU,201003,EXACT,PRIMARY_WOO,3694,3622,0201003|0201003|0730001,"90x200x14,5 cm, Con 2 tatamis de 70x200 cm",201003,YES,NO,NO,NO,1,COMPOSITION_EXACT_WOO,,"Evidence row; correlate by combination_sku, component_sku and quantity.",,EXACT,EXACT,COMPOSITION_EXACT_WOO,COMPOSITION_EXACT_WOO,UNCHANGED_EXACT_EVIDENCE,YES,NO,HIGH,Exact 001A.0 evidence retained; no fuzzy identity.,INCLUDED_EXACT,,,,,
WOO_SKU_COMPONENT_LIST,sku_component[1],3693,3622,0201003|0201003|0730002,,0201003,2,EXACT,SKU Woo literal: 0201003|0201003|0730002,EXACT_SKU,201003,EXACT,PRIMARY_WOO,3693,3622,0201003|0201003|0730002,"140x200x14,5 cm, Con 2 tatamis de 70x200 cm",201003,YES,NO,NO,NO,1,COMPOSITION_EXACT_WOO,,"Evidence row; correlate by combination_sku, component_sku and quantity.",,EXACT,EXACT,COMPOSITION_EXACT_WOO,COMPOSITION_EXACT_WOO,UNCHANGED_EXACT_EVIDENCE,YES,NO,HIGH,Exact 001A.0 evidence retained; no fuzzy identity.,INCLUDED_EXACT,,,,,
WOO_SKU_COMPONENT_LIST,sku_component[1],3737,3624,0201004|0201004|0724001,,0201004,2,EXACT,SKU Woo literal: 0201004|0201004|0724001,EXACT_SKU,201004,EXACT,PRIMARY_WOO,3737,3624,0201004|0201004|0724001,"Con 2 tatamis de 76x200 cm, 90x200x14,5 cm",201004,YES,NO,NO,NO,1,COMPOSITION_EXACT_WOO,,"Evidence row; correlate by combination_sku, component_sku and quantity.",,EXACT,EXACT,COMPOSITION_EXACT_WOO,COMPOSITION_EXACT_WOO,UNCHANGED_EXACT_EVIDENCE,YES,NO,HIGH,Exact 001A.0 evidence retained; no fuzzy identity.,INCLUDED_EXACT,,,,,
WOO_SKU_COMPONENT_LIST,sku_component[1],3735,3624,0201004|0201004|0724003,,0201004,2,EXACT,SKU Woo literal: 0201004|0201004|0724003,EXACT_SKU,201004,EXACT,PRIMARY_WOO,3735,3624,0201004|0201004|0724003,"Con 2 tatamis de 76x200 cm, 140x200x14,5 cm",201004,YES,NO,NO,NO,1,COMPOSITION_EXACT_WOO,,"Evidence row; correlate by combination_sku, component_sku and quantity.",,EXACT,EXACT,COMPOSITION_EXACT_WOO,COMPOSITION_EXACT_WOO,UNCHANGED_EXACT_EVIDENCE,YES,NO,HIGH,Exact 001A.0 evidence retained; no fuzzy identity.,INCLUDED_EXACT,,,,,
WOO_SKU_COMPONENT_LIST,sku_component[1],3736,3624,0201004|0201004|0724004,,0201004,2,EXACT,SKU Woo literal: 0201004|0201004|0724004,EXACT_SKU,201004,EXACT,PRIMARY_WOO,3736,3624,0201004|0201004|0724004,"Con 2 tatamis de 76x200 cm, 150x200x14,5 cm",201004,YES,NO,NO,NO,1,COMPOSITION_EXACT_WOO,,"Evidence row; correlate by combination_sku, component_sku and quantity.",,EXACT,EXACT,COMPOSITION_EXACT_WOO,COMPOSITION_EXACT_WOO,UNCHANGED_EXACT_EVIDENCE,YES,NO,HIGH,Exact 001A.0 evidence retained; no fuzzy identity.,INCLUDED_EXACT,,,,,
WOO_SKU_COMPONENT_LIST,sku_component[1],3718,3623,0201004|0201004|0728001,,0201004,2,EXACT,SKU Woo literal: 0201004|0201004|0728001,EXACT_SKU,201004,EXACT,PRIMARY_WOO,3718,3623,0201004|0201004|0728001,"90x200x14,5 cm, Con 2 tatamis de 76x200 cm",201004,YES,NO,NO,NO,1,COMPOSITION_EXACT_WOO,,"Evidence row; correlate by combination_sku, component_sku and quantity.",,EXACT,EXACT,COMPOSITION_EXACT_WOO,COMPOSITION_EXACT_WOO,UNCHANGED_EXACT_EVIDENCE,YES,NO,HIGH,Exact 001A.0 evidence retained; no fuzzy identity.,INCLUDED_EXACT,,,,,
WOO_SKU_COMPONENT_LIST,sku_component[1],3716,3623,0201004|0201004|0728002,,0201004,2,EXACT,SKU Woo literal: 0201004|0201004|0728002,EXACT_SKU,201004,EXACT,PRIMARY_WOO,3716,3623,0201004|0201004|0728002,"140x200x14,5 cm, Con 2 tatamis de 76x200 cm",201004,YES,NO,NO,NO,1,COMPOSITION_EXACT_WOO,,"Evidence row; correlate by combination_sku, component_sku and quantity.",,EXACT,EXACT,COMPOSITION_EXACT_WOO,COMPOSITION_EXACT_WOO,UNCHANGED_EXACT_EVIDENCE,YES,NO,HIGH,Exact 001A.0 evidence retained; no fuzzy identity.,INCLUDED_EXACT,,,,,
WOO_SKU_COMPONENT_LIST,sku_component[1],3717,3623,0201004|0201004|0728003,,0201004,2,EXACT,SKU Woo literal: 0201004|0201004|0728003,EXACT_SKU,201004,EXACT,PRIMARY_WOO,3717,3623,0201004|0201004|0728003,"150x200x14,5 cm, Con 2 tatamis de 76x200 cm",201004,YES,NO,NO,NO,1,COMPOSITION_EXACT_WOO,,"Evidence row; correlate by combination_sku, component_sku and quantity.",,EXACT,EXACT,COMPOSITION_EXACT_WOO,COMPOSITION_EXACT_WOO,UNCHANGED_EXACT_EVIDENCE,YES,NO,HIGH,Exact 001A.0 evidence retained; no fuzzy identity.,INCLUDED_EXACT,,,,,
WOO_SKU_COMPONENT_LIST,sku_component[1],3697,3622,0201004|0201004|0730001,,0201004,2,EXACT,SKU Woo literal: 0201004|0201004|0730001,EXACT_SKU,201004,EXACT,PRIMARY_WOO,3697,3622,0201004|0201004|0730001,"90x200x14,5 cm, Con 2 tatamis de 76x200 cm",201004,YES,NO,NO,NO,1,COMPOSITION_EXACT_WOO,,"Evidence row; correlate by combination_sku, component_sku and quantity.",,EXACT,EXACT,COMPOSITION_EXACT_WOO,COMPOSITION_EXACT_WOO,UNCHANGED_EXACT_EVIDENCE,YES,NO,HIGH,Exact 001A.0 evidence retained; no fuzzy identity.,INCLUDED_EXACT,,,,,
WOO_SKU_COMPONENT_LIST,sku_component[1],3695,3622,0201004|0201004|0730002,,0201004,2,EXACT,SKU Woo literal: 0201004|0201004|0730002,EXACT_SKU,201004,EXACT,PRIMARY_WOO,3695,3622,0201004|0201004|0730002,"140x200x14,5 cm, Con 2 tatamis de 76x200 cm",201004,YES,NO,NO,NO,1,COMPOSITION_EXACT_WOO,,"Evidence row; correlate by combination_sku, component_sku and quantity.",,EXACT,EXACT,COMPOSITION_EXACT_WOO,COMPOSITION_EXACT_WOO,UNCHANGED_EXACT_EVIDENCE,YES,NO,HIGH,Exact 001A.0 evidence retained; no fuzzy identity.,INCLUDED_EXACT,,,,,
WOO_SKU_COMPONENT_LIST,sku_component[1],3696,3622,0201004|0201004|0730003,,0201004,2,EXACT,SKU Woo literal: 0201004|0201004|0730003,EXACT_SKU,201004,EXACT,PRIMARY_WOO,3696,3622,0201004|0201004|0730003,"150x200x14,5 cm, Con 2 tatamis de 76x200 cm",201004,YES,NO,NO,NO,1,COMPOSITION_EXACT_WOO,,"Evidence row; correlate by combination_sku, component_sku and quantity.",,EXACT,EXACT,COMPOSITION_EXACT_WOO,COMPOSITION_EXACT_WOO,UNCHANGED_EXACT_EVIDENCE,YES,NO,HIGH,Exact 001A.0 evidence retained; no fuzzy identity.,INCLUDED_EXACT,,,,,
WOO_SKU_COMPONENT_LIST,sku_component[1],3732,3624,0201010|0201010|0724001,,0201010,2,EXACT,SKU Woo literal: 0201010|0201010|0724001,EXACT_SKU,201010,EXACT,PRIMARY_WOO,3732,3624,0201010|0201010|0724001,"Con 2 tatamis de 100x200 cm, 90x200x14,5 cm",201010,YES,NO,NO,NO,1,COMPOSITION_EXACT_WOO,,"Evidence row; correlate by combination_sku, component_sku and quantity.",,EXACT,EXACT,COMPOSITION_EXACT_WOO,COMPOSITION_EXACT_WOO,UNCHANGED_EXACT_EVIDENCE,YES,NO,HIGH,Exact 001A.0 evidence retained; no fuzzy identity.,INCLUDED_EXACT,,,,,
WOO_SKU_COMPONENT_LIST,sku_component[1],3727,3624,0201010|0201010|0724003,,0201010,2,EXACT,SKU Woo literal: 0201010|0201010|0724003,EXACT_SKU,201010,EXACT,PRIMARY_WOO,3727,3624,0201010|0201010|0724003,"Con 2 tatamis de 100x200 cm, 140x200x14,5 cm",201010,YES,NO,NO,NO,1,COMPOSITION_EXACT_WOO,,"Evidence row; correlate by combination_sku, component_sku and quantity.",,EXACT,EXACT,COMPOSITION_EXACT_WOO,COMPOSITION_EXACT_WOO,UNCHANGED_EXACT_EVIDENCE,YES,NO,HIGH,Exact 001A.0 evidence retained; no fuzzy identity.,INCLUDED_EXACT,,,,,
WOO_SKU_COMPONENT_LIST,sku_component[1],3728,3624,0201010|0201010|0724004,,0201010,2,EXACT,SKU Woo literal: 0201010|0201010|0724004,EXACT_SKU,201010,EXACT,PRIMARY_WOO,3728,3624,0201010|0201010|0724004,"Con 2 tatamis de 100x200 cm, 150x200x14,5 cm",201010,YES,NO,NO,NO,1,COMPOSITION_EXACT_WOO,,"Evidence row; correlate by combination_sku, component_sku and quantity.",,EXACT,EXACT,COMPOSITION_EXACT_WOO,COMPOSITION_EXACT_WOO,UNCHANGED_EXACT_EVIDENCE,YES,NO,HIGH,Exact 001A.0 evidence retained; no fuzzy identity.,INCLUDED_EXACT,,,,,
WOO_SKU_COMPONENT_LIST,sku_component[1],3729,3624,0201010|0201010|0724005,,0201010,2,EXACT,SKU Woo literal: 0201010|0201010|0724005,EXACT_SKU,201010,EXACT,PRIMARY_WOO,3729,3624,0201010|0201010|0724005,"Con 2 tatamis de 100x200 cm, 160x200x14,5 cm",201010,YES,NO,NO,NO,1,COMPOSITION_EXACT_WOO,,"Evidence row; correlate by combination_sku, component_sku and quantity.",,EXACT,EXACT,COMPOSITION_EXACT_WOO,COMPOSITION_EXACT_WOO,UNCHANGED_EXACT_EVIDENCE,YES,NO,HIGH,Exact 001A.0 evidence retained; no fuzzy identity.,INCLUDED_EXACT,,,,,
WOO_SKU_COMPONENT_LIST,sku_component[1],3730,3624,0201010|0201010|0724006,,0201010,2,EXACT,SKU Woo literal: 0201010|0201010|0724006,EXACT_SKU,201010,EXACT,PRIMARY_WOO,3730,3624,0201010|0201010|0724006,"Con 2 tatamis de 100x200 cm, 180x200x14,5 cm",201010,YES,NO,NO,NO,1,COMPOSITION_EXACT_WOO,,"Evidence row; correlate by combination_sku, component_sku and quantity.",,EXACT,EXACT,COMPOSITION_EXACT_WOO,COMPOSITION_EXACT_WOO,UNCHANGED_EXACT_EVIDENCE,YES,NO,HIGH,Exact 001A.0 evidence retained; no fuzzy identity.,INCLUDED_EXACT,,,,,
WOO_SKU_COMPONENT_LIST,sku_component[1],3731,3624,0201010|0201010|0724007,,0201010,2,EXACT,SKU Woo literal: 0201010|0201010|0724007,EXACT_SKU,201010,EXACT,PRIMARY_WOO,3731,3624,0201010|0201010|0724007,"Con 2 tatamis de 100x200 cm, 200x200x14,5 cm",201010,YES,NO,NO,NO,1,COMPOSITION_EXACT_WOO,,"Evidence row; correlate by combination_sku, component_sku and quantity.",,EXACT,EXACT,COMPOSITION_EXACT_WOO,COMPOSITION_EXACT_WOO,UNCHANGED_EXACT_EVIDENCE,YES,NO,HIGH,Exact 001A.0 evidence retained; no fuzzy identity.,INCLUDED_EXACT,,,,,
WOO_SKU_COMPONENT_LIST,sku_component[1],3713,3623,0201010|0201010|0728001,,0201010,2,EXACT,SKU Woo literal: 0201010|0201010|0728001,EXACT_SKU,201010,EXACT,PRIMARY_WOO,3713,3623,0201010|0201010|0728001,"90x200x14,5 cm, Con 2 tatamis de 100x200 cm",201010,YES,NO,NO,NO,1,COMPOSITION_EXACT_WOO,,"Evidence row; correlate by combination_sku, component_sku and quantity.",,EXACT,EXACT,COMPOSITION_EXACT_WOO,COMPOSITION_EXACT_WOO,UNCHANGED_EXACT_EVIDENCE,YES,NO,HIGH,Exact 001A.0 evidence retained; no fuzzy identity.,INCLUDED_EXACT,,,,,
WOO_SKU_COMPONENT_LIST,sku_component[1],3708,3623,0201010|0201010|0728002,,0201010,2,EXACT,SKU Woo literal: 0201010|0201010|0728002,EXACT_SKU,201010,EXACT,PRIMARY_WOO,3708,3623,0201010|0201010|0728002,"140x200x14,5 cm, Con 2 tatamis de 100x200 cm",201010,YES,NO,NO,NO,1,COMPOSITION_EXACT_WOO,,"Evidence row; correlate by combination_sku, component_sku and quantity.",,EXACT,EXACT,COMPOSITION_EXACT_WOO,COMPOSITION_EXACT_WOO,UNCHANGED_EXACT_EVIDENCE,YES,NO,HIGH,Exact 001A.0 evidence retained; no fuzzy identity.,INCLUDED_EXACT,,,,,
WOO_SKU_COMPONENT_LIST,sku_component[1],3709,3623,0201010|0201010|0728003,,0201010,2,EXACT,SKU Woo literal: 0201010|0201010|0728003,EXACT_SKU,201010,EXACT,PRIMARY_WOO,3709,3623,0201010|0201010|0728003,"150x200x14,5 cm, Con 2 tatamis de 100x200 cm",201010,YES,NO,NO,NO,1,COMPOSITION_EXACT_WOO,,"Evidence row; correlate by combination_sku, component_sku and quantity.",,EXACT,EXACT,COMPOSITION_EXACT_WOO,COMPOSITION_EXACT_WOO,UNCHANGED_EXACT_EVIDENCE,YES,NO,HIGH,Exact 001A.0 evidence retained; no fuzzy identity.,INCLUDED_EXACT,,,,,
WOO_SKU_COMPONENT_LIST,sku_component[1],3710,3623,0201010|0201010|0728004,,0201010,2,EXACT,SKU Woo literal: 0201010|0201010|0728004,EXACT_SKU,201010,EXACT,PRIMARY_WOO,3710,3623,0201010|0201010|0728004,"160x200x14,5 cm, Con 2 tatamis de 100x200 cm",201010,YES,NO,NO,NO,1,COMPOSITION_EXACT_WOO,,"Evidence row; correlate by combination_sku, component_sku and quantity.",,EXACT,EXACT,COMPOSITION_EXACT_WOO,COMPOSITION_EXACT_WOO,UNCHANGED_EXACT_EVIDENCE,YES,NO,HIGH,Exact 001A.0 evidence retained; no fuzzy identity.,INCLUDED_EXACT,,,,,
WOO_SKU_COMPONENT_LIST,sku_component[1],3711,3623,0201010|0201010|0728005,,0201010,2,EXACT,SKU Woo literal: 0201010|0201010|0728005,EXACT_SKU,201010,EXACT,PRIMARY_WOO,3711,3623,0201010|0201010|0728005,"180x200x14,5 cm, Con 2 tatamis de 100x200 cm",201010,YES,NO,NO,NO,1,COMPOSITION_EXACT_WOO,,"Evidence row; correlate by combination_sku, component_sku and quantity.",,EXACT,EXACT,COMPOSITION_EXACT_WOO,COMPOSITION_EXACT_WOO,UNCHANGED_EXACT_EVIDENCE,YES,NO,HIGH,Exact 001A.0 evidence retained; no fuzzy identity.,INCLUDED_EXACT,,,,,
WOO_SKU_COMPONENT_LIST,sku_component[1],3712,3623,0201010|0201010|0728006,,0201010,2,EXACT,SKU Woo literal: 0201010|0201010|0728006,EXACT_SKU,201010,EXACT,PRIMARY_WOO,3712,3623,0201010|0201010|0728006,"200x200x14,5 cm, Con 2 tatamis de 100x200 cm",201010,YES,NO,NO,NO,1,COMPOSITION_EXACT_WOO,,"Evidence row; correlate by combination_sku, component_sku and quantity.",,EXACT,EXACT,COMPOSITION_EXACT_WOO,COMPOSITION_EXACT_WOO,UNCHANGED_EXACT_EVIDENCE,YES,NO,HIGH,Exact 001A.0 evidence retained; no fuzzy identity.,INCLUDED_EXACT,,,,,
WOO_SKU_COMPONENT_LIST,sku_component[1],3692,3622,0201010|0201010|0730001,,0201010,2,EXACT,SKU Woo literal: 0201010|0201010|0730001,EXACT_SKU,201010,EXACT,PRIMARY_WOO,3692,3622,0201010|0201010|0730001,"90x200x14,5 cm, Con 2 tatamis de 100x200 cm",201010,YES,NO,NO,NO,1,COMPOSITION_EXACT_WOO,,"Evidence row; correlate by combination_sku, component_sku and quantity.",,EXACT,EXACT,COMPOSITION_EXACT_WOO,COMPOSITION_EXACT_WOO,UNCHANGED_EXACT_EVIDENCE,YES,NO,HIGH,Exact 001A.0 evidence retained; no fuzzy identity.,INCLUDED_EXACT,,,,,
WOO_SKU_COMPONENT_LIST,sku_component[1],3687,3622,0201010|0201010|0730002,,0201010,2,EXACT,SKU Woo literal: 0201010|0201010|0730002,EXACT_SKU,201010,EXACT,PRIMARY_WOO,3687,3622,0201010|0201010|0730002,"140x200x14,5 cm, Con 2 tatamis de 100x200 cm",201010,YES,NO,NO,NO,1,COMPOSITION_EXACT_WOO,,"Evidence row; correlate by combination_sku, component_sku and quantity.",,EXACT,EXACT,COMPOSITION_EXACT_WOO,COMPOSITION_EXACT_WOO,UNCHANGED_EXACT_EVIDENCE,YES,NO,HIGH,Exact 001A.0 evidence retained; no fuzzy identity.,INCLUDED_EXACT,,,,,
WOO_SKU_COMPONENT_LIST,sku_component[1],3688,3622,0201010|0201010|0730003,,0201010,2,EXACT,SKU Woo literal: 0201010|0201010|0730003,EXACT_SKU,201010,EXACT,PRIMARY_WOO,3688,3622,0201010|0201010|0730003,"150x200x14,5 cm, Con 2 tatamis de 100x200 cm",201010,YES,NO,NO,NO,1,COMPOSITION_EXACT_WOO,,"Evidence row; correlate by combination_sku, component_sku and quantity.",,EXACT,EXACT,COMPOSITION_EXACT_WOO,COMPOSITION_EXACT_WOO,UNCHANGED_EXACT_EVIDENCE,YES,NO,HIGH,Exact 001A.0 evidence retained; no fuzzy identity.,INCLUDED_EXACT,,,,,
WOO_SKU_COMPONENT_LIST,sku_component[1],3689,3622,0201010|0201010|0730004,,0201010,2,EXACT,SKU Woo literal: 0201010|0201010|0730004,EXACT_SKU,201010,EXACT,PRIMARY_WOO,3689,3622,0201010|0201010|0730004,"160x200x14,5 cm, Con 2 tatamis de 100x200 cm",201010,YES,NO,NO,NO,1,COMPOSITION_EXACT_WOO,,"Evidence row; correlate by combination_sku, component_sku and quantity.",,EXACT,EXACT,COMPOSITION_EXACT_WOO,COMPOSITION_EXACT_WOO,UNCHANGED_EXACT_EVIDENCE,YES,NO,HIGH,Exact 001A.0 evidence retained; no fuzzy identity.,INCLUDED_EXACT,,,,,
WOO_SKU_COMPONENT_LIST,sku_component[1],3690,3622,0201010|0201010|0730005,,0201010,2,EXACT,SKU Woo literal: 0201010|0201010|0730005,EXACT_SKU,201010,EXACT,PRIMARY_WOO,3690,3622,0201010|0201010|0730005,"180x200x14,5 cm, Con 2 tatamis de 100x200 cm",201010,YES,NO,NO,NO,1,COMPOSITION_EXACT_WOO,,"Evidence row; correlate by combination_sku, component_sku and quantity.",,EXACT,EXACT,COMPOSITION_EXACT_WOO,COMPOSITION_EXACT_WOO,UNCHANGED_EXACT_EVIDENCE,YES,NO,HIGH,Exact 001A.0 evidence retained; no fuzzy identity.,INCLUDED_EXACT,,,,,
WOO_SKU_COMPONENT_LIST,sku_component[1],3691,3622,0201010|0201010|0730006,,0201010,2,EXACT,SKU Woo literal: 0201010|0201010|0730006,EXACT_SKU,201010,EXACT,PRIMARY_WOO,3691,3622,0201010|0201010|0730006,"200x200x14,5 cm, Con 2 tatamis de 100x200 cm",201010,YES,NO,NO,NO,1,COMPOSITION_EXACT_WOO,,"Evidence row; correlate by combination_sku, component_sku and quantity.",,EXACT,EXACT,COMPOSITION_EXACT_WOO,COMPOSITION_EXACT_WOO,UNCHANGED_EXACT_EVIDENCE,YES,NO,HIGH,Exact 001A.0 evidence retained; no fuzzy identity.,INCLUDED_EXACT,,,,,
WOO_SKU_COMPONENT_LIST,sku_component[1],4558,3657,0201011|0808001,,0201011,1,EXACT,SKU Woo literal: 0201011|0808001,EXACT_SKU,201011,EXACT,PRIMARY_WOO,4558,3657,0201011|0808001,Crudo,201011,YES,NO,NO,NO,1,COMPOSITION_EXACT_WOO,,"Evidence row; correlate by combination_sku, component_sku and quantity.",,EXACT,EXACT,COMPOSITION_EXACT_WOO,COMPOSITION_EXACT_WOO,UNCHANGED_EXACT_EVIDENCE,YES,NO,HIGH,Exact 001A.0 evidence retained; no fuzzy identity.,INCLUDED_EXACT,,,,,
WOO_SKU_COMPONENT_LIST,sku_component[1],4556,3657,0201011|0809001,,0201011,1,EXACT,SKU Woo literal: 0201011|0809001,EXACT_SKU,201011,EXACT,PRIMARY_WOO,4556,3657,0201011|0809001,Azul,201011,YES,NO,NO,NO,1,COMPOSITION_EXACT_WOO,,"Evidence row; correlate by combination_sku, component_sku and quantity.",,EXACT,EXACT,COMPOSITION_EXACT_WOO,COMPOSITION_EXACT_WOO,UNCHANGED_EXACT_EVIDENCE,YES,NO,HIGH,Exact 001A.0 evidence retained; no fuzzy identity.,INCLUDED_EXACT,,,,,
WOO_SKU_COMPONENT_LIST,sku_component[1],4561,3657,0201011|0816001,,0201011,1,EXACT,SKU Woo literal: 0201011|0816001,EXACT_SKU,201011,EXACT,PRIMARY_WOO,4561,3657,0201011|0816001,Negro,201011,YES,NO,NO,NO,1,COMPOSITION_EXACT_WOO,,"Evidence row; correlate by combination_sku, component_sku and quantity.",,EXACT,EXACT,COMPOSITION_EXACT_WOO,COMPOSITION_EXACT_WOO,UNCHANGED_EXACT_EVIDENCE,YES,NO,HIGH,Exact 001A.0 evidence retained; no fuzzy identity.,INCLUDED_EXACT,,,,,
WOO_SKU_COMPONENT_LIST,sku_component[1],4557,3657,0201011|0817001,,0201011,1,EXACT,SKU Woo literal: 0201011|0817001,EXACT_SKU,201011,EXACT,PRIMARY_WOO,4557,3657,0201011|0817001,Granate,201011,YES,NO,NO,NO,1,COMPOSITION_EXACT_WOO,,"Evidence row; correlate by combination_sku, component_sku and quantity.",,EXACT,EXACT,COMPOSITION_EXACT_WOO,COMPOSITION_EXACT_WOO,UNCHANGED_EXACT_EVIDENCE,YES,NO,HIGH,Exact 001A.0 evidence retained; no fuzzy identity.,INCLUDED_EXACT,,,,,
WOO_SKU_COMPONENT_LIST,sku_component[1],13091,3657,0201011|0818001,,0201011,1,EXACT,SKU Woo literal: 0201011|0818001,EXACT_SKU,201011,EXACT,PRIMARY_WOO,13091,3657,0201011|0818001,Marrón Chocolate,201011,YES,NO,NO,NO,1,COMPOSITION_EXACT_WOO,,"Evidence row; correlate by combination_sku, component_sku and quantity.",,EXACT,EXACT,COMPOSITION_EXACT_WOO,COMPOSITION_EXACT_WOO,UNCHANGED_EXACT_EVIDENCE,YES,NO,HIGH,Exact 001A.0 evidence retained; no fuzzy identity.,INCLUDED_EXACT,,,,,
WOO_SKU_COMPONENT_LIST,sku_component[1],4559,3657,0201011|0859002,,0201011,1,EXACT,SKU Woo literal: 0201011|0859002,EXACT_SKU,201011,EXACT,PRIMARY_WOO,4559,3657,0201011|0859002,Verde oscuro,201011,YES,NO,NO,NO,1,COMPOSITION_EXACT_WOO,,"Evidence row; correlate by combination_sku, component_sku and quantity.",,EXACT,EXACT,COMPOSITION_EXACT_WOO,COMPOSITION_EXACT_WOO,UNCHANGED_EXACT_EVIDENCE,YES,NO,HIGH,Exact 001A.0 evidence retained; no fuzzy identity.,INCLUDED_EXACT,,,,,
WOO_SKU_COMPONENT_LIST,sku_component[1],3664,3611,0302002|0201002|0201002,,0302002,1,EXACT,SKU Woo literal: 0302002|0201002|0201002,EXACT_SKU,302002,EXACT,PRIMARY_WOO,3664,3611,0302002|0201002|0201002,Con 2 tatamis de 90x200 cm,302002,YES,NO,NO,NO,1,COMPOSITION_EXACT_WOO,,"Evidence row; correlate by combination_sku, component_sku and quantity.",,EXACT,EXACT,COMPOSITION_EXACT_WOO,COMPOSITION_EXACT_WOO,UNCHANGED_EXACT_EVIDENCE,YES,NO,HIGH,Exact 001A.0 evidence retained; no fuzzy identity.,INCLUDED_EXACT,,,,,
WOO_SKU_COMPONENT_LIST,sku_component[1],3662,3610,0302009|0201002|0201002,,0302009,1,EXACT,SKU Woo literal: 0302009|0201002|0201002,EXACT_SKU,302009,EXACT,PRIMARY_WOO,3662,3610,0302009|0201002|0201002,Con 2 tatamis de 90x200 cm,302009,YES,NO,NO,NO,1,COMPOSITION_EXACT_WOO,,"Evidence row; correlate by combination_sku, component_sku and quantity.",,EXACT,EXACT,COMPOSITION_EXACT_WOO,COMPOSITION_EXACT_WOO,UNCHANGED_EXACT_EVIDENCE,YES,NO,HIGH,Exact 001A.0 evidence retained; no fuzzy identity.,INCLUDED_EXACT,,,,,
WOO_SKU_COMPONENT_LIST,sku_component[1],3667,3612,0302018|0201001|0201001,,0302018,1,EXACT,SKU Woo literal: 0302018|0201001|0201001,EXACT_SKU,302018,EXACT,PRIMARY_WOO,3667,3612,0302018|0201001|0201001,"174x214x20 cm, 160x200 cm, Crudo, sin barniz, Con 2 tatamis de 80x200 cm",302018,YES,NO,NO,NO,1,COMPOSITION_EXACT_WOO,,"Evidence row; correlate by combination_sku, component_sku and quantity.",,EXACT,EXACT,COMPOSITION_EXACT_WOO,COMPOSITION_EXACT_WOO,UNCHANGED_EXACT_EVIDENCE,YES,NO,HIGH,Exact 001A.0 evidence retained; no fuzzy identity.,INCLUDED_EXACT,,,,,
WOO_SKU_COMPONENT_LIST,sku_component[1],3668,3612,0302019|0201002|0201002,,0302019,1,EXACT,SKU Woo literal: 0302019|0201002|0201002,EXACT_SKU,302019,EXACT,PRIMARY_WOO,3668,3612,0302019|0201002|0201002,"194x214x20 cm, 180x200 cm, Crudo, sin barniz, Con 2 tatamis de 90x200 cm",302019,YES,NO,NO,NO,1,COMPOSITION_EXACT_WOO,,"Evidence row; correlate by combination_sku, component_sku and quantity.",,EXACT,EXACT,COMPOSITION_EXACT_WOO,COMPOSITION_EXACT_WOO,UNCHANGED_EXACT_EVIDENCE,YES,NO,HIGH,Exact 001A.0 evidence retained; no fuzzy identity.,INCLUDED_EXACT,,,,,
WOO_SKU_COMPONENT_LIST,sku_component[1],3679,3618,0402010|0201001|0201001,,0402010,1,EXACT,SKU Woo literal: 0402010|0201001|0201001,EXACT_SKU,402010,EXACT,PRIMARY_WOO,3679,3618,0402010|0201001|0201001,"174x214x40 cm, 160x200 cm, Crudo, sin barniz, Con 2 tatamis de 80x200 cm",402010,YES,NO,NO,NO,1,COMPOSITION_EXACT_WOO,,"Evidence row; correlate by combination_sku, component_sku and quantity.",,EXACT,EXACT,COMPOSITION_EXACT_WOO,COMPOSITION_EXACT_WOO,UNCHANGED_EXACT_EVIDENCE,YES,NO,HIGH,Exact 001A.0 evidence retained; no fuzzy identity.,INCLUDED_EXACT,,,,,
WOO_SKU_COMPONENT_LIST,sku_component[1],3680,3618,0402012|0201002|0201002,,0402012,1,EXACT,SKU Woo literal: 0402012|0201002|0201002,EXACT_SKU,402012,EXACT,PRIMARY_WOO,3680,3618,0402012|0201002|0201002,"194x214x40 cm, 180x200 cm, Crudo, sin barniz, Con 2 tatamis de 90x200 cm",402012,YES,NO,NO,NO,1,COMPOSITION_EXACT_WOO,,"Evidence row; correlate by combination_sku, component_sku and quantity.",,EXACT,EXACT,COMPOSITION_EXACT_WOO,COMPOSITION_EXACT_WOO,UNCHANGED_EXACT_EVIDENCE,YES,NO,HIGH,Exact 001A.0 evidence retained; no fuzzy identity.,INCLUDED_EXACT,,,,,
WOO_SKU_COMPONENT_LIST,sku_component[1],4232,3650,0502002|0724008,,0502002,1,EXACT,SKU Woo literal: 0502002|0724008,EXACT_SKU,502002,EXACT,PRIMARY_WOO,4232,3650,0502002|0724008,"Futón de algodón, 140x190x14,5 cm, Sin funda",502002,YES,NO,NO,NO,1,COMPOSITION_EXACT_WOO,,"Evidence row; correlate by combination_sku, component_sku and quantity.",,EXACT,EXACT,COMPOSITION_EXACT_WOO,COMPOSITION_EXACT_WOO,UNCHANGED_EXACT_EVIDENCE,YES,NO,HIGH,Exact 001A.0 evidence retained; no fuzzy identity.,INCLUDED_EXACT,,,,,
WOO_SKU_COMPONENT_LIST,sku_component[1],4236,3650,0502002|0724008|0608006,,0502002,1,EXACT,SKU Woo literal: 0502002|0724008|0608006,EXACT_SKU,502002,EXACT,PRIMARY_WOO,4236,3650,0502002|0724008|0608006,"Futón de algodón, 140x190x14,5 cm, Crudo",502002,YES,NO,NO,NO,1,COMPOSITION_EXACT_WOO,,"Evidence row; correlate by combination_sku, component_sku and quantity.",,EXACT,EXACT,COMPOSITION_EXACT_WOO,COMPOSITION_EXACT_WOO,UNCHANGED_EXACT_EVIDENCE,YES,NO,HIGH,Exact 001A.0 evidence retained; no fuzzy identity.,INCLUDED_EXACT,,,,,
WOO_SKU_COMPONENT_LIST,sku_component[1],4240,3650,0502002|0724008|0616006,,0502002,1,EXACT,SKU Woo literal: 0502002|0724008|0616006,EXACT_SKU,502002,EXACT,PRIMARY_WOO,4240,3650,0502002|0724008|0616006,"Futón de algodón, 140x190x14,5 cm, Negro",502002,YES,NO,NO,NO,1,COMPOSITION_EXACT_WOO,,"Evidence row; correlate by combination_sku, component_sku and quantity.",,EXACT,EXACT,COMPOSITION_EXACT_WOO,COMPOSITION_EXACT_WOO,UNCHANGED_EXACT_EVIDENCE,YES,NO,HIGH,Exact 001A.0 evidence retained; no fuzzy identity.,INCLUDED_EXACT,,,,,
WOO_SKU_COMPONENT_LIST,sku_component[1],6292,3650,0502002|0724008|0617002,,0502002,1,EXACT,SKU Woo literal: 0502002|0724008|0617002,EXACT_SKU,502002,EXACT,PRIMARY_WOO,6292,3650,0502002|0724008|0617002,"Futón de algodón, 140x190x14,5 cm, Gris jaspeado",502002,YES,NO,NO,NO,1,COMPOSITION_EXACT_WOO,,"Evidence row; correlate by combination_sku, component_sku and quantity.",,EXACT,EXACT,COMPOSITION_EXACT_WOO,COMPOSITION_EXACT_WOO,UNCHANGED_EXACT_EVIDENCE,YES,NO,HIGH,Exact 001A.0 evidence retained; no fuzzy identity.,INCLUDED_EXACT,,,,,
WOO_SKU_COMPONENT_LIST,sku_component[1],6293,3650,0502002|0724008|0619002,,0502002,1,EXACT,SKU Woo literal: 0502002|0724008|0619002,EXACT_SKU,502002,EXACT,PRIMARY_WOO,6293,3650,0502002|0724008|0619002,"Futón de algodón, 140x190x14,5 cm, Beige jaspeado",502002,YES,NO,NO,NO,1,COMPOSITION_EXACT_WOO,,"Evidence row; correlate by combination_sku, component_sku and quantity.",,EXACT,EXACT,COMPOSITION_EXACT_WOO,COMPOSITION_EXACT_WOO,UNCHANGED_EXACT_EVIDENCE,YES,NO,HIGH,Exact 001A.0 evidence retained; no fuzzy identity.,INCLUDED_EXACT,,,,,
WOO_SKU_COMPONENT_LIST,sku_component[1],11123,3650,0502002|0724008|0619009,,0502002,1,EXACT,SKU Woo literal: 0502002|0724008|0619009,EXACT_SKU,502002,EXACT,PRIMARY_WOO,11123,3650,0502002|0724008|0619009,"Futón de algodón, 140x190x14,5 cm, Marrón",502002,YES,NO,NO,NO,1,COMPOSITION_EXACT_WOO,,"Evidence row; correlate by combination_sku, component_sku and quantity.",,EXACT,EXACT,COMPOSITION_EXACT_WOO,COMPOSITION_EXACT_WOO,UNCHANGED_EXACT_EVIDENCE,YES,NO,HIGH,Exact 001A.0 evidence retained; no fuzzy identity.,INCLUDED_EXACT,,,,,
WOO_SKU_COMPONENT_LIST,sku_component[1],4208,3650,0502002|0728007,,0502002,1,EXACT,SKU Woo literal: 0502002|0728007,EXACT_SKU,502002,EXACT,PRIMARY_WOO,4208,3650,0502002|0728007,"Futón con una capa de látex, 140x190x14,5 cm, Sin funda",502002,YES,NO,NO,NO,1,COMPOSITION_EXACT_WOO,,"Evidence row; correlate by combination_sku, component_sku and quantity.",,EXACT,EXACT,COMPOSITION_EXACT_WOO,COMPOSITION_EXACT_WOO,UNCHANGED_EXACT_EVIDENCE,YES,NO,HIGH,Exact 001A.0 evidence retained; no fuzzy identity.,INCLUDED_EXACT,,,,,
WOO_SKU_COMPONENT_LIST,sku_component[1],4212,3650,0502002|0728007|0608006,,0502002,1,EXACT,SKU Woo literal: 0502002|0728007|0608006,EXACT_SKU,502002,EXACT,PRIMARY_WOO,4212,3650,0502002|0728007|0608006,"Futón con una capa de látex, 140x190x14,5 cm, Crudo",502002,YES,NO,NO,NO,1,COMPOSITION_EXACT_WOO,,"Evidence row; correlate by combination_sku, component_sku and quantity.",,EXACT,EXACT,COMPOSITION_EXACT_WOO,COMPOSITION_EXACT_WOO,UNCHANGED_EXACT_EVIDENCE,YES,NO,HIGH,Exact 001A.0 evidence retained; no fuzzy identity.,INCLUDED_EXACT,,,,,
WOO_SKU_COMPONENT_LIST,sku_component[1],4216,3650,0502002|0728007|0616006,,0502002,1,EXACT,SKU Woo literal: 0502002|0728007|0616006,EXACT_SKU,502002,EXACT,PRIMARY_WOO,4216,3650,0502002|0728007|0616006,"Futón con una capa de látex, 140x190x14,5 cm, Negro",502002,YES,NO,NO,NO,1,COMPOSITION_EXACT_WOO,,"Evidence row; correlate by combination_sku, component_sku and quantity.",,EXACT,EXACT,COMPOSITION_EXACT_WOO,COMPOSITION_EXACT_WOO,UNCHANGED_EXACT_EVIDENCE,YES,NO,HIGH,Exact 001A.0 evidence retained; no fuzzy identity.,INCLUDED_EXACT,,,,,
WOO_SKU_COMPONENT_LIST,sku_component[1],9456,3650,0502002|0728007|0617002,,0502002,1,EXACT,SKU Woo literal: 0502002|0728007|0617002,EXACT_SKU,502002,EXACT,PRIMARY_WOO,9456,3650,0502002|0728007|0617002,"Futón con una capa de látex, 140x190x14,5 cm, Gris jaspeado",502002,YES,NO,NO,NO,1,COMPOSITION_EXACT_WOO,,"Evidence row; correlate by combination_sku, component_sku and quantity.",,EXACT,EXACT,COMPOSITION_EXACT_WOO,COMPOSITION_EXACT_WOO,UNCHANGED_EXACT_EVIDENCE,YES,NO,HIGH,Exact 001A.0 evidence retained; no fuzzy identity.,INCLUDED_EXACT,,,,,
WOO_SKU_COMPONENT_LIST,sku_component[1],6295,3650,0502002|0728007|0619002,,0502002,1,EXACT,SKU Woo literal: 0502002|0728007|0619002,EXACT_SKU,502002,EXACT,PRIMARY_WOO,6295,3650,0502002|0728007|0619002,"Futón con una capa de látex, 140x190x14,5 cm, Beige jaspeado",502002,YES,NO,NO,NO,1,COMPOSITION_EXACT_WOO,,"Evidence row; correlate by combination_sku, component_sku and quantity.",,EXACT,EXACT,COMPOSITION_EXACT_WOO,COMPOSITION_EXACT_WOO,UNCHANGED_EXACT_EVIDENCE,YES,NO,HIGH,Exact 001A.0 evidence retained; no fuzzy identity.,INCLUDED_EXACT,,,,,
WOO_SKU_COMPONENT_LIST,sku_component[1],11125,3650,0502002|0728007|0619009,,0502002,1,EXACT,SKU Woo literal: 0502002|0728007|0619009,EXACT_SKU,502002,EXACT,PRIMARY_WOO,11125,3650,0502002|0728007|0619009,"Futón con una capa de látex, 140x190x14,5 cm, Marrón",502002,YES,NO,NO,NO,1,COMPOSITION_EXACT_WOO,,"Evidence row; correlate by combination_sku, component_sku and quantity.",,EXACT,EXACT,COMPOSITION_EXACT_WOO,COMPOSITION_EXACT_WOO,UNCHANGED_EXACT_EVIDENCE,YES,NO,HIGH,Exact 001A.0 evidence retained; no fuzzy identity.,INCLUDED_EXACT,,,,,
WOO_SKU_COMPONENT_LIST,sku_component[1],4220,3650,0502002|0730007,,0502002,1,EXACT,SKU Woo literal: 0502002|0730007,EXACT_SKU,502002,EXACT,PRIMARY_WOO,4220,3650,0502002|0730007,"Futón con dos capas de látex, 140x190x14,5 cm, Sin funda",502002,YES,NO,NO,NO,1,COMPOSITION_EXACT_WOO,,"Evidence row; correlate by combination_sku, component_sku and quantity.",,EXACT,EXACT,COMPOSITION_EXACT_WOO,COMPOSITION_EXACT_WOO,UNCHANGED_EXACT_EVIDENCE,YES,NO,HIGH,Exact 001A.0 evidence retained; no fuzzy identity.,INCLUDED_EXACT,,,,,
WOO_SKU_COMPONENT_LIST,sku_component[1],4224,3650,0502002|0730007|0608006,,0502002,1,EXACT,SKU Woo literal: 0502002|0730007|0608006,EXACT_SKU,502002,EXACT,PRIMARY_WOO,4224,3650,0502002|0730007|0608006,"Futón con dos capas de látex, 140x190x14,5 cm, Crudo",502002,YES,NO,NO,NO,1,COMPOSITION_EXACT_WOO,,"Evidence row; correlate by combination_sku, component_sku and quantity.",,EXACT,EXACT,COMPOSITION_EXACT_WOO,COMPOSITION_EXACT_WOO,UNCHANGED_EXACT_EVIDENCE,YES,NO,HIGH,Exact 001A.0 evidence retained; no fuzzy identity.,INCLUDED_EXACT,,,,,
WOO_SKU_COMPONENT_LIST,sku_component[1],4228,3650,0502002|0730007|0616006,,0502002,1,EXACT,SKU Woo literal: 0502002|0730007|0616006,EXACT_SKU,502002,EXACT,PRIMARY_WOO,4228,3650,0502002|0730007|0616006,"Futón con dos capas de látex, 140x190x14,5 cm, Negro",502002,YES,NO,NO,NO,1,COMPOSITION_EXACT_WOO,,"Evidence row; correlate by combination_sku, component_sku and quantity.",,EXACT,EXACT,COMPOSITION_EXACT_WOO,COMPOSITION_EXACT_WOO,UNCHANGED_EXACT_EVIDENCE,YES,NO,HIGH,Exact 001A.0 evidence retained; no fuzzy identity.,INCLUDED_EXACT,,,,,
WOO_SKU_COMPONENT_LIST,sku_component[1],9457,3650,0502002|0730007|0617002,,0502002,1,EXACT,SKU Woo literal: 0502002|0730007|0617002,EXACT_SKU,502002,EXACT,PRIMARY_WOO,9457,3650,0502002|0730007|0617002,"Futón con dos capas de látex, 140x190x14,5 cm, Gris jaspeado",502002,YES,NO,NO,NO,1,COMPOSITION_EXACT_WOO,,"Evidence row; correlate by combination_sku, component_sku and quantity.",,EXACT,EXACT,COMPOSITION_EXACT_WOO,COMPOSITION_EXACT_WOO,UNCHANGED_EXACT_EVIDENCE,YES,NO,HIGH,Exact 001A.0 evidence retained; no fuzzy identity.,INCLUDED_EXACT,,,,,
WOO_SKU_COMPONENT_LIST,sku_component[1],6294,3650,0502002|0730007|0619002,,0502002,1,EXACT,SKU Woo literal: 0502002|0730007|0619002,EXACT_SKU,502002,EXACT,PRIMARY_WOO,6294,3650,0502002|0730007|0619002,"Futón con dos capas de látex, 140x190x14,5 cm, Beige jaspeado",502002,YES,NO,NO,NO,1,COMPOSITION_EXACT_WOO,,"Evidence row; correlate by combination_sku, component_sku and quantity.",,EXACT,EXACT,COMPOSITION_EXACT_WOO,COMPOSITION_EXACT_WOO,UNCHANGED_EXACT_EVIDENCE,YES,NO,HIGH,Exact 001A.0 evidence retained; no fuzzy identity.,INCLUDED_EXACT,,,,,
WOO_SKU_COMPONENT_LIST,sku_component[1],11126,3650,0502002|0730007|0619009,,0502002,1,EXACT,SKU Woo literal: 0502002|0730007|0619009,EXACT_SKU,502002,EXACT,PRIMARY_WOO,11126,3650,0502002|0730007|0619009,"Futón con dos capas de látex, 140x190x14,5 cm, Marrón",502002,YES,NO,NO,NO,1,COMPOSITION_EXACT_WOO,,"Evidence row; correlate by combination_sku, component_sku and quantity.",,EXACT,EXACT,COMPOSITION_EXACT_WOO,COMPOSITION_EXACT_WOO,UNCHANGED_EXACT_EVIDENCE,YES,NO,HIGH,Exact 001A.0 evidence retained; no fuzzy identity.,INCLUDED_EXACT,,,,,
WOO_SKU_COMPONENT_LIST,sku_component[1],4124,3649,0502005|0727007,,0502005,1,EXACT,SKU Woo literal: 0502005|0727007,EXACT_SKU,502005,EXACT,PRIMARY_WOO,4124,3649,0502005|0727007,"Futón con una capa de látex, 80x200x13 cm, Sin funda",502005,YES,NO,NO,NO,1,COMPOSITION_EXACT_WOO,,"Evidence row; correlate by combination_sku, component_sku and quantity.",,EXACT,EXACT,COMPOSITION_EXACT_WOO,COMPOSITION_EXACT_WOO,UNCHANGED_EXACT_EVIDENCE,YES,NO,HIGH,Exact 001A.0 evidence retained; no fuzzy identity.,INCLUDED_EXACT,,,,,
WOO_SKU_COMPONENT_LIST,sku_component[1],4128,3649,0502005|0727007|0608007,,0502005,1,EXACT,SKU Woo literal: 0502005|0727007|0608007,EXACT_SKU,502005,EXACT,PRIMARY_WOO,4128,3649,0502005|0727007|0608007,"Futón con una capa de látex, 80x200x13 cm, Crudo",502005,YES,NO,NO,NO,1,COMPOSITION_EXACT_WOO,,"Evidence row; correlate by combination_sku, component_sku and quantity.",,EXACT,EXACT,COMPOSITION_EXACT_WOO,COMPOSITION_EXACT_WOO,UNCHANGED_EXACT_EVIDENCE,YES,NO,HIGH,Exact 001A.0 evidence retained; no fuzzy identity.,INCLUDED_EXACT,,,,,
WOO_SKU_COMPONENT_LIST,sku_component[1],4132,3649,0502005|0727007|0616007,,0502005,1,EXACT,SKU Woo literal: 0502005|0727007|0616007,EXACT_SKU,502005,EXACT,PRIMARY_WOO,4132,3649,0502005|0727007|0616007,"Futón con una capa de látex, 80x200x13 cm, Negro",502005,YES,NO,NO,NO,1,COMPOSITION_EXACT_WOO,,"Evidence row; correlate by combination_sku, component_sku and quantity.",,EXACT,EXACT,COMPOSITION_EXACT_WOO,COMPOSITION_EXACT_WOO,UNCHANGED_EXACT_EVIDENCE,YES,NO,HIGH,Exact 001A.0 evidence retained; no fuzzy identity.,INCLUDED_EXACT,,,,,
WOO_SKU_COMPONENT_LIST,sku_component[1],11132,3649,0502005|0727007|0619007,,0502005,1,EXACT,SKU Woo literal: 0502005|0727007|0619007,EXACT_SKU,502005,EXACT,PRIMARY_WOO,11132,3649,0502005|0727007|0619007,"Futón con una capa de látex, 80x200x13 cm, Marrón",502005,YES,NO,NO,NO,1,COMPOSITION_EXACT_WOO,,"Evidence row; correlate by combination_sku, component_sku and quantity.",,EXACT,EXACT,COMPOSITION_EXACT_WOO,COMPOSITION_EXACT_WOO,UNCHANGED_EXACT_EVIDENCE,YES,NO,HIGH,Exact 001A.0 evidence retained; no fuzzy identity.,INCLUDED_EXACT,,,,,
WOO_SKU_COMPONENT_LIST,sku_component[1],4136,3649,0502005|0730009,,0502005,1,EXACT,SKU Woo literal: 0502005|0730009,EXACT_SKU,502005,EXACT,PRIMARY_WOO,4136,3649,0502005|0730009,"Futón con dos capas de látex, 80x200x13 cm, Sin funda",502005,YES,NO,NO,NO,1,COMPOSITION_EXACT_WOO,,"Evidence row; correlate by combination_sku, component_sku and quantity.",,EXACT,EXACT,COMPOSITION_EXACT_WOO,COMPOSITION_EXACT_WOO,UNCHANGED_EXACT_EVIDENCE,YES,NO,HIGH,Exact 001A.0 evidence retained; no fuzzy identity.,INCLUDED_EXACT,,,,,
WOO_SKU_COMPONENT_LIST,sku_component[1],4140,3649,0502005|0730009|0608007,,0502005,1,EXACT,SKU Woo literal: 0502005|0730009|0608007,EXACT_SKU,502005,EXACT,PRIMARY_WOO,4140,3649,0502005|0730009|0608007,"Futón con dos capas de látex, 80x200x13 cm, Crudo",502005,YES,NO,NO,NO,1,COMPOSITION_EXACT_WOO,,"Evidence row; correlate by combination_sku, component_sku and quantity.",,EXACT,EXACT,COMPOSITION_EXACT_WOO,COMPOSITION_EXACT_WOO,UNCHANGED_EXACT_EVIDENCE,YES,NO,HIGH,Exact 001A.0 evidence retained; no fuzzy identity.,INCLUDED_EXACT,,,,,
WOO_SKU_COMPONENT_LIST,sku_component[1],4144,3649,0502005|0730009|0616007,,0502005,1,EXACT,SKU Woo literal: 0502005|0730009|0616007,EXACT_SKU,502005,EXACT,PRIMARY_WOO,4144,3649,0502005|0730009|0616007,"Futón con dos capas de látex, 80x200x13 cm, Negro",502005,YES,NO,NO,NO,1,COMPOSITION_EXACT_WOO,,"Evidence row; correlate by combination_sku, component_sku and quantity.",,EXACT,EXACT,COMPOSITION_EXACT_WOO,COMPOSITION_EXACT_WOO,UNCHANGED_EXACT_EVIDENCE,YES,NO,HIGH,Exact 001A.0 evidence retained; no fuzzy identity.,INCLUDED_EXACT,,,,,
WOO_SKU_COMPONENT_LIST,sku_component[1],11133,3649,0502005|0730009|0619007,,0502005,1,EXACT,SKU Woo literal: 0502005|0730009|0619007,EXACT_SKU,502005,EXACT,PRIMARY_WOO,11133,3649,0502005|0730009|0619007,"Futón con dos capas de látex, 80x200x13 cm, Marrón",502005,YES,NO,NO,NO,1,COMPOSITION_EXACT_WOO,,"Evidence row; correlate by combination_sku, component_sku and quantity.",,EXACT,EXACT,COMPOSITION_EXACT_WOO,COMPOSITION_EXACT_WOO,UNCHANGED_EXACT_EVIDENCE,YES,NO,HIGH,Exact 001A.0 evidence retained; no fuzzy identity.,INCLUDED_EXACT,,,,,
WOO_SKU_COMPONENT_LIST,sku_component[1],11837,3649,0502005|1249001,,0502005,1,EXACT,SKU Woo literal: 0502005|1249001,EXACT_SKU,502005,EXACT,PRIMARY_WOO,11837,3649,0502005|1249001,"Futón de algodón de colores individual, 80x200x13 cm, Crudo, Sin funda",502005,YES,NO,NO,NO,1,COMPOSITION_EXACT_WOO,,"Evidence row; correlate by combination_sku, component_sku and quantity.",,EXACT,EXACT,COMPOSITION_EXACT_WOO,COMPOSITION_EXACT_WOO,UNCHANGED_EXACT_EVIDENCE,YES,NO,HIGH,Exact 001A.0 evidence retained; no fuzzy identity.,INCLUDED_EXACT,,,,,
WOO_SKU_COMPONENT_LIST,sku_component[1],4200,3649,0502005|1249001|0608007,,0502005,1,EXACT,SKU Woo literal: 0502005|1249001|0608007,EXACT_SKU,502005,EXACT,PRIMARY_WOO,4200,3649,0502005|1249001|0608007,"Futón de algodón de colores individual, 80x200x13 cm, Crudo, Crudo",502005,YES,NO,NO,NO,1,COMPOSITION_EXACT_WOO,,"Evidence row; correlate by combination_sku, component_sku and quantity.",,EXACT,EXACT,COMPOSITION_EXACT_WOO,COMPOSITION_EXACT_WOO,UNCHANGED_EXACT_EVIDENCE,YES,NO,HIGH,Exact 001A.0 evidence retained; no fuzzy identity.,INCLUDED_EXACT,,,,,
WOO_SKU_COMPONENT_LIST,sku_component[1],11836,3649,0502005|1249001|0616007,,0502005,1,EXACT,SKU Woo literal: 0502005|1249001|0616007,EXACT_SKU,502005,EXACT,PRIMARY_WOO,11836,3649,0502005|1249001|0616007,"Futón de algodón de colores individual, 80x200x13 cm, Crudo, Negro",502005,YES,NO,NO,NO,1,COMPOSITION_EXACT_WOO,,"Evidence row; correlate by combination_sku, component_sku and quantity.",,EXACT,EXACT,COMPOSITION_EXACT_WOO,COMPOSITION_EXACT_WOO,UNCHANGED_EXACT_EVIDENCE,YES,NO,HIGH,Exact 001A.0 evidence retained; no fuzzy identity.,INCLUDED_EXACT,,,,,
WOO_SKU_COMPONENT_LIST,sku_component[1],11131,3649,0502005|1249001|0619007,,0502005,1,EXACT,SKU Woo literal: 0502005|1249001|0619007,EXACT_SKU,502005,EXACT,PRIMARY_WOO,11131,3649,0502005|1249001|0619007,"Futón de algodón de colores individual, 80x200x13 cm, Crudo, Marrón",502005,YES,NO,NO,NO,1,COMPOSITION_EXACT_WOO,,"Evidence row; correlate by combination_sku, component_sku and quantity.",,EXACT,EXACT,COMPOSITION_EXACT_WOO,COMPOSITION_EXACT_WOO,UNCHANGED_EXACT_EVIDENCE,YES,NO,HIGH,Exact 001A.0 evidence retained; no fuzzy identity.,INCLUDED_EXACT,,,,,
WOO_SKU_COMPONENT_LIST,sku_component[1],8235,3651,0502012|0724004,,0502012,1,EXACT,SKU Woo literal: 0502012|0724004,EXACT_SKU,502012,EXACT,PRIMARY_WOO,8235,3651,0502012|0724004,"Futón de algodón, 150x200x14,5 cm, Sin funda, Sin cajón",502012,YES,NO,NO,NO,1,COMPOSITION_EXACT_WOO,,"Evidence row; correlate by combination_sku, component_sku and quantity.",,EXACT,EXACT,COMPOSITION_EXACT_WOO,COMPOSITION_EXACT_WOO,UNCHANGED_EXACT_EVIDENCE,YES,NO,HIGH,Exact 001A.0 evidence retained; no fuzzy identity.,INCLUDED_EXACT,,,,,
WOO_SKU_COMPONENT_LIST,sku_component[1],4320,3651,0502012|0724004|0608004,,0502012,1,EXACT,SKU Woo literal: 0502012|0724004|0608004,EXACT_SKU,502012,EXACT,PRIMARY_WOO,4320,3651,0502012|0724004|0608004,"Futón de algodón, 150x200x14,5 cm, Crudo, Sin cajón",502012,YES,NO,NO,NO,1,COMPOSITION_EXACT_WOO,,"Evidence row; correlate by combination_sku, component_sku and quantity.",,EXACT,EXACT,COMPOSITION_EXACT_WOO,COMPOSITION_EXACT_WOO,UNCHANGED_EXACT_EVIDENCE,YES,NO,HIGH,Exact 001A.0 evidence retained; no fuzzy identity.,INCLUDED_EXACT,,,,,
WOO_SKU_COMPONENT_LIST,sku_component[1],4324,3651,0502012|0724004|0616004,,0502012,1,EXACT,SKU Woo literal: 0502012|0724004|0616004,EXACT_SKU,502012,EXACT,PRIMARY_WOO,4324,3651,0502012|0724004|0616004,"Futón de algodón, 150x200x14,5 cm, Negro, Sin cajón",502012,YES,NO,NO,NO,1,COMPOSITION_EXACT_WOO,,"Evidence row; correlate by combination_sku, component_sku and quantity.",,EXACT,EXACT,COMPOSITION_EXACT_WOO,COMPOSITION_EXACT_WOO,UNCHANGED_EXACT_EVIDENCE,YES,NO,HIGH,Exact 001A.0 evidence retained; no fuzzy identity.,INCLUDED_EXACT,,,,,
WOO_SKU_COMPONENT_LIST,sku_component[1],6285,3651,0502012|0724004|0617004,,0502012,1,EXACT,SKU Woo literal: 0502012|0724004|0617004,EXACT_SKU,502012,EXACT,PRIMARY_WOO,6285,3651,0502012|0724004|0617004,"Futón de algodón, 150x200x14,5 cm, Gris jaspeado, Sin cajón",502012,YES,NO,NO,NO,1,COMPOSITION_EXACT_WOO,,"Evidence row; correlate by combination_sku, component_sku and quantity.",,EXACT,EXACT,COMPOSITION_EXACT_WOO,COMPOSITION_EXACT_WOO,UNCHANGED_EXACT_EVIDENCE,YES,NO,HIGH,Exact 001A.0 evidence retained; no fuzzy identity.,INCLUDED_EXACT,,,,,
WOO_SKU_COMPONENT_LIST,sku_component[1],6286,3651,0502012|0724004|0619004,,0502012,1,EXACT,SKU Woo literal: 0502012|0724004|0619004,EXACT_SKU,502012,EXACT,PRIMARY_WOO,6286,3651,0502012|0724004|0619004,"Futón de algodón, 150x200x14,5 cm, Beige jaspeado, Sin cajón",502012,YES,NO,NO,NO,1,COMPOSITION_EXACT_WOO,,"Evidence row; correlate by combination_sku, component_sku and quantity.",,EXACT,EXACT,COMPOSITION_EXACT_WOO,COMPOSITION_EXACT_WOO,UNCHANGED_EXACT_EVIDENCE,YES,NO,HIGH,Exact 001A.0 evidence retained; no fuzzy identity.,INCLUDED_EXACT,,,,,
WOO_SKU_COMPONENT_LIST,sku_component[1],11137,3651,0502012|0724004|0619010,,0502012,1,EXACT,SKU Woo literal: 0502012|0724004|0619010,EXACT_SKU,502012,EXACT,PRIMARY_WOO,11137,3651,0502012|0724004|0619010,"Futón de algodón, 150x200x14,5 cm, Marrón, Sin cajón",502012,YES,NO,NO,NO,1,COMPOSITION_EXACT_WOO,,"Evidence row; correlate by combination_sku, component_sku and quantity.",,EXACT,EXACT,COMPOSITION_EXACT_WOO,COMPOSITION_EXACT_WOO,UNCHANGED_EXACT_EVIDENCE,YES,NO,HIGH,Exact 001A.0 evidence retained; no fuzzy identity.,INCLUDED_EXACT,,,,,
WOO_SKU_COMPONENT_LIST,sku_component[1],4378,3651,0502012|0724004|1002004,,0502012,1,EXACT,SKU Woo literal: 0502012|0724004|1002004,EXACT_SKU,502012,EXACT,PRIMARY_WOO,4378,3651,0502012|0724004|1002004,"Futón de algodón, 150x200x14,5 cm, Sin funda, Con cajón",502012,YES,NO,NO,NO,1,COMPOSITION_EXACT_WOO,,"Evidence row; correlate by combination_sku, component_sku and quantity.",,EXACT,EXACT,COMPOSITION_EXACT_WOO,COMPOSITION_EXACT_WOO,UNCHANGED_EXACT_EVIDENCE,YES,NO,HIGH,Exact 001A.0 evidence retained; no fuzzy identity.,INCLUDED_EXACT,,,,,
WOO_SKU_COMPONENT_LIST,sku_component[1],4393,3651,0502012|0724004|1002004|0608004,,0502012,1,EXACT,SKU Woo literal: 0502012|0724004|1002004|0608004,EXACT_SKU,502012,EXACT,PRIMARY_WOO,4393,3651,0502012|0724004|1002004|0608004,"Futón de algodón, 150x200x14,5 cm, Crudo, Con cajón",502012,YES,NO,NO,NO,1,COMPOSITION_EXACT_WOO,,"Evidence row; correlate by combination_sku, component_sku and quantity.",,EXACT,EXACT,COMPOSITION_EXACT_WOO,COMPOSITION_EXACT_WOO,UNCHANGED_EXACT_EVIDENCE,YES,NO,HIGH,Exact 001A.0 evidence retained; no fuzzy identity.,INCLUDED_EXACT,,,,,
WOO_SKU_COMPONENT_LIST,sku_component[1],4397,3651,0502012|0724004|1002004|0616004,,0502012,1,EXACT,SKU Woo literal: 0502012|0724004|1002004|0616004,EXACT_SKU,502012,EXACT,PRIMARY_WOO,4397,3651,0502012|0724004|1002004|0616004,"Futón de algodón, 150x200x14,5 cm, Negro, Con cajón",502012,YES,NO,NO,NO,1,COMPOSITION_EXACT_WOO,,"Evidence row; correlate by combination_sku, component_sku and quantity.",,EXACT,EXACT,COMPOSITION_EXACT_WOO,COMPOSITION_EXACT_WOO,UNCHANGED_EXACT_EVIDENCE,YES,NO,HIGH,Exact 001A.0 evidence retained; no fuzzy identity.,INCLUDED_EXACT,,,,,
WOO_SKU_COMPONENT_LIST,sku_component[1],6287,3651,0502012|0724004|1002004|0617004,,0502012,1,EXACT,SKU Woo literal: 0502012|0724004|1002004|0617004,EXACT_SKU,502012,EXACT,PRIMARY_WOO,6287,3651,0502012|0724004|1002004|0617004,"Futón de algodón, 150x200x14,5 cm, Gris jaspeado, Con cajón",502012,YES,NO,NO,NO,1,COMPOSITION_EXACT_WOO,,"Evidence row; correlate by combination_sku, component_sku and quantity.",,EXACT,EXACT,COMPOSITION_EXACT_WOO,COMPOSITION_EXACT_WOO,UNCHANGED_EXACT_EVIDENCE,YES,NO,HIGH,Exact 001A.0 evidence retained; no fuzzy identity.,INCLUDED_EXACT,,,,,
WOO_SKU_COMPONENT_LIST,sku_component[1],6288,3651,0502012|0724004|1002004|0619004,,0502012,1,EXACT,SKU Woo literal: 0502012|0724004|1002004|0619004,EXACT_SKU,502012,EXACT,PRIMARY_WOO,6288,3651,0502012|0724004|1002004|0619004,"Futón de algodón, 150x200x14,5 cm, Beige jaspeado, Con cajón",502012,YES,NO,NO,NO,1,COMPOSITION_EXACT_WOO,,"Evidence row; correlate by combination_sku, component_sku and quantity.",,EXACT,EXACT,COMPOSITION_EXACT_WOO,COMPOSITION_EXACT_WOO,UNCHANGED_EXACT_EVIDENCE,YES,NO,HIGH,Exact 001A.0 evidence retained; no fuzzy identity.,INCLUDED_EXACT,,,,,
WOO_SKU_COMPONENT_LIST,sku_component[1],11141,3651,0502012|0724004|1002004|0619010,,0502012,1,EXACT,SKU Woo literal: 0502012|0724004|1002004|0619010,EXACT_SKU,502012,EXACT,PRIMARY_WOO,11141,3651,0502012|0724004|1002004|0619010,"Futón de algodón, 150x200x14,5 cm, Marrón, Con cajón",502012,YES,NO,NO,NO,1,COMPOSITION_EXACT_WOO,,"Evidence row; correlate by combination_sku, component_sku and quantity.",,EXACT,EXACT,COMPOSITION_EXACT_WOO,COMPOSITION_EXACT_WOO,UNCHANGED_EXACT_EVIDENCE,YES,NO,HIGH,Exact 001A.0 evidence retained; no fuzzy identity.,INCLUDED_EXACT,,,,,
WOO_SKU_COMPONENT_LIST,sku_component[1],4292,3651,0502012|0728003,,0502012,1,EXACT,SKU Woo literal: 0502012|0728003,EXACT_SKU,502012,EXACT,PRIMARY_WOO,4292,3651,0502012|0728003,"Futón con una capa de látex, 150x200x14,5 cm, Sin funda, Sin cajón",502012,YES,NO,NO,NO,1,COMPOSITION_EXACT_WOO,,"Evidence row; correlate by combination_sku, component_sku and quantity.",,EXACT,EXACT,COMPOSITION_EXACT_WOO,COMPOSITION_EXACT_WOO,UNCHANGED_EXACT_EVIDENCE,YES,NO,HIGH,Exact 001A.0 evidence retained; no fuzzy identity.,INCLUDED_EXACT,,,,,
WOO_SKU_COMPONENT_LIST,sku_component[1],4296,3651,0502012|0728003|0608004,,0502012,1,EXACT,SKU Woo literal: 0502012|0728003|0608004,EXACT_SKU,502012,EXACT,PRIMARY_WOO,4296,3651,0502012|0728003|0608004,"Futón con una capa de látex, 150x200x14,5 cm, Crudo, Sin cajón",502012,YES,NO,NO,NO,1,COMPOSITION_EXACT_WOO,,"Evidence row; correlate by combination_sku, component_sku and quantity.",,EXACT,EXACT,COMPOSITION_EXACT_WOO,COMPOSITION_EXACT_WOO,UNCHANGED_EXACT_EVIDENCE,YES,NO,HIGH,Exact 001A.0 evidence retained; no fuzzy identity.,INCLUDED_EXACT,,,,,
WOO_SKU_COMPONENT_LIST,sku_component[1],4300,3651,0502012|0728003|0616004,,0502012,1,EXACT,SKU Woo literal: 0502012|0728003|0616004,EXACT_SKU,502012,EXACT,PRIMARY_WOO,4300,3651,0502012|0728003|0616004,"Futón con una capa de látex, 150x200x14,5 cm, Negro, Sin cajón",502012,YES,NO,NO,NO,1,COMPOSITION_EXACT_WOO,,"Evidence row; correlate by combination_sku, component_sku and quantity.",,EXACT,EXACT,COMPOSITION_EXACT_WOO,COMPOSITION_EXACT_WOO,UNCHANGED_EXACT_EVIDENCE,YES,NO,HIGH,Exact 001A.0 evidence retained; no fuzzy identity.,INCLUDED_EXACT,,,,,
WOO_SKU_COMPONENT_LIST,sku_component[1],9441,3651,0502012|0728003|0617004,,0502012,1,EXACT,SKU Woo literal: 0502012|0728003|0617004,EXACT_SKU,502012,EXACT,PRIMARY_WOO,9441,3651,0502012|0728003|0617004,"Futón con una capa de látex, 150x200x14,5 cm, Gris jaspeado, Sin cajón",502012,YES,NO,NO,NO,1,COMPOSITION_EXACT_WOO,,"Evidence row; correlate by combination_sku, component_sku and quantity.",,EXACT,EXACT,COMPOSITION_EXACT_WOO,COMPOSITION_EXACT_WOO,UNCHANGED_EXACT_EVIDENCE,YES,NO,HIGH,Exact 001A.0 evidence retained; no fuzzy identity.,INCLUDED_EXACT,,,,,
WOO_SKU_COMPONENT_LIST,sku_component[1],9442,3651,0502012|0728003|0619004,,0502012,1,EXACT,SKU Woo literal: 0502012|0728003|0619004,EXACT_SKU,502012,EXACT,PRIMARY_WOO,9442,3651,0502012|0728003|0619004,"Futón con una capa de látex, 150x200x14,5 cm, Beige jaspeado, Sin cajón",502012,YES,NO,NO,NO,1,COMPOSITION_EXACT_WOO,,"Evidence row; correlate by combination_sku, component_sku and quantity.",,EXACT,EXACT,COMPOSITION_EXACT_WOO,COMPOSITION_EXACT_WOO,UNCHANGED_EXACT_EVIDENCE,YES,NO,HIGH,Exact 001A.0 evidence retained; no fuzzy identity.,INCLUDED_EXACT,,,,,
WOO_SKU_COMPONENT_LIST,sku_component[1],11135,3651,0502012|0728003|0619010,,0502012,1,EXACT,SKU Woo literal: 0502012|0728003|0619010,EXACT_SKU,502012,EXACT,PRIMARY_WOO,11135,3651,0502012|0728003|0619010,"Futón con una capa de látex, 150x200x14,5 cm, Marrón, Sin cajón",502012,YES,NO,NO,NO,1,COMPOSITION_EXACT_WOO,,"Evidence row; correlate by combination_sku, component_sku and quantity.",,EXACT,EXACT,COMPOSITION_EXACT_WOO,COMPOSITION_EXACT_WOO,UNCHANGED_EXACT_EVIDENCE,YES,NO,HIGH,Exact 001A.0 evidence retained; no fuzzy identity.,INCLUDED_EXACT,,,,,
WOO_SKU_COMPONENT_LIST,sku_component[1],4376,3651,0502012|0728003|1002004,,0502012,1,EXACT,SKU Woo literal: 0502012|0728003|1002004,EXACT_SKU,502012,EXACT,PRIMARY_WOO,4376,3651,0502012|0728003|1002004,"Futón con una capa de látex, 150x200x14,5 cm, Sin funda, Con cajón",502012,YES,NO,NO,NO,1,COMPOSITION_EXACT_WOO,,"Evidence row; correlate by combination_sku, component_sku and quantity.",,EXACT,EXACT,COMPOSITION_EXACT_WOO,COMPOSITION_EXACT_WOO,UNCHANGED_EXACT_EVIDENCE,YES,NO,HIGH,Exact 001A.0 evidence retained; no fuzzy identity.,INCLUDED_EXACT,,,,,
WOO_SKU_COMPONENT_LIST,sku_component[1],4452,3651,0502012|0728003|1002004|0608004,,0502012,1,EXACT,SKU Woo literal: 0502012|0728003|1002004|0608004,EXACT_SKU,502012,EXACT,PRIMARY_WOO,4452,3651,0502012|0728003|1002004|0608004,"Futón con una capa de látex, 150x200x14,5 cm, Crudo, Con cajón",502012,YES,NO,NO,NO,1,COMPOSITION_EXACT_WOO,,"Evidence row; correlate by combination_sku, component_sku and quantity.",,EXACT,EXACT,COMPOSITION_EXACT_WOO,COMPOSITION_EXACT_WOO,UNCHANGED_EXACT_EVIDENCE,YES,NO,HIGH,Exact 001A.0 evidence retained; no fuzzy identity.,INCLUDED_EXACT,,,,,
WOO_SKU_COMPONENT_LIST,sku_component[1],4456,3651,0502012|0728003|1002004|0616004,,0502012,1,EXACT,SKU Woo literal: 0502012|0728003|1002004|0616004,EXACT_SKU,502012,EXACT,PRIMARY_WOO,4456,3651,0502012|0728003|1002004|0616004,"Futón con una capa de látex, 150x200x14,5 cm, Negro, Con cajón",502012,YES,NO,NO,NO,1,COMPOSITION_EXACT_WOO,,"Evidence row; correlate by combination_sku, component_sku and quantity.",,EXACT,EXACT,COMPOSITION_EXACT_WOO,COMPOSITION_EXACT_WOO,UNCHANGED_EXACT_EVIDENCE,YES,NO,HIGH,Exact 001A.0 evidence retained; no fuzzy identity.,INCLUDED_EXACT,,,,,
WOO_SKU_COMPONENT_LIST,sku_component[1],6284,3651,0502012|0728003|1002004|0617004,,0502012,1,EXACT,SKU Woo literal: 0502012|0728003|1002004|0617004,EXACT_SKU,502012,EXACT,PRIMARY_WOO,6284,3651,0502012|0728003|1002004|0617004,"Futón con una capa de látex, 150x200x14,5 cm, Gris jaspeado, Con cajón",502012,YES,NO,NO,NO,1,COMPOSITION_EXACT_WOO,,"Evidence row; correlate by combination_sku, component_sku and quantity.",,EXACT,EXACT,COMPOSITION_EXACT_WOO,COMPOSITION_EXACT_WOO,UNCHANGED_EXACT_EVIDENCE,YES,NO,HIGH,Exact 001A.0 evidence retained; no fuzzy identity.,INCLUDED_EXACT,,,,,
WOO_SKU_COMPONENT_LIST,sku_component[1],9452,3651,0502012|0728003|1002004|0619004,,0502012,1,EXACT,SKU Woo literal: 0502012|0728003|1002004|0619004,EXACT_SKU,502012,EXACT,PRIMARY_WOO,9452,3651,0502012|0728003|1002004|0619004,"Futón con una capa de látex, 150x200x14,5 cm, Beige jaspeado, Con cajón",502012,YES,NO,NO,NO,1,COMPOSITION_EXACT_WOO,,"Evidence row; correlate by combination_sku, component_sku and quantity.",,EXACT,EXACT,COMPOSITION_EXACT_WOO,COMPOSITION_EXACT_WOO,UNCHANGED_EXACT_EVIDENCE,YES,NO,HIGH,Exact 001A.0 evidence retained; no fuzzy identity.,INCLUDED_EXACT,,,,,
WOO_SKU_COMPONENT_LIST,sku_component[1],11140,3651,0502012|0728003|1002004|0619010,,0502012,1,EXACT,SKU Woo literal: 0502012|0728003|1002004|0619010,EXACT_SKU,502012,EXACT,PRIMARY_WOO,11140,3651,0502012|0728003|1002004|0619010,"Futón con una capa de látex, 150x200x14,5 cm, Marrón, Con cajón",502012,YES,NO,NO,NO,1,COMPOSITION_EXACT_WOO,,"Evidence row; correlate by combination_sku, component_sku and quantity.",,EXACT,EXACT,COMPOSITION_EXACT_WOO,COMPOSITION_EXACT_WOO,UNCHANGED_EXACT_EVIDENCE,YES,NO,HIGH,Exact 001A.0 evidence retained; no fuzzy identity.,INCLUDED_EXACT,,,,,
WOO_SKU_COMPONENT_LIST,sku_component[1],9526,3651,0502012|0730003,,0502012,1,EXACT,SKU Woo literal: 0502012|0730003,EXACT_SKU,502012,EXACT,PRIMARY_WOO,9526,3651,0502012|0730003,"Futón con dos capas de látex, 150x200x14,5 cm, Sin funda, Sin cajón",502012,YES,NO,NO,NO,1,COMPOSITION_EXACT_WOO,,"Evidence row; correlate by combination_sku, component_sku and quantity.",,EXACT,EXACT,COMPOSITION_EXACT_WOO,COMPOSITION_EXACT_WOO,UNCHANGED_EXACT_EVIDENCE,YES,NO,HIGH,Exact 001A.0 evidence retained; no fuzzy identity.,INCLUDED_EXACT,,,,,
WOO_SKU_COMPONENT_LIST,sku_component[1],4308,3651,0502012|0730003|0608004,,0502012,1,EXACT,SKU Woo literal: 0502012|0730003|0608004,EXACT_SKU,502012,EXACT,PRIMARY_WOO,4308,3651,0502012|0730003|0608004,"Futón con dos capas de látex, 150x200x14,5 cm, Crudo, Sin cajón",502012,YES,NO,NO,NO,1,COMPOSITION_EXACT_WOO,,"Evidence row; correlate by combination_sku, component_sku and quantity.",,EXACT,EXACT,COMPOSITION_EXACT_WOO,COMPOSITION_EXACT_WOO,UNCHANGED_EXACT_EVIDENCE,YES,NO,HIGH,Exact 001A.0 evidence retained; no fuzzy identity.,INCLUDED_EXACT,,,,,
WOO_SKU_COMPONENT_LIST,sku_component[1],4312,3651,0502012|0730003|0616004,,0502012,1,EXACT,SKU Woo literal: 0502012|0730003|0616004,EXACT_SKU,502012,EXACT,PRIMARY_WOO,4312,3651,0502012|0730003|0616004,"Futón con dos capas de látex, 150x200x14,5 cm, Negro, Sin cajón",502012,YES,NO,NO,NO,1,COMPOSITION_EXACT_WOO,,"Evidence row; correlate by combination_sku, component_sku and quantity.",,EXACT,EXACT,COMPOSITION_EXACT_WOO,COMPOSITION_EXACT_WOO,UNCHANGED_EXACT_EVIDENCE,YES,NO,HIGH,Exact 001A.0 evidence retained; no fuzzy identity.,INCLUDED_EXACT,,,,,
WOO_SKU_COMPONENT_LIST,sku_component[1],9447,3651,0502012|0730003|0617004,,0502012,1,EXACT,SKU Woo literal: 0502012|0730003|0617004,EXACT_SKU,502012,EXACT,PRIMARY_WOO,9447,3651,0502012|0730003|0617004,"Futón con dos capas de látex, 150x200x14,5 cm, Gris jaspeado, Sin cajón",502012,YES,NO,NO,NO,1,COMPOSITION_EXACT_WOO,,"Evidence row; correlate by combination_sku, component_sku and quantity.",,EXACT,EXACT,COMPOSITION_EXACT_WOO,COMPOSITION_EXACT_WOO,UNCHANGED_EXACT_EVIDENCE,YES,NO,HIGH,Exact 001A.0 evidence retained; no fuzzy identity.,INCLUDED_EXACT,,,,,
WOO_SKU_COMPONENT_LIST,sku_component[1],9443,3651,0502012|0730003|0619004,,0502012,1,EXACT,SKU Woo literal: 0502012|0730003|0619004,EXACT_SKU,502012,EXACT,PRIMARY_WOO,9443,3651,0502012|0730003|0619004,"Futón con dos capas de látex, 150x200x14,5 cm, Beige jaspeado, Sin cajón",502012,YES,NO,NO,NO,1,COMPOSITION_EXACT_WOO,,"Evidence row; correlate by combination_sku, component_sku and quantity.",,EXACT,EXACT,COMPOSITION_EXACT_WOO,COMPOSITION_EXACT_WOO,UNCHANGED_EXACT_EVIDENCE,YES,NO,HIGH,Exact 001A.0 evidence retained; no fuzzy identity.,INCLUDED_EXACT,,,,,
WOO_SKU_COMPONENT_LIST,sku_component[1],11136,3651,0502012|0730003|0619010,,0502012,1,EXACT,SKU Woo literal: 0502012|0730003|0619010,EXACT_SKU,502012,EXACT,PRIMARY_WOO,11136,3651,0502012|0730003|0619010,"Futón con dos capas de látex, 150x200x14,5 cm, Marrón, Sin cajón",502012,YES,NO,NO,NO,1,COMPOSITION_EXACT_WOO,,"Evidence row; correlate by combination_sku, component_sku and quantity.",,EXACT,EXACT,COMPOSITION_EXACT_WOO,COMPOSITION_EXACT_WOO,UNCHANGED_EXACT_EVIDENCE,YES,NO,HIGH,Exact 001A.0 evidence retained; no fuzzy identity.,INCLUDED_EXACT,,,,,
WOO_SKU_COMPONENT_LIST,sku_component[1],4377,3651,0502012|0730003|1002004,,0502012,1,EXACT,SKU Woo literal: 0502012|0730003|1002004,EXACT_SKU,502012,EXACT,PRIMARY_WOO,4377,3651,0502012|0730003|1002004,"Futón con dos capas de látex, 150x200x14,5 cm, Sin funda, Con cajón",502012,YES,NO,NO,NO,1,COMPOSITION_EXACT_WOO,,"Evidence row; correlate by combination_sku, component_sku and quantity.",,EXACT,EXACT,COMPOSITION_EXACT_WOO,COMPOSITION_EXACT_WOO,UNCHANGED_EXACT_EVIDENCE,YES,NO,HIGH,Exact 001A.0 evidence retained; no fuzzy identity.,INCLUDED_EXACT,,,,,
WOO_SKU_COMPONENT_LIST,sku_component[1],4382,3651,0502012|0730003|1002004|0608004,,0502012,1,EXACT,SKU Woo literal: 0502012|0730003|1002004|0608004,EXACT_SKU,502012,EXACT,PRIMARY_WOO,4382,3651,0502012|0730003|1002004|0608004,"Futón con dos capas de látex, 150x200x14,5 cm, Crudo, Con cajón",502012,YES,NO,NO,NO,1,COMPOSITION_EXACT_WOO,,"Evidence row; correlate by combination_sku, component_sku and quantity.",,EXACT,EXACT,COMPOSITION_EXACT_WOO,COMPOSITION_EXACT_WOO,UNCHANGED_EXACT_EVIDENCE,YES,NO,HIGH,Exact 001A.0 evidence retained; no fuzzy identity.,INCLUDED_EXACT,,,,,
WOO_SKU_COMPONENT_LIST,sku_component[1],4386,3651,0502012|0730003|1002004|0616004,,0502012,1,EXACT,SKU Woo literal: 0502012|0730003|1002004|0616004,EXACT_SKU,502012,EXACT,PRIMARY_WOO,4386,3651,0502012|0730003|1002004|0616004,"Futón con dos capas de látex, 150x200x14,5 cm, Negro, Con cajón",502012,YES,NO,NO,NO,1,COMPOSITION_EXACT_WOO,,"Evidence row; correlate by combination_sku, component_sku and quantity.",,EXACT,EXACT,COMPOSITION_EXACT_WOO,COMPOSITION_EXACT_WOO,UNCHANGED_EXACT_EVIDENCE,YES,NO,HIGH,Exact 001A.0 evidence retained; no fuzzy identity.,INCLUDED_EXACT,,,,,
WOO_SKU_COMPONENT_LIST,sku_component[1],6289,3651,0502012|0730003|1002004|0617004,,0502012,1,EXACT,SKU Woo literal: 0502012|0730003|1002004|0617004,EXACT_SKU,502012,EXACT,PRIMARY_WOO,6289,3651,0502012|0730003|1002004|0617004,"Futón con dos capas de látex, 150x200x14,5 cm, Gris jaspeado, Con cajón",502012,YES,NO,NO,NO,1,COMPOSITION_EXACT_WOO,,"Evidence row; correlate by combination_sku, component_sku and quantity.",,EXACT,EXACT,COMPOSITION_EXACT_WOO,COMPOSITION_EXACT_WOO,UNCHANGED_EXACT_EVIDENCE,YES,NO,HIGH,Exact 001A.0 evidence retained; no fuzzy identity.,INCLUDED_EXACT,,,,,
WOO_SKU_COMPONENT_LIST,sku_component[1],9448,3651,0502012|0730003|1002004|0619004,,0502012,1,EXACT,SKU Woo literal: 0502012|0730003|1002004|0619004,EXACT_SKU,502012,EXACT,PRIMARY_WOO,9448,3651,0502012|0730003|1002004|0619004,"Futón con dos capas de látex, 150x200x14,5 cm, Beige jaspeado, Con cajón",502012,YES,NO,NO,NO,1,COMPOSITION_EXACT_WOO,,"Evidence row; correlate by combination_sku, component_sku and quantity.",,EXACT,EXACT,COMPOSITION_EXACT_WOO,COMPOSITION_EXACT_WOO,UNCHANGED_EXACT_EVIDENCE,YES,NO,HIGH,Exact 001A.0 evidence retained; no fuzzy identity.,INCLUDED_EXACT,,,,,
WOO_SKU_COMPONENT_LIST,sku_component[1],11139,3651,0502012|0730003|1002004|0619010,,0502012,1,EXACT,SKU Woo literal: 0502012|0730003|1002004|0619010,EXACT_SKU,502012,EXACT,PRIMARY_WOO,11139,3651,0502012|0730003|1002004|0619010,"Futón con dos capas de látex, 150x200x14,5 cm, Marrón, Con cajón",502012,YES,NO,NO,NO,1,COMPOSITION_EXACT_WOO,,"Evidence row; correlate by combination_sku, component_sku and quantity.",,EXACT,EXACT,COMPOSITION_EXACT_WOO,COMPOSITION_EXACT_WOO,UNCHANGED_EXACT_EVIDENCE,YES,NO,HIGH,Exact 001A.0 evidence retained; no fuzzy identity.,INCLUDED_EXACT,,,,,
WOO_SKU_COMPONENT_LIST,sku_component[1],3753,3629,0502012|1002004,,0502012,1,EXACT,SKU Woo literal: 0502012|1002004,EXACT_SKU,502012,EXACT,PRIMARY_WOO,3753,3629,0502012|1002004,Con cajón,502012,YES,NO,NO,NO,1,COMPOSITION_EXACT_WOO,,"Evidence row; correlate by combination_sku, component_sku and quantity.",,EXACT,EXACT,COMPOSITION_EXACT_WOO,COMPOSITION_EXACT_WOO,UNCHANGED_EXACT_EVIDENCE,YES,NO,HIGH,Exact 001A.0 evidence retained; no fuzzy identity.,INCLUDED_EXACT,,,,,
WOO_SKU_COMPONENT_LIST,sku_component[1],4029,3648,0504009|0724001,,0504009,1,EXACT,SKU Woo literal: 0504009|0724001,EXACT_SKU,504009,EXACT,PRIMARY_WOO,4029,3648,0504009|0724001,"90x200x8 cm, 90x120x100 cm, 90x200 cm, Futón de algodón, 90x200x14,5 cm, Sin funda",504009,YES,NO,NO,NO,1,COMPOSITION_EXACT_WOO,,"Evidence row; correlate by combination_sku, component_sku and quantity.",,EXACT,EXACT,COMPOSITION_EXACT_WOO,COMPOSITION_EXACT_WOO,UNCHANGED_EXACT_EVIDENCE,YES,NO,HIGH,Exact 001A.0 evidence retained; no fuzzy identity.,INCLUDED_EXACT,,,,,
WOO_SKU_COMPONENT_LIST,sku_component[1],4034,3648,0504009|0724001|0606001,,0504009,1,EXACT,SKU Woo literal: 0504009|0724001|0606001,EXACT_SKU,504009,EXACT,PRIMARY_WOO,4034,3648,0504009|0724001|0606001,"90x200x8 cm, 90x120x100 cm, 90x200 cm, Futón de algodón, 90x200x14,5 cm, Granate",504009,YES,NO,NO,NO,1,COMPOSITION_EXACT_WOO,,"Evidence row; correlate by combination_sku, component_sku and quantity.",,EXACT,EXACT,COMPOSITION_EXACT_WOO,COMPOSITION_EXACT_WOO,UNCHANGED_EXACT_EVIDENCE,YES,NO,HIGH,Exact 001A.0 evidence retained; no fuzzy identity.,INCLUDED_EXACT,,,,,
WOO_SKU_COMPONENT_LIST,sku_component[1],4038,3648,0504009|0724001|0607001,,0504009,1,EXACT,SKU Woo literal: 0504009|0724001|0607001,EXACT_SKU,504009,EXACT,PRIMARY_WOO,4038,3648,0504009|0724001|0607001,"90x200x8 cm, 90x120x100 cm, 90x200 cm, Futón de algodón, 90x200x14,5 cm, Rojo",504009,YES,NO,NO,NO,1,COMPOSITION_EXACT_WOO,,"Evidence row; correlate by combination_sku, component_sku and quantity.",,EXACT,EXACT,COMPOSITION_EXACT_WOO,COMPOSITION_EXACT_WOO,UNCHANGED_EXACT_EVIDENCE,YES,NO,HIGH,Exact 001A.0 evidence retained; no fuzzy identity.,INCLUDED_EXACT,,,,,
WOO_SKU_COMPONENT_LIST,sku_component[1],4033,3648,0504009|0724001|0608001,,0504009,1,EXACT,SKU Woo literal: 0504009|0724001|0608001,EXACT_SKU,504009,EXACT,PRIMARY_WOO,4033,3648,0504009|0724001|0608001,"90x200x8 cm, 90x120x100 cm, 90x200 cm, Futón de algodón, 90x200x14,5 cm, Crudo",504009,YES,NO,NO,NO,1,COMPOSITION_EXACT_WOO,,"Evidence row; correlate by combination_sku, component_sku and quantity.",,EXACT,EXACT,COMPOSITION_EXACT_WOO,COMPOSITION_EXACT_WOO,UNCHANGED_EXACT_EVIDENCE,YES,NO,HIGH,Exact 001A.0 evidence retained; no fuzzy identity.,INCLUDED_EXACT,,,,,
WOO_SKU_COMPONENT_LIST,sku_component[1],4031,3648,0504009|0724001|0609001,,0504009,1,EXACT,SKU Woo literal: 0504009|0724001|0609001,EXACT_SKU,504009,EXACT,PRIMARY_WOO,4031,3648,0504009|0724001|0609001,"90x200x8 cm, 90x120x100 cm, 90x200 cm, Futón de algodón, 90x200x14,5 cm, Azul",504009,YES,NO,NO,NO,1,COMPOSITION_EXACT_WOO,,"Evidence row; correlate by combination_sku, component_sku and quantity.",,EXACT,EXACT,COMPOSITION_EXACT_WOO,COMPOSITION_EXACT_WOO,UNCHANGED_EXACT_EVIDENCE,YES,NO,HIGH,Exact 001A.0 evidence retained; no fuzzy identity.,INCLUDED_EXACT,,,,,
WOO_SKU_COMPONENT_LIST,sku_component[1],4030,3648,0504009|0724001|0615001,,0504009,1,EXACT,SKU Woo literal: 0504009|0724001|0615001,EXACT_SKU,504009,EXACT,PRIMARY_WOO,4030,3648,0504009|0724001|0615001,"90x200x8 cm, 90x120x100 cm, 90x200 cm, Futón de algodón, 90x200x14,5 cm, Amarillo",504009,YES,NO,NO,NO,1,COMPOSITION_EXACT_WOO,,"Evidence row; correlate by combination_sku, component_sku and quantity.",,EXACT,EXACT,COMPOSITION_EXACT_WOO,COMPOSITION_EXACT_WOO,UNCHANGED_EXACT_EVIDENCE,YES,NO,HIGH,Exact 001A.0 evidence retained; no fuzzy identity.,INCLUDED_EXACT,,,,,
WOO_SKU_COMPONENT_LIST,sku_component[1],4037,3648,0504009|0724001|0616001,,0504009,1,EXACT,SKU Woo literal: 0504009|0724001|0616001,EXACT_SKU,504009,EXACT,PRIMARY_WOO,4037,3648,0504009|0724001|0616001,"90x200x8 cm, 90x120x100 cm, 90x200 cm, Futón de algodón, 90x200x14,5 cm, Negro",504009,YES,NO,NO,NO,1,COMPOSITION_EXACT_WOO,,"Evidence row; correlate by combination_sku, component_sku and quantity.",,EXACT,EXACT,COMPOSITION_EXACT_WOO,COMPOSITION_EXACT_WOO,UNCHANGED_EXACT_EVIDENCE,YES,NO,HIGH,Exact 001A.0 evidence retained; no fuzzy identity.,INCLUDED_EXACT,,,,,
WOO_SKU_COMPONENT_LIST,sku_component[1],4005,3648,0504009|0728001,,0504009,1,EXACT,SKU Woo literal: 0504009|0728001,EXACT_SKU,504009,EXACT,PRIMARY_WOO,4005,3648,0504009|0728001,"90x200x8 cm, 90x120x100 cm, 90x200 cm, Futón con una capa de látex, 90x200x14,5 cm, Sin funda",504009,YES,NO,NO,NO,1,COMPOSITION_EXACT_WOO,,"Evidence row; correlate by combination_sku, component_sku and quantity.",,EXACT,EXACT,COMPOSITION_EXACT_WOO,COMPOSITION_EXACT_WOO,UNCHANGED_EXACT_EVIDENCE,YES,NO,HIGH,Exact 001A.0 evidence retained; no fuzzy identity.,INCLUDED_EXACT,,,,,
WOO_SKU_COMPONENT_LIST,sku_component[1],4010,3648,0504009|0728001|0606001,,0504009,1,EXACT,SKU Woo literal: 0504009|0728001|0606001,EXACT_SKU,504009,EXACT,PRIMARY_WOO,4010,3648,0504009|0728001|0606001,"90x200x8 cm, 90x120x100 cm, 90x200 cm, Futón con una capa de látex, 90x200x14,5 cm, Granate",504009,YES,NO,NO,NO,1,COMPOSITION_EXACT_WOO,,"Evidence row; correlate by combination_sku, component_sku and quantity.",,EXACT,EXACT,COMPOSITION_EXACT_WOO,COMPOSITION_EXACT_WOO,UNCHANGED_EXACT_EVIDENCE,YES,NO,HIGH,Exact 001A.0 evidence retained; no fuzzy identity.,INCLUDED_EXACT,,,,,
WOO_SKU_COMPONENT_LIST,sku_component[1],4014,3648,0504009|0728001|0607001,,0504009,1,EXACT,SKU Woo literal: 0504009|0728001|0607001,EXACT_SKU,504009,EXACT,PRIMARY_WOO,4014,3648,0504009|0728001|0607001,"90x200x8 cm, 90x120x100 cm, 90x200 cm, Futón con una capa de látex, 90x200x14,5 cm, Rojo",504009,YES,NO,NO,NO,1,COMPOSITION_EXACT_WOO,,"Evidence row; correlate by combination_sku, component_sku and quantity.",,EXACT,EXACT,COMPOSITION_EXACT_WOO,COMPOSITION_EXACT_WOO,UNCHANGED_EXACT_EVIDENCE,YES,NO,HIGH,Exact 001A.0 evidence retained; no fuzzy identity.,INCLUDED_EXACT,,,,,
WOO_SKU_COMPONENT_LIST,sku_component[1],4009,3648,0504009|0728001|0608001,,0504009,1,EXACT,SKU Woo literal: 0504009|0728001|0608001,EXACT_SKU,504009,EXACT,PRIMARY_WOO,4009,3648,0504009|0728001|0608001,"90x200x8 cm, 90x120x100 cm, 90x200 cm, Futón con una capa de látex, 90x200x14,5 cm, Crudo",504009,YES,NO,NO,NO,1,COMPOSITION_EXACT_WOO,,"Evidence row; correlate by combination_sku, component_sku and quantity.",,EXACT,EXACT,COMPOSITION_EXACT_WOO,COMPOSITION_EXACT_WOO,UNCHANGED_EXACT_EVIDENCE,YES,NO,HIGH,Exact 001A.0 evidence retained; no fuzzy identity.,INCLUDED_EXACT,,,,,
WOO_SKU_COMPONENT_LIST,sku_component[1],4007,3648,0504009|0728001|0609001,,0504009,1,EXACT,SKU Woo literal: 0504009|0728001|0609001,EXACT_SKU,504009,EXACT,PRIMARY_WOO,4007,3648,0504009|0728001|0609001,"90x200x8 cm, 90x120x100 cm, 90x200 cm, Futón con una capa de látex, 90x200x14,5 cm, Azul",504009,YES,NO,NO,NO,1,COMPOSITION_EXACT_WOO,,"Evidence row; correlate by combination_sku, component_sku and quantity.",,EXACT,EXACT,COMPOSITION_EXACT_WOO,COMPOSITION_EXACT_WOO,UNCHANGED_EXACT_EVIDENCE,YES,NO,HIGH,Exact 001A.0 evidence retained; no fuzzy identity.,INCLUDED_EXACT,,,,,
WOO_SKU_COMPONENT_LIST,sku_component[1],4006,3648,0504009|0728001|0615001,,0504009,1,EXACT,SKU Woo literal: 0504009|0728001|0615001,EXACT_SKU,504009,EXACT,PRIMARY_WOO,4006,3648,0504009|0728001|0615001,"90x200x8 cm, 90x120x100 cm, 90x200 cm, Futón con una capa de látex, 90x200x14,5 cm, Amarillo",504009,YES,NO,NO,NO,1,COMPOSITION_EXACT_WOO,,"Evidence row; correlate by combination_sku, component_sku and quantity.",,EXACT,EXACT,COMPOSITION_EXACT_WOO,COMPOSITION_EXACT_WOO,UNCHANGED_EXACT_EVIDENCE,YES,NO,HIGH,Exact 001A.0 evidence retained; no fuzzy identity.,INCLUDED_EXACT,,,,,
WOO_SKU_COMPONENT_LIST,sku_component[1],4013,3648,0504009|0728001|0616001,,0504009,1,EXACT,SKU Woo literal: 0504009|0728001|0616001,EXACT_SKU,504009,EXACT,PRIMARY_WOO,4013,3648,0504009|0728001|0616001,"90x200x8 cm, 90x120x100 cm, 90x200 cm, Futón con una capa de látex, 90x200x14,5 cm, Negro",504009,YES,NO,NO,NO,1,COMPOSITION_EXACT_WOO,,"Evidence row; correlate by combination_sku, component_sku and quantity.",,EXACT,EXACT,COMPOSITION_EXACT_WOO,COMPOSITION_EXACT_WOO,UNCHANGED_EXACT_EVIDENCE,YES,NO,HIGH,Exact 001A.0 evidence retained; no fuzzy identity.,INCLUDED_EXACT,,,,,
WOO_SKU_COMPONENT_LIST,sku_component[1],4017,3648,0504009|0730001,,0504009,1,EXACT,SKU Woo literal: 0504009|0730001,EXACT_SKU,504009,EXACT,PRIMARY_WOO,4017,3648,0504009|0730001,"90x200x8 cm, 90x120x100 cm, 90x200 cm, Futón con dos capas de látex, 90x200x14,5 cm, Sin funda",504009,YES,NO,NO,NO,1,COMPOSITION_EXACT_WOO,,"Evidence row; correlate by combination_sku, component_sku and quantity.",,EXACT,EXACT,COMPOSITION_EXACT_WOO,COMPOSITION_EXACT_WOO,UNCHANGED_EXACT_EVIDENCE,YES,NO,HIGH,Exact 001A.0 evidence retained; no fuzzy identity.,INCLUDED_EXACT,,,,,
WOO_SKU_COMPONENT_LIST,sku_component[1],4022,3648,0504009|0730001|0606001,,0504009,1,EXACT,SKU Woo literal: 0504009|0730001|0606001,EXACT_SKU,504009,EXACT,PRIMARY_WOO,4022,3648,0504009|0730001|0606001,"90x200x8 cm, 90x120x100 cm, 90x200 cm, Futón con dos capas de látex, 90x200x14,5 cm, Granate",504009,YES,NO,NO,NO,1,COMPOSITION_EXACT_WOO,,"Evidence row; correlate by combination_sku, component_sku and quantity.",,EXACT,EXACT,COMPOSITION_EXACT_WOO,COMPOSITION_EXACT_WOO,UNCHANGED_EXACT_EVIDENCE,YES,NO,HIGH,Exact 001A.0 evidence retained; no fuzzy identity.,INCLUDED_EXACT,,,,,
WOO_SKU_COMPONENT_LIST,sku_component[1],4026,3648,0504009|0730001|0607001,,0504009,1,EXACT,SKU Woo literal: 0504009|0730001|0607001,EXACT_SKU,504009,EXACT,PRIMARY_WOO,4026,3648,0504009|0730001|0607001,"90x200x8 cm, 90x120x100 cm, 90x200 cm, Futón con dos capas de látex, 90x200x14,5 cm, Rojo",504009,YES,NO,NO,NO,1,COMPOSITION_EXACT_WOO,,"Evidence row; correlate by combination_sku, component_sku and quantity.",,EXACT,EXACT,COMPOSITION_EXACT_WOO,COMPOSITION_EXACT_WOO,UNCHANGED_EXACT_EVIDENCE,YES,NO,HIGH,Exact 001A.0 evidence retained; no fuzzy identity.,INCLUDED_EXACT,,,,,
WOO_SKU_COMPONENT_LIST,sku_component[1],4021,3648,0504009|0730001|0608001,,0504009,1,EXACT,SKU Woo literal: 0504009|0730001|0608001,EXACT_SKU,504009,EXACT,PRIMARY_WOO,4021,3648,0504009|0730001|0608001,"90x200x8 cm, 90x120x100 cm, 90x200 cm, Futón con dos capas de látex, 90x200x14,5 cm, Crudo",504009,YES,NO,NO,NO,1,COMPOSITION_EXACT_WOO,,"Evidence row; correlate by combination_sku, component_sku and quantity.",,EXACT,EXACT,COMPOSITION_EXACT_WOO,COMPOSITION_EXACT_WOO,UNCHANGED_EXACT_EVIDENCE,YES,NO,HIGH,Exact 001A.0 evidence retained; no fuzzy identity.,INCLUDED_EXACT,,,,,
WOO_SKU_COMPONENT_LIST,sku_component[1],4019,3648,0504009|0730001|0609001,,0504009,1,EXACT,SKU Woo literal: 0504009|0730001|0609001,EXACT_SKU,504009,EXACT,PRIMARY_WOO,4019,3648,0504009|0730001|0609001,"90x200x8 cm, 90x120x100 cm, 90x200 cm, Futón con dos capas de látex, 90x200x14,5 cm, Azul",504009,YES,NO,NO,NO,1,COMPOSITION_EXACT_WOO,,"Evidence row; correlate by combination_sku, component_sku and quantity.",,EXACT,EXACT,COMPOSITION_EXACT_WOO,COMPOSITION_EXACT_WOO,UNCHANGED_EXACT_EVIDENCE,YES,NO,HIGH,Exact 001A.0 evidence retained; no fuzzy identity.,INCLUDED_EXACT,,,,,
WOO_SKU_COMPONENT_LIST,sku_component[1],4018,3648,0504009|0730001|0615001,,0504009,1,EXACT,SKU Woo literal: 0504009|0730001|0615001,EXACT_SKU,504009,EXACT,PRIMARY_WOO,4018,3648,0504009|0730001|0615001,"90x200x8 cm, 90x120x100 cm, 90x200 cm, Futón con dos capas de látex, 90x200x14,5 cm, Amarillo",504009,YES,NO,NO,NO,1,COMPOSITION_EXACT_WOO,,"Evidence row; correlate by combination_sku, component_sku and quantity.",,EXACT,EXACT,COMPOSITION_EXACT_WOO,COMPOSITION_EXACT_WOO,UNCHANGED_EXACT_EVIDENCE,YES,NO,HIGH,Exact 001A.0 evidence retained; no fuzzy identity.,INCLUDED_EXACT,,,,,
WOO_SKU_COMPONENT_LIST,sku_component[1],4025,3648,0504009|0730001|0616001,,0504009,1,EXACT,SKU Woo literal: 0504009|0730001|0616001,EXACT_SKU,504009,EXACT,PRIMARY_WOO,4025,3648,0504009|0730001|0616001,"90x200x8 cm, 90x120x100 cm, 90x200 cm, Futón con dos capas de látex, 90x200x14,5 cm, Negro",504009,YES,NO,NO,NO,1,COMPOSITION_EXACT_WOO,,"Evidence row; correlate by combination_sku, component_sku and quantity.",,EXACT,EXACT,COMPOSITION_EXACT_WOO,COMPOSITION_EXACT_WOO,UNCHANGED_EXACT_EVIDENCE,YES,NO,HIGH,Exact 001A.0 evidence retained; no fuzzy identity.,INCLUDED_EXACT,,,,,
WOO_SKU_COMPONENT_LIST,sku_component[1],4065,3648,0504010|0724003,,0504010,1,EXACT,SKU Woo literal: 0504010|0724003,EXACT_SKU,504010,EXACT,PRIMARY_WOO,4065,3648,0504010|0724003,"140x200x8 cm, 140x120x100 cm, 140x200 cm, Futón de algodón, 140x200x14,5 cm, Sin funda",504010,YES,NO,NO,NO,1,COMPOSITION_EXACT_WOO,,"Evidence row; correlate by combination_sku, component_sku and quantity.",,EXACT,EXACT,COMPOSITION_EXACT_WOO,COMPOSITION_EXACT_WOO,UNCHANGED_EXACT_EVIDENCE,YES,NO,HIGH,Exact 001A.0 evidence retained; no fuzzy identity.,INCLUDED_EXACT,,,,,
WOO_SKU_COMPONENT_LIST,sku_component[1],4069,3648,0504010|0724003|0606002,,0504010,1,EXACT,SKU Woo literal: 0504010|0724003|0606002,EXACT_SKU,504010,EXACT,PRIMARY_WOO,4069,3648,0504010|0724003|0606002,"140x200x8 cm, 140x120x100 cm, 140x200 cm, Futón de algodón, 140x200x14,5 cm, Granate",504010,YES,NO,NO,NO,1,COMPOSITION_EXACT_WOO,,"Evidence row; correlate by combination_sku, component_sku and quantity.",,EXACT,EXACT,COMPOSITION_EXACT_WOO,COMPOSITION_EXACT_WOO,UNCHANGED_EXACT_EVIDENCE,YES,NO,HIGH,Exact 001A.0 evidence retained; no fuzzy identity.,INCLUDED_EXACT,,,,,
WOO_SKU_COMPONENT_LIST,sku_component[1],4073,3648,0504010|0724003|0607002,,0504010,1,EXACT,SKU Woo literal: 0504010|0724003|0607002,EXACT_SKU,504010,EXACT,PRIMARY_WOO,4073,3648,0504010|0724003|0607002,"140x200x8 cm, 140x120x100 cm, 140x200 cm, Futón de algodón, 140x200x14,5 cm, Rojo",504010,YES,NO,NO,NO,1,COMPOSITION_EXACT_WOO,,"Evidence row; correlate by combination_sku, component_sku and quantity.",,EXACT,EXACT,COMPOSITION_EXACT_WOO,COMPOSITION_EXACT_WOO,UNCHANGED_EXACT_EVIDENCE,YES,NO,HIGH,Exact 001A.0 evidence retained; no fuzzy identity.,INCLUDED_EXACT,,,,,
WOO_SKU_COMPONENT_LIST,sku_component[1],4068,3648,0504010|0724003|0608002,,0504010,1,EXACT,SKU Woo literal: 0504010|0724003|0608002,EXACT_SKU,504010,EXACT,PRIMARY_WOO,4068,3648,0504010|0724003|0608002,"140x200x8 cm, 140x120x100 cm, 140x200 cm, Futón de algodón, 140x200x14,5 cm, Crudo",504010,YES,NO,NO,NO,1,COMPOSITION_EXACT_WOO,,"Evidence row; correlate by combination_sku, component_sku and quantity.",,EXACT,EXACT,COMPOSITION_EXACT_WOO,COMPOSITION_EXACT_WOO,UNCHANGED_EXACT_EVIDENCE,YES,NO,HIGH,Exact 001A.0 evidence retained; no fuzzy identity.,INCLUDED_EXACT,,,,,
WOO_SKU_COMPONENT_LIST,sku_component[1],4075,3648,0504010|0724003|0614002,,0504010,1,EXACT,SKU Woo literal: 0504010|0724003|0614002,EXACT_SKU,504010,EXACT,PRIMARY_WOO,4075,3648,0504010|0724003|0614002,"140x200x8 cm, 140x120x100 cm, 140x200 cm, Futón de algodón, 140x200x14,5 cm, Verde",504010,YES,NO,NO,NO,1,COMPOSITION_EXACT_WOO,,"Evidence row; correlate by combination_sku, component_sku and quantity.",,EXACT,EXACT,COMPOSITION_EXACT_WOO,COMPOSITION_EXACT_WOO,UNCHANGED_EXACT_EVIDENCE,YES,NO,HIGH,Exact 001A.0 evidence retained; no fuzzy identity.,INCLUDED_EXACT,,,,,
WOO_SKU_COMPONENT_LIST,sku_component[1],4066,3648,0504010|0724003|0615002,,0504010,1,EXACT,SKU Woo literal: 0504010|0724003|0615002,EXACT_SKU,504010,EXACT,PRIMARY_WOO,4066,3648,0504010|0724003|0615002,"140x200x8 cm, 140x120x100 cm, 140x200 cm, Futón de algodón, 140x200x14,5 cm, Amarillo",504010,YES,NO,NO,NO,1,COMPOSITION_EXACT_WOO,,"Evidence row; correlate by combination_sku, component_sku and quantity.",,EXACT,EXACT,COMPOSITION_EXACT_WOO,COMPOSITION_EXACT_WOO,UNCHANGED_EXACT_EVIDENCE,YES,NO,HIGH,Exact 001A.0 evidence retained; no fuzzy identity.,INCLUDED_EXACT,,,,,
WOO_SKU_COMPONENT_LIST,sku_component[1],4072,3648,0504010|0724003|0616002,,0504010,1,EXACT,SKU Woo literal: 0504010|0724003|0616002,EXACT_SKU,504010,EXACT,PRIMARY_WOO,4072,3648,0504010|0724003|0616002,"140x200x8 cm, 140x120x100 cm, 140x200 cm, Futón de algodón, 140x200x14,5 cm, Negro",504010,YES,NO,NO,NO,1,COMPOSITION_EXACT_WOO,,"Evidence row; correlate by combination_sku, component_sku and quantity.",,EXACT,EXACT,COMPOSITION_EXACT_WOO,COMPOSITION_EXACT_WOO,UNCHANGED_EXACT_EVIDENCE,YES,NO,HIGH,Exact 001A.0 evidence retained; no fuzzy identity.,INCLUDED_EXACT,,,,,
WOO_SKU_COMPONENT_LIST,sku_component[1],4041,3648,0504010|0728002,,0504010,1,EXACT,SKU Woo literal: 0504010|0728002,EXACT_SKU,504010,EXACT,PRIMARY_WOO,4041,3648,0504010|0728002,"140x200x8 cm, 140x120x100 cm, 140x200 cm, Futón con una capa de látex, 140x200x14,5 cm, Sin funda",504010,YES,NO,NO,NO,1,COMPOSITION_EXACT_WOO,,"Evidence row; correlate by combination_sku, component_sku and quantity.",,EXACT,EXACT,COMPOSITION_EXACT_WOO,COMPOSITION_EXACT_WOO,UNCHANGED_EXACT_EVIDENCE,YES,NO,HIGH,Exact 001A.0 evidence retained; no fuzzy identity.,INCLUDED_EXACT,,,,,
WOO_SKU_COMPONENT_LIST,sku_component[1],4046,3648,0504010|0728002|0606002,,0504010,1,EXACT,SKU Woo literal: 0504010|0728002|0606002,EXACT_SKU,504010,EXACT,PRIMARY_WOO,4046,3648,0504010|0728002|0606002,"140x200x8 cm, 140x120x100 cm, 140x200 cm, Futón con una capa de látex, 140x200x14,5 cm, Granate",504010,YES,NO,NO,NO,1,COMPOSITION_EXACT_WOO,,"Evidence row; correlate by combination_sku, component_sku and quantity.",,EXACT,EXACT,COMPOSITION_EXACT_WOO,COMPOSITION_EXACT_WOO,UNCHANGED_EXACT_EVIDENCE,YES,NO,HIGH,Exact 001A.0 evidence retained; no fuzzy identity.,INCLUDED_EXACT,,,,,
WOO_SKU_COMPONENT_LIST,sku_component[1],4050,3648,0504010|0728002|0607002,,0504010,1,EXACT,SKU Woo literal: 0504010|0728002|0607002,EXACT_SKU,504010,EXACT,PRIMARY_WOO,4050,3648,0504010|0728002|0607002,"140x200x8 cm, 140x120x100 cm, 140x200 cm, Futón con una capa de látex, 140x200x14,5 cm, Rojo",504010,YES,NO,NO,NO,1,COMPOSITION_EXACT_WOO,,"Evidence row; correlate by combination_sku, component_sku and quantity.",,EXACT,EXACT,COMPOSITION_EXACT_WOO,COMPOSITION_EXACT_WOO,UNCHANGED_EXACT_EVIDENCE,YES,NO,HIGH,Exact 001A.0 evidence retained; no fuzzy identity.,INCLUDED_EXACT,,,,,
WOO_SKU_COMPONENT_LIST,sku_component[1],4045,3648,0504010|0728002|0608002,,0504010,1,EXACT,SKU Woo literal: 0504010|0728002|0608002,EXACT_SKU,504010,EXACT,PRIMARY_WOO,4045,3648,0504010|0728002|0608002,"140x200x8 cm, 140x120x100 cm, 140x200 cm, Futón con una capa de látex, 140x200x14,5 cm, Crudo",504010,YES,NO,NO,NO,1,COMPOSITION_EXACT_WOO,,"Evidence row; correlate by combination_sku, component_sku and quantity.",,EXACT,EXACT,COMPOSITION_EXACT_WOO,COMPOSITION_EXACT_WOO,UNCHANGED_EXACT_EVIDENCE,YES,NO,HIGH,Exact 001A.0 evidence retained; no fuzzy identity.,INCLUDED_EXACT,,,,,
WOO_SKU_COMPONENT_LIST,sku_component[1],4043,3648,0504010|0728002|0609002,,0504010,1,EXACT,SKU Woo literal: 0504010|0728002|0609002,EXACT_SKU,504010,EXACT,PRIMARY_WOO,4043,3648,0504010|0728002|0609002,"140x200x8 cm, 140x120x100 cm, 140x200 cm, Futón con una capa de látex, 140x200x14,5 cm, Azul",504010,YES,NO,NO,NO,1,COMPOSITION_EXACT_WOO,,"Evidence row; correlate by combination_sku, component_sku and quantity.",,EXACT,EXACT,COMPOSITION_EXACT_WOO,COMPOSITION_EXACT_WOO,UNCHANGED_EXACT_EVIDENCE,YES,NO,HIGH,Exact 001A.0 evidence retained; no fuzzy identity.,INCLUDED_EXACT,,,,,
WOO_SKU_COMPONENT_LIST,sku_component[1],4052,3648,0504010|0728002|0614002,,0504010,1,EXACT,SKU Woo literal: 0504010|0728002|0614002,EXACT_SKU,504010,EXACT,PRIMARY_WOO,4052,3648,0504010|0728002|0614002,"140x200x8 cm, 140x120x100 cm, 140x200 cm, Futón con una capa de látex, 140x200x14,5 cm, Verde",504010,YES,NO,NO,NO,1,COMPOSITION_EXACT_WOO,,"Evidence row; correlate by combination_sku, component_sku and quantity.",,EXACT,EXACT,COMPOSITION_EXACT_WOO,COMPOSITION_EXACT_WOO,UNCHANGED_EXACT_EVIDENCE,YES,NO,HIGH,Exact 001A.0 evidence retained; no fuzzy identity.,INCLUDED_EXACT,,,,,
WOO_SKU_COMPONENT_LIST,sku_component[1],4042,3648,0504010|0728002|0615002,,0504010,1,EXACT,SKU Woo literal: 0504010|0728002|0615002,EXACT_SKU,504010,EXACT,PRIMARY_WOO,4042,3648,0504010|0728002|0615002,"140x200x8 cm, 140x120x100 cm, 140x200 cm, Futón con una capa de látex, 140x200x14,5 cm, Amarillo",504010,YES,NO,NO,NO,1,COMPOSITION_EXACT_WOO,,"Evidence row; correlate by combination_sku, component_sku and quantity.",,EXACT,EXACT,COMPOSITION_EXACT_WOO,COMPOSITION_EXACT_WOO,UNCHANGED_EXACT_EVIDENCE,YES,NO,HIGH,Exact 001A.0 evidence retained; no fuzzy identity.,INCLUDED_EXACT,,,,,
WOO_SKU_COMPONENT_LIST,sku_component[1],4049,3648,0504010|0728002|0616002,,0504010,1,EXACT,SKU Woo literal: 0504010|0728002|0616002,EXACT_SKU,504010,EXACT,PRIMARY_WOO,4049,3648,0504010|0728002|0616002,"140x200x8 cm, 140x120x100 cm, 140x200 cm, Futón con una capa de látex, 140x200x14,5 cm, Negro",504010,YES,NO,NO,NO,1,COMPOSITION_EXACT_WOO,,"Evidence row; correlate by combination_sku, component_sku and quantity.",,EXACT,EXACT,COMPOSITION_EXACT_WOO,COMPOSITION_EXACT_WOO,UNCHANGED_EXACT_EVIDENCE,YES,NO,HIGH,Exact 001A.0 evidence retained; no fuzzy identity.,INCLUDED_EXACT,,,,,
WOO_SKU_COMPONENT_LIST,sku_component[1],4053,3648,0504010|0730002,,0504010,1,EXACT,SKU Woo literal: 0504010|0730002,EXACT_SKU,504010,EXACT,PRIMARY_WOO,4053,3648,0504010|0730002,"140x200x8 cm, 140x120x100 cm, 140x200 cm, Futón con dos capas de látex, 140x200x14,5 cm, Sin funda",504010,YES,NO,NO,NO,1,COMPOSITION_EXACT_WOO,,"Evidence row; correlate by combination_sku, component_sku and quantity.",,EXACT,EXACT,COMPOSITION_EXACT_WOO,COMPOSITION_EXACT_WOO,UNCHANGED_EXACT_EVIDENCE,YES,NO,HIGH,Exact 001A.0 evidence retained; no fuzzy identity.,INCLUDED_EXACT,,,,,
WOO_SKU_COMPONENT_LIST,sku_component[1],4058,3648,0504010|0730002|0606002,,0504010,1,EXACT,SKU Woo literal: 0504010|0730002|0606002,EXACT_SKU,504010,EXACT,PRIMARY_WOO,4058,3648,0504010|0730002|0606002,"140x200x8 cm, 140x120x100 cm, 140x200 cm, Futón con dos capas de látex, 140x200x14,5 cm, Granate",504010,YES,NO,NO,NO,1,COMPOSITION_EXACT_WOO,,"Evidence row; correlate by combination_sku, component_sku and quantity.",,EXACT,EXACT,COMPOSITION_EXACT_WOO,COMPOSITION_EXACT_WOO,UNCHANGED_EXACT_EVIDENCE,YES,NO,HIGH,Exact 001A.0 evidence retained; no fuzzy identity.,INCLUDED_EXACT,,,,,
WOO_SKU_COMPONENT_LIST,sku_component[1],4062,3648,0504010|0730002|0607002,,0504010,1,EXACT,SKU Woo literal: 0504010|0730002|0607002,EXACT_SKU,504010,EXACT,PRIMARY_WOO,4062,3648,0504010|0730002|0607002,"140x200x8 cm, 140x120x100 cm, 140x200 cm, Futón con dos capas de látex, 140x200x14,5 cm, Rojo",504010,YES,NO,NO,NO,1,COMPOSITION_EXACT_WOO,,"Evidence row; correlate by combination_sku, component_sku and quantity.",,EXACT,EXACT,COMPOSITION_EXACT_WOO,COMPOSITION_EXACT_WOO,UNCHANGED_EXACT_EVIDENCE,YES,NO,HIGH,Exact 001A.0 evidence retained; no fuzzy identity.,INCLUDED_EXACT,,,,,
WOO_SKU_COMPONENT_LIST,sku_component[1],4057,3648,0504010|0730002|0608002,,0504010,1,EXACT,SKU Woo literal: 0504010|0730002|0608002,EXACT_SKU,504010,EXACT,PRIMARY_WOO,4057,3648,0504010|0730002|0608002,"140x200x8 cm, 140x120x100 cm, 140x200 cm, Futón con dos capas de látex, 140x200x14,5 cm, Crudo",504010,YES,NO,NO,NO,1,COMPOSITION_EXACT_WOO,,"Evidence row; correlate by combination_sku, component_sku and quantity.",,EXACT,EXACT,COMPOSITION_EXACT_WOO,COMPOSITION_EXACT_WOO,UNCHANGED_EXACT_EVIDENCE,YES,NO,HIGH,Exact 001A.0 evidence retained; no fuzzy identity.,INCLUDED_EXACT,,,,,
WOO_SKU_COMPONENT_LIST,sku_component[1],4055,3648,0504010|0730002|0609002,,0504010,1,EXACT,SKU Woo literal: 0504010|0730002|0609002,EXACT_SKU,504010,EXACT,PRIMARY_WOO,4055,3648,0504010|0730002|0609002,"140x200x8 cm, 140x120x100 cm, 140x200 cm, Futón con dos capas de látex, 140x200x14,5 cm, Azul",504010,YES,NO,NO,NO,1,COMPOSITION_EXACT_WOO,,"Evidence row; correlate by combination_sku, component_sku and quantity.",,EXACT,EXACT,COMPOSITION_EXACT_WOO,COMPOSITION_EXACT_WOO,UNCHANGED_EXACT_EVIDENCE,YES,NO,HIGH,Exact 001A.0 evidence retained; no fuzzy identity.,INCLUDED_EXACT,,,,,
WOO_SKU_COMPONENT_LIST,sku_component[1],4064,3648,0504010|0730002|0614002,,0504010,1,EXACT,SKU Woo literal: 0504010|0730002|0614002,EXACT_SKU,504010,EXACT,PRIMARY_WOO,4064,3648,0504010|0730002|0614002,"140x200x8 cm, 140x120x100 cm, 140x200 cm, Futón con dos capas de látex, 140x200x14,5 cm, Verde",504010,YES,NO,NO,NO,1,COMPOSITION_EXACT_WOO,,"Evidence row; correlate by combination_sku, component_sku and quantity.",,EXACT,EXACT,COMPOSITION_EXACT_WOO,COMPOSITION_EXACT_WOO,UNCHANGED_EXACT_EVIDENCE,YES,NO,HIGH,Exact 001A.0 evidence retained; no fuzzy identity.,INCLUDED_EXACT,,,,,
WOO_SKU_COMPONENT_LIST,sku_component[1],4054,3648,0504010|0730002|0615002,,0504010,1,EXACT,SKU Woo literal: 0504010|0730002|0615002,EXACT_SKU,504010,EXACT,PRIMARY_WOO,4054,3648,0504010|0730002|0615002,"140x200x8 cm, 140x120x100 cm, 140x200 cm, Futón con dos capas de látex, 140x200x14,5 cm, Amarillo",504010,YES,NO,NO,NO,1,COMPOSITION_EXACT_WOO,,"Evidence row; correlate by combination_sku, component_sku and quantity.",,EXACT,EXACT,COMPOSITION_EXACT_WOO,COMPOSITION_EXACT_WOO,UNCHANGED_EXACT_EVIDENCE,YES,NO,HIGH,Exact 001A.0 evidence retained; no fuzzy identity.,INCLUDED_EXACT,,,,,
WOO_SKU_COMPONENT_LIST,sku_component[1],4061,3648,0504010|0730002|0616002,,0504010,1,EXACT,SKU Woo literal: 0504010|0730002|0616002,EXACT_SKU,504010,EXACT,PRIMARY_WOO,4061,3648,0504010|0730002|0616002,"140x200x8 cm, 140x120x100 cm, 140x200 cm, Futón con dos capas de látex, 140x200x14,5 cm, Negro",504010,YES,NO,NO,NO,1,COMPOSITION_EXACT_WOO,,"Evidence row; correlate by combination_sku, component_sku and quantity.",,EXACT,EXACT,COMPOSITION_EXACT_WOO,COMPOSITION_EXACT_WOO,UNCHANGED_EXACT_EVIDENCE,YES,NO,HIGH,Exact 001A.0 evidence retained; no fuzzy identity.,INCLUDED_EXACT,,,,,
WOO_SKU_COMPONENT_LIST,sku_component[1],4076,3648,0504010|1253003,,0504010,1,EXACT,SKU Woo literal: 0504010|1253003,EXACT_SKU,504010,EXACT,PRIMARY_WOO,4076,3648,0504010|1253003,"140x200x8 cm, 140x120x100 cm, 140x200 cm, Futón de algodón de colores de dos plazas, 140x200x14,5 cm, Gris oscuro, Sin funda",504010,YES,NO,NO,NO,1,COMPOSITION_EXACT_WOO,,"Evidence row; correlate by combination_sku, component_sku and quantity.",,EXACT,EXACT,COMPOSITION_EXACT_WOO,COMPOSITION_EXACT_WOO,UNCHANGED_EXACT_EVIDENCE,YES,NO,HIGH,Exact 001A.0 evidence retained; no fuzzy identity.,INCLUDED_EXACT,,,,,
WOO_SKU_COMPONENT_LIST,sku_component[1],4081,3648,0504010|1253003|0606002,,0504010,1,EXACT,SKU Woo literal: 0504010|1253003|0606002,EXACT_SKU,504010,EXACT,PRIMARY_WOO,4081,3648,0504010|1253003|0606002,"140x200x8 cm, 140x120x100 cm, 140x200 cm, Futón de algodón de colores de dos plazas, 140x200x14,5 cm, Gris oscuro, Granate",504010,YES,NO,NO,NO,1,COMPOSITION_EXACT_WOO,,"Evidence row; correlate by combination_sku, component_sku and quantity.",,EXACT,EXACT,COMPOSITION_EXACT_WOO,COMPOSITION_EXACT_WOO,UNCHANGED_EXACT_EVIDENCE,YES,NO,HIGH,Exact 001A.0 evidence retained; no fuzzy identity.,INCLUDED_EXACT,,,,,
WOO_SKU_COMPONENT_LIST,sku_component[1],4085,3648,0504010|1253003|0607002,,0504010,1,EXACT,SKU Woo literal: 0504010|1253003|0607002,EXACT_SKU,504010,EXACT,PRIMARY_WOO,4085,3648,0504010|1253003|0607002,"140x200x8 cm, 140x120x100 cm, 140x200 cm, Futón de algodón de colores de dos plazas, 140x200x14,5 cm, Gris oscuro, Rojo",504010,YES,NO,NO,NO,1,COMPOSITION_EXACT_WOO,,"Evidence row; correlate by combination_sku, component_sku and quantity.",,EXACT,EXACT,COMPOSITION_EXACT_WOO,COMPOSITION_EXACT_WOO,UNCHANGED_EXACT_EVIDENCE,YES,NO,HIGH,Exact 001A.0 evidence retained; no fuzzy identity.,INCLUDED_EXACT,,,,,
WOO_SKU_COMPONENT_LIST,sku_component[1],4080,3648,0504010|1253003|0608002,,0504010,1,EXACT,SKU Woo literal: 0504010|1253003|0608002,EXACT_SKU,504010,EXACT,PRIMARY_WOO,4080,3648,0504010|1253003|0608002,"140x200x8 cm, 140x120x100 cm, 140x200 cm, Futón de algodón de colores de dos plazas, 140x200x14,5 cm, Gris oscuro, Crudo",504010,YES,NO,NO,NO,1,COMPOSITION_EXACT_WOO,,"Evidence row; correlate by combination_sku, component_sku and quantity.",,EXACT,EXACT,COMPOSITION_EXACT_WOO,COMPOSITION_EXACT_WOO,UNCHANGED_EXACT_EVIDENCE,YES,NO,HIGH,Exact 001A.0 evidence retained; no fuzzy identity.,INCLUDED_EXACT,,,,,
WOO_SKU_COMPONENT_LIST,sku_component[1],4078,3648,0504010|1253003|0609002,,0504010,1,EXACT,SKU Woo literal: 0504010|1253003|0609002,EXACT_SKU,504010,EXACT,PRIMARY_WOO,4078,3648,0504010|1253003|0609002,"140x200x8 cm, 140x120x100 cm, 140x200 cm, Futón de algodón de colores de dos plazas, 140x200x14,5 cm, Gris oscuro, Azul",504010,YES,NO,NO,NO,1,COMPOSITION_EXACT_WOO,,"Evidence row; correlate by combination_sku, component_sku and quantity.",,EXACT,EXACT,COMPOSITION_EXACT_WOO,COMPOSITION_EXACT_WOO,UNCHANGED_EXACT_EVIDENCE,YES,NO,HIGH,Exact 001A.0 evidence retained; no fuzzy identity.,INCLUDED_EXACT,,,,,
WOO_SKU_COMPONENT_LIST,sku_component[1],4087,3648,0504010|1253003|0614002,,0504010,1,EXACT,SKU Woo literal: 0504010|1253003|0614002,EXACT_SKU,504010,EXACT,PRIMARY_WOO,4087,3648,0504010|1253003|0614002,"140x200x8 cm, 140x120x100 cm, 140x200 cm, Futón de algodón de colores de dos plazas, 140x200x14,5 cm, Gris oscuro, Verde",504010,YES,NO,NO,NO,1,COMPOSITION_EXACT_WOO,,"Evidence row; correlate by combination_sku, component_sku and quantity.",,EXACT,EXACT,COMPOSITION_EXACT_WOO,COMPOSITION_EXACT_WOO,UNCHANGED_EXACT_EVIDENCE,YES,NO,HIGH,Exact 001A.0 evidence retained; no fuzzy identity.,INCLUDED_EXACT,,,,,
WOO_SKU_COMPONENT_LIST,sku_component[1],4077,3648,0504010|1253003|0615002,,0504010,1,EXACT,SKU Woo literal: 0504010|1253003|0615002,EXACT_SKU,504010,EXACT,PRIMARY_WOO,4077,3648,0504010|1253003|0615002,"140x200x8 cm, 140x120x100 cm, 140x200 cm, Futón de algodón de colores de dos plazas, 140x200x14,5 cm, Gris oscuro, Amarillo",504010,YES,NO,NO,NO,1,COMPOSITION_EXACT_WOO,,"Evidence row; correlate by combination_sku, component_sku and quantity.",,EXACT,EXACT,COMPOSITION_EXACT_WOO,COMPOSITION_EXACT_WOO,UNCHANGED_EXACT_EVIDENCE,YES,NO,HIGH,Exact 001A.0 evidence retained; no fuzzy identity.,INCLUDED_EXACT,,,,,
WOO_SKU_COMPONENT_LIST,sku_component[1],4084,3648,0504010|1253003|0616002,,0504010,1,EXACT,SKU Woo literal: 0504010|1253003|0616002,EXACT_SKU,504010,EXACT,PRIMARY_WOO,4084,3648,0504010|1253003|0616002,"140x200x8 cm, 140x120x100 cm, 140x200 cm, Futón de algodón de colores de dos plazas, 140x200x14,5 cm, Gris oscuro, Negro",504010,YES,NO,NO,NO,1,COMPOSITION_EXACT_WOO,,"Evidence row; correlate by combination_sku, component_sku and quantity.",,EXACT,EXACT,COMPOSITION_EXACT_WOO,COMPOSITION_EXACT_WOO,UNCHANGED_EXACT_EVIDENCE,YES,NO,HIGH,Exact 001A.0 evidence retained; no fuzzy identity.,INCLUDED_EXACT,,,,,
WOO_SKU_COMPONENT_LIST,sku_component[1],4100,3648,0504010|1254005,,0504010,1,EXACT,SKU Woo literal: 0504010|1254005,EXACT_SKU,504010,EXACT,PRIMARY_WOO,4100,3648,0504010|1254005,"140x200x8 cm, 140x120x100 cm, 140x200 cm, Futón de algodón de colores de dos plazas, 140x200x14,5 cm, Rojo, Sin funda",504010,YES,NO,NO,NO,1,COMPOSITION_EXACT_WOO,,"Evidence row; correlate by combination_sku, component_sku and quantity.",,EXACT,EXACT,COMPOSITION_EXACT_WOO,COMPOSITION_EXACT_WOO,UNCHANGED_EXACT_EVIDENCE,YES,NO,HIGH,Exact 001A.0 evidence retained; no fuzzy identity.,INCLUDED_EXACT,,,,,
WOO_SKU_COMPONENT_LIST,sku_component[1],4105,3648,0504010|1254005|0606002,,0504010,1,EXACT,SKU Woo literal: 0504010|1254005|0606002,EXACT_SKU,504010,EXACT,PRIMARY_WOO,4105,3648,0504010|1254005|0606002,"140x200x8 cm, 140x120x100 cm, 140x200 cm, Futón de algodón de colores de dos plazas, 140x200x14,5 cm, Rojo, Granate",504010,YES,NO,NO,NO,1,COMPOSITION_EXACT_WOO,,"Evidence row; correlate by combination_sku, component_sku and quantity.",,EXACT,EXACT,COMPOSITION_EXACT_WOO,COMPOSITION_EXACT_WOO,UNCHANGED_EXACT_EVIDENCE,YES,NO,HIGH,Exact 001A.0 evidence retained; no fuzzy identity.,INCLUDED_EXACT,,,,,
WOO_SKU_COMPONENT_LIST,sku_component[1],4109,3648,0504010|1254005|0607002,,0504010,1,EXACT,SKU Woo literal: 0504010|1254005|0607002,EXACT_SKU,504010,EXACT,PRIMARY_WOO,4109,3648,0504010|1254005|0607002,"140x200x8 cm, 140x120x100 cm, 140x200 cm, Futón de algodón de colores de dos plazas, 140x200x14,5 cm, Rojo, Rojo",504010,YES,NO,NO,NO,1,COMPOSITION_EXACT_WOO,,"Evidence row; correlate by combination_sku, component_sku and quantity.",,EXACT,EXACT,COMPOSITION_EXACT_WOO,COMPOSITION_EXACT_WOO,UNCHANGED_EXACT_EVIDENCE,YES,NO,HIGH,Exact 001A.0 evidence retained; no fuzzy identity.,INCLUDED_EXACT,,,,,
WOO_SKU_COMPONENT_LIST,sku_component[1],4104,3648,0504010|1254005|0608002,,0504010,1,EXACT,SKU Woo literal: 0504010|1254005|0608002,EXACT_SKU,504010,EXACT,PRIMARY_WOO,4104,3648,0504010|1254005|0608002,"140x200x8 cm, 140x120x100 cm, 140x200 cm, Futón de algodón de colores de dos plazas, 140x200x14,5 cm, Rojo, Crudo",504010,YES,NO,NO,NO,1,COMPOSITION_EXACT_WOO,,"Evidence row; correlate by combination_sku, component_sku and quantity.",,EXACT,EXACT,COMPOSITION_EXACT_WOO,COMPOSITION_EXACT_WOO,UNCHANGED_EXACT_EVIDENCE,YES,NO,HIGH,Exact 001A.0 evidence retained; no fuzzy identity.,INCLUDED_EXACT,,,,,
WOO_SKU_COMPONENT_LIST,sku_component[1],4102,3648,0504010|1254005|0609002,,0504010,1,EXACT,SKU Woo literal: 0504010|1254005|0609002,EXACT_SKU,504010,EXACT,PRIMARY_WOO,4102,3648,0504010|1254005|0609002,"140x200x8 cm, 140x120x100 cm, 140x200 cm, Futón de algodón de colores de dos plazas, 140x200x14,5 cm, Rojo, Azul",504010,YES,NO,NO,NO,1,COMPOSITION_EXACT_WOO,,"Evidence row; correlate by combination_sku, component_sku and quantity.",,EXACT,EXACT,COMPOSITION_EXACT_WOO,COMPOSITION_EXACT_WOO,UNCHANGED_EXACT_EVIDENCE,YES,NO,HIGH,Exact 001A.0 evidence retained; no fuzzy identity.,INCLUDED_EXACT,,,,,
WOO_SKU_COMPONENT_LIST,sku_component[1],4111,3648,0504010|1254005|0614002,,0504010,1,EXACT,SKU Woo literal: 0504010|1254005|0614002,EXACT_SKU,504010,EXACT,PRIMARY_WOO,4111,3648,0504010|1254005|0614002,"140x200x8 cm, 140x120x100 cm, 140x200 cm, Futón de algodón de colores de dos plazas, 140x200x14,5 cm, Rojo, Verde",504010,YES,NO,NO,NO,1,COMPOSITION_EXACT_WOO,,"Evidence row; correlate by combination_sku, component_sku and quantity.",,EXACT,EXACT,COMPOSITION_EXACT_WOO,COMPOSITION_EXACT_WOO,UNCHANGED_EXACT_EVIDENCE,YES,NO,HIGH,Exact 001A.0 evidence retained; no fuzzy identity.,INCLUDED_EXACT,,,,,
WOO_SKU_COMPONENT_LIST,sku_component[1],4101,3648,0504010|1254005|0615002,,0504010,1,EXACT,SKU Woo literal: 0504010|1254005|0615002,EXACT_SKU,504010,EXACT,PRIMARY_WOO,4101,3648,0504010|1254005|0615002,"140x200x8 cm, 140x120x100 cm, 140x200 cm, Futón de algodón de colores de dos plazas, 140x200x14,5 cm, Rojo, Amarillo",504010,YES,NO,NO,NO,1,COMPOSITION_EXACT_WOO,,"Evidence row; correlate by combination_sku, component_sku and quantity.",,EXACT,EXACT,COMPOSITION_EXACT_WOO,COMPOSITION_EXACT_WOO,UNCHANGED_EXACT_EVIDENCE,YES,NO,HIGH,Exact 001A.0 evidence retained; no fuzzy identity.,INCLUDED_EXACT,,,,,
WOO_SKU_COMPONENT_LIST,sku_component[1],4108,3648,0504010|1254005|0616002,,0504010,1,EXACT,SKU Woo literal: 0504010|1254005|0616002,EXACT_SKU,504010,EXACT,PRIMARY_WOO,4108,3648,0504010|1254005|0616002,"140x200x8 cm, 140x120x100 cm, 140x200 cm, Futón de algodón de colores de dos plazas, 140x200x14,5 cm, Rojo, Negro",504010,YES,NO,NO,NO,1,COMPOSITION_EXACT_WOO,,"Evidence row; correlate by combination_sku, component_sku and quantity.",,EXACT,EXACT,COMPOSITION_EXACT_WOO,COMPOSITION_EXACT_WOO,UNCHANGED_EXACT_EVIDENCE,YES,NO,HIGH,Exact 001A.0 evidence retained; no fuzzy identity.,INCLUDED_EXACT,,,,,
WOO_SKU_COMPONENT_LIST,sku_component[1],4484,3652,0504011|0724003,,0504011,1,EXACT,SKU Woo literal: 0504011|0724003,EXACT_SKU,504011,EXACT,PRIMARY_WOO,4484,3652,0504011|0724003,"Futón de algodón, 140x200x14,5 cm, Sin funda",504011,YES,NO,NO,NO,1,COMPOSITION_EXACT_WOO,,"Evidence row; correlate by combination_sku, component_sku and quantity.",,EXACT,EXACT,COMPOSITION_EXACT_WOO,COMPOSITION_EXACT_WOO,UNCHANGED_EXACT_EVIDENCE,YES,NO,HIGH,Exact 001A.0 evidence retained; no fuzzy identity.,INCLUDED_EXACT,,,,,
WOO_SKU_COMPONENT_LIST,sku_component[1],4488,3652,0504011|0724003|0608002,,0504011,1,EXACT,SKU Woo literal: 0504011|0724003|0608002,EXACT_SKU,504011,EXACT,PRIMARY_WOO,4488,3652,0504011|0724003|0608002,"Futón de algodón, 140x200x14,5 cm, Crudo",504011,YES,NO,NO,NO,1,COMPOSITION_EXACT_WOO,,"Evidence row; correlate by combination_sku, component_sku and quantity.",,EXACT,EXACT,COMPOSITION_EXACT_WOO,COMPOSITION_EXACT_WOO,UNCHANGED_EXACT_EVIDENCE,YES,NO,HIGH,Exact 001A.0 evidence retained; no fuzzy identity.,INCLUDED_EXACT,,,,,
WOO_SKU_COMPONENT_LIST,sku_component[1],4492,3652,0504011|0724003|0616002,,0504011,1,EXACT,SKU Woo literal: 0504011|0724003|0616002,EXACT_SKU,504011,EXACT,PRIMARY_WOO,4492,3652,0504011|0724003|0616002,"Futón de algodón, 140x200x14,5 cm, Negro",504011,YES,NO,NO,NO,1,COMPOSITION_EXACT_WOO,,"Evidence row; correlate by combination_sku, component_sku and quantity.",,EXACT,EXACT,COMPOSITION_EXACT_WOO,COMPOSITION_EXACT_WOO,UNCHANGED_EXACT_EVIDENCE,YES,NO,HIGH,Exact 001A.0 evidence retained; no fuzzy identity.,INCLUDED_EXACT,,,,,
WOO_SKU_COMPONENT_LIST,sku_component[1],6093,3652,0504011|0724003|0617002,,0504011,1,EXACT,SKU Woo literal: 0504011|0724003|0617002,EXACT_SKU,504011,EXACT,PRIMARY_WOO,6093,3652,0504011|0724003|0617002,"Futón de algodón, 140x200x14,5 cm, Gris jaspeado",504011,YES,NO,NO,NO,1,COMPOSITION_EXACT_WOO,,"Evidence row; correlate by combination_sku, component_sku and quantity.",,EXACT,EXACT,COMPOSITION_EXACT_WOO,COMPOSITION_EXACT_WOO,UNCHANGED_EXACT_EVIDENCE,YES,NO,HIGH,Exact 001A.0 evidence retained; no fuzzy identity.,INCLUDED_EXACT,,,,,
WOO_SKU_COMPONENT_LIST,sku_component[1],6094,3652,0504011|0724003|0619002,,0504011,1,EXACT,SKU Woo literal: 0504011|0724003|0619002,EXACT_SKU,504011,EXACT,PRIMARY_WOO,6094,3652,0504011|0724003|0619002,"Futón de algodón, 140x200x14,5 cm, Beige jaspeado",504011,YES,NO,NO,NO,1,COMPOSITION_EXACT_WOO,,"Evidence row; correlate by combination_sku, component_sku and quantity.",,EXACT,EXACT,COMPOSITION_EXACT_WOO,COMPOSITION_EXACT_WOO,UNCHANGED_EXACT_EVIDENCE,YES,NO,HIGH,Exact 001A.0 evidence retained; no fuzzy identity.,INCLUDED_EXACT,,,,,
WOO_SKU_COMPONENT_LIST,sku_component[1],11127,3652,0504011|0724003|0619009,,0504011,1,EXACT,SKU Woo literal: 0504011|0724003|0619009,EXACT_SKU,504011,EXACT,PRIMARY_WOO,11127,3652,0504011|0724003|0619009,"Futón de algodón, 140x200x14,5 cm, Marrón",504011,YES,NO,NO,NO,1,COMPOSITION_EXACT_WOO,,"Evidence row; correlate by combination_sku, component_sku and quantity.",,EXACT,EXACT,COMPOSITION_EXACT_WOO,COMPOSITION_EXACT_WOO,UNCHANGED_EXACT_EVIDENCE,YES,NO,HIGH,Exact 001A.0 evidence retained; no fuzzy identity.,INCLUDED_EXACT,,,,,
WOO_SKU_COMPONENT_LIST,sku_component[1],4460,3652,0504011|0728002,,0504011,1,EXACT,SKU Woo literal: 0504011|0728002,EXACT_SKU,504011,EXACT,PRIMARY_WOO,4460,3652,0504011|0728002,"Futón con una capa de látex, 140x200x14,5 cm, Sin funda",504011,YES,NO,NO,NO,1,COMPOSITION_EXACT_WOO,,"Evidence row; correlate by combination_sku, component_sku and quantity.",,EXACT,EXACT,COMPOSITION_EXACT_WOO,COMPOSITION_EXACT_WOO,UNCHANGED_EXACT_EVIDENCE,YES,NO,HIGH,Exact 001A.0 evidence retained; no fuzzy identity.,INCLUDED_EXACT,,,,,
WOO_SKU_COMPONENT_LIST,sku_component[1],4464,3652,0504011|0728002|0608002,,0504011,1,EXACT,SKU Woo literal: 0504011|0728002|0608002,EXACT_SKU,504011,EXACT,PRIMARY_WOO,4464,3652,0504011|0728002|0608002,"Futón con una capa de látex, 140x200x14,5 cm, Crudo",504011,YES,NO,NO,NO,1,COMPOSITION_EXACT_WOO,,"Evidence row; correlate by combination_sku, component_sku and quantity.",,EXACT,EXACT,COMPOSITION_EXACT_WOO,COMPOSITION_EXACT_WOO,UNCHANGED_EXACT_EVIDENCE,YES,NO,HIGH,Exact 001A.0 evidence retained; no fuzzy identity.,INCLUDED_EXACT,,,,,
WOO_SKU_COMPONENT_LIST,sku_component[1],4468,3652,0504011|0728002|0616002,,0504011,1,EXACT,SKU Woo literal: 0504011|0728002|0616002,EXACT_SKU,504011,EXACT,PRIMARY_WOO,4468,3652,0504011|0728002|0616002,"Futón con una capa de látex, 140x200x14,5 cm, Negro",504011,YES,NO,NO,NO,1,COMPOSITION_EXACT_WOO,,"Evidence row; correlate by combination_sku, component_sku and quantity.",,EXACT,EXACT,COMPOSITION_EXACT_WOO,COMPOSITION_EXACT_WOO,UNCHANGED_EXACT_EVIDENCE,YES,NO,HIGH,Exact 001A.0 evidence retained; no fuzzy identity.,INCLUDED_EXACT,,,,,
WOO_SKU_COMPONENT_LIST,sku_component[1],9458,3652,0504011|0728002|0617002,,0504011,1,EXACT,SKU Woo literal: 0504011|0728002|0617002,EXACT_SKU,504011,EXACT,PRIMARY_WOO,9458,3652,0504011|0728002|0617002,"Futón con una capa de látex, 140x200x14,5 cm, Gris jaspeado",504011,YES,NO,NO,NO,1,COMPOSITION_EXACT_WOO,,"Evidence row; correlate by combination_sku, component_sku and quantity.",,EXACT,EXACT,COMPOSITION_EXACT_WOO,COMPOSITION_EXACT_WOO,UNCHANGED_EXACT_EVIDENCE,YES,NO,HIGH,Exact 001A.0 evidence retained; no fuzzy identity.,INCLUDED_EXACT,,,,,
WOO_SKU_COMPONENT_LIST,sku_component[1],9459,3652,0504011|0728002|0619002,,0504011,1,EXACT,SKU Woo literal: 0504011|0728002|0619002,EXACT_SKU,504011,EXACT,PRIMARY_WOO,9459,3652,0504011|0728002|0619002,"Futón con una capa de látex, 140x200x14,5 cm, Beige jaspeado",504011,YES,NO,NO,NO,1,COMPOSITION_EXACT_WOO,,"Evidence row; correlate by combination_sku, component_sku and quantity.",,EXACT,EXACT,COMPOSITION_EXACT_WOO,COMPOSITION_EXACT_WOO,UNCHANGED_EXACT_EVIDENCE,YES,NO,HIGH,Exact 001A.0 evidence retained; no fuzzy identity.,INCLUDED_EXACT,,,,,
WOO_SKU_COMPONENT_LIST,sku_component[1],11128,3652,0504011|0728002|0619009,,0504011,1,EXACT,SKU Woo literal: 0504011|0728002|0619009,EXACT_SKU,504011,EXACT,PRIMARY_WOO,11128,3652,0504011|0728002|0619009,"Futón con una capa de látex, 140x200x14,5 cm, Marrón",504011,YES,NO,NO,NO,1,COMPOSITION_EXACT_WOO,,"Evidence row; correlate by combination_sku, component_sku and quantity.",,EXACT,EXACT,COMPOSITION_EXACT_WOO,COMPOSITION_EXACT_WOO,UNCHANGED_EXACT_EVIDENCE,YES,NO,HIGH,Exact 001A.0 evidence retained; no fuzzy identity.,INCLUDED_EXACT,,,,,
WOO_SKU_COMPONENT_LIST,sku_component[1],4472,3652,0504011|0730002,,0504011,1,EXACT,SKU Woo literal: 0504011|0730002,EXACT_SKU,504011,EXACT,PRIMARY_WOO,4472,3652,0504011|0730002,"Futón con dos capas de látex, 140x200x14,5 cm, Sin funda",504011,YES,NO,NO,NO,1,COMPOSITION_EXACT_WOO,,"Evidence row; correlate by combination_sku, component_sku and quantity.",,EXACT,EXACT,COMPOSITION_EXACT_WOO,COMPOSITION_EXACT_WOO,UNCHANGED_EXACT_EVIDENCE,YES,NO,HIGH,Exact 001A.0 evidence retained; no fuzzy identity.,INCLUDED_EXACT,,,,,
WOO_SKU_COMPONENT_LIST,sku_component[1],4476,3652,0504011|0730002|0608002,,0504011,1,EXACT,SKU Woo literal: 0504011|0730002|0608002,EXACT_SKU,504011,EXACT,PRIMARY_WOO,4476,3652,0504011|0730002|0608002,"Futón con dos capas de látex, 140x200x14,5 cm, Crudo",504011,YES,NO,NO,NO,1,COMPOSITION_EXACT_WOO,,"Evidence row; correlate by combination_sku, component_sku and quantity.",,EXACT,EXACT,COMPOSITION_EXACT_WOO,COMPOSITION_EXACT_WOO,UNCHANGED_EXACT_EVIDENCE,YES,NO,HIGH,Exact 001A.0 evidence retained; no fuzzy identity.,INCLUDED_EXACT,,,,,
WOO_SKU_COMPONENT_LIST,sku_component[1],4480,3652,0504011|0730002|0616002,,0504011,1,EXACT,SKU Woo literal: 0504011|0730002|0616002,EXACT_SKU,504011,EXACT,PRIMARY_WOO,4480,3652,0504011|0730002|0616002,"Futón con dos capas de látex, 140x200x14,5 cm, Negro",504011,YES,NO,NO,NO,1,COMPOSITION_EXACT_WOO,,"Evidence row; correlate by combination_sku, component_sku and quantity.",,EXACT,EXACT,COMPOSITION_EXACT_WOO,COMPOSITION_EXACT_WOO,UNCHANGED_EXACT_EVIDENCE,YES,NO,HIGH,Exact 001A.0 evidence retained; no fuzzy identity.,INCLUDED_EXACT,,,,,
WOO_SKU_COMPONENT_LIST,sku_component[1],6095,3652,0504011|0730002|0617002,,0504011,1,EXACT,SKU Woo literal: 0504011|0730002|0617002,EXACT_SKU,504011,EXACT,PRIMARY_WOO,6095,3652,0504011|0730002|0617002,"Futón con dos capas de látex, 140x200x14,5 cm, Gris jaspeado",504011,YES,NO,NO,NO,1,COMPOSITION_EXACT_WOO,,"Evidence row; correlate by combination_sku, component_sku and quantity.",,EXACT,EXACT,COMPOSITION_EXACT_WOO,COMPOSITION_EXACT_WOO,UNCHANGED_EXACT_EVIDENCE,YES,NO,HIGH,Exact 001A.0 evidence retained; no fuzzy identity.,INCLUDED_EXACT,,,,,
WOO_SKU_COMPONENT_LIST,sku_component[1],6096,3652,0504011|0730002|0619002,,0504011,1,EXACT,SKU Woo literal: 0504011|0730002|0619002,EXACT_SKU,504011,EXACT,PRIMARY_WOO,6096,3652,0504011|0730002|0619002,"Futón con dos capas de látex, 140x200x14,5 cm, Beige jaspeado",504011,YES,NO,NO,NO,1,COMPOSITION_EXACT_WOO,,"Evidence row; correlate by combination_sku, component_sku and quantity.",,EXACT,EXACT,COMPOSITION_EXACT_WOO,COMPOSITION_EXACT_WOO,UNCHANGED_EXACT_EVIDENCE,YES,NO,HIGH,Exact 001A.0 evidence retained; no fuzzy identity.,INCLUDED_EXACT,,,,,
WOO_SKU_COMPONENT_LIST,sku_component[1],11129,3652,0504011|0730002|0619009,,0504011,1,EXACT,SKU Woo literal: 0504011|0730002|0619009,EXACT_SKU,504011,EXACT,PRIMARY_WOO,11129,3652,0504011|0730002|0619009,"Futón con dos capas de látex, 140x200x14,5 cm, Marrón",504011,YES,NO,NO,NO,1,COMPOSITION_EXACT_WOO,,"Evidence row; correlate by combination_sku, component_sku and quantity.",,EXACT,EXACT,COMPOSITION_EXACT_WOO,COMPOSITION_EXACT_WOO,UNCHANGED_EXACT_EVIDENCE,YES,NO,HIGH,Exact 001A.0 evidence retained; no fuzzy identity.,INCLUDED_EXACT,,,,,
WOO_SKU_COMPONENT_LIST,sku_component[1],3993,3647,0504012|0724003,,0504012,1,EXACT,SKU Woo literal: 0504012|0724003,EXACT_SKU,504012,EXACT,PRIMARY_WOO,3993,3647,0504012|0724003,"Futón de algodón, 140x200x14,5 cm, Sin funda",504012,YES,NO,NO,NO,1,COMPOSITION_EXACT_WOO,,"Evidence row; correlate by combination_sku, component_sku and quantity.",,EXACT,EXACT,COMPOSITION_EXACT_WOO,COMPOSITION_EXACT_WOO,UNCHANGED_EXACT_EVIDENCE,YES,NO,HIGH,Exact 001A.0 evidence retained; no fuzzy identity.,INCLUDED_EXACT,,,,,
WOO_SKU_COMPONENT_LIST,sku_component[1],3997,3647,0504012|0724003|0608002,,0504012,1,EXACT,SKU Woo literal: 0504012|0724003|0608002,EXACT_SKU,504012,EXACT,PRIMARY_WOO,3997,3647,0504012|0724003|0608002,"Futón de algodón, 140x200x14,5 cm, Crudo",504012,YES,NO,NO,NO,1,COMPOSITION_EXACT_WOO,,"Evidence row; correlate by combination_sku, component_sku and quantity.",,EXACT,EXACT,COMPOSITION_EXACT_WOO,COMPOSITION_EXACT_WOO,UNCHANGED_EXACT_EVIDENCE,YES,NO,HIGH,Exact 001A.0 evidence retained; no fuzzy identity.,INCLUDED_EXACT,,,,,
WOO_SKU_COMPONENT_LIST,sku_component[1],4001,3647,0504012|0724003|0616002,,0504012,1,EXACT,SKU Woo literal: 0504012|0724003|0616002,EXACT_SKU,504012,EXACT,PRIMARY_WOO,4001,3647,0504012|0724003|0616002,"Futón de algodón, 140x200x14,5 cm, Negro",504012,YES,NO,NO,NO,1,COMPOSITION_EXACT_WOO,,"Evidence row; correlate by combination_sku, component_sku and quantity.",,EXACT,EXACT,COMPOSITION_EXACT_WOO,COMPOSITION_EXACT_WOO,UNCHANGED_EXACT_EVIDENCE,YES,NO,HIGH,Exact 001A.0 evidence retained; no fuzzy identity.,INCLUDED_EXACT,,,,,
WOO_SKU_COMPONENT_LIST,sku_component[1],6298,3647,0504012|0724003|0617002,,0504012,1,EXACT,SKU Woo literal: 0504012|0724003|0617002,EXACT_SKU,504012,EXACT,PRIMARY_WOO,6298,3647,0504012|0724003|0617002,"Futón de algodón, 140x200x14,5 cm, Gris jaspeado",504012,YES,NO,NO,NO,1,COMPOSITION_EXACT_WOO,,"Evidence row; correlate by combination_sku, component_sku and quantity.",,EXACT,EXACT,COMPOSITION_EXACT_WOO,COMPOSITION_EXACT_WOO,UNCHANGED_EXACT_EVIDENCE,YES,NO,HIGH,Exact 001A.0 evidence retained; no fuzzy identity.,INCLUDED_EXACT,,,,,
WOO_SKU_COMPONENT_LIST,sku_component[1],6304,3647,0504012|0724003|0619002,,0504012,1,EXACT,SKU Woo literal: 0504012|0724003|0619002,EXACT_SKU,504012,EXACT,PRIMARY_WOO,6304,3647,0504012|0724003|0619002,"Futón de algodón, 140x200x14,5 cm, Beige jaspeado",504012,YES,NO,NO,NO,1,COMPOSITION_EXACT_WOO,,"Evidence row; correlate by combination_sku, component_sku and quantity.",,EXACT,EXACT,COMPOSITION_EXACT_WOO,COMPOSITION_EXACT_WOO,UNCHANGED_EXACT_EVIDENCE,YES,NO,HIGH,Exact 001A.0 evidence retained; no fuzzy identity.,INCLUDED_EXACT,,,,,
WOO_SKU_COMPONENT_LIST,sku_component[1],11119,3647,0504012|0724003|0619009,,0504012,1,EXACT,SKU Woo literal: 0504012|0724003|0619009,EXACT_SKU,504012,EXACT,PRIMARY_WOO,11119,3647,0504012|0724003|0619009,"Futón de algodón, 140x200x14,5 cm, Marrón",504012,YES,NO,NO,NO,1,COMPOSITION_EXACT_WOO,,"Evidence row; correlate by combination_sku, component_sku and quantity.",,EXACT,EXACT,COMPOSITION_EXACT_WOO,COMPOSITION_EXACT_WOO,UNCHANGED_EXACT_EVIDENCE,YES,NO,HIGH,Exact 001A.0 evidence retained; no fuzzy identity.,INCLUDED_EXACT,,,,,
WOO_SKU_COMPONENT_LIST,sku_component[1],3933,3647,0504012|0728002,,0504012,1,EXACT,SKU Woo literal: 0504012|0728002,EXACT_SKU,504012,EXACT,PRIMARY_WOO,3933,3647,0504012|0728002,"Futón con una capa de látex, 140x200x14,5 cm, Sin funda",504012,YES,NO,NO,NO,1,COMPOSITION_EXACT_WOO,,"Evidence row; correlate by combination_sku, component_sku and quantity.",,EXACT,EXACT,COMPOSITION_EXACT_WOO,COMPOSITION_EXACT_WOO,UNCHANGED_EXACT_EVIDENCE,YES,NO,HIGH,Exact 001A.0 evidence retained; no fuzzy identity.,INCLUDED_EXACT,,,,,
WOO_SKU_COMPONENT_LIST,sku_component[1],3937,3647,0504012|0728002|0608002,,0504012,1,EXACT,SKU Woo literal: 0504012|0728002|0608002,EXACT_SKU,504012,EXACT,PRIMARY_WOO,3937,3647,0504012|0728002|0608002,"Futón con una capa de látex, 140x200x14,5 cm, Crudo",504012,YES,NO,NO,NO,1,COMPOSITION_EXACT_WOO,,"Evidence row; correlate by combination_sku, component_sku and quantity.",,EXACT,EXACT,COMPOSITION_EXACT_WOO,COMPOSITION_EXACT_WOO,UNCHANGED_EXACT_EVIDENCE,YES,NO,HIGH,Exact 001A.0 evidence retained; no fuzzy identity.,INCLUDED_EXACT,,,,,
WOO_SKU_COMPONENT_LIST,sku_component[1],3941,3647,0504012|0728002|0616002,,0504012,1,EXACT,SKU Woo literal: 0504012|0728002|0616002,EXACT_SKU,504012,EXACT,PRIMARY_WOO,3941,3647,0504012|0728002|0616002,"Futón con una capa de látex, 140x200x14,5 cm, Negro",504012,YES,NO,NO,NO,1,COMPOSITION_EXACT_WOO,,"Evidence row; correlate by combination_sku, component_sku and quantity.",,EXACT,EXACT,COMPOSITION_EXACT_WOO,COMPOSITION_EXACT_WOO,UNCHANGED_EXACT_EVIDENCE,YES,NO,HIGH,Exact 001A.0 evidence retained; no fuzzy identity.,INCLUDED_EXACT,,,,,
WOO_SKU_COMPONENT_LIST,sku_component[1],6307,3647,0504012|0728002|0617002,,0504012,1,EXACT,SKU Woo literal: 0504012|0728002|0617002,EXACT_SKU,504012,EXACT,PRIMARY_WOO,6307,3647,0504012|0728002|0617002,"Futón con una capa de látex, 140x200x14,5 cm, Gris jaspeado",504012,YES,NO,NO,NO,1,COMPOSITION_EXACT_WOO,,"Evidence row; correlate by combination_sku, component_sku and quantity.",,EXACT,EXACT,COMPOSITION_EXACT_WOO,COMPOSITION_EXACT_WOO,UNCHANGED_EXACT_EVIDENCE,YES,NO,HIGH,Exact 001A.0 evidence retained; no fuzzy identity.,INCLUDED_EXACT,,,,,
WOO_SKU_COMPONENT_LIST,sku_component[1],6308,3647,0504012|0728002|0619002,,0504012,1,EXACT,SKU Woo literal: 0504012|0728002|0619002,EXACT_SKU,504012,EXACT,PRIMARY_WOO,6308,3647,0504012|0728002|0619002,"Futón con una capa de látex, 140x200x14,5 cm, Beige jaspeado",504012,YES,NO,NO,NO,1,COMPOSITION_EXACT_WOO,,"Evidence row; correlate by combination_sku, component_sku and quantity.",,EXACT,EXACT,COMPOSITION_EXACT_WOO,COMPOSITION_EXACT_WOO,UNCHANGED_EXACT_EVIDENCE,YES,NO,HIGH,Exact 001A.0 evidence retained; no fuzzy identity.,INCLUDED_EXACT,,,,,
WOO_SKU_COMPONENT_LIST,sku_component[1],11120,3647,0504012|0728002|0619009,,0504012,1,EXACT,SKU Woo literal: 0504012|0728002|0619009,EXACT_SKU,504012,EXACT,PRIMARY_WOO,11120,3647,0504012|0728002|0619009,"Futón con una capa de látex, 140x200x14,5 cm, Marrón",504012,YES,NO,NO,NO,1,COMPOSITION_EXACT_WOO,,"Evidence row; correlate by combination_sku, component_sku and quantity.",,EXACT,EXACT,COMPOSITION_EXACT_WOO,COMPOSITION_EXACT_WOO,UNCHANGED_EXACT_EVIDENCE,YES,NO,HIGH,Exact 001A.0 evidence retained; no fuzzy identity.,INCLUDED_EXACT,,,,,
WOO_SKU_COMPONENT_LIST,sku_component[1],3921,3647,0504012|0730002,,0504012,1,EXACT,SKU Woo literal: 0504012|0730002,EXACT_SKU,504012,EXACT,PRIMARY_WOO,3921,3647,0504012|0730002,"Futón con dos capas de látex, 140x200x14,5 cm, Sin funda",504012,YES,NO,NO,NO,1,COMPOSITION_EXACT_WOO,,"Evidence row; correlate by combination_sku, component_sku and quantity.",,EXACT,EXACT,COMPOSITION_EXACT_WOO,COMPOSITION_EXACT_WOO,UNCHANGED_EXACT_EVIDENCE,YES,NO,HIGH,Exact 001A.0 evidence retained; no fuzzy identity.,INCLUDED_EXACT,,,,,
WOO_SKU_COMPONENT_LIST,sku_component[1],3925,3647,0504012|0730002|0608002,,0504012,1,EXACT,SKU Woo literal: 0504012|0730002|0608002,EXACT_SKU,504012,EXACT,PRIMARY_WOO,3925,3647,0504012|0730002|0608002,"Futón con dos capas de látex, 140x200x14,5 cm, Crudo",504012,YES,NO,NO,NO,1,COMPOSITION_EXACT_WOO,,"Evidence row; correlate by combination_sku, component_sku and quantity.",,EXACT,EXACT,COMPOSITION_EXACT_WOO,COMPOSITION_EXACT_WOO,UNCHANGED_EXACT_EVIDENCE,YES,NO,HIGH,Exact 001A.0 evidence retained; no fuzzy identity.,INCLUDED_EXACT,,,,,
WOO_SKU_COMPONENT_LIST,sku_component[1],3929,3647,0504012|0730002|0616002,,0504012,1,EXACT,SKU Woo literal: 0504012|0730002|0616002,EXACT_SKU,504012,EXACT,PRIMARY_WOO,3929,3647,0504012|0730002|0616002,"Futón con dos capas de látex, 140x200x14,5 cm, Negro",504012,YES,NO,NO,NO,1,COMPOSITION_EXACT_WOO,,"Evidence row; correlate by combination_sku, component_sku and quantity.",,EXACT,EXACT,COMPOSITION_EXACT_WOO,COMPOSITION_EXACT_WOO,UNCHANGED_EXACT_EVIDENCE,YES,NO,HIGH,Exact 001A.0 evidence retained; no fuzzy identity.,INCLUDED_EXACT,,,,,
WOO_SKU_COMPONENT_LIST,sku_component[1],6305,3647,0504012|0730002|0617002,,0504012,1,EXACT,SKU Woo literal: 0504012|0730002|0617002,EXACT_SKU,504012,EXACT,PRIMARY_WOO,6305,3647,0504012|0730002|0617002,"Futón con dos capas de látex, 140x200x14,5 cm, Gris jaspeado",504012,YES,NO,NO,NO,1,COMPOSITION_EXACT_WOO,,"Evidence row; correlate by combination_sku, component_sku and quantity.",,EXACT,EXACT,COMPOSITION_EXACT_WOO,COMPOSITION_EXACT_WOO,UNCHANGED_EXACT_EVIDENCE,YES,NO,HIGH,Exact 001A.0 evidence retained; no fuzzy identity.,INCLUDED_EXACT,,,,,
WOO_SKU_COMPONENT_LIST,sku_component[1],6306,3647,0504012|0730002|0619002,,0504012,1,EXACT,SKU Woo literal: 0504012|0730002|0619002,EXACT_SKU,504012,EXACT,PRIMARY_WOO,6306,3647,0504012|0730002|0619002,"Futón con dos capas de látex, 140x200x14,5 cm, Beige jaspeado",504012,YES,NO,NO,NO,1,COMPOSITION_EXACT_WOO,,"Evidence row; correlate by combination_sku, component_sku and quantity.",,EXACT,EXACT,COMPOSITION_EXACT_WOO,COMPOSITION_EXACT_WOO,UNCHANGED_EXACT_EVIDENCE,YES,NO,HIGH,Exact 001A.0 evidence retained; no fuzzy identity.,INCLUDED_EXACT,,,,,
WOO_SKU_COMPONENT_LIST,sku_component[1],11121,3647,0504012|0730002|0619009,,0504012,1,EXACT,SKU Woo literal: 0504012|0730002|0619009,EXACT_SKU,504012,EXACT,PRIMARY_WOO,11121,3647,0504012|0730002|0619009,"Futón con dos capas de látex, 140x200x14,5 cm, Marrón",504012,YES,NO,NO,NO,1,COMPOSITION_EXACT_WOO,,"Evidence row; correlate by combination_sku, component_sku and quantity.",,EXACT,EXACT,COMPOSITION_EXACT_WOO,COMPOSITION_EXACT_WOO,UNCHANGED_EXACT_EVIDENCE,YES,NO,HIGH,Exact 001A.0 evidence retained; no fuzzy identity.,INCLUDED_EXACT,,,,,
WOO_SKU_COMPONENT_LIST,sku_component[1],11663,11662,0726007A|0606001A,10406,0726007A,1,EXACT,SKU Woo literal: 0726007A|0606001A,EXACT_WOO_SKU_FULL,,BLOCKED,PRIMARY_WOO,11663,11662,0726007A|0606001A,"13 cm, 4 cm, 80x200x13 cm, Crudo",,YES,NO,NO,NO,1,COMPONENT_SKU_NOT_FOUND,"{""quantity_status"":""EXACT"",""physical_match_method"":""MISSING_PHYSICAL_SKU"",""parent_match_method"":""""}","Evidence row; correlate by combination_sku, component_sku and quantity.",,BLOCKED,EXACT,COMPONENT_SKU_NOT_FOUND,COMPOSITION_EXACT_WOO_FULL_SKU,EXACT_FULL_SKU_NO_SUFFIX_NORMALIZATION,YES,NO,HIGH,Exact 001A.0 evidence retained; no fuzzy identity.,INCLUDED_EXACT,,woo:10406,SUFFIXED_ITEM_EXACT_WOO,INFORMATIONAL_ONLY_NEVER_MATCHED,Exact full SKU 0726007A -> Woo 10406; no suffix stripping.
WOO_SKU_COMPONENT_LIST,sku_component[1],11653,11652,1242002A|0609007B,9094,1242002A,1,EXACT,SKU Woo literal: 1242002A|0609007B,EXACT_WOO_SKU_FULL,,BLOCKED,PRIMARY_WOO,11653,11652,1242002A|0609007B,Violeta,,YES,NO,NO,NO,1,COMPONENT_SKU_NOT_FOUND,"{""quantity_status"":""EXACT"",""physical_match_method"":""MISSING_PHYSICAL_SKU"",""parent_match_method"":""""}","Evidence row; correlate by combination_sku, component_sku and quantity.",,BLOCKED,EXACT,COMPONENT_SKU_NOT_FOUND,COMPOSITION_EXACT_WOO_FULL_SKU,EXACT_FULL_SKU_NO_SUFFIX_NORMALIZATION,YES,NO,HIGH,Exact 001A.0 evidence retained; no fuzzy identity.,INCLUDED_EXACT,,woo:9094,SUFFIXED_ITEM_EXACT_WOO,INFORMATIONAL_ONLY_NEVER_MATCHED,Exact full SKU 1242002A -> Woo 9094; no suffix stripping.
WOO_SKU_COMPONENT_LIST,sku_component[2],3741,3624,0201001|0201001|0724001,,0724001,1,EXACT,SKU Woo literal: 0201001|0201001|0724001,EXACT_SKU,724001,EXACT,PRIMARY_WOO,3741,3624,0201001|0201001|0724001,"Con 2 tatamis de 80x200 cm, 90x200x14,5 cm",724001,YES,NO,NO,NO,1,COMPOSITION_EXACT_WOO,,"Evidence row; correlate by combination_sku, component_sku and quantity.",,EXACT,EXACT,COMPOSITION_EXACT_WOO,COMPOSITION_EXACT_WOO,UNCHANGED_EXACT_EVIDENCE,YES,NO,HIGH,Exact 001A.0 evidence retained; no fuzzy identity.,INCLUDED_EXACT,,,,,
WOO_SKU_COMPONENT_LIST,sku_component[2],3738,3624,0201001|0201001|0724003,,0724003,1,EXACT,SKU Woo literal: 0201001|0201001|0724003,EXACT_SKU,724003,EXACT,PRIMARY_WOO,3738,3624,0201001|0201001|0724003,"Con 2 tatamis de 80x200 cm, 140x200x14,5 cm",724003,YES,NO,NO,NO,1,COMPOSITION_EXACT_WOO,,"Evidence row; correlate by combination_sku, component_sku and quantity.",,EXACT,EXACT,COMPOSITION_EXACT_WOO,COMPOSITION_EXACT_WOO,UNCHANGED_EXACT_EVIDENCE,YES,NO,HIGH,Exact 001A.0 evidence retained; no fuzzy identity.,INCLUDED_EXACT,,,,,
WOO_SKU_COMPONENT_LIST,sku_component[2],3739,3624,0201001|0201001|0724004,,0724004,1,EXACT,SKU Woo literal: 0201001|0201001|0724004,EXACT_SKU,724004,EXACT,PRIMARY_WOO,3739,3624,0201001|0201001|0724004,"Con 2 tatamis de 80x200 cm, 150x200x14,5 cm",724004,YES,NO,NO,NO,1,COMPOSITION_EXACT_WOO,,"Evidence row; correlate by combination_sku, component_sku and quantity.",,EXACT,EXACT,COMPOSITION_EXACT_WOO,COMPOSITION_EXACT_WOO,UNCHANGED_EXACT_EVIDENCE,YES,NO,HIGH,Exact 001A.0 evidence retained; no fuzzy identity.,INCLUDED_EXACT,,,,,
WOO_SKU_COMPONENT_LIST,sku_component[2],3740,3624,0201001|0201001|0724005,,0724005,1,EXACT,SKU Woo literal: 0201001|0201001|0724005,EXACT_SKU,724005,EXACT,PRIMARY_WOO,3740,3624,0201001|0201001|0724005,"Con 2 tatamis de 80x200 cm, 160x200x14,5 cm",724005,YES,NO,NO,NO,1,COMPOSITION_EXACT_WOO,,"Evidence row; correlate by combination_sku, component_sku and quantity.",,EXACT,EXACT,COMPOSITION_EXACT_WOO,COMPOSITION_EXACT_WOO,UNCHANGED_EXACT_EVIDENCE,YES,NO,HIGH,Exact 001A.0 evidence retained; no fuzzy identity.,INCLUDED_EXACT,,,,,
WOO_SKU_COMPONENT_LIST,sku_component[2],3721,3623,0201001|0201001|0728001,,0728001,1,EXACT,SKU Woo literal: 0201001|0201001|0728001,EXACT_SKU,728001,EXACT,PRIMARY_WOO,3721,3623,0201001|0201001|0728001,"90x200x14,5 cm, Con 2 tatamis de 80x200 cm",728001,YES,NO,NO,NO,1,COMPOSITION_EXACT_WOO,,"Evidence row; correlate by combination_sku, component_sku and quantity.",,EXACT,EXACT,COMPOSITION_EXACT_WOO,COMPOSITION_EXACT_WOO,UNCHANGED_EXACT_EVIDENCE,YES,NO,HIGH,Exact 001A.0 evidence retained; no fuzzy identity.,INCLUDED_EXACT,,,,,
WOO_SKU_COMPONENT_LIST,sku_component[2],3719,3623,0201001|0201001|0728002,,0728002,1,EXACT,SKU Woo literal: 0201001|0201001|0728002,EXACT_SKU,728002,EXACT,PRIMARY_WOO,3719,3623,0201001|0201001|0728002,"140x200x14,5 cm, Con 2 tatamis de 80x200 cm",728002,YES,NO,NO,NO,1,COMPOSITION_EXACT_WOO,,"Evidence row; correlate by combination_sku, component_sku and quantity.",,EXACT,EXACT,COMPOSITION_EXACT_WOO,COMPOSITION_EXACT_WOO,UNCHANGED_EXACT_EVIDENCE,YES,NO,HIGH,Exact 001A.0 evidence retained; no fuzzy identity.,INCLUDED_EXACT,,,,,
WOO_SKU_COMPONENT_LIST,sku_component[2],3720,3623,0201001|0201001|0728003,,0728003,1,EXACT,SKU Woo literal: 0201001|0201001|0728003,EXACT_SKU,728003,EXACT,PRIMARY_WOO,3720,3623,0201001|0201001|0728003,"150x200x14,5 cm, Con 2 tatamis de 80x200 cm",728003,YES,NO,NO,NO,1,COMPOSITION_EXACT_WOO,,"Evidence row; correlate by combination_sku, component_sku and quantity.",,EXACT,EXACT,COMPOSITION_EXACT_WOO,COMPOSITION_EXACT_WOO,UNCHANGED_EXACT_EVIDENCE,YES,NO,HIGH,Exact 001A.0 evidence retained; no fuzzy identity.,INCLUDED_EXACT,,,,,
WOO_SKU_COMPONENT_LIST,sku_component[2],3698,3622,0201001|0201001|0728004,,0728004,1,EXACT,SKU Woo literal: 0201001|0201001|0728004,EXACT_SKU,728004,EXACT,PRIMARY_WOO,3698,3622,0201001|0201001|0728004,"160x200x14,5 cm, Con 2 tatamis de 80x200 cm",728004,YES,NO,NO,NO,1,COMPOSITION_EXACT_WOO,,"Evidence row; correlate by combination_sku, component_sku and quantity.",,EXACT,EXACT,COMPOSITION_EXACT_WOO,COMPOSITION_EXACT_WOO,UNCHANGED_EXACT_EVIDENCE,YES,NO,HIGH,Exact 001A.0 evidence retained; no fuzzy identity.,INCLUDED_EXACT,,,,,
WOO_SKU_COMPONENT_LIST,sku_component[2],3702,3622,0201001|0201001|0730001,,0730001,1,EXACT,SKU Woo literal: 0201001|0201001|0730001,EXACT_SKU,730001,EXACT,PRIMARY_WOO,3702,3622,0201001|0201001|0730001,"90x200x14,5 cm, Con 2 tatamis de 80x200 cm",730001,YES,NO,NO,NO,1,COMPOSITION_EXACT_WOO,,"Evidence row; correlate by combination_sku, component_sku and quantity.",,EXACT,EXACT,COMPOSITION_EXACT_WOO,COMPOSITION_EXACT_WOO,UNCHANGED_EXACT_EVIDENCE,YES,NO,HIGH,Exact 001A.0 evidence retained; no fuzzy identity.,INCLUDED_EXACT,,,,,
WOO_SKU_COMPONENT_LIST,sku_component[2],3699,3622,0201001|0201001|0730002,,0730002,1,EXACT,SKU Woo literal: 0201001|0201001|0730002,EXACT_SKU,730002,EXACT,PRIMARY_WOO,3699,3622,0201001|0201001|0730002,"140x200x14,5 cm, Con 2 tatamis de 80x200 cm",730002,YES,NO,NO,NO,1,COMPOSITION_EXACT_WOO,,"Evidence row; correlate by combination_sku, component_sku and quantity.",,EXACT,EXACT,COMPOSITION_EXACT_WOO,COMPOSITION_EXACT_WOO,UNCHANGED_EXACT_EVIDENCE,YES,NO,HIGH,Exact 001A.0 evidence retained; no fuzzy identity.,INCLUDED_EXACT,,,,,
WOO_SKU_COMPONENT_LIST,sku_component[2],3700,3622,0201001|0201001|0730003,,0730003,1,EXACT,SKU Woo literal: 0201001|0201001|0730003,EXACT_SKU,730003,EXACT,PRIMARY_WOO,3700,3622,0201001|0201001|0730003,"150x200x14,5 cm, Con 2 tatamis de 80x200 cm",730003,YES,NO,NO,NO,1,COMPOSITION_EXACT_WOO,,"Evidence row; correlate by combination_sku, component_sku and quantity.",,EXACT,EXACT,COMPOSITION_EXACT_WOO,COMPOSITION_EXACT_WOO,UNCHANGED_EXACT_EVIDENCE,YES,NO,HIGH,Exact 001A.0 evidence retained; no fuzzy identity.,INCLUDED_EXACT,,,,,
WOO_SKU_COMPONENT_LIST,sku_component[2],3701,3622,0201001|0201001|0730004,,0730004,1,EXACT,SKU Woo literal: 0201001|0201001|0730004,EXACT_SKU,730004,EXACT,PRIMARY_WOO,3701,3622,0201001|0201001|0730004,"160x200x14,5 cm, Con 2 tatamis de 80x200 cm",730004,YES,NO,NO,NO,1,COMPOSITION_EXACT_WOO,,"Evidence row; correlate by combination_sku, component_sku and quantity.",,EXACT,EXACT,COMPOSITION_EXACT_WOO,COMPOSITION_EXACT_WOO,UNCHANGED_EXACT_EVIDENCE,YES,NO,HIGH,Exact 001A.0 evidence retained; no fuzzy identity.,INCLUDED_EXACT,,,,,
WOO_SKU_COMPONENT_LIST,sku_component[2],4562,3658,0201001|0201001|1249001|1249001,,1249001,2,EXACT,SKU Woo literal: 0201001|0201001|1249001|1249001,EXACT_SKU,1249001,EXACT,PRIMARY_WOO,4562,3658,0201001|0201001|1249001|1249001,"Crudo, Crudo, Sin funda, Sin funda",1249001,YES,NO,NO,NO,1,COMPOSITION_EXACT_WOO,,"Evidence row; correlate by combination_sku, component_sku and quantity.",,EXACT,EXACT,COMPOSITION_EXACT_WOO,COMPOSITION_EXACT_WOO,UNCHANGED_EXACT_EVIDENCE,YES,NO,HIGH,Exact 001A.0 evidence retained; no fuzzy identity.,INCLUDED_EXACT,,,,,
WOO_SKU_COMPONENT_LIST,sku_component[2],4590,3658,0201001|0201001|1249001|1249001|0608007|0608007,,1249001,2,EXACT,SKU Woo literal: 0201001|0201001|1249001|1249001|0608007|0608007,EXACT_SKU,1249001,EXACT,PRIMARY_WOO,4590,3658,0201001|0201001|1249001|1249001|0608007|0608007,"Crudo, Crudo, Crudo, Crudo",1249001,YES,NO,NO,NO,1,COMPOSITION_EXACT_WOO,,"Evidence row; correlate by combination_sku, component_sku and quantity.",,EXACT,EXACT,COMPOSITION_EXACT_WOO,COMPOSITION_EXACT_WOO,UNCHANGED_EXACT_EVIDENCE,YES,NO,HIGH,Exact 001A.0 evidence retained; no fuzzy identity.,INCLUDED_EXACT,,,,,
WOO_SKU_COMPONENT_LIST,sku_component[2],4628,3658,0201001|0201001|1249001|1249001|0608007|0619007,,1249001,2,EXACT,SKU Woo literal: 0201001|0201001|1249001|1249001|0608007|0619007,EXACT_SKU,1249001,EXACT,PRIMARY_WOO,4628,3658,0201001|0201001|1249001|1249001|0608007|0619007,"Crudo, Crudo, Crudo, Marrón",1249001,YES,NO,NO,NO,1,COMPOSITION_EXACT_WOO,,"Evidence row; correlate by combination_sku, component_sku and quantity.",,EXACT,EXACT,COMPOSITION_EXACT_WOO,COMPOSITION_EXACT_WOO,UNCHANGED_EXACT_EVIDENCE,YES,NO,HIGH,Exact 001A.0 evidence retained; no fuzzy identity.,INCLUDED_EXACT,,,,,
WOO_SKU_COMPONENT_LIST,sku_component[2],13092,3658,0201001|0201001|1249001|1249001|0619007|0619007,,1249001,2,EXACT,SKU Woo literal: 0201001|0201001|1249001|1249001|0619007|0619007,EXACT_SKU,1249001,EXACT,PRIMARY_WOO,13092,3658,0201001|0201001|1249001|1249001|0619007|0619007,"Crudo, Crudo, Marrón, Marrón",1249001,YES,NO,NO,NO,1,COMPOSITION_EXACT_WOO,,"Evidence row; correlate by combination_sku, component_sku and quantity.",,EXACT,EXACT,COMPOSITION_EXACT_WOO,COMPOSITION_EXACT_WOO,UNCHANGED_EXACT_EVIDENCE,YES,NO,HIGH,Exact 001A.0 evidence retained; no fuzzy identity.,INCLUDED_EXACT,,,,,
WOO_SKU_COMPONENT_LIST,sku_component[2],3746,3624,0201002|0201002|0724001,,0724001,1,EXACT,SKU Woo literal: 0201002|0201002|0724001,EXACT_SKU,724001,EXACT,PRIMARY_WOO,3746,3624,0201002|0201002|0724001,"Con 2 tatamis de 90x200 cm, 90x200x14,5 cm",724001,YES,NO,NO,NO,1,COMPOSITION_EXACT_WOO,,"Evidence row; correlate by combination_sku, component_sku and quantity.",,EXACT,EXACT,COMPOSITION_EXACT_WOO,COMPOSITION_EXACT_WOO,UNCHANGED_EXACT_EVIDENCE,YES,NO,HIGH,Exact 001A.0 evidence retained; no fuzzy identity.,INCLUDED_EXACT,,,,,
WOO_SKU_COMPONENT_LIST,sku_component[2],3742,3624,0201002|0201002|0724003,,0724003,1,EXACT,SKU Woo literal: 0201002|0201002|0724003,EXACT_SKU,724003,EXACT,PRIMARY_WOO,3742,3624,0201002|0201002|0724003,"Con 2 tatamis de 90x200 cm, 140x200x14,5 cm",724003,YES,NO,NO,NO,1,COMPOSITION_EXACT_WOO,,"Evidence row; correlate by combination_sku, component_sku and quantity.",,EXACT,EXACT,COMPOSITION_EXACT_WOO,COMPOSITION_EXACT_WOO,UNCHANGED_EXACT_EVIDENCE,YES,NO,HIGH,Exact 001A.0 evidence retained; no fuzzy identity.,INCLUDED_EXACT,,,,,
WOO_SKU_COMPONENT_LIST,sku_component[2],3743,3624,0201002|0201002|0724004,,0724004,1,EXACT,SKU Woo literal: 0201002|0201002|0724004,EXACT_SKU,724004,EXACT,PRIMARY_WOO,3743,3624,0201002|0201002|0724004,"Con 2 tatamis de 90x200 cm, 150x200x14,5 cm",724004,YES,NO,NO,NO,1,COMPOSITION_EXACT_WOO,,"Evidence row; correlate by combination_sku, component_sku and quantity.",,EXACT,EXACT,COMPOSITION_EXACT_WOO,COMPOSITION_EXACT_WOO,UNCHANGED_EXACT_EVIDENCE,YES,NO,HIGH,Exact 001A.0 evidence retained; no fuzzy identity.,INCLUDED_EXACT,,,,,
WOO_SKU_COMPONENT_LIST,sku_component[2],3744,3624,0201002|0201002|0724005,,0724005,1,EXACT,SKU Woo literal: 0201002|0201002|0724005,EXACT_SKU,724005,EXACT,PRIMARY_WOO,3744,3624,0201002|0201002|0724005,"Con 2 tatamis de 90x200 cm, 160x200x14,5 cm",724005,YES,NO,NO,NO,1,COMPOSITION_EXACT_WOO,,"Evidence row; correlate by combination_sku, component_sku and quantity.",,EXACT,EXACT,COMPOSITION_EXACT_WOO,COMPOSITION_EXACT_WOO,UNCHANGED_EXACT_EVIDENCE,YES,NO,HIGH,Exact 001A.0 evidence retained; no fuzzy identity.,INCLUDED_EXACT,,,,,
WOO_SKU_COMPONENT_LIST,sku_component[2],3745,3624,0201002|0201002|0724006,,0724006,1,EXACT,SKU Woo literal: 0201002|0201002|0724006,EXACT_SKU,724006,EXACT,PRIMARY_WOO,3745,3624,0201002|0201002|0724006,"Con 2 tatamis de 90x200 cm, 180x200x14,5 cm",724006,YES,NO,NO,NO,1,COMPOSITION_EXACT_WOO,,"Evidence row; correlate by combination_sku, component_sku and quantity.",,EXACT,EXACT,COMPOSITION_EXACT_WOO,COMPOSITION_EXACT_WOO,UNCHANGED_EXACT_EVIDENCE,YES,NO,HIGH,Exact 001A.0 evidence retained; no fuzzy identity.,INCLUDED_EXACT,,,,,
WOO_SKU_COMPONENT_LIST,sku_component[2],3726,3623,0201002|0201002|0728001,,0728001,1,EXACT,SKU Woo literal: 0201002|0201002|0728001,EXACT_SKU,728001,EXACT,PRIMARY_WOO,3726,3623,0201002|0201002|0728001,"90x200x14,5 cm, Con 2 tatamis de 90x200 cm",728001,YES,NO,NO,NO,1,COMPOSITION_EXACT_WOO,,"Evidence row; correlate by combination_sku, component_sku and quantity.",,EXACT,EXACT,COMPOSITION_EXACT_WOO,COMPOSITION_EXACT_WOO,UNCHANGED_EXACT_EVIDENCE,YES,NO,HIGH,Exact 001A.0 evidence retained; no fuzzy identity.,INCLUDED_EXACT,,,,,
WOO_SKU_COMPONENT_LIST,sku_component[2],3722,3623,0201002|0201002|0728002,,0728002,1,EXACT,SKU Woo literal: 0201002|0201002|0728002,EXACT_SKU,728002,EXACT,PRIMARY_WOO,3722,3623,0201002|0201002|0728002,"140x200x14,5 cm, Con 2 tatamis de 90x200 cm",728002,YES,NO,NO,NO,1,COMPOSITION_EXACT_WOO,,"Evidence row; correlate by combination_sku, component_sku and quantity.",,EXACT,EXACT,COMPOSITION_EXACT_WOO,COMPOSITION_EXACT_WOO,UNCHANGED_EXACT_EVIDENCE,YES,NO,HIGH,Exact 001A.0 evidence retained; no fuzzy identity.,INCLUDED_EXACT,,,,,
WOO_SKU_COMPONENT_LIST,sku_component[2],3723,3623,0201002|0201002|0728003,,0728003,1,EXACT,SKU Woo literal: 0201002|0201002|0728003,EXACT_SKU,728003,EXACT,PRIMARY_WOO,3723,3623,0201002|0201002|0728003,"150x200x14,5 cm, Con 2 tatamis de 90x200 cm",728003,YES,NO,NO,NO,1,COMPOSITION_EXACT_WOO,,"Evidence row; correlate by combination_sku, component_sku and quantity.",,EXACT,EXACT,COMPOSITION_EXACT_WOO,COMPOSITION_EXACT_WOO,UNCHANGED_EXACT_EVIDENCE,YES,NO,HIGH,Exact 001A.0 evidence retained; no fuzzy identity.,INCLUDED_EXACT,,,,,
WOO_SKU_COMPONENT_LIST,sku_component[2],3724,3623,0201002|0201002|0728004,,0728004,1,EXACT,SKU Woo literal: 0201002|0201002|0728004,EXACT_SKU,728004,EXACT,PRIMARY_WOO,3724,3623,0201002|0201002|0728004,"160x200x14,5 cm, Con 2 tatamis de 90x200 cm",728004,YES,NO,NO,NO,1,COMPOSITION_EXACT_WOO,,"Evidence row; correlate by combination_sku, component_sku and quantity.",,EXACT,EXACT,COMPOSITION_EXACT_WOO,COMPOSITION_EXACT_WOO,UNCHANGED_EXACT_EVIDENCE,YES,NO,HIGH,Exact 001A.0 evidence retained; no fuzzy identity.,INCLUDED_EXACT,,,,,
WOO_SKU_COMPONENT_LIST,sku_component[2],3725,3623,0201002|0201002|0728005,,0728005,1,EXACT,SKU Woo literal: 0201002|0201002|0728005,EXACT_SKU,728005,EXACT,PRIMARY_WOO,3725,3623,0201002|0201002|0728005,"180x200x14,5 cm, Con 2 tatamis de 90x200 cm",728005,YES,NO,NO,NO,1,COMPOSITION_EXACT_WOO,,"Evidence row; correlate by combination_sku, component_sku and quantity.",,EXACT,EXACT,COMPOSITION_EXACT_WOO,COMPOSITION_EXACT_WOO,UNCHANGED_EXACT_EVIDENCE,YES,NO,HIGH,Exact 001A.0 evidence retained; no fuzzy identity.,INCLUDED_EXACT,,,,,
WOO_SKU_COMPONENT_LIST,sku_component[2],3707,3622,0201002|0201002|0730001,,0730001,1,EXACT,SKU Woo literal: 0201002|0201002|0730001,EXACT_SKU,730001,EXACT,PRIMARY_WOO,3707,3622,0201002|0201002|0730001,"90x200x14,5 cm, Con 2 tatamis de 90x200 cm",730001,YES,NO,NO,NO,1,COMPOSITION_EXACT_WOO,,"Evidence row; correlate by combination_sku, component_sku and quantity.",,EXACT,EXACT,COMPOSITION_EXACT_WOO,COMPOSITION_EXACT_WOO,UNCHANGED_EXACT_EVIDENCE,YES,NO,HIGH,Exact 001A.0 evidence retained; no fuzzy identity.,INCLUDED_EXACT,,,,,
WOO_SKU_COMPONENT_LIST,sku_component[2],3703,3622,0201002|0201002|0730002,,0730002,1,EXACT,SKU Woo literal: 0201002|0201002|0730002,EXACT_SKU,730002,EXACT,PRIMARY_WOO,3703,3622,0201002|0201002|0730002,"140x200x14,5 cm, Con 2 tatamis de 90x200 cm",730002,YES,NO,NO,NO,1,COMPOSITION_EXACT_WOO,,"Evidence row; correlate by combination_sku, component_sku and quantity.",,EXACT,EXACT,COMPOSITION_EXACT_WOO,COMPOSITION_EXACT_WOO,UNCHANGED_EXACT_EVIDENCE,YES,NO,HIGH,Exact 001A.0 evidence retained; no fuzzy identity.,INCLUDED_EXACT,,,,,
WOO_SKU_COMPONENT_LIST,sku_component[2],3704,3622,0201002|0201002|0730003,,0730003,1,EXACT,SKU Woo literal: 0201002|0201002|0730003,EXACT_SKU,730003,EXACT,PRIMARY_WOO,3704,3622,0201002|0201002|0730003,"150x200x14,5 cm, Con 2 tatamis de 90x200 cm",730003,YES,NO,NO,NO,1,COMPOSITION_EXACT_WOO,,"Evidence row; correlate by combination_sku, component_sku and quantity.",,EXACT,EXACT,COMPOSITION_EXACT_WOO,COMPOSITION_EXACT_WOO,UNCHANGED_EXACT_EVIDENCE,YES,NO,HIGH,Exact 001A.0 evidence retained; no fuzzy identity.,INCLUDED_EXACT,,,,,
WOO_SKU_COMPONENT_LIST,sku_component[2],3705,3622,0201002|0201002|0730004,,0730004,1,EXACT,SKU Woo literal: 0201002|0201002|0730004,EXACT_SKU,730004,EXACT,PRIMARY_WOO,3705,3622,0201002|0201002|0730004,"160x200x14,5 cm, Con 2 tatamis de 90x200 cm",730004,YES,NO,NO,NO,1,COMPOSITION_EXACT_WOO,,"Evidence row; correlate by combination_sku, component_sku and quantity.",,EXACT,EXACT,COMPOSITION_EXACT_WOO,COMPOSITION_EXACT_WOO,UNCHANGED_EXACT_EVIDENCE,YES,NO,HIGH,Exact 001A.0 evidence retained; no fuzzy identity.,INCLUDED_EXACT,,,,,
WOO_SKU_COMPONENT_LIST,sku_component[2],3706,3622,0201002|0201002|0730005,,0730005,1,EXACT,SKU Woo literal: 0201002|0201002|0730005,EXACT_SKU,730005,EXACT,PRIMARY_WOO,3706,3622,0201002|0201002|0730005,"180x200x14,5 cm, Con 2 tatamis de 90x200 cm",730005,YES,NO,NO,NO,1,COMPOSITION_EXACT_WOO,,"Evidence row; correlate by combination_sku, component_sku and quantity.",,EXACT,EXACT,COMPOSITION_EXACT_WOO,COMPOSITION_EXACT_WOO,UNCHANGED_EXACT_EVIDENCE,YES,NO,HIGH,Exact 001A.0 evidence retained; no fuzzy identity.,INCLUDED_EXACT,,,,,
WOO_SKU_COMPONENT_LIST,sku_component[2],3734,3624,0201003|0201003|0724001,,0724001,1,EXACT,SKU Woo literal: 0201003|0201003|0724001,EXACT_SKU,724001,EXACT,PRIMARY_WOO,3734,3624,0201003|0201003|0724001,"Con 2 tatamis de 70x200 cm, 90x200x14,5 cm",724001,YES,NO,NO,NO,1,COMPOSITION_EXACT_WOO,,"Evidence row; correlate by combination_sku, component_sku and quantity.",,EXACT,EXACT,COMPOSITION_EXACT_WOO,COMPOSITION_EXACT_WOO,UNCHANGED_EXACT_EVIDENCE,YES,NO,HIGH,Exact 001A.0 evidence retained; no fuzzy identity.,INCLUDED_EXACT,,,,,
WOO_SKU_COMPONENT_LIST,sku_component[2],3733,3624,0201003|0201003|0724003,,0724003,1,EXACT,SKU Woo literal: 0201003|0201003|0724003,EXACT_SKU,724003,EXACT,PRIMARY_WOO,3733,3624,0201003|0201003|0724003,"Con 2 tatamis de 70x200 cm, 140x200x14,5 cm",724003,YES,NO,NO,NO,1,COMPOSITION_EXACT_WOO,,"Evidence row; correlate by combination_sku, component_sku and quantity.",,EXACT,EXACT,COMPOSITION_EXACT_WOO,COMPOSITION_EXACT_WOO,UNCHANGED_EXACT_EVIDENCE,YES,NO,HIGH,Exact 001A.0 evidence retained; no fuzzy identity.,INCLUDED_EXACT,,,,,
WOO_SKU_COMPONENT_LIST,sku_component[2],3715,3623,0201003|0201003|0728001,,0728001,1,EXACT,SKU Woo literal: 0201003|0201003|0728001,EXACT_SKU,728001,EXACT,PRIMARY_WOO,3715,3623,0201003|0201003|0728001,"90x200x14,5 cm, Con 2 tatamis de 70x200 cm",728001,YES,NO,NO,NO,1,COMPOSITION_EXACT_WOO,,"Evidence row; correlate by combination_sku, component_sku and quantity.",,EXACT,EXACT,COMPOSITION_EXACT_WOO,COMPOSITION_EXACT_WOO,UNCHANGED_EXACT_EVIDENCE,YES,NO,HIGH,Exact 001A.0 evidence retained; no fuzzy identity.,INCLUDED_EXACT,,,,,
WOO_SKU_COMPONENT_LIST,sku_component[2],3714,3623,0201003|0201003|0728002,,0728002,1,EXACT,SKU Woo literal: 0201003|0201003|0728002,EXACT_SKU,728002,EXACT,PRIMARY_WOO,3714,3623,0201003|0201003|0728002,"140x200x14,5 cm, Con 2 tatamis de 70x200 cm",728002,YES,NO,NO,NO,1,COMPOSITION_EXACT_WOO,,"Evidence row; correlate by combination_sku, component_sku and quantity.",,EXACT,EXACT,COMPOSITION_EXACT_WOO,COMPOSITION_EXACT_WOO,UNCHANGED_EXACT_EVIDENCE,YES,NO,HIGH,Exact 001A.0 evidence retained; no fuzzy identity.,INCLUDED_EXACT,,,,,
WOO_SKU_COMPONENT_LIST,sku_component[2],3694,3622,0201003|0201003|0730001,,0730001,1,EXACT,SKU Woo literal: 0201003|0201003|0730001,EXACT_SKU,730001,EXACT,PRIMARY_WOO,3694,3622,0201003|0201003|0730001,"90x200x14,5 cm, Con 2 tatamis de 70x200 cm",730001,YES,NO,NO,NO,1,COMPOSITION_EXACT_WOO,,"Evidence row; correlate by combination_sku, component_sku and quantity.",,EXACT,EXACT,COMPOSITION_EXACT_WOO,COMPOSITION_EXACT_WOO,UNCHANGED_EXACT_EVIDENCE,YES,NO,HIGH,Exact 001A.0 evidence retained; no fuzzy identity.,INCLUDED_EXACT,,,,,
WOO_SKU_COMPONENT_LIST,sku_component[2],3693,3622,0201003|0201003|0730002,,0730002,1,EXACT,SKU Woo literal: 0201003|0201003|0730002,EXACT_SKU,730002,EXACT,PRIMARY_WOO,3693,3622,0201003|0201003|0730002,"140x200x14,5 cm, Con 2 tatamis de 70x200 cm",730002,YES,NO,NO,NO,1,COMPOSITION_EXACT_WOO,,"Evidence row; correlate by combination_sku, component_sku and quantity.",,EXACT,EXACT,COMPOSITION_EXACT_WOO,COMPOSITION_EXACT_WOO,UNCHANGED_EXACT_EVIDENCE,YES,NO,HIGH,Exact 001A.0 evidence retained; no fuzzy identity.,INCLUDED_EXACT,,,,,
WOO_SKU_COMPONENT_LIST,sku_component[2],3737,3624,0201004|0201004|0724001,,0724001,1,EXACT,SKU Woo literal: 0201004|0201004|0724001,EXACT_SKU,724001,EXACT,PRIMARY_WOO,3737,3624,0201004|0201004|0724001,"Con 2 tatamis de 76x200 cm, 90x200x14,5 cm",724001,YES,NO,NO,NO,1,COMPOSITION_EXACT_WOO,,"Evidence row; correlate by combination_sku, component_sku and quantity.",,EXACT,EXACT,COMPOSITION_EXACT_WOO,COMPOSITION_EXACT_WOO,UNCHANGED_EXACT_EVIDENCE,YES,NO,HIGH,Exact 001A.0 evidence retained; no fuzzy identity.,INCLUDED_EXACT,,,,,
WOO_SKU_COMPONENT_LIST,sku_component[2],3735,3624,0201004|0201004|0724003,,0724003,1,EXACT,SKU Woo literal: 0201004|0201004|0724003,EXACT_SKU,724003,EXACT,PRIMARY_WOO,3735,3624,0201004|0201004|0724003,"Con 2 tatamis de 76x200 cm, 140x200x14,5 cm",724003,YES,NO,NO,NO,1,COMPOSITION_EXACT_WOO,,"Evidence row; correlate by combination_sku, component_sku and quantity.",,EXACT,EXACT,COMPOSITION_EXACT_WOO,COMPOSITION_EXACT_WOO,UNCHANGED_EXACT_EVIDENCE,YES,NO,HIGH,Exact 001A.0 evidence retained; no fuzzy identity.,INCLUDED_EXACT,,,,,
WOO_SKU_COMPONENT_LIST,sku_component[2],3736,3624,0201004|0201004|0724004,,0724004,1,EXACT,SKU Woo literal: 0201004|0201004|0724004,EXACT_SKU,724004,EXACT,PRIMARY_WOO,3736,3624,0201004|0201004|0724004,"Con 2 tatamis de 76x200 cm, 150x200x14,5 cm",724004,YES,NO,NO,NO,1,COMPOSITION_EXACT_WOO,,"Evidence row; correlate by combination_sku, component_sku and quantity.",,EXACT,EXACT,COMPOSITION_EXACT_WOO,COMPOSITION_EXACT_WOO,UNCHANGED_EXACT_EVIDENCE,YES,NO,HIGH,Exact 001A.0 evidence retained; no fuzzy identity.,INCLUDED_EXACT,,,,,
WOO_SKU_COMPONENT_LIST,sku_component[2],3718,3623,0201004|0201004|0728001,,0728001,1,EXACT,SKU Woo literal: 0201004|0201004|0728001,EXACT_SKU,728001,EXACT,PRIMARY_WOO,3718,3623,0201004|0201004|0728001,"90x200x14,5 cm, Con 2 tatamis de 76x200 cm",728001,YES,NO,NO,NO,1,COMPOSITION_EXACT_WOO,,"Evidence row; correlate by combination_sku, component_sku and quantity.",,EXACT,EXACT,COMPOSITION_EXACT_WOO,COMPOSITION_EXACT_WOO,UNCHANGED_EXACT_EVIDENCE,YES,NO,HIGH,Exact 001A.0 evidence retained; no fuzzy identity.,INCLUDED_EXACT,,,,,
WOO_SKU_COMPONENT_LIST,sku_component[2],3716,3623,0201004|0201004|0728002,,0728002,1,EXACT,SKU Woo literal: 0201004|0201004|0728002,EXACT_SKU,728002,EXACT,PRIMARY_WOO,3716,3623,0201004|0201004|0728002,"140x200x14,5 cm, Con 2 tatamis de 76x200 cm",728002,YES,NO,NO,NO,1,COMPOSITION_EXACT_WOO,,"Evidence row; correlate by combination_sku, component_sku and quantity.",,EXACT,EXACT,COMPOSITION_EXACT_WOO,COMPOSITION_EXACT_WOO,UNCHANGED_EXACT_EVIDENCE,YES,NO,HIGH,Exact 001A.0 evidence retained; no fuzzy identity.,INCLUDED_EXACT,,,,,
WOO_SKU_COMPONENT_LIST,sku_component[2],3717,3623,0201004|0201004|0728003,,0728003,1,EXACT,SKU Woo literal: 0201004|0201004|0728003,EXACT_SKU,728003,EXACT,PRIMARY_WOO,3717,3623,0201004|0201004|0728003,"150x200x14,5 cm, Con 2 tatamis de 76x200 cm",728003,YES,NO,NO,NO,1,COMPOSITION_EXACT_WOO,,"Evidence row; correlate by combination_sku, component_sku and quantity.",,EXACT,EXACT,COMPOSITION_EXACT_WOO,COMPOSITION_EXACT_WOO,UNCHANGED_EXACT_EVIDENCE,YES,NO,HIGH,Exact 001A.0 evidence retained; no fuzzy identity.,INCLUDED_EXACT,,,,,
WOO_SKU_COMPONENT_LIST,sku_component[2],3697,3622,0201004|0201004|0730001,,0730001,1,EXACT,SKU Woo literal: 0201004|0201004|0730001,EXACT_SKU,730001,EXACT,PRIMARY_WOO,3697,3622,0201004|0201004|0730001,"90x200x14,5 cm, Con 2 tatamis de 76x200 cm",730001,YES,NO,NO,NO,1,COMPOSITION_EXACT_WOO,,"Evidence row; correlate by combination_sku, component_sku and quantity.",,EXACT,EXACT,COMPOSITION_EXACT_WOO,COMPOSITION_EXACT_WOO,UNCHANGED_EXACT_EVIDENCE,YES,NO,HIGH,Exact 001A.0 evidence retained; no fuzzy identity.,INCLUDED_EXACT,,,,,
WOO_SKU_COMPONENT_LIST,sku_component[2],3695,3622,0201004|0201004|0730002,,0730002,1,EXACT,SKU Woo literal: 0201004|0201004|0730002,EXACT_SKU,730002,EXACT,PRIMARY_WOO,3695,3622,0201004|0201004|0730002,"140x200x14,5 cm, Con 2 tatamis de 76x200 cm",730002,YES,NO,NO,NO,1,COMPOSITION_EXACT_WOO,,"Evidence row; correlate by combination_sku, component_sku and quantity.",,EXACT,EXACT,COMPOSITION_EXACT_WOO,COMPOSITION_EXACT_WOO,UNCHANGED_EXACT_EVIDENCE,YES,NO,HIGH,Exact 001A.0 evidence retained; no fuzzy identity.,INCLUDED_EXACT,,,,,
WOO_SKU_COMPONENT_LIST,sku_component[2],3696,3622,0201004|0201004|0730003,,0730003,1,EXACT,SKU Woo literal: 0201004|0201004|0730003,EXACT_SKU,730003,EXACT,PRIMARY_WOO,3696,3622,0201004|0201004|0730003,"150x200x14,5 cm, Con 2 tatamis de 76x200 cm",730003,YES,NO,NO,NO,1,COMPOSITION_EXACT_WOO,,"Evidence row; correlate by combination_sku, component_sku and quantity.",,EXACT,EXACT,COMPOSITION_EXACT_WOO,COMPOSITION_EXACT_WOO,UNCHANGED_EXACT_EVIDENCE,YES,NO,HIGH,Exact 001A.0 evidence retained; no fuzzy identity.,INCLUDED_EXACT,,,,,
WOO_SKU_COMPONENT_LIST,sku_component[2],3732,3624,0201010|0201010|0724001,,0724001,1,EXACT,SKU Woo literal: 0201010|0201010|0724001,EXACT_SKU,724001,EXACT,PRIMARY_WOO,3732,3624,0201010|0201010|0724001,"Con 2 tatamis de 100x200 cm, 90x200x14,5 cm",724001,YES,NO,NO,NO,1,COMPOSITION_EXACT_WOO,,"Evidence row; correlate by combination_sku, component_sku and quantity.",,EXACT,EXACT,COMPOSITION_EXACT_WOO,COMPOSITION_EXACT_WOO,UNCHANGED_EXACT_EVIDENCE,YES,NO,HIGH,Exact 001A.0 evidence retained; no fuzzy identity.,INCLUDED_EXACT,,,,,
WOO_SKU_COMPONENT_LIST,sku_component[2],3727,3624,0201010|0201010|0724003,,0724003,1,EXACT,SKU Woo literal: 0201010|0201010|0724003,EXACT_SKU,724003,EXACT,PRIMARY_WOO,3727,3624,0201010|0201010|0724003,"Con 2 tatamis de 100x200 cm, 140x200x14,5 cm",724003,YES,NO,NO,NO,1,COMPOSITION_EXACT_WOO,,"Evidence row; correlate by combination_sku, component_sku and quantity.",,EXACT,EXACT,COMPOSITION_EXACT_WOO,COMPOSITION_EXACT_WOO,UNCHANGED_EXACT_EVIDENCE,YES,NO,HIGH,Exact 001A.0 evidence retained; no fuzzy identity.,INCLUDED_EXACT,,,,,
WOO_SKU_COMPONENT_LIST,sku_component[2],3728,3624,0201010|0201010|0724004,,0724004,1,EXACT,SKU Woo literal: 0201010|0201010|0724004,EXACT_SKU,724004,EXACT,PRIMARY_WOO,3728,3624,0201010|0201010|0724004,"Con 2 tatamis de 100x200 cm, 150x200x14,5 cm",724004,YES,NO,NO,NO,1,COMPOSITION_EXACT_WOO,,"Evidence row; correlate by combination_sku, component_sku and quantity.",,EXACT,EXACT,COMPOSITION_EXACT_WOO,COMPOSITION_EXACT_WOO,UNCHANGED_EXACT_EVIDENCE,YES,NO,HIGH,Exact 001A.0 evidence retained; no fuzzy identity.,INCLUDED_EXACT,,,,,
WOO_SKU_COMPONENT_LIST,sku_component[2],3729,3624,0201010|0201010|0724005,,0724005,1,EXACT,SKU Woo literal: 0201010|0201010|0724005,EXACT_SKU,724005,EXACT,PRIMARY_WOO,3729,3624,0201010|0201010|0724005,"Con 2 tatamis de 100x200 cm, 160x200x14,5 cm",724005,YES,NO,NO,NO,1,COMPOSITION_EXACT_WOO,,"Evidence row; correlate by combination_sku, component_sku and quantity.",,EXACT,EXACT,COMPOSITION_EXACT_WOO,COMPOSITION_EXACT_WOO,UNCHANGED_EXACT_EVIDENCE,YES,NO,HIGH,Exact 001A.0 evidence retained; no fuzzy identity.,INCLUDED_EXACT,,,,,
WOO_SKU_COMPONENT_LIST,sku_component[2],3730,3624,0201010|0201010|0724006,,0724006,1,EXACT,SKU Woo literal: 0201010|0201010|0724006,EXACT_SKU,724006,EXACT,PRIMARY_WOO,3730,3624,0201010|0201010|0724006,"Con 2 tatamis de 100x200 cm, 180x200x14,5 cm",724006,YES,NO,NO,NO,1,COMPOSITION_EXACT_WOO,,"Evidence row; correlate by combination_sku, component_sku and quantity.",,EXACT,EXACT,COMPOSITION_EXACT_WOO,COMPOSITION_EXACT_WOO,UNCHANGED_EXACT_EVIDENCE,YES,NO,HIGH,Exact 001A.0 evidence retained; no fuzzy identity.,INCLUDED_EXACT,,,,,
WOO_SKU_COMPONENT_LIST,sku_component[2],3731,3624,0201010|0201010|0724007,,0724007,1,EXACT,SKU Woo literal: 0201010|0201010|0724007,EXACT_SKU,724007,EXACT,PRIMARY_WOO,3731,3624,0201010|0201010|0724007,"Con 2 tatamis de 100x200 cm, 200x200x14,5 cm",724007,YES,NO,NO,NO,1,COMPOSITION_EXACT_WOO,,"Evidence row; correlate by combination_sku, component_sku and quantity.",,EXACT,EXACT,COMPOSITION_EXACT_WOO,COMPOSITION_EXACT_WOO,UNCHANGED_EXACT_EVIDENCE,YES,NO,HIGH,Exact 001A.0 evidence retained; no fuzzy identity.,INCLUDED_EXACT,,,,,
WOO_SKU_COMPONENT_LIST,sku_component[2],3713,3623,0201010|0201010|0728001,,0728001,1,EXACT,SKU Woo literal: 0201010|0201010|0728001,EXACT_SKU,728001,EXACT,PRIMARY_WOO,3713,3623,0201010|0201010|0728001,"90x200x14,5 cm, Con 2 tatamis de 100x200 cm",728001,YES,NO,NO,NO,1,COMPOSITION_EXACT_WOO,,"Evidence row; correlate by combination_sku, component_sku and quantity.",,EXACT,EXACT,COMPOSITION_EXACT_WOO,COMPOSITION_EXACT_WOO,UNCHANGED_EXACT_EVIDENCE,YES,NO,HIGH,Exact 001A.0 evidence retained; no fuzzy identity.,INCLUDED_EXACT,,,,,
WOO_SKU_COMPONENT_LIST,sku_component[2],3708,3623,0201010|0201010|0728002,,0728002,1,EXACT,SKU Woo literal: 0201010|0201010|0728002,EXACT_SKU,728002,EXACT,PRIMARY_WOO,3708,3623,0201010|0201010|0728002,"140x200x14,5 cm, Con 2 tatamis de 100x200 cm",728002,YES,NO,NO,NO,1,COMPOSITION_EXACT_WOO,,"Evidence row; correlate by combination_sku, component_sku and quantity.",,EXACT,EXACT,COMPOSITION_EXACT_WOO,COMPOSITION_EXACT_WOO,UNCHANGED_EXACT_EVIDENCE,YES,NO,HIGH,Exact 001A.0 evidence retained; no fuzzy identity.,INCLUDED_EXACT,,,,,
WOO_SKU_COMPONENT_LIST,sku_component[2],3709,3623,0201010|0201010|0728003,,0728003,1,EXACT,SKU Woo literal: 0201010|0201010|0728003,EXACT_SKU,728003,EXACT,PRIMARY_WOO,3709,3623,0201010|0201010|0728003,"150x200x14,5 cm, Con 2 tatamis de 100x200 cm",728003,YES,NO,NO,NO,1,COMPOSITION_EXACT_WOO,,"Evidence row; correlate by combination_sku, component_sku and quantity.",,EXACT,EXACT,COMPOSITION_EXACT_WOO,COMPOSITION_EXACT_WOO,UNCHANGED_EXACT_EVIDENCE,YES,NO,HIGH,Exact 001A.0 evidence retained; no fuzzy identity.,INCLUDED_EXACT,,,,,
WOO_SKU_COMPONENT_LIST,sku_component[2],3710,3623,0201010|0201010|0728004,,0728004,1,EXACT,SKU Woo literal: 0201010|0201010|0728004,EXACT_SKU,728004,EXACT,PRIMARY_WOO,3710,3623,0201010|0201010|0728004,"160x200x14,5 cm, Con 2 tatamis de 100x200 cm",728004,YES,NO,NO,NO,1,COMPOSITION_EXACT_WOO,,"Evidence row; correlate by combination_sku, component_sku and quantity.",,EXACT,EXACT,COMPOSITION_EXACT_WOO,COMPOSITION_EXACT_WOO,UNCHANGED_EXACT_EVIDENCE,YES,NO,HIGH,Exact 001A.0 evidence retained; no fuzzy identity.,INCLUDED_EXACT,,,,,
WOO_SKU_COMPONENT_LIST,sku_component[2],3711,3623,0201010|0201010|0728005,,0728005,1,EXACT,SKU Woo literal: 0201010|0201010|0728005,EXACT_SKU,728005,EXACT,PRIMARY_WOO,3711,3623,0201010|0201010|0728005,"180x200x14,5 cm, Con 2 tatamis de 100x200 cm",728005,YES,NO,NO,NO,1,COMPOSITION_EXACT_WOO,,"Evidence row; correlate by combination_sku, component_sku and quantity.",,EXACT,EXACT,COMPOSITION_EXACT_WOO,COMPOSITION_EXACT_WOO,UNCHANGED_EXACT_EVIDENCE,YES,NO,HIGH,Exact 001A.0 evidence retained; no fuzzy identity.,INCLUDED_EXACT,,,,,
WOO_SKU_COMPONENT_LIST,sku_component[2],3712,3623,0201010|0201010|0728006,,0728006,1,EXACT,SKU Woo literal: 0201010|0201010|0728006,EXACT_SKU,728006,EXACT,PRIMARY_WOO,3712,3623,0201010|0201010|0728006,"200x200x14,5 cm, Con 2 tatamis de 100x200 cm",728006,YES,NO,NO,NO,1,COMPOSITION_EXACT_WOO,,"Evidence row; correlate by combination_sku, component_sku and quantity.",,EXACT,EXACT,COMPOSITION_EXACT_WOO,COMPOSITION_EXACT_WOO,UNCHANGED_EXACT_EVIDENCE,YES,NO,HIGH,Exact 001A.0 evidence retained; no fuzzy identity.,INCLUDED_EXACT,,,,,
WOO_SKU_COMPONENT_LIST,sku_component[2],3692,3622,0201010|0201010|0730001,,0730001,1,EXACT,SKU Woo literal: 0201010|0201010|0730001,EXACT_SKU,730001,EXACT,PRIMARY_WOO,3692,3622,0201010|0201010|0730001,"90x200x14,5 cm, Con 2 tatamis de 100x200 cm",730001,YES,NO,NO,NO,1,COMPOSITION_EXACT_WOO,,"Evidence row; correlate by combination_sku, component_sku and quantity.",,EXACT,EXACT,COMPOSITION_EXACT_WOO,COMPOSITION_EXACT_WOO,UNCHANGED_EXACT_EVIDENCE,YES,NO,HIGH,Exact 001A.0 evidence retained; no fuzzy identity.,INCLUDED_EXACT,,,,,
WOO_SKU_COMPONENT_LIST,sku_component[2],3687,3622,0201010|0201010|0730002,,0730002,1,EXACT,SKU Woo literal: 0201010|0201010|0730002,EXACT_SKU,730002,EXACT,PRIMARY_WOO,3687,3622,0201010|0201010|0730002,"140x200x14,5 cm, Con 2 tatamis de 100x200 cm",730002,YES,NO,NO,NO,1,COMPOSITION_EXACT_WOO,,"Evidence row; correlate by combination_sku, component_sku and quantity.",,EXACT,EXACT,COMPOSITION_EXACT_WOO,COMPOSITION_EXACT_WOO,UNCHANGED_EXACT_EVIDENCE,YES,NO,HIGH,Exact 001A.0 evidence retained; no fuzzy identity.,INCLUDED_EXACT,,,,,
WOO_SKU_COMPONENT_LIST,sku_component[2],3688,3622,0201010|0201010|0730003,,0730003,1,EXACT,SKU Woo literal: 0201010|0201010|0730003,EXACT_SKU,730003,EXACT,PRIMARY_WOO,3688,3622,0201010|0201010|0730003,"150x200x14,5 cm, Con 2 tatamis de 100x200 cm",730003,YES,NO,NO,NO,1,COMPOSITION_EXACT_WOO,,"Evidence row; correlate by combination_sku, component_sku and quantity.",,EXACT,EXACT,COMPOSITION_EXACT_WOO,COMPOSITION_EXACT_WOO,UNCHANGED_EXACT_EVIDENCE,YES,NO,HIGH,Exact 001A.0 evidence retained; no fuzzy identity.,INCLUDED_EXACT,,,,,
WOO_SKU_COMPONENT_LIST,sku_component[2],3689,3622,0201010|0201010|0730004,,0730004,1,EXACT,SKU Woo literal: 0201010|0201010|0730004,EXACT_SKU,730004,EXACT,PRIMARY_WOO,3689,3622,0201010|0201010|0730004,"160x200x14,5 cm, Con 2 tatamis de 100x200 cm",730004,YES,NO,NO,NO,1,COMPOSITION_EXACT_WOO,,"Evidence row; correlate by combination_sku, component_sku and quantity.",,EXACT,EXACT,COMPOSITION_EXACT_WOO,COMPOSITION_EXACT_WOO,UNCHANGED_EXACT_EVIDENCE,YES,NO,HIGH,Exact 001A.0 evidence retained; no fuzzy identity.,INCLUDED_EXACT,,,,,
WOO_SKU_COMPONENT_LIST,sku_component[2],3690,3622,0201010|0201010|0730005,,0730005,1,EXACT,SKU Woo literal: 0201010|0201010|0730005,EXACT_SKU,730005,EXACT,PRIMARY_WOO,3690,3622,0201010|0201010|0730005,"180x200x14,5 cm, Con 2 tatamis de 100x200 cm",730005,YES,NO,NO,NO,1,COMPOSITION_EXACT_WOO,,"Evidence row; correlate by combination_sku, component_sku and quantity.",,EXACT,EXACT,COMPOSITION_EXACT_WOO,COMPOSITION_EXACT_WOO,UNCHANGED_EXACT_EVIDENCE,YES,NO,HIGH,Exact 001A.0 evidence retained; no fuzzy identity.,INCLUDED_EXACT,,,,,
WOO_SKU_COMPONENT_LIST,sku_component[2],3691,3622,0201010|0201010|0730006,,0730006,1,EXACT,SKU Woo literal: 0201010|0201010|0730006,EXACT_SKU,730006,EXACT,PRIMARY_WOO,3691,3622,0201010|0201010|0730006,"200x200x14,5 cm, Con 2 tatamis de 100x200 cm",730006,YES,NO,NO,NO,1,COMPOSITION_EXACT_WOO,,"Evidence row; correlate by combination_sku, component_sku and quantity.",,EXACT,EXACT,COMPOSITION_EXACT_WOO,COMPOSITION_EXACT_WOO,UNCHANGED_EXACT_EVIDENCE,YES,NO,HIGH,Exact 001A.0 evidence retained; no fuzzy identity.,INCLUDED_EXACT,,,,,
WOO_SKU_COMPONENT_LIST,sku_component[2],4558,3657,0201011|0808001,,0808001,1,EXACT,SKU Woo literal: 0201011|0808001,EXACT_SKU,808001,EXACT,PRIMARY_WOO,4558,3657,0201011|0808001,Crudo,808001,YES,NO,NO,NO,1,COMPOSITION_EXACT_WOO,,"Evidence row; correlate by combination_sku, component_sku and quantity.",,EXACT,EXACT,COMPOSITION_EXACT_WOO,COMPOSITION_EXACT_WOO,UNCHANGED_EXACT_EVIDENCE,YES,NO,HIGH,Exact 001A.0 evidence retained; no fuzzy identity.,INCLUDED_EXACT,,,,,
WOO_SKU_COMPONENT_LIST,sku_component[2],4556,3657,0201011|0809001,,0809001,1,EXACT,SKU Woo literal: 0201011|0809001,EXACT_SKU,809001,EXACT,PRIMARY_WOO,4556,3657,0201011|0809001,Azul,809001,YES,NO,NO,NO,1,COMPOSITION_EXACT_WOO,,"Evidence row; correlate by combination_sku, component_sku and quantity.",,EXACT,EXACT,COMPOSITION_EXACT_WOO,COMPOSITION_EXACT_WOO,UNCHANGED_EXACT_EVIDENCE,YES,NO,HIGH,Exact 001A.0 evidence retained; no fuzzy identity.,INCLUDED_EXACT,,,,,
WOO_SKU_COMPONENT_LIST,sku_component[2],4561,3657,0201011|0816001,,0816001,1,EXACT,SKU Woo literal: 0201011|0816001,EXACT_SKU,816001,EXACT,PRIMARY_WOO,4561,3657,0201011|0816001,Negro,816001,YES,NO,NO,NO,1,COMPOSITION_EXACT_WOO,,"Evidence row; correlate by combination_sku, component_sku and quantity.",,EXACT,EXACT,COMPOSITION_EXACT_WOO,COMPOSITION_EXACT_WOO,UNCHANGED_EXACT_EVIDENCE,YES,NO,HIGH,Exact 001A.0 evidence retained; no fuzzy identity.,INCLUDED_EXACT,,,,,
WOO_SKU_COMPONENT_LIST,sku_component[2],4557,3657,0201011|0817001,,0817001,1,EXACT,SKU Woo literal: 0201011|0817001,EXACT_SKU,817001,EXACT,PRIMARY_WOO,4557,3657,0201011|0817001,Granate,817001,YES,NO,NO,NO,1,COMPOSITION_EXACT_WOO,,"Evidence row; correlate by combination_sku, component_sku and quantity.",,EXACT,EXACT,COMPOSITION_EXACT_WOO,COMPOSITION_EXACT_WOO,UNCHANGED_EXACT_EVIDENCE,YES,NO,HIGH,Exact 001A.0 evidence retained; no fuzzy identity.,INCLUDED_EXACT,,,,,
WOO_SKU_COMPONENT_LIST,sku_component[2],13091,3657,0201011|0818001,,0818001,1,EXACT,SKU Woo literal: 0201011|0818001,EXACT_SKU,818001,EXACT,PRIMARY_WOO,13091,3657,0201011|0818001,Marrón Chocolate,818001,YES,NO,NO,NO,1,COMPOSITION_EXACT_WOO,,"Evidence row; correlate by combination_sku, component_sku and quantity.",,EXACT,EXACT,COMPOSITION_EXACT_WOO,COMPOSITION_EXACT_WOO,UNCHANGED_EXACT_EVIDENCE,YES,NO,HIGH,Exact 001A.0 evidence retained; no fuzzy identity.,INCLUDED_EXACT,,,,,
WOO_SKU_COMPONENT_LIST,sku_component[2],4559,3657,0201011|0859002,,0859002,1,EXACT,SKU Woo literal: 0201011|0859002,EXACT_SKU,859002,EXACT,PRIMARY_WOO,4559,3657,0201011|0859002,Verde oscuro,859002,YES,NO,NO,NO,1,COMPOSITION_EXACT_WOO,,"Evidence row; correlate by combination_sku, component_sku and quantity.",,EXACT,EXACT,COMPOSITION_EXACT_WOO,COMPOSITION_COMPONENT_ONLY,PHYSICAL_COMPONENT_WITHOUT_STANDALONE_WOO,YES,NO,HIGH,Exact 001A.0 evidence retained; no fuzzy identity.,INCLUDED_EXACT,,,,,
WOO_SKU_COMPONENT_LIST,sku_component[2],3664,3611,0302002|0201002|0201002,,0201002,2,EXACT,SKU Woo literal: 0302002|0201002|0201002,EXACT_SKU,201002,EXACT,PRIMARY_WOO,3664,3611,0302002|0201002|0201002,Con 2 tatamis de 90x200 cm,201002,YES,NO,NO,NO,1,COMPOSITION_EXACT_WOO,,"Evidence row; correlate by combination_sku, component_sku and quantity.",,EXACT,EXACT,COMPOSITION_EXACT_WOO,COMPOSITION_EXACT_WOO,UNCHANGED_EXACT_EVIDENCE,YES,NO,HIGH,Exact 001A.0 evidence retained; no fuzzy identity.,INCLUDED_EXACT,,,,,
WOO_SKU_COMPONENT_LIST,sku_component[2],3662,3610,0302009|0201002|0201002,,0201002,2,EXACT,SKU Woo literal: 0302009|0201002|0201002,EXACT_SKU,201002,EXACT,PRIMARY_WOO,3662,3610,0302009|0201002|0201002,Con 2 tatamis de 90x200 cm,201002,YES,NO,NO,NO,1,COMPOSITION_EXACT_WOO,,"Evidence row; correlate by combination_sku, component_sku and quantity.",,EXACT,EXACT,COMPOSITION_EXACT_WOO,COMPOSITION_EXACT_WOO,UNCHANGED_EXACT_EVIDENCE,YES,NO,HIGH,Exact 001A.0 evidence retained; no fuzzy identity.,INCLUDED_EXACT,,,,,
WOO_SKU_COMPONENT_LIST,sku_component[2],3667,3612,0302018|0201001|0201001,,0201001,2,EXACT,SKU Woo literal: 0302018|0201001|0201001,EXACT_SKU,201001,EXACT,PRIMARY_WOO,3667,3612,0302018|0201001|0201001,"174x214x20 cm, 160x200 cm, Crudo, sin barniz, Con 2 tatamis de 80x200 cm",201001,YES,NO,NO,NO,1,COMPOSITION_EXACT_WOO,,"Evidence row; correlate by combination_sku, component_sku and quantity.",,EXACT,EXACT,COMPOSITION_EXACT_WOO,COMPOSITION_EXACT_WOO,UNCHANGED_EXACT_EVIDENCE,YES,NO,HIGH,Exact 001A.0 evidence retained; no fuzzy identity.,INCLUDED_EXACT,,,,,
WOO_SKU_COMPONENT_LIST,sku_component[2],3668,3612,0302019|0201002|0201002,,0201002,2,EXACT,SKU Woo literal: 0302019|0201002|0201002,EXACT_SKU,201002,EXACT,PRIMARY_WOO,3668,3612,0302019|0201002|0201002,"194x214x20 cm, 180x200 cm, Crudo, sin barniz, Con 2 tatamis de 90x200 cm",201002,YES,NO,NO,NO,1,COMPOSITION_EXACT_WOO,,"Evidence row; correlate by combination_sku, component_sku and quantity.",,EXACT,EXACT,COMPOSITION_EXACT_WOO,COMPOSITION_EXACT_WOO,UNCHANGED_EXACT_EVIDENCE,YES,NO,HIGH,Exact 001A.0 evidence retained; no fuzzy identity.,INCLUDED_EXACT,,,,,
WOO_SKU_COMPONENT_LIST,sku_component[2],3679,3618,0402010|0201001|0201001,,0201001,2,EXACT,SKU Woo literal: 0402010|0201001|0201001,EXACT_SKU,201001,EXACT,PRIMARY_WOO,3679,3618,0402010|0201001|0201001,"174x214x40 cm, 160x200 cm, Crudo, sin barniz, Con 2 tatamis de 80x200 cm",201001,YES,NO,NO,NO,1,COMPOSITION_EXACT_WOO,,"Evidence row; correlate by combination_sku, component_sku and quantity.",,EXACT,EXACT,COMPOSITION_EXACT_WOO,COMPOSITION_EXACT_WOO,UNCHANGED_EXACT_EVIDENCE,YES,NO,HIGH,Exact 001A.0 evidence retained; no fuzzy identity.,INCLUDED_EXACT,,,,,
WOO_SKU_COMPONENT_LIST,sku_component[2],3680,3618,0402012|0201002|0201002,,0201002,2,EXACT,SKU Woo literal: 0402012|0201002|0201002,EXACT_SKU,201002,EXACT,PRIMARY_WOO,3680,3618,0402012|0201002|0201002,"194x214x40 cm, 180x200 cm, Crudo, sin barniz, Con 2 tatamis de 90x200 cm",201002,YES,NO,NO,NO,1,COMPOSITION_EXACT_WOO,,"Evidence row; correlate by combination_sku, component_sku and quantity.",,EXACT,EXACT,COMPOSITION_EXACT_WOO,COMPOSITION_EXACT_WOO,UNCHANGED_EXACT_EVIDENCE,YES,NO,HIGH,Exact 001A.0 evidence retained; no fuzzy identity.,INCLUDED_EXACT,,,,,
WOO_SKU_COMPONENT_LIST,sku_component[2],4232,3650,0502002|0724008,,0724008,1,EXACT,SKU Woo literal: 0502002|0724008,EXACT_SKU,724008,EXACT,PRIMARY_WOO,4232,3650,0502002|0724008,"Futón de algodón, 140x190x14,5 cm, Sin funda",724008,YES,NO,NO,NO,1,COMPOSITION_EXACT_WOO,,"Evidence row; correlate by combination_sku, component_sku and quantity.",,EXACT,EXACT,COMPOSITION_EXACT_WOO,COMPOSITION_EXACT_WOO,UNCHANGED_EXACT_EVIDENCE,YES,NO,HIGH,Exact 001A.0 evidence retained; no fuzzy identity.,INCLUDED_EXACT,,,,,
WOO_SKU_COMPONENT_LIST,sku_component[2],4236,3650,0502002|0724008|0608006,,0724008,1,EXACT,SKU Woo literal: 0502002|0724008|0608006,EXACT_SKU,724008,EXACT,PRIMARY_WOO,4236,3650,0502002|0724008|0608006,"Futón de algodón, 140x190x14,5 cm, Crudo",724008,YES,NO,NO,NO,1,COMPOSITION_EXACT_WOO,,"Evidence row; correlate by combination_sku, component_sku and quantity.",,EXACT,EXACT,COMPOSITION_EXACT_WOO,COMPOSITION_EXACT_WOO,UNCHANGED_EXACT_EVIDENCE,YES,NO,HIGH,Exact 001A.0 evidence retained; no fuzzy identity.,INCLUDED_EXACT,,,,,
WOO_SKU_COMPONENT_LIST,sku_component[2],4240,3650,0502002|0724008|0616006,,0724008,1,EXACT,SKU Woo literal: 0502002|0724008|0616006,EXACT_SKU,724008,EXACT,PRIMARY_WOO,4240,3650,0502002|0724008|0616006,"Futón de algodón, 140x190x14,5 cm, Negro",724008,YES,NO,NO,NO,1,COMPOSITION_EXACT_WOO,,"Evidence row; correlate by combination_sku, component_sku and quantity.",,EXACT,EXACT,COMPOSITION_EXACT_WOO,COMPOSITION_EXACT_WOO,UNCHANGED_EXACT_EVIDENCE,YES,NO,HIGH,Exact 001A.0 evidence retained; no fuzzy identity.,INCLUDED_EXACT,,,,,
WOO_SKU_COMPONENT_LIST,sku_component[2],6292,3650,0502002|0724008|0617002,,0724008,1,EXACT,SKU Woo literal: 0502002|0724008|0617002,EXACT_SKU,724008,EXACT,PRIMARY_WOO,6292,3650,0502002|0724008|0617002,"Futón de algodón, 140x190x14,5 cm, Gris jaspeado",724008,YES,NO,NO,NO,1,COMPOSITION_EXACT_WOO,,"Evidence row; correlate by combination_sku, component_sku and quantity.",,EXACT,EXACT,COMPOSITION_EXACT_WOO,COMPOSITION_EXACT_WOO,UNCHANGED_EXACT_EVIDENCE,YES,NO,HIGH,Exact 001A.0 evidence retained; no fuzzy identity.,INCLUDED_EXACT,,,,,
WOO_SKU_COMPONENT_LIST,sku_component[2],6293,3650,0502002|0724008|0619002,,0724008,1,EXACT,SKU Woo literal: 0502002|0724008|0619002,EXACT_SKU,724008,EXACT,PRIMARY_WOO,6293,3650,0502002|0724008|0619002,"Futón de algodón, 140x190x14,5 cm, Beige jaspeado",724008,YES,NO,NO,NO,1,COMPOSITION_EXACT_WOO,,"Evidence row; correlate by combination_sku, component_sku and quantity.",,EXACT,EXACT,COMPOSITION_EXACT_WOO,COMPOSITION_EXACT_WOO,UNCHANGED_EXACT_EVIDENCE,YES,NO,HIGH,Exact 001A.0 evidence retained; no fuzzy identity.,INCLUDED_EXACT,,,,,
WOO_SKU_COMPONENT_LIST,sku_component[2],11123,3650,0502002|0724008|0619009,,0724008,1,EXACT,SKU Woo literal: 0502002|0724008|0619009,EXACT_SKU,724008,EXACT,PRIMARY_WOO,11123,3650,0502002|0724008|0619009,"Futón de algodón, 140x190x14,5 cm, Marrón",724008,YES,NO,NO,NO,1,COMPOSITION_EXACT_WOO,,"Evidence row; correlate by combination_sku, component_sku and quantity.",,EXACT,EXACT,COMPOSITION_EXACT_WOO,COMPOSITION_EXACT_WOO,UNCHANGED_EXACT_EVIDENCE,YES,NO,HIGH,Exact 001A.0 evidence retained; no fuzzy identity.,INCLUDED_EXACT,,,,,
WOO_SKU_COMPONENT_LIST,sku_component[2],4208,3650,0502002|0728007,,0728007,1,EXACT,SKU Woo literal: 0502002|0728007,EXACT_SKU,728007,EXACT,PRIMARY_WOO,4208,3650,0502002|0728007,"Futón con una capa de látex, 140x190x14,5 cm, Sin funda",728007,YES,NO,NO,NO,1,COMPOSITION_EXACT_WOO,,"Evidence row; correlate by combination_sku, component_sku and quantity.",,EXACT,EXACT,COMPOSITION_EXACT_WOO,COMPOSITION_EXACT_WOO,UNCHANGED_EXACT_EVIDENCE,YES,NO,HIGH,Exact 001A.0 evidence retained; no fuzzy identity.,INCLUDED_EXACT,,,,,
WOO_SKU_COMPONENT_LIST,sku_component[2],4212,3650,0502002|0728007|0608006,,0728007,1,EXACT,SKU Woo literal: 0502002|0728007|0608006,EXACT_SKU,728007,EXACT,PRIMARY_WOO,4212,3650,0502002|0728007|0608006,"Futón con una capa de látex, 140x190x14,5 cm, Crudo",728007,YES,NO,NO,NO,1,COMPOSITION_EXACT_WOO,,"Evidence row; correlate by combination_sku, component_sku and quantity.",,EXACT,EXACT,COMPOSITION_EXACT_WOO,COMPOSITION_EXACT_WOO,UNCHANGED_EXACT_EVIDENCE,YES,NO,HIGH,Exact 001A.0 evidence retained; no fuzzy identity.,INCLUDED_EXACT,,,,,
WOO_SKU_COMPONENT_LIST,sku_component[2],4216,3650,0502002|0728007|0616006,,0728007,1,EXACT,SKU Woo literal: 0502002|0728007|0616006,EXACT_SKU,728007,EXACT,PRIMARY_WOO,4216,3650,0502002|0728007|0616006,"Futón con una capa de látex, 140x190x14,5 cm, Negro",728007,YES,NO,NO,NO,1,COMPOSITION_EXACT_WOO,,"Evidence row; correlate by combination_sku, component_sku and quantity.",,EXACT,EXACT,COMPOSITION_EXACT_WOO,COMPOSITION_EXACT_WOO,UNCHANGED_EXACT_EVIDENCE,YES,NO,HIGH,Exact 001A.0 evidence retained; no fuzzy identity.,INCLUDED_EXACT,,,,,
WOO_SKU_COMPONENT_LIST,sku_component[2],9456,3650,0502002|0728007|0617002,,0728007,1,EXACT,SKU Woo literal: 0502002|0728007|0617002,EXACT_SKU,728007,EXACT,PRIMARY_WOO,9456,3650,0502002|0728007|0617002,"Futón con una capa de látex, 140x190x14,5 cm, Gris jaspeado",728007,YES,NO,NO,NO,1,COMPOSITION_EXACT_WOO,,"Evidence row; correlate by combination_sku, component_sku and quantity.",,EXACT,EXACT,COMPOSITION_EXACT_WOO,COMPOSITION_EXACT_WOO,UNCHANGED_EXACT_EVIDENCE,YES,NO,HIGH,Exact 001A.0 evidence retained; no fuzzy identity.,INCLUDED_EXACT,,,,,
WOO_SKU_COMPONENT_LIST,sku_component[2],6295,3650,0502002|0728007|0619002,,0728007,1,EXACT,SKU Woo literal: 0502002|0728007|0619002,EXACT_SKU,728007,EXACT,PRIMARY_WOO,6295,3650,0502002|0728007|0619002,"Futón con una capa de látex, 140x190x14,5 cm, Beige jaspeado",728007,YES,NO,NO,NO,1,COMPOSITION_EXACT_WOO,,"Evidence row; correlate by combination_sku, component_sku and quantity.",,EXACT,EXACT,COMPOSITION_EXACT_WOO,COMPOSITION_EXACT_WOO,UNCHANGED_EXACT_EVIDENCE,YES,NO,HIGH,Exact 001A.0 evidence retained; no fuzzy identity.,INCLUDED_EXACT,,,,,
WOO_SKU_COMPONENT_LIST,sku_component[2],11125,3650,0502002|0728007|0619009,,0728007,1,EXACT,SKU Woo literal: 0502002|0728007|0619009,EXACT_SKU,728007,EXACT,PRIMARY_WOO,11125,3650,0502002|0728007|0619009,"Futón con una capa de látex, 140x190x14,5 cm, Marrón",728007,YES,NO,NO,NO,1,COMPOSITION_EXACT_WOO,,"Evidence row; correlate by combination_sku, component_sku and quantity.",,EXACT,EXACT,COMPOSITION_EXACT_WOO,COMPOSITION_EXACT_WOO,UNCHANGED_EXACT_EVIDENCE,YES,NO,HIGH,Exact 001A.0 evidence retained; no fuzzy identity.,INCLUDED_EXACT,,,,,
WOO_SKU_COMPONENT_LIST,sku_component[2],4220,3650,0502002|0730007,,0730007,1,EXACT,SKU Woo literal: 0502002|0730007,EXACT_SKU,730007,EXACT,PRIMARY_WOO,4220,3650,0502002|0730007,"Futón con dos capas de látex, 140x190x14,5 cm, Sin funda",730007,YES,NO,NO,NO,1,COMPOSITION_EXACT_WOO,,"Evidence row; correlate by combination_sku, component_sku and quantity.",,EXACT,EXACT,COMPOSITION_EXACT_WOO,COMPOSITION_EXACT_WOO,UNCHANGED_EXACT_EVIDENCE,YES,NO,HIGH,Exact 001A.0 evidence retained; no fuzzy identity.,INCLUDED_EXACT,,,,,
WOO_SKU_COMPONENT_LIST,sku_component[2],4224,3650,0502002|0730007|0608006,,0730007,1,EXACT,SKU Woo literal: 0502002|0730007|0608006,EXACT_SKU,730007,EXACT,PRIMARY_WOO,4224,3650,0502002|0730007|0608006,"Futón con dos capas de látex, 140x190x14,5 cm, Crudo",730007,YES,NO,NO,NO,1,COMPOSITION_EXACT_WOO,,"Evidence row; correlate by combination_sku, component_sku and quantity.",,EXACT,EXACT,COMPOSITION_EXACT_WOO,COMPOSITION_EXACT_WOO,UNCHANGED_EXACT_EVIDENCE,YES,NO,HIGH,Exact 001A.0 evidence retained; no fuzzy identity.,INCLUDED_EXACT,,,,,
WOO_SKU_COMPONENT_LIST,sku_component[2],4228,3650,0502002|0730007|0616006,,0730007,1,EXACT,SKU Woo literal: 0502002|0730007|0616006,EXACT_SKU,730007,EXACT,PRIMARY_WOO,4228,3650,0502002|0730007|0616006,"Futón con dos capas de látex, 140x190x14,5 cm, Negro",730007,YES,NO,NO,NO,1,COMPOSITION_EXACT_WOO,,"Evidence row; correlate by combination_sku, component_sku and quantity.",,EXACT,EXACT,COMPOSITION_EXACT_WOO,COMPOSITION_EXACT_WOO,UNCHANGED_EXACT_EVIDENCE,YES,NO,HIGH,Exact 001A.0 evidence retained; no fuzzy identity.,INCLUDED_EXACT,,,,,
WOO_SKU_COMPONENT_LIST,sku_component[2],9457,3650,0502002|0730007|0617002,,0730007,1,EXACT,SKU Woo literal: 0502002|0730007|0617002,EXACT_SKU,730007,EXACT,PRIMARY_WOO,9457,3650,0502002|0730007|0617002,"Futón con dos capas de látex, 140x190x14,5 cm, Gris jaspeado",730007,YES,NO,NO,NO,1,COMPOSITION_EXACT_WOO,,"Evidence row; correlate by combination_sku, component_sku and quantity.",,EXACT,EXACT,COMPOSITION_EXACT_WOO,COMPOSITION_EXACT_WOO,UNCHANGED_EXACT_EVIDENCE,YES,NO,HIGH,Exact 001A.0 evidence retained; no fuzzy identity.,INCLUDED_EXACT,,,,,
WOO_SKU_COMPONENT_LIST,sku_component[2],6294,3650,0502002|0730007|0619002,,0730007,1,EXACT,SKU Woo literal: 0502002|0730007|0619002,EXACT_SKU,730007,EXACT,PRIMARY_WOO,6294,3650,0502002|0730007|0619002,"Futón con dos capas de látex, 140x190x14,5 cm, Beige jaspeado",730007,YES,NO,NO,NO,1,COMPOSITION_EXACT_WOO,,"Evidence row; correlate by combination_sku, component_sku and quantity.",,EXACT,EXACT,COMPOSITION_EXACT_WOO,COMPOSITION_EXACT_WOO,UNCHANGED_EXACT_EVIDENCE,YES,NO,HIGH,Exact 001A.0 evidence retained; no fuzzy identity.,INCLUDED_EXACT,,,,,
WOO_SKU_COMPONENT_LIST,sku_component[2],11126,3650,0502002|0730007|0619009,,0730007,1,EXACT,SKU Woo literal: 0502002|0730007|0619009,EXACT_SKU,730007,EXACT,PRIMARY_WOO,11126,3650,0502002|0730007|0619009,"Futón con dos capas de látex, 140x190x14,5 cm, Marrón",730007,YES,NO,NO,NO,1,COMPOSITION_EXACT_WOO,,"Evidence row; correlate by combination_sku, component_sku and quantity.",,EXACT,EXACT,COMPOSITION_EXACT_WOO,COMPOSITION_EXACT_WOO,UNCHANGED_EXACT_EVIDENCE,YES,NO,HIGH,Exact 001A.0 evidence retained; no fuzzy identity.,INCLUDED_EXACT,,,,,
WOO_SKU_COMPONENT_LIST,sku_component[2],4124,3649,0502005|0727007,,0727007,1,EXACT,SKU Woo literal: 0502005|0727007,EXACT_SKU,727007,EXACT,PRIMARY_WOO,4124,3649,0502005|0727007,"Futón con una capa de látex, 80x200x13 cm, Sin funda",727007,YES,NO,NO,NO,1,COMPOSITION_EXACT_WOO,,"Evidence row; correlate by combination_sku, component_sku and quantity.",,EXACT,EXACT,COMPOSITION_EXACT_WOO,COMPOSITION_EXACT_WOO,UNCHANGED_EXACT_EVIDENCE,YES,NO,HIGH,Exact 001A.0 evidence retained; no fuzzy identity.,INCLUDED_EXACT,,,,,
WOO_SKU_COMPONENT_LIST,sku_component[2],4128,3649,0502005|0727007|0608007,,0727007,1,EXACT,SKU Woo literal: 0502005|0727007|0608007,EXACT_SKU,727007,EXACT,PRIMARY_WOO,4128,3649,0502005|0727007|0608007,"Futón con una capa de látex, 80x200x13 cm, Crudo",727007,YES,NO,NO,NO,1,COMPOSITION_EXACT_WOO,,"Evidence row; correlate by combination_sku, component_sku and quantity.",,EXACT,EXACT,COMPOSITION_EXACT_WOO,COMPOSITION_EXACT_WOO,UNCHANGED_EXACT_EVIDENCE,YES,NO,HIGH,Exact 001A.0 evidence retained; no fuzzy identity.,INCLUDED_EXACT,,,,,
WOO_SKU_COMPONENT_LIST,sku_component[2],4132,3649,0502005|0727007|0616007,,0727007,1,EXACT,SKU Woo literal: 0502005|0727007|0616007,EXACT_SKU,727007,EXACT,PRIMARY_WOO,4132,3649,0502005|0727007|0616007,"Futón con una capa de látex, 80x200x13 cm, Negro",727007,YES,NO,NO,NO,1,COMPOSITION_EXACT_WOO,,"Evidence row; correlate by combination_sku, component_sku and quantity.",,EXACT,EXACT,COMPOSITION_EXACT_WOO,COMPOSITION_EXACT_WOO,UNCHANGED_EXACT_EVIDENCE,YES,NO,HIGH,Exact 001A.0 evidence retained; no fuzzy identity.,INCLUDED_EXACT,,,,,
WOO_SKU_COMPONENT_LIST,sku_component[2],11132,3649,0502005|0727007|0619007,,0727007,1,EXACT,SKU Woo literal: 0502005|0727007|0619007,EXACT_SKU,727007,EXACT,PRIMARY_WOO,11132,3649,0502005|0727007|0619007,"Futón con una capa de látex, 80x200x13 cm, Marrón",727007,YES,NO,NO,NO,1,COMPOSITION_EXACT_WOO,,"Evidence row; correlate by combination_sku, component_sku and quantity.",,EXACT,EXACT,COMPOSITION_EXACT_WOO,COMPOSITION_EXACT_WOO,UNCHANGED_EXACT_EVIDENCE,YES,NO,HIGH,Exact 001A.0 evidence retained; no fuzzy identity.,INCLUDED_EXACT,,,,,
WOO_SKU_COMPONENT_LIST,sku_component[2],4136,3649,0502005|0730009,,0730009,1,EXACT,SKU Woo literal: 0502005|0730009,EXACT_SKU,730009,EXACT,PRIMARY_WOO,4136,3649,0502005|0730009,"Futón con dos capas de látex, 80x200x13 cm, Sin funda",730009,YES,NO,NO,NO,1,COMPOSITION_EXACT_WOO,,"Evidence row; correlate by combination_sku, component_sku and quantity.",,EXACT,EXACT,COMPOSITION_EXACT_WOO,COMPOSITION_EXACT_WOO,UNCHANGED_EXACT_EVIDENCE,YES,NO,HIGH,Exact 001A.0 evidence retained; no fuzzy identity.,INCLUDED_EXACT,,,,,
WOO_SKU_COMPONENT_LIST,sku_component[2],4140,3649,0502005|0730009|0608007,,0730009,1,EXACT,SKU Woo literal: 0502005|0730009|0608007,EXACT_SKU,730009,EXACT,PRIMARY_WOO,4140,3649,0502005|0730009|0608007,"Futón con dos capas de látex, 80x200x13 cm, Crudo",730009,YES,NO,NO,NO,1,COMPOSITION_EXACT_WOO,,"Evidence row; correlate by combination_sku, component_sku and quantity.",,EXACT,EXACT,COMPOSITION_EXACT_WOO,COMPOSITION_EXACT_WOO,UNCHANGED_EXACT_EVIDENCE,YES,NO,HIGH,Exact 001A.0 evidence retained; no fuzzy identity.,INCLUDED_EXACT,,,,,
WOO_SKU_COMPONENT_LIST,sku_component[2],4144,3649,0502005|0730009|0616007,,0730009,1,EXACT,SKU Woo literal: 0502005|0730009|0616007,EXACT_SKU,730009,EXACT,PRIMARY_WOO,4144,3649,0502005|0730009|0616007,"Futón con dos capas de látex, 80x200x13 cm, Negro",730009,YES,NO,NO,NO,1,COMPOSITION_EXACT_WOO,,"Evidence row; correlate by combination_sku, component_sku and quantity.",,EXACT,EXACT,COMPOSITION_EXACT_WOO,COMPOSITION_EXACT_WOO,UNCHANGED_EXACT_EVIDENCE,YES,NO,HIGH,Exact 001A.0 evidence retained; no fuzzy identity.,INCLUDED_EXACT,,,,,
WOO_SKU_COMPONENT_LIST,sku_component[2],11133,3649,0502005|0730009|0619007,,0730009,1,EXACT,SKU Woo literal: 0502005|0730009|0619007,EXACT_SKU,730009,EXACT,PRIMARY_WOO,11133,3649,0502005|0730009|0619007,"Futón con dos capas de látex, 80x200x13 cm, Marrón",730009,YES,NO,NO,NO,1,COMPOSITION_EXACT_WOO,,"Evidence row; correlate by combination_sku, component_sku and quantity.",,EXACT,EXACT,COMPOSITION_EXACT_WOO,COMPOSITION_EXACT_WOO,UNCHANGED_EXACT_EVIDENCE,YES,NO,HIGH,Exact 001A.0 evidence retained; no fuzzy identity.,INCLUDED_EXACT,,,,,
WOO_SKU_COMPONENT_LIST,sku_component[2],11837,3649,0502005|1249001,,1249001,1,EXACT,SKU Woo literal: 0502005|1249001,EXACT_SKU,1249001,EXACT,PRIMARY_WOO,11837,3649,0502005|1249001,"Futón de algodón de colores individual, 80x200x13 cm, Crudo, Sin funda",1249001,YES,NO,NO,NO,1,COMPOSITION_EXACT_WOO,,"Evidence row; correlate by combination_sku, component_sku and quantity.",,EXACT,EXACT,COMPOSITION_EXACT_WOO,COMPOSITION_EXACT_WOO,UNCHANGED_EXACT_EVIDENCE,YES,NO,HIGH,Exact 001A.0 evidence retained; no fuzzy identity.,INCLUDED_EXACT,,,,,
WOO_SKU_COMPONENT_LIST,sku_component[2],4200,3649,0502005|1249001|0608007,,1249001,1,EXACT,SKU Woo literal: 0502005|1249001|0608007,EXACT_SKU,1249001,EXACT,PRIMARY_WOO,4200,3649,0502005|1249001|0608007,"Futón de algodón de colores individual, 80x200x13 cm, Crudo, Crudo",1249001,YES,NO,NO,NO,1,COMPOSITION_EXACT_WOO,,"Evidence row; correlate by combination_sku, component_sku and quantity.",,EXACT,EXACT,COMPOSITION_EXACT_WOO,COMPOSITION_EXACT_WOO,UNCHANGED_EXACT_EVIDENCE,YES,NO,HIGH,Exact 001A.0 evidence retained; no fuzzy identity.,INCLUDED_EXACT,,,,,
WOO_SKU_COMPONENT_LIST,sku_component[2],11836,3649,0502005|1249001|0616007,,1249001,1,EXACT,SKU Woo literal: 0502005|1249001|0616007,EXACT_SKU,1249001,EXACT,PRIMARY_WOO,11836,3649,0502005|1249001|0616007,"Futón de algodón de colores individual, 80x200x13 cm, Crudo, Negro",1249001,YES,NO,NO,NO,1,COMPOSITION_EXACT_WOO,,"Evidence row; correlate by combination_sku, component_sku and quantity.",,EXACT,EXACT,COMPOSITION_EXACT_WOO,COMPOSITION_EXACT_WOO,UNCHANGED_EXACT_EVIDENCE,YES,NO,HIGH,Exact 001A.0 evidence retained; no fuzzy identity.,INCLUDED_EXACT,,,,,
WOO_SKU_COMPONENT_LIST,sku_component[2],11131,3649,0502005|1249001|0619007,,1249001,1,EXACT,SKU Woo literal: 0502005|1249001|0619007,EXACT_SKU,1249001,EXACT,PRIMARY_WOO,11131,3649,0502005|1249001|0619007,"Futón de algodón de colores individual, 80x200x13 cm, Crudo, Marrón",1249001,YES,NO,NO,NO,1,COMPOSITION_EXACT_WOO,,"Evidence row; correlate by combination_sku, component_sku and quantity.",,EXACT,EXACT,COMPOSITION_EXACT_WOO,COMPOSITION_EXACT_WOO,UNCHANGED_EXACT_EVIDENCE,YES,NO,HIGH,Exact 001A.0 evidence retained; no fuzzy identity.,INCLUDED_EXACT,,,,,
WOO_SKU_COMPONENT_LIST,sku_component[2],8235,3651,0502012|0724004,,0724004,1,EXACT,SKU Woo literal: 0502012|0724004,EXACT_SKU,724004,EXACT,PRIMARY_WOO,8235,3651,0502012|0724004,"Futón de algodón, 150x200x14,5 cm, Sin funda, Sin cajón",724004,YES,NO,NO,NO,1,COMPOSITION_EXACT_WOO,,"Evidence row; correlate by combination_sku, component_sku and quantity.",,EXACT,EXACT,COMPOSITION_EXACT_WOO,COMPOSITION_EXACT_WOO,UNCHANGED_EXACT_EVIDENCE,YES,NO,HIGH,Exact 001A.0 evidence retained; no fuzzy identity.,INCLUDED_EXACT,,,,,
WOO_SKU_COMPONENT_LIST,sku_component[2],4320,3651,0502012|0724004|0608004,,0724004,1,EXACT,SKU Woo literal: 0502012|0724004|0608004,EXACT_SKU,724004,EXACT,PRIMARY_WOO,4320,3651,0502012|0724004|0608004,"Futón de algodón, 150x200x14,5 cm, Crudo, Sin cajón",724004,YES,NO,NO,NO,1,COMPOSITION_EXACT_WOO,,"Evidence row; correlate by combination_sku, component_sku and quantity.",,EXACT,EXACT,COMPOSITION_EXACT_WOO,COMPOSITION_EXACT_WOO,UNCHANGED_EXACT_EVIDENCE,YES,NO,HIGH,Exact 001A.0 evidence retained; no fuzzy identity.,INCLUDED_EXACT,,,,,
WOO_SKU_COMPONENT_LIST,sku_component[2],4324,3651,0502012|0724004|0616004,,0724004,1,EXACT,SKU Woo literal: 0502012|0724004|0616004,EXACT_SKU,724004,EXACT,PRIMARY_WOO,4324,3651,0502012|0724004|0616004,"Futón de algodón, 150x200x14,5 cm, Negro, Sin cajón",724004,YES,NO,NO,NO,1,COMPOSITION_EXACT_WOO,,"Evidence row; correlate by combination_sku, component_sku and quantity.",,EXACT,EXACT,COMPOSITION_EXACT_WOO,COMPOSITION_EXACT_WOO,UNCHANGED_EXACT_EVIDENCE,YES,NO,HIGH,Exact 001A.0 evidence retained; no fuzzy identity.,INCLUDED_EXACT,,,,,
WOO_SKU_COMPONENT_LIST,sku_component[2],6285,3651,0502012|0724004|0617004,,0724004,1,EXACT,SKU Woo literal: 0502012|0724004|0617004,EXACT_SKU,724004,EXACT,PRIMARY_WOO,6285,3651,0502012|0724004|0617004,"Futón de algodón, 150x200x14,5 cm, Gris jaspeado, Sin cajón",724004,YES,NO,NO,NO,1,COMPOSITION_EXACT_WOO,,"Evidence row; correlate by combination_sku, component_sku and quantity.",,EXACT,EXACT,COMPOSITION_EXACT_WOO,COMPOSITION_EXACT_WOO,UNCHANGED_EXACT_EVIDENCE,YES,NO,HIGH,Exact 001A.0 evidence retained; no fuzzy identity.,INCLUDED_EXACT,,,,,
WOO_SKU_COMPONENT_LIST,sku_component[2],6286,3651,0502012|0724004|0619004,,0724004,1,EXACT,SKU Woo literal: 0502012|0724004|0619004,EXACT_SKU,724004,EXACT,PRIMARY_WOO,6286,3651,0502012|0724004|0619004,"Futón de algodón, 150x200x14,5 cm, Beige jaspeado, Sin cajón",724004,YES,NO,NO,NO,1,COMPOSITION_EXACT_WOO,,"Evidence row; correlate by combination_sku, component_sku and quantity.",,EXACT,EXACT,COMPOSITION_EXACT_WOO,COMPOSITION_EXACT_WOO,UNCHANGED_EXACT_EVIDENCE,YES,NO,HIGH,Exact 001A.0 evidence retained; no fuzzy identity.,INCLUDED_EXACT,,,,,
WOO_SKU_COMPONENT_LIST,sku_component[2],11137,3651,0502012|0724004|0619010,,0724004,1,EXACT,SKU Woo literal: 0502012|0724004|0619010,EXACT_SKU,724004,EXACT,PRIMARY_WOO,11137,3651,0502012|0724004|0619010,"Futón de algodón, 150x200x14,5 cm, Marrón, Sin cajón",724004,YES,NO,NO,NO,1,COMPOSITION_EXACT_WOO,,"Evidence row; correlate by combination_sku, component_sku and quantity.",,EXACT,EXACT,COMPOSITION_EXACT_WOO,COMPOSITION_EXACT_WOO,UNCHANGED_EXACT_EVIDENCE,YES,NO,HIGH,Exact 001A.0 evidence retained; no fuzzy identity.,INCLUDED_EXACT,,,,,
WOO_SKU_COMPONENT_LIST,sku_component[2],4378,3651,0502012|0724004|1002004,,0724004,1,EXACT,SKU Woo literal: 0502012|0724004|1002004,EXACT_SKU,724004,EXACT,PRIMARY_WOO,4378,3651,0502012|0724004|1002004,"Futón de algodón, 150x200x14,5 cm, Sin funda, Con cajón",724004,YES,NO,NO,NO,1,COMPOSITION_EXACT_WOO,,"Evidence row; correlate by combination_sku, component_sku and quantity.",,EXACT,EXACT,COMPOSITION_EXACT_WOO,COMPOSITION_EXACT_WOO,UNCHANGED_EXACT_EVIDENCE,YES,NO,HIGH,Exact 001A.0 evidence retained; no fuzzy identity.,INCLUDED_EXACT,,,,,
WOO_SKU_COMPONENT_LIST,sku_component[2],4393,3651,0502012|0724004|1002004|0608004,,0724004,1,EXACT,SKU Woo literal: 0502012|0724004|1002004|0608004,EXACT_SKU,724004,EXACT,PRIMARY_WOO,4393,3651,0502012|0724004|1002004|0608004,"Futón de algodón, 150x200x14,5 cm, Crudo, Con cajón",724004,YES,NO,NO,NO,1,COMPOSITION_EXACT_WOO,,"Evidence row; correlate by combination_sku, component_sku and quantity.",,EXACT,EXACT,COMPOSITION_EXACT_WOO,COMPOSITION_EXACT_WOO,UNCHANGED_EXACT_EVIDENCE,YES,NO,HIGH,Exact 001A.0 evidence retained; no fuzzy identity.,INCLUDED_EXACT,,,,,
WOO_SKU_COMPONENT_LIST,sku_component[2],4397,3651,0502012|0724004|1002004|0616004,,0724004,1,EXACT,SKU Woo literal: 0502012|0724004|1002004|0616004,EXACT_SKU,724004,EXACT,PRIMARY_WOO,4397,3651,0502012|0724004|1002004|0616004,"Futón de algodón, 150x200x14,5 cm, Negro, Con cajón",724004,YES,NO,NO,NO,1,COMPOSITION_EXACT_WOO,,"Evidence row; correlate by combination_sku, component_sku and quantity.",,EXACT,EXACT,COMPOSITION_EXACT_WOO,COMPOSITION_EXACT_WOO,UNCHANGED_EXACT_EVIDENCE,YES,NO,HIGH,Exact 001A.0 evidence retained; no fuzzy identity.,INCLUDED_EXACT,,,,,
WOO_SKU_COMPONENT_LIST,sku_component[2],6287,3651,0502012|0724004|1002004|0617004,,0724004,1,EXACT,SKU Woo literal: 0502012|0724004|1002004|0617004,EXACT_SKU,724004,EXACT,PRIMARY_WOO,6287,3651,0502012|0724004|1002004|0617004,"Futón de algodón, 150x200x14,5 cm, Gris jaspeado, Con cajón",724004,YES,NO,NO,NO,1,COMPOSITION_EXACT_WOO,,"Evidence row; correlate by combination_sku, component_sku and quantity.",,EXACT,EXACT,COMPOSITION_EXACT_WOO,COMPOSITION_EXACT_WOO,UNCHANGED_EXACT_EVIDENCE,YES,NO,HIGH,Exact 001A.0 evidence retained; no fuzzy identity.,INCLUDED_EXACT,,,,,
WOO_SKU_COMPONENT_LIST,sku_component[2],6288,3651,0502012|0724004|1002004|0619004,,0724004,1,EXACT,SKU Woo literal: 0502012|0724004|1002004|0619004,EXACT_SKU,724004,EXACT,PRIMARY_WOO,6288,3651,0502012|0724004|1002004|0619004,"Futón de algodón, 150x200x14,5 cm, Beige jaspeado, Con cajón",724004,YES,NO,NO,NO,1,COMPOSITION_EXACT_WOO,,"Evidence row; correlate by combination_sku, component_sku and quantity.",,EXACT,EXACT,COMPOSITION_EXACT_WOO,COMPOSITION_EXACT_WOO,UNCHANGED_EXACT_EVIDENCE,YES,NO,HIGH,Exact 001A.0 evidence retained; no fuzzy identity.,INCLUDED_EXACT,,,,,
WOO_SKU_COMPONENT_LIST,sku_component[2],11141,3651,0502012|0724004|1002004|0619010,,0724004,1,EXACT,SKU Woo literal: 0502012|0724004|1002004|0619010,EXACT_SKU,724004,EXACT,PRIMARY_WOO,11141,3651,0502012|0724004|1002004|0619010,"Futón de algodón, 150x200x14,5 cm, Marrón, Con cajón",724004,YES,NO,NO,NO,1,COMPOSITION_EXACT_WOO,,"Evidence row; correlate by combination_sku, component_sku and quantity.",,EXACT,EXACT,COMPOSITION_EXACT_WOO,COMPOSITION_EXACT_WOO,UNCHANGED_EXACT_EVIDENCE,YES,NO,HIGH,Exact 001A.0 evidence retained; no fuzzy identity.,INCLUDED_EXACT,,,,,
WOO_SKU_COMPONENT_LIST,sku_component[2],4292,3651,0502012|0728003,,0728003,1,EXACT,SKU Woo literal: 0502012|0728003,EXACT_SKU,728003,EXACT,PRIMARY_WOO,4292,3651,0502012|0728003,"Futón con una capa de látex, 150x200x14,5 cm, Sin funda, Sin cajón",728003,YES,NO,NO,NO,1,COMPOSITION_EXACT_WOO,,"Evidence row; correlate by combination_sku, component_sku and quantity.",,EXACT,EXACT,COMPOSITION_EXACT_WOO,COMPOSITION_EXACT_WOO,UNCHANGED_EXACT_EVIDENCE,YES,NO,HIGH,Exact 001A.0 evidence retained; no fuzzy identity.,INCLUDED_EXACT,,,,,
WOO_SKU_COMPONENT_LIST,sku_component[2],4296,3651,0502012|0728003|0608004,,0728003,1,EXACT,SKU Woo literal: 0502012|0728003|0608004,EXACT_SKU,728003,EXACT,PRIMARY_WOO,4296,3651,0502012|0728003|0608004,"Futón con una capa de látex, 150x200x14,5 cm, Crudo, Sin cajón",728003,YES,NO,NO,NO,1,COMPOSITION_EXACT_WOO,,"Evidence row; correlate by combination_sku, component_sku and quantity.",,EXACT,EXACT,COMPOSITION_EXACT_WOO,COMPOSITION_EXACT_WOO,UNCHANGED_EXACT_EVIDENCE,YES,NO,HIGH,Exact 001A.0 evidence retained; no fuzzy identity.,INCLUDED_EXACT,,,,,
WOO_SKU_COMPONENT_LIST,sku_component[2],4300,3651,0502012|0728003|0616004,,0728003,1,EXACT,SKU Woo literal: 0502012|0728003|0616004,EXACT_SKU,728003,EXACT,PRIMARY_WOO,4300,3651,0502012|0728003|0616004,"Futón con una capa de látex, 150x200x14,5 cm, Negro, Sin cajón",728003,YES,NO,NO,NO,1,COMPOSITION_EXACT_WOO,,"Evidence row; correlate by combination_sku, component_sku and quantity.",,EXACT,EXACT,COMPOSITION_EXACT_WOO,COMPOSITION_EXACT_WOO,UNCHANGED_EXACT_EVIDENCE,YES,NO,HIGH,Exact 001A.0 evidence retained; no fuzzy identity.,INCLUDED_EXACT,,,,,
WOO_SKU_COMPONENT_LIST,sku_component[2],9441,3651,0502012|0728003|0617004,,0728003,1,EXACT,SKU Woo literal: 0502012|0728003|0617004,EXACT_SKU,728003,EXACT,PRIMARY_WOO,9441,3651,0502012|0728003|0617004,"Futón con una capa de látex, 150x200x14,5 cm, Gris jaspeado, Sin cajón",728003,YES,NO,NO,NO,1,COMPOSITION_EXACT_WOO,,"Evidence row; correlate by combination_sku, component_sku and quantity.",,EXACT,EXACT,COMPOSITION_EXACT_WOO,COMPOSITION_EXACT_WOO,UNCHANGED_EXACT_EVIDENCE,YES,NO,HIGH,Exact 001A.0 evidence retained; no fuzzy identity.,INCLUDED_EXACT,,,,,
WOO_SKU_COMPONENT_LIST,sku_component[2],9442,3651,0502012|0728003|0619004,,0728003,1,EXACT,SKU Woo literal: 0502012|0728003|0619004,EXACT_SKU,728003,EXACT,PRIMARY_WOO,9442,3651,0502012|0728003|0619004,"Futón con una capa de látex, 150x200x14,5 cm, Beige jaspeado, Sin cajón",728003,YES,NO,NO,NO,1,COMPOSITION_EXACT_WOO,,"Evidence row; correlate by combination_sku, component_sku and quantity.",,EXACT,EXACT,COMPOSITION_EXACT_WOO,COMPOSITION_EXACT_WOO,UNCHANGED_EXACT_EVIDENCE,YES,NO,HIGH,Exact 001A.0 evidence retained; no fuzzy identity.,INCLUDED_EXACT,,,,,
WOO_SKU_COMPONENT_LIST,sku_component[2],11135,3651,0502012|0728003|0619010,,0728003,1,EXACT,SKU Woo literal: 0502012|0728003|0619010,EXACT_SKU,728003,EXACT,PRIMARY_WOO,11135,3651,0502012|0728003|0619010,"Futón con una capa de látex, 150x200x14,5 cm, Marrón, Sin cajón",728003,YES,NO,NO,NO,1,COMPOSITION_EXACT_WOO,,"Evidence row; correlate by combination_sku, component_sku and quantity.",,EXACT,EXACT,COMPOSITION_EXACT_WOO,COMPOSITION_EXACT_WOO,UNCHANGED_EXACT_EVIDENCE,YES,NO,HIGH,Exact 001A.0 evidence retained; no fuzzy identity.,INCLUDED_EXACT,,,,,
WOO_SKU_COMPONENT_LIST,sku_component[2],4376,3651,0502012|0728003|1002004,,0728003,1,EXACT,SKU Woo literal: 0502012|0728003|1002004,EXACT_SKU,728003,EXACT,PRIMARY_WOO,4376,3651,0502012|0728003|1002004,"Futón con una capa de látex, 150x200x14,5 cm, Sin funda, Con cajón",728003,YES,NO,NO,NO,1,COMPOSITION_EXACT_WOO,,"Evidence row; correlate by combination_sku, component_sku and quantity.",,EXACT,EXACT,COMPOSITION_EXACT_WOO,COMPOSITION_EXACT_WOO,UNCHANGED_EXACT_EVIDENCE,YES,NO,HIGH,Exact 001A.0 evidence retained; no fuzzy identity.,INCLUDED_EXACT,,,,,
WOO_SKU_COMPONENT_LIST,sku_component[2],4452,3651,0502012|0728003|1002004|0608004,,0728003,1,EXACT,SKU Woo literal: 0502012|0728003|1002004|0608004,EXACT_SKU,728003,EXACT,PRIMARY_WOO,4452,3651,0502012|0728003|1002004|0608004,"Futón con una capa de látex, 150x200x14,5 cm, Crudo, Con cajón",728003,YES,NO,NO,NO,1,COMPOSITION_EXACT_WOO,,"Evidence row; correlate by combination_sku, component_sku and quantity.",,EXACT,EXACT,COMPOSITION_EXACT_WOO,COMPOSITION_EXACT_WOO,UNCHANGED_EXACT_EVIDENCE,YES,NO,HIGH,Exact 001A.0 evidence retained; no fuzzy identity.,INCLUDED_EXACT,,,,,
WOO_SKU_COMPONENT_LIST,sku_component[2],4456,3651,0502012|0728003|1002004|0616004,,0728003,1,EXACT,SKU Woo literal: 0502012|0728003|1002004|0616004,EXACT_SKU,728003,EXACT,PRIMARY_WOO,4456,3651,0502012|0728003|1002004|0616004,"Futón con una capa de látex, 150x200x14,5 cm, Negro, Con cajón",728003,YES,NO,NO,NO,1,COMPOSITION_EXACT_WOO,,"Evidence row; correlate by combination_sku, component_sku and quantity.",,EXACT,EXACT,COMPOSITION_EXACT_WOO,COMPOSITION_EXACT_WOO,UNCHANGED_EXACT_EVIDENCE,YES,NO,HIGH,Exact 001A.0 evidence retained; no fuzzy identity.,INCLUDED_EXACT,,,,,
WOO_SKU_COMPONENT_LIST,sku_component[2],6284,3651,0502012|0728003|1002004|0617004,,0728003,1,EXACT,SKU Woo literal: 0502012|0728003|1002004|0617004,EXACT_SKU,728003,EXACT,PRIMARY_WOO,6284,3651,0502012|0728003|1002004|0617004,"Futón con una capa de látex, 150x200x14,5 cm, Gris jaspeado, Con cajón",728003,YES,NO,NO,NO,1,COMPOSITION_EXACT_WOO,,"Evidence row; correlate by combination_sku, component_sku and quantity.",,EXACT,EXACT,COMPOSITION_EXACT_WOO,COMPOSITION_EXACT_WOO,UNCHANGED_EXACT_EVIDENCE,YES,NO,HIGH,Exact 001A.0 evidence retained; no fuzzy identity.,INCLUDED_EXACT,,,,,
WOO_SKU_COMPONENT_LIST,sku_component[2],9452,3651,0502012|0728003|1002004|0619004,,0728003,1,EXACT,SKU Woo literal: 0502012|0728003|1002004|0619004,EXACT_SKU,728003,EXACT,PRIMARY_WOO,9452,3651,0502012|0728003|1002004|0619004,"Futón con una capa de látex, 150x200x14,5 cm, Beige jaspeado, Con cajón",728003,YES,NO,NO,NO,1,COMPOSITION_EXACT_WOO,,"Evidence row; correlate by combination_sku, component_sku and quantity.",,EXACT,EXACT,COMPOSITION_EXACT_WOO,COMPOSITION_EXACT_WOO,UNCHANGED_EXACT_EVIDENCE,YES,NO,HIGH,Exact 001A.0 evidence retained; no fuzzy identity.,INCLUDED_EXACT,,,,,
WOO_SKU_COMPONENT_LIST,sku_component[2],11140,3651,0502012|0728003|1002004|0619010,,0728003,1,EXACT,SKU Woo literal: 0502012|0728003|1002004|0619010,EXACT_SKU,728003,EXACT,PRIMARY_WOO,11140,3651,0502012|0728003|1002004|0619010,"Futón con una capa de látex, 150x200x14,5 cm, Marrón, Con cajón",728003,YES,NO,NO,NO,1,COMPOSITION_EXACT_WOO,,"Evidence row; correlate by combination_sku, component_sku and quantity.",,EXACT,EXACT,COMPOSITION_EXACT_WOO,COMPOSITION_EXACT_WOO,UNCHANGED_EXACT_EVIDENCE,YES,NO,HIGH,Exact 001A.0 evidence retained; no fuzzy identity.,INCLUDED_EXACT,,,,,
WOO_SKU_COMPONENT_LIST,sku_component[2],9526,3651,0502012|0730003,,0730003,1,EXACT,SKU Woo literal: 0502012|0730003,EXACT_SKU,730003,EXACT,PRIMARY_WOO,9526,3651,0502012|0730003,"Futón con dos capas de látex, 150x200x14,5 cm, Sin funda, Sin cajón",730003,YES,NO,NO,NO,1,COMPOSITION_EXACT_WOO,,"Evidence row; correlate by combination_sku, component_sku and quantity.",,EXACT,EXACT,COMPOSITION_EXACT_WOO,COMPOSITION_EXACT_WOO,UNCHANGED_EXACT_EVIDENCE,YES,NO,HIGH,Exact 001A.0 evidence retained; no fuzzy identity.,INCLUDED_EXACT,,,,,
WOO_SKU_COMPONENT_LIST,sku_component[2],4308,3651,0502012|0730003|0608004,,0730003,1,EXACT,SKU Woo literal: 0502012|0730003|0608004,EXACT_SKU,730003,EXACT,PRIMARY_WOO,4308,3651,0502012|0730003|0608004,"Futón con dos capas de látex, 150x200x14,5 cm, Crudo, Sin cajón",730003,YES,NO,NO,NO,1,COMPOSITION_EXACT_WOO,,"Evidence row; correlate by combination_sku, component_sku and quantity.",,EXACT,EXACT,COMPOSITION_EXACT_WOO,COMPOSITION_EXACT_WOO,UNCHANGED_EXACT_EVIDENCE,YES,NO,HIGH,Exact 001A.0 evidence retained; no fuzzy identity.,INCLUDED_EXACT,,,,,
WOO_SKU_COMPONENT_LIST,sku_component[2],4312,3651,0502012|0730003|0616004,,0730003,1,EXACT,SKU Woo literal: 0502012|0730003|0616004,EXACT_SKU,730003,EXACT,PRIMARY_WOO,4312,3651,0502012|0730003|0616004,"Futón con dos capas de látex, 150x200x14,5 cm, Negro, Sin cajón",730003,YES,NO,NO,NO,1,COMPOSITION_EXACT_WOO,,"Evidence row; correlate by combination_sku, component_sku and quantity.",,EXACT,EXACT,COMPOSITION_EXACT_WOO,COMPOSITION_EXACT_WOO,UNCHANGED_EXACT_EVIDENCE,YES,NO,HIGH,Exact 001A.0 evidence retained; no fuzzy identity.,INCLUDED_EXACT,,,,,
WOO_SKU_COMPONENT_LIST,sku_component[2],9447,3651,0502012|0730003|0617004,,0730003,1,EXACT,SKU Woo literal: 0502012|0730003|0617004,EXACT_SKU,730003,EXACT,PRIMARY_WOO,9447,3651,0502012|0730003|0617004,"Futón con dos capas de látex, 150x200x14,5 cm, Gris jaspeado, Sin cajón",730003,YES,NO,NO,NO,1,COMPOSITION_EXACT_WOO,,"Evidence row; correlate by combination_sku, component_sku and quantity.",,EXACT,EXACT,COMPOSITION_EXACT_WOO,COMPOSITION_EXACT_WOO,UNCHANGED_EXACT_EVIDENCE,YES,NO,HIGH,Exact 001A.0 evidence retained; no fuzzy identity.,INCLUDED_EXACT,,,,,
WOO_SKU_COMPONENT_LIST,sku_component[2],9443,3651,0502012|0730003|0619004,,0730003,1,EXACT,SKU Woo literal: 0502012|0730003|0619004,EXACT_SKU,730003,EXACT,PRIMARY_WOO,9443,3651,0502012|0730003|0619004,"Futón con dos capas de látex, 150x200x14,5 cm, Beige jaspeado, Sin cajón",730003,YES,NO,NO,NO,1,COMPOSITION_EXACT_WOO,,"Evidence row; correlate by combination_sku, component_sku and quantity.",,EXACT,EXACT,COMPOSITION_EXACT_WOO,COMPOSITION_EXACT_WOO,UNCHANGED_EXACT_EVIDENCE,YES,NO,HIGH,Exact 001A.0 evidence retained; no fuzzy identity.,INCLUDED_EXACT,,,,,
WOO_SKU_COMPONENT_LIST,sku_component[2],11136,3651,0502012|0730003|0619010,,0730003,1,EXACT,SKU Woo literal: 0502012|0730003|0619010,EXACT_SKU,730003,EXACT,PRIMARY_WOO,11136,3651,0502012|0730003|0619010,"Futón con dos capas de látex, 150x200x14,5 cm, Marrón, Sin cajón",730003,YES,NO,NO,NO,1,COMPOSITION_EXACT_WOO,,"Evidence row; correlate by combination_sku, component_sku and quantity.",,EXACT,EXACT,COMPOSITION_EXACT_WOO,COMPOSITION_EXACT_WOO,UNCHANGED_EXACT_EVIDENCE,YES,NO,HIGH,Exact 001A.0 evidence retained; no fuzzy identity.,INCLUDED_EXACT,,,,,
WOO_SKU_COMPONENT_LIST,sku_component[2],4377,3651,0502012|0730003|1002004,,0730003,1,EXACT,SKU Woo literal: 0502012|0730003|1002004,EXACT_SKU,730003,EXACT,PRIMARY_WOO,4377,3651,0502012|0730003|1002004,"Futón con dos capas de látex, 150x200x14,5 cm, Sin funda, Con cajón",730003,YES,NO,NO,NO,1,COMPOSITION_EXACT_WOO,,"Evidence row; correlate by combination_sku, component_sku and quantity.",,EXACT,EXACT,COMPOSITION_EXACT_WOO,COMPOSITION_EXACT_WOO,UNCHANGED_EXACT_EVIDENCE,YES,NO,HIGH,Exact 001A.0 evidence retained; no fuzzy identity.,INCLUDED_EXACT,,,,,
WOO_SKU_COMPONENT_LIST,sku_component[2],4382,3651,0502012|0730003|1002004|0608004,,0730003,1,EXACT,SKU Woo literal: 0502012|0730003|1002004|0608004,EXACT_SKU,730003,EXACT,PRIMARY_WOO,4382,3651,0502012|0730003|1002004|0608004,"Futón con dos capas de látex, 150x200x14,5 cm, Crudo, Con cajón",730003,YES,NO,NO,NO,1,COMPOSITION_EXACT_WOO,,"Evidence row; correlate by combination_sku, component_sku and quantity.",,EXACT,EXACT,COMPOSITION_EXACT_WOO,COMPOSITION_EXACT_WOO,UNCHANGED_EXACT_EVIDENCE,YES,NO,HIGH,Exact 001A.0 evidence retained; no fuzzy identity.,INCLUDED_EXACT,,,,,
WOO_SKU_COMPONENT_LIST,sku_component[2],4386,3651,0502012|0730003|1002004|0616004,,0730003,1,EXACT,SKU Woo literal: 0502012|0730003|1002004|0616004,EXACT_SKU,730003,EXACT,PRIMARY_WOO,4386,3651,0502012|0730003|1002004|0616004,"Futón con dos capas de látex, 150x200x14,5 cm, Negro, Con cajón",730003,YES,NO,NO,NO,1,COMPOSITION_EXACT_WOO,,"Evidence row; correlate by combination_sku, component_sku and quantity.",,EXACT,EXACT,COMPOSITION_EXACT_WOO,COMPOSITION_EXACT_WOO,UNCHANGED_EXACT_EVIDENCE,YES,NO,HIGH,Exact 001A.0 evidence retained; no fuzzy identity.,INCLUDED_EXACT,,,,,
WOO_SKU_COMPONENT_LIST,sku_component[2],6289,3651,0502012|0730003|1002004|0617004,,0730003,1,EXACT,SKU Woo literal: 0502012|0730003|1002004|0617004,EXACT_SKU,730003,EXACT,PRIMARY_WOO,6289,3651,0502012|0730003|1002004|0617004,"Futón con dos capas de látex, 150x200x14,5 cm, Gris jaspeado, Con cajón",730003,YES,NO,NO,NO,1,COMPOSITION_EXACT_WOO,,"Evidence row; correlate by combination_sku, component_sku and quantity.",,EXACT,EXACT,COMPOSITION_EXACT_WOO,COMPOSITION_EXACT_WOO,UNCHANGED_EXACT_EVIDENCE,YES,NO,HIGH,Exact 001A.0 evidence retained; no fuzzy identity.,INCLUDED_EXACT,,,,,
WOO_SKU_COMPONENT_LIST,sku_component[2],9448,3651,0502012|0730003|1002004|0619004,,0730003,1,EXACT,SKU Woo literal: 0502012|0730003|1002004|0619004,EXACT_SKU,730003,EXACT,PRIMARY_WOO,9448,3651,0502012|0730003|1002004|0619004,"Futón con dos capas de látex, 150x200x14,5 cm, Beige jaspeado, Con cajón",730003,YES,NO,NO,NO,1,COMPOSITION_EXACT_WOO,,"Evidence row; correlate by combination_sku, component_sku and quantity.",,EXACT,EXACT,COMPOSITION_EXACT_WOO,COMPOSITION_EXACT_WOO,UNCHANGED_EXACT_EVIDENCE,YES,NO,HIGH,Exact 001A.0 evidence retained; no fuzzy identity.,INCLUDED_EXACT,,,,,
WOO_SKU_COMPONENT_LIST,sku_component[2],11139,3651,0502012|0730003|1002004|0619010,,0730003,1,EXACT,SKU Woo literal: 0502012|0730003|1002004|0619010,EXACT_SKU,730003,EXACT,PRIMARY_WOO,11139,3651,0502012|0730003|1002004|0619010,"Futón con dos capas de látex, 150x200x14,5 cm, Marrón, Con cajón",730003,YES,NO,NO,NO,1,COMPOSITION_EXACT_WOO,,"Evidence row; correlate by combination_sku, component_sku and quantity.",,EXACT,EXACT,COMPOSITION_EXACT_WOO,COMPOSITION_EXACT_WOO,UNCHANGED_EXACT_EVIDENCE,YES,NO,HIGH,Exact 001A.0 evidence retained; no fuzzy identity.,INCLUDED_EXACT,,,,,
WOO_SKU_COMPONENT_LIST,sku_component[2],3753,3629,0502012|1002004,,1002004,1,EXACT,SKU Woo literal: 0502012|1002004,EXACT_SKU,1002004,EXACT,PRIMARY_WOO,3753,3629,0502012|1002004,Con cajón,1002004,YES,NO,NO,NO,1,COMPOSITION_EXACT_WOO,,"Evidence row; correlate by combination_sku, component_sku and quantity.",,EXACT,EXACT,COMPOSITION_EXACT_WOO,COMPOSITION_EXACT_WOO,UNCHANGED_EXACT_EVIDENCE,YES,NO,HIGH,Exact 001A.0 evidence retained; no fuzzy identity.,INCLUDED_EXACT,,,,,
WOO_SKU_COMPONENT_LIST,sku_component[2],4029,3648,0504009|0724001,,0724001,1,EXACT,SKU Woo literal: 0504009|0724001,EXACT_SKU,724001,EXACT,PRIMARY_WOO,4029,3648,0504009|0724001,"90x200x8 cm, 90x120x100 cm, 90x200 cm, Futón de algodón, 90x200x14,5 cm, Sin funda",724001,YES,NO,NO,NO,1,COMPOSITION_EXACT_WOO,,"Evidence row; correlate by combination_sku, component_sku and quantity.",,EXACT,EXACT,COMPOSITION_EXACT_WOO,COMPOSITION_EXACT_WOO,UNCHANGED_EXACT_EVIDENCE,YES,NO,HIGH,Exact 001A.0 evidence retained; no fuzzy identity.,INCLUDED_EXACT,,,,,
WOO_SKU_COMPONENT_LIST,sku_component[2],4034,3648,0504009|0724001|0606001,,0724001,1,EXACT,SKU Woo literal: 0504009|0724001|0606001,EXACT_SKU,724001,EXACT,PRIMARY_WOO,4034,3648,0504009|0724001|0606001,"90x200x8 cm, 90x120x100 cm, 90x200 cm, Futón de algodón, 90x200x14,5 cm, Granate",724001,YES,NO,NO,NO,1,COMPOSITION_EXACT_WOO,,"Evidence row; correlate by combination_sku, component_sku and quantity.",,EXACT,EXACT,COMPOSITION_EXACT_WOO,COMPOSITION_EXACT_WOO,UNCHANGED_EXACT_EVIDENCE,YES,NO,HIGH,Exact 001A.0 evidence retained; no fuzzy identity.,INCLUDED_EXACT,,,,,
WOO_SKU_COMPONENT_LIST,sku_component[2],4038,3648,0504009|0724001|0607001,,0724001,1,EXACT,SKU Woo literal: 0504009|0724001|0607001,EXACT_SKU,724001,EXACT,PRIMARY_WOO,4038,3648,0504009|0724001|0607001,"90x200x8 cm, 90x120x100 cm, 90x200 cm, Futón de algodón, 90x200x14,5 cm, Rojo",724001,YES,NO,NO,NO,1,COMPOSITION_EXACT_WOO,,"Evidence row; correlate by combination_sku, component_sku and quantity.",,EXACT,EXACT,COMPOSITION_EXACT_WOO,COMPOSITION_EXACT_WOO,UNCHANGED_EXACT_EVIDENCE,YES,NO,HIGH,Exact 001A.0 evidence retained; no fuzzy identity.,INCLUDED_EXACT,,,,,
WOO_SKU_COMPONENT_LIST,sku_component[2],4033,3648,0504009|0724001|0608001,,0724001,1,EXACT,SKU Woo literal: 0504009|0724001|0608001,EXACT_SKU,724001,EXACT,PRIMARY_WOO,4033,3648,0504009|0724001|0608001,"90x200x8 cm, 90x120x100 cm, 90x200 cm, Futón de algodón, 90x200x14,5 cm, Crudo",724001,YES,NO,NO,NO,1,COMPOSITION_EXACT_WOO,,"Evidence row; correlate by combination_sku, component_sku and quantity.",,EXACT,EXACT,COMPOSITION_EXACT_WOO,COMPOSITION_EXACT_WOO,UNCHANGED_EXACT_EVIDENCE,YES,NO,HIGH,Exact 001A.0 evidence retained; no fuzzy identity.,INCLUDED_EXACT,,,,,
WOO_SKU_COMPONENT_LIST,sku_component[2],4031,3648,0504009|0724001|0609001,,0724001,1,EXACT,SKU Woo literal: 0504009|0724001|0609001,EXACT_SKU,724001,EXACT,PRIMARY_WOO,4031,3648,0504009|0724001|0609001,"90x200x8 cm, 90x120x100 cm, 90x200 cm, Futón de algodón, 90x200x14,5 cm, Azul",724001,YES,NO,NO,NO,1,COMPOSITION_EXACT_WOO,,"Evidence row; correlate by combination_sku, component_sku and quantity.",,EXACT,EXACT,COMPOSITION_EXACT_WOO,COMPOSITION_EXACT_WOO,UNCHANGED_EXACT_EVIDENCE,YES,NO,HIGH,Exact 001A.0 evidence retained; no fuzzy identity.,INCLUDED_EXACT,,,,,
WOO_SKU_COMPONENT_LIST,sku_component[2],4030,3648,0504009|0724001|0615001,,0724001,1,EXACT,SKU Woo literal: 0504009|0724001|0615001,EXACT_SKU,724001,EXACT,PRIMARY_WOO,4030,3648,0504009|0724001|0615001,"90x200x8 cm, 90x120x100 cm, 90x200 cm, Futón de algodón, 90x200x14,5 cm, Amarillo",724001,YES,NO,NO,NO,1,COMPOSITION_EXACT_WOO,,"Evidence row; correlate by combination_sku, component_sku and quantity.",,EXACT,EXACT,COMPOSITION_EXACT_WOO,COMPOSITION_EXACT_WOO,UNCHANGED_EXACT_EVIDENCE,YES,NO,HIGH,Exact 001A.0 evidence retained; no fuzzy identity.,INCLUDED_EXACT,,,,,
WOO_SKU_COMPONENT_LIST,sku_component[2],4037,3648,0504009|0724001|0616001,,0724001,1,EXACT,SKU Woo literal: 0504009|0724001|0616001,EXACT_SKU,724001,EXACT,PRIMARY_WOO,4037,3648,0504009|0724001|0616001,"90x200x8 cm, 90x120x100 cm, 90x200 cm, Futón de algodón, 90x200x14,5 cm, Negro",724001,YES,NO,NO,NO,1,COMPOSITION_EXACT_WOO,,"Evidence row; correlate by combination_sku, component_sku and quantity.",,EXACT,EXACT,COMPOSITION_EXACT_WOO,COMPOSITION_EXACT_WOO,UNCHANGED_EXACT_EVIDENCE,YES,NO,HIGH,Exact 001A.0 evidence retained; no fuzzy identity.,INCLUDED_EXACT,,,,,
WOO_SKU_COMPONENT_LIST,sku_component[2],4005,3648,0504009|0728001,,0728001,1,EXACT,SKU Woo literal: 0504009|0728001,EXACT_SKU,728001,EXACT,PRIMARY_WOO,4005,3648,0504009|0728001,"90x200x8 cm, 90x120x100 cm, 90x200 cm, Futón con una capa de látex, 90x200x14,5 cm, Sin funda",728001,YES,NO,NO,NO,1,COMPOSITION_EXACT_WOO,,"Evidence row; correlate by combination_sku, component_sku and quantity.",,EXACT,EXACT,COMPOSITION_EXACT_WOO,COMPOSITION_EXACT_WOO,UNCHANGED_EXACT_EVIDENCE,YES,NO,HIGH,Exact 001A.0 evidence retained; no fuzzy identity.,INCLUDED_EXACT,,,,,
WOO_SKU_COMPONENT_LIST,sku_component[2],4010,3648,0504009|0728001|0606001,,0728001,1,EXACT,SKU Woo literal: 0504009|0728001|0606001,EXACT_SKU,728001,EXACT,PRIMARY_WOO,4010,3648,0504009|0728001|0606001,"90x200x8 cm, 90x120x100 cm, 90x200 cm, Futón con una capa de látex, 90x200x14,5 cm, Granate",728001,YES,NO,NO,NO,1,COMPOSITION_EXACT_WOO,,"Evidence row; correlate by combination_sku, component_sku and quantity.",,EXACT,EXACT,COMPOSITION_EXACT_WOO,COMPOSITION_EXACT_WOO,UNCHANGED_EXACT_EVIDENCE,YES,NO,HIGH,Exact 001A.0 evidence retained; no fuzzy identity.,INCLUDED_EXACT,,,,,
WOO_SKU_COMPONENT_LIST,sku_component[2],4014,3648,0504009|0728001|0607001,,0728001,1,EXACT,SKU Woo literal: 0504009|0728001|0607001,EXACT_SKU,728001,EXACT,PRIMARY_WOO,4014,3648,0504009|0728001|0607001,"90x200x8 cm, 90x120x100 cm, 90x200 cm, Futón con una capa de látex, 90x200x14,5 cm, Rojo",728001,YES,NO,NO,NO,1,COMPOSITION_EXACT_WOO,,"Evidence row; correlate by combination_sku, component_sku and quantity.",,EXACT,EXACT,COMPOSITION_EXACT_WOO,COMPOSITION_EXACT_WOO,UNCHANGED_EXACT_EVIDENCE,YES,NO,HIGH,Exact 001A.0 evidence retained; no fuzzy identity.,INCLUDED_EXACT,,,,,
WOO_SKU_COMPONENT_LIST,sku_component[2],4009,3648,0504009|0728001|0608001,,0728001,1,EXACT,SKU Woo literal: 0504009|0728001|0608001,EXACT_SKU,728001,EXACT,PRIMARY_WOO,4009,3648,0504009|0728001|0608001,"90x200x8 cm, 90x120x100 cm, 90x200 cm, Futón con una capa de látex, 90x200x14,5 cm, Crudo",728001,YES,NO,NO,NO,1,COMPOSITION_EXACT_WOO,,"Evidence row; correlate by combination_sku, component_sku and quantity.",,EXACT,EXACT,COMPOSITION_EXACT_WOO,COMPOSITION_EXACT_WOO,UNCHANGED_EXACT_EVIDENCE,YES,NO,HIGH,Exact 001A.0 evidence retained; no fuzzy identity.,INCLUDED_EXACT,,,,,
WOO_SKU_COMPONENT_LIST,sku_component[2],4007,3648,0504009|0728001|0609001,,0728001,1,EXACT,SKU Woo literal: 0504009|0728001|0609001,EXACT_SKU,728001,EXACT,PRIMARY_WOO,4007,3648,0504009|0728001|0609001,"90x200x8 cm, 90x120x100 cm, 90x200 cm, Futón con una capa de látex, 90x200x14,5 cm, Azul",728001,YES,NO,NO,NO,1,COMPOSITION_EXACT_WOO,,"Evidence row; correlate by combination_sku, component_sku and quantity.",,EXACT,EXACT,COMPOSITION_EXACT_WOO,COMPOSITION_EXACT_WOO,UNCHANGED_EXACT_EVIDENCE,YES,NO,HIGH,Exact 001A.0 evidence retained; no fuzzy identity.,INCLUDED_EXACT,,,,,
WOO_SKU_COMPONENT_LIST,sku_component[2],4006,3648,0504009|0728001|0615001,,0728001,1,EXACT,SKU Woo literal: 0504009|0728001|0615001,EXACT_SKU,728001,EXACT,PRIMARY_WOO,4006,3648,0504009|0728001|0615001,"90x200x8 cm, 90x120x100 cm, 90x200 cm, Futón con una capa de látex, 90x200x14,5 cm, Amarillo",728001,YES,NO,NO,NO,1,COMPOSITION_EXACT_WOO,,"Evidence row; correlate by combination_sku, component_sku and quantity.",,EXACT,EXACT,COMPOSITION_EXACT_WOO,COMPOSITION_EXACT_WOO,UNCHANGED_EXACT_EVIDENCE,YES,NO,HIGH,Exact 001A.0 evidence retained; no fuzzy identity.,INCLUDED_EXACT,,,,,
WOO_SKU_COMPONENT_LIST,sku_component[2],4013,3648,0504009|0728001|0616001,,0728001,1,EXACT,SKU Woo literal: 0504009|0728001|0616001,EXACT_SKU,728001,EXACT,PRIMARY_WOO,4013,3648,0504009|0728001|0616001,"90x200x8 cm, 90x120x100 cm, 90x200 cm, Futón con una capa de látex, 90x200x14,5 cm, Negro",728001,YES,NO,NO,NO,1,COMPOSITION_EXACT_WOO,,"Evidence row; correlate by combination_sku, component_sku and quantity.",,EXACT,EXACT,COMPOSITION_EXACT_WOO,COMPOSITION_EXACT_WOO,UNCHANGED_EXACT_EVIDENCE,YES,NO,HIGH,Exact 001A.0 evidence retained; no fuzzy identity.,INCLUDED_EXACT,,,,,
WOO_SKU_COMPONENT_LIST,sku_component[2],4017,3648,0504009|0730001,,0730001,1,EXACT,SKU Woo literal: 0504009|0730001,EXACT_SKU,730001,EXACT,PRIMARY_WOO,4017,3648,0504009|0730001,"90x200x8 cm, 90x120x100 cm, 90x200 cm, Futón con dos capas de látex, 90x200x14,5 cm, Sin funda",730001,YES,NO,NO,NO,1,COMPOSITION_EXACT_WOO,,"Evidence row; correlate by combination_sku, component_sku and quantity.",,EXACT,EXACT,COMPOSITION_EXACT_WOO,COMPOSITION_EXACT_WOO,UNCHANGED_EXACT_EVIDENCE,YES,NO,HIGH,Exact 001A.0 evidence retained; no fuzzy identity.,INCLUDED_EXACT,,,,,
WOO_SKU_COMPONENT_LIST,sku_component[2],4022,3648,0504009|0730001|0606001,,0730001,1,EXACT,SKU Woo literal: 0504009|0730001|0606001,EXACT_SKU,730001,EXACT,PRIMARY_WOO,4022,3648,0504009|0730001|0606001,"90x200x8 cm, 90x120x100 cm, 90x200 cm, Futón con dos capas de látex, 90x200x14,5 cm, Granate",730001,YES,NO,NO,NO,1,COMPOSITION_EXACT_WOO,,"Evidence row; correlate by combination_sku, component_sku and quantity.",,EXACT,EXACT,COMPOSITION_EXACT_WOO,COMPOSITION_EXACT_WOO,UNCHANGED_EXACT_EVIDENCE,YES,NO,HIGH,Exact 001A.0 evidence retained; no fuzzy identity.,INCLUDED_EXACT,,,,,
WOO_SKU_COMPONENT_LIST,sku_component[2],4026,3648,0504009|0730001|0607001,,0730001,1,EXACT,SKU Woo literal: 0504009|0730001|0607001,EXACT_SKU,730001,EXACT,PRIMARY_WOO,4026,3648,0504009|0730001|0607001,"90x200x8 cm, 90x120x100 cm, 90x200 cm, Futón con dos capas de látex, 90x200x14,5 cm, Rojo",730001,YES,NO,NO,NO,1,COMPOSITION_EXACT_WOO,,"Evidence row; correlate by combination_sku, component_sku and quantity.",,EXACT,EXACT,COMPOSITION_EXACT_WOO,COMPOSITION_EXACT_WOO,UNCHANGED_EXACT_EVIDENCE,YES,NO,HIGH,Exact 001A.0 evidence retained; no fuzzy identity.,INCLUDED_EXACT,,,,,
WOO_SKU_COMPONENT_LIST,sku_component[2],4021,3648,0504009|0730001|0608001,,0730001,1,EXACT,SKU Woo literal: 0504009|0730001|0608001,EXACT_SKU,730001,EXACT,PRIMARY_WOO,4021,3648,0504009|0730001|0608001,"90x200x8 cm, 90x120x100 cm, 90x200 cm, Futón con dos capas de látex, 90x200x14,5 cm, Crudo",730001,YES,NO,NO,NO,1,COMPOSITION_EXACT_WOO,,"Evidence row; correlate by combination_sku, component_sku and quantity.",,EXACT,EXACT,COMPOSITION_EXACT_WOO,COMPOSITION_EXACT_WOO,UNCHANGED_EXACT_EVIDENCE,YES,NO,HIGH,Exact 001A.0 evidence retained; no fuzzy identity.,INCLUDED_EXACT,,,,,
WOO_SKU_COMPONENT_LIST,sku_component[2],4019,3648,0504009|0730001|0609001,,0730001,1,EXACT,SKU Woo literal: 0504009|0730001|0609001,EXACT_SKU,730001,EXACT,PRIMARY_WOO,4019,3648,0504009|0730001|0609001,"90x200x8 cm, 90x120x100 cm, 90x200 cm, Futón con dos capas de látex, 90x200x14,5 cm, Azul",730001,YES,NO,NO,NO,1,COMPOSITION_EXACT_WOO,,"Evidence row; correlate by combination_sku, component_sku and quantity.",,EXACT,EXACT,COMPOSITION_EXACT_WOO,COMPOSITION_EXACT_WOO,UNCHANGED_EXACT_EVIDENCE,YES,NO,HIGH,Exact 001A.0 evidence retained; no fuzzy identity.,INCLUDED_EXACT,,,,,
WOO_SKU_COMPONENT_LIST,sku_component[2],4018,3648,0504009|0730001|0615001,,0730001,1,EXACT,SKU Woo literal: 0504009|0730001|0615001,EXACT_SKU,730001,EXACT,PRIMARY_WOO,4018,3648,0504009|0730001|0615001,"90x200x8 cm, 90x120x100 cm, 90x200 cm, Futón con dos capas de látex, 90x200x14,5 cm, Amarillo",730001,YES,NO,NO,NO,1,COMPOSITION_EXACT_WOO,,"Evidence row; correlate by combination_sku, component_sku and quantity.",,EXACT,EXACT,COMPOSITION_EXACT_WOO,COMPOSITION_EXACT_WOO,UNCHANGED_EXACT_EVIDENCE,YES,NO,HIGH,Exact 001A.0 evidence retained; no fuzzy identity.,INCLUDED_EXACT,,,,,
WOO_SKU_COMPONENT_LIST,sku_component[2],4025,3648,0504009|0730001|0616001,,0730001,1,EXACT,SKU Woo literal: 0504009|0730001|0616001,EXACT_SKU,730001,EXACT,PRIMARY_WOO,4025,3648,0504009|0730001|0616001,"90x200x8 cm, 90x120x100 cm, 90x200 cm, Futón con dos capas de látex, 90x200x14,5 cm, Negro",730001,YES,NO,NO,NO,1,COMPOSITION_EXACT_WOO,,"Evidence row; correlate by combination_sku, component_sku and quantity.",,EXACT,EXACT,COMPOSITION_EXACT_WOO,COMPOSITION_EXACT_WOO,UNCHANGED_EXACT_EVIDENCE,YES,NO,HIGH,Exact 001A.0 evidence retained; no fuzzy identity.,INCLUDED_EXACT,,,,,
WOO_SKU_COMPONENT_LIST,sku_component[2],4065,3648,0504010|0724003,,0724003,1,EXACT,SKU Woo literal: 0504010|0724003,EXACT_SKU,724003,EXACT,PRIMARY_WOO,4065,3648,0504010|0724003,"140x200x8 cm, 140x120x100 cm, 140x200 cm, Futón de algodón, 140x200x14,5 cm, Sin funda",724003,YES,NO,NO,NO,1,COMPOSITION_EXACT_WOO,,"Evidence row; correlate by combination_sku, component_sku and quantity.",,EXACT,EXACT,COMPOSITION_EXACT_WOO,COMPOSITION_EXACT_WOO,UNCHANGED_EXACT_EVIDENCE,YES,NO,HIGH,Exact 001A.0 evidence retained; no fuzzy identity.,INCLUDED_EXACT,,,,,
WOO_SKU_COMPONENT_LIST,sku_component[2],4069,3648,0504010|0724003|0606002,,0724003,1,EXACT,SKU Woo literal: 0504010|0724003|0606002,EXACT_SKU,724003,EXACT,PRIMARY_WOO,4069,3648,0504010|0724003|0606002,"140x200x8 cm, 140x120x100 cm, 140x200 cm, Futón de algodón, 140x200x14,5 cm, Granate",724003,YES,NO,NO,NO,1,COMPOSITION_EXACT_WOO,,"Evidence row; correlate by combination_sku, component_sku and quantity.",,EXACT,EXACT,COMPOSITION_EXACT_WOO,COMPOSITION_EXACT_WOO,UNCHANGED_EXACT_EVIDENCE,YES,NO,HIGH,Exact 001A.0 evidence retained; no fuzzy identity.,INCLUDED_EXACT,,,,,
WOO_SKU_COMPONENT_LIST,sku_component[2],4073,3648,0504010|0724003|0607002,,0724003,1,EXACT,SKU Woo literal: 0504010|0724003|0607002,EXACT_SKU,724003,EXACT,PRIMARY_WOO,4073,3648,0504010|0724003|0607002,"140x200x8 cm, 140x120x100 cm, 140x200 cm, Futón de algodón, 140x200x14,5 cm, Rojo",724003,YES,NO,NO,NO,1,COMPOSITION_EXACT_WOO,,"Evidence row; correlate by combination_sku, component_sku and quantity.",,EXACT,EXACT,COMPOSITION_EXACT_WOO,COMPOSITION_EXACT_WOO,UNCHANGED_EXACT_EVIDENCE,YES,NO,HIGH,Exact 001A.0 evidence retained; no fuzzy identity.,INCLUDED_EXACT,,,,,
WOO_SKU_COMPONENT_LIST,sku_component[2],4068,3648,0504010|0724003|0608002,,0724003,1,EXACT,SKU Woo literal: 0504010|0724003|0608002,EXACT_SKU,724003,EXACT,PRIMARY_WOO,4068,3648,0504010|0724003|0608002,"140x200x8 cm, 140x120x100 cm, 140x200 cm, Futón de algodón, 140x200x14,5 cm, Crudo",724003,YES,NO,NO,NO,1,COMPOSITION_EXACT_WOO,,"Evidence row; correlate by combination_sku, component_sku and quantity.",,EXACT,EXACT,COMPOSITION_EXACT_WOO,COMPOSITION_EXACT_WOO,UNCHANGED_EXACT_EVIDENCE,YES,NO,HIGH,Exact 001A.0 evidence retained; no fuzzy identity.,INCLUDED_EXACT,,,,,
WOO_SKU_COMPONENT_LIST,sku_component[2],4075,3648,0504010|0724003|0614002,,0724003,1,EXACT,SKU Woo literal: 0504010|0724003|0614002,EXACT_SKU,724003,EXACT,PRIMARY_WOO,4075,3648,0504010|0724003|0614002,"140x200x8 cm, 140x120x100 cm, 140x200 cm, Futón de algodón, 140x200x14,5 cm, Verde",724003,YES,NO,NO,NO,1,COMPOSITION_EXACT_WOO,,"Evidence row; correlate by combination_sku, component_sku and quantity.",,EXACT,EXACT,COMPOSITION_EXACT_WOO,COMPOSITION_EXACT_WOO,UNCHANGED_EXACT_EVIDENCE,YES,NO,HIGH,Exact 001A.0 evidence retained; no fuzzy identity.,INCLUDED_EXACT,,,,,
WOO_SKU_COMPONENT_LIST,sku_component[2],4066,3648,0504010|0724003|0615002,,0724003,1,EXACT,SKU Woo literal: 0504010|0724003|0615002,EXACT_SKU,724003,EXACT,PRIMARY_WOO,4066,3648,0504010|0724003|0615002,"140x200x8 cm, 140x120x100 cm, 140x200 cm, Futón de algodón, 140x200x14,5 cm, Amarillo",724003,YES,NO,NO,NO,1,COMPOSITION_EXACT_WOO,,"Evidence row; correlate by combination_sku, component_sku and quantity.",,EXACT,EXACT,COMPOSITION_EXACT_WOO,COMPOSITION_EXACT_WOO,UNCHANGED_EXACT_EVIDENCE,YES,NO,HIGH,Exact 001A.0 evidence retained; no fuzzy identity.,INCLUDED_EXACT,,,,,
WOO_SKU_COMPONENT_LIST,sku_component[2],4072,3648,0504010|0724003|0616002,,0724003,1,EXACT,SKU Woo literal: 0504010|0724003|0616002,EXACT_SKU,724003,EXACT,PRIMARY_WOO,4072,3648,0504010|0724003|0616002,"140x200x8 cm, 140x120x100 cm, 140x200 cm, Futón de algodón, 140x200x14,5 cm, Negro",724003,YES,NO,NO,NO,1,COMPOSITION_EXACT_WOO,,"Evidence row; correlate by combination_sku, component_sku and quantity.",,EXACT,EXACT,COMPOSITION_EXACT_WOO,COMPOSITION_EXACT_WOO,UNCHANGED_EXACT_EVIDENCE,YES,NO,HIGH,Exact 001A.0 evidence retained; no fuzzy identity.,INCLUDED_EXACT,,,,,
WOO_SKU_COMPONENT_LIST,sku_component[2],4041,3648,0504010|0728002,,0728002,1,EXACT,SKU Woo literal: 0504010|0728002,EXACT_SKU,728002,EXACT,PRIMARY_WOO,4041,3648,0504010|0728002,"140x200x8 cm, 140x120x100 cm, 140x200 cm, Futón con una capa de látex, 140x200x14,5 cm, Sin funda",728002,YES,NO,NO,NO,1,COMPOSITION_EXACT_WOO,,"Evidence row; correlate by combination_sku, component_sku and quantity.",,EXACT,EXACT,COMPOSITION_EXACT_WOO,COMPOSITION_EXACT_WOO,UNCHANGED_EXACT_EVIDENCE,YES,NO,HIGH,Exact 001A.0 evidence retained; no fuzzy identity.,INCLUDED_EXACT,,,,,
WOO_SKU_COMPONENT_LIST,sku_component[2],4046,3648,0504010|0728002|0606002,,0728002,1,EXACT,SKU Woo literal: 0504010|0728002|0606002,EXACT_SKU,728002,EXACT,PRIMARY_WOO,4046,3648,0504010|0728002|0606002,"140x200x8 cm, 140x120x100 cm, 140x200 cm, Futón con una capa de látex, 140x200x14,5 cm, Granate",728002,YES,NO,NO,NO,1,COMPOSITION_EXACT_WOO,,"Evidence row; correlate by combination_sku, component_sku and quantity.",,EXACT,EXACT,COMPOSITION_EXACT_WOO,COMPOSITION_EXACT_WOO,UNCHANGED_EXACT_EVIDENCE,YES,NO,HIGH,Exact 001A.0 evidence retained; no fuzzy identity.,INCLUDED_EXACT,,,,,
WOO_SKU_COMPONENT_LIST,sku_component[2],4050,3648,0504010|0728002|0607002,,0728002,1,EXACT,SKU Woo literal: 0504010|0728002|0607002,EXACT_SKU,728002,EXACT,PRIMARY_WOO,4050,3648,0504010|0728002|0607002,"140x200x8 cm, 140x120x100 cm, 140x200 cm, Futón con una capa de látex, 140x200x14,5 cm, Rojo",728002,YES,NO,NO,NO,1,COMPOSITION_EXACT_WOO,,"Evidence row; correlate by combination_sku, component_sku and quantity.",,EXACT,EXACT,COMPOSITION_EXACT_WOO,COMPOSITION_EXACT_WOO,UNCHANGED_EXACT_EVIDENCE,YES,NO,HIGH,Exact 001A.0 evidence retained; no fuzzy identity.,INCLUDED_EXACT,,,,,
WOO_SKU_COMPONENT_LIST,sku_component[2],4045,3648,0504010|0728002|0608002,,0728002,1,EXACT,SKU Woo literal: 0504010|0728002|0608002,EXACT_SKU,728002,EXACT,PRIMARY_WOO,4045,3648,0504010|0728002|0608002,"140x200x8 cm, 140x120x100 cm, 140x200 cm, Futón con una capa de látex, 140x200x14,5 cm, Crudo",728002,YES,NO,NO,NO,1,COMPOSITION_EXACT_WOO,,"Evidence row; correlate by combination_sku, component_sku and quantity.",,EXACT,EXACT,COMPOSITION_EXACT_WOO,COMPOSITION_EXACT_WOO,UNCHANGED_EXACT_EVIDENCE,YES,NO,HIGH,Exact 001A.0 evidence retained; no fuzzy identity.,INCLUDED_EXACT,,,,,
WOO_SKU_COMPONENT_LIST,sku_component[2],4043,3648,0504010|0728002|0609002,,0728002,1,EXACT,SKU Woo literal: 0504010|0728002|0609002,EXACT_SKU,728002,EXACT,PRIMARY_WOO,4043,3648,0504010|0728002|0609002,"140x200x8 cm, 140x120x100 cm, 140x200 cm, Futón con una capa de látex, 140x200x14,5 cm, Azul",728002,YES,NO,NO,NO,1,COMPOSITION_EXACT_WOO,,"Evidence row; correlate by combination_sku, component_sku and quantity.",,EXACT,EXACT,COMPOSITION_EXACT_WOO,COMPOSITION_EXACT_WOO,UNCHANGED_EXACT_EVIDENCE,YES,NO,HIGH,Exact 001A.0 evidence retained; no fuzzy identity.,INCLUDED_EXACT,,,,,
WOO_SKU_COMPONENT_LIST,sku_component[2],4052,3648,0504010|0728002|0614002,,0728002,1,EXACT,SKU Woo literal: 0504010|0728002|0614002,EXACT_SKU,728002,EXACT,PRIMARY_WOO,4052,3648,0504010|0728002|0614002,"140x200x8 cm, 140x120x100 cm, 140x200 cm, Futón con una capa de látex, 140x200x14,5 cm, Verde",728002,YES,NO,NO,NO,1,COMPOSITION_EXACT_WOO,,"Evidence row; correlate by combination_sku, component_sku and quantity.",,EXACT,EXACT,COMPOSITION_EXACT_WOO,COMPOSITION_EXACT_WOO,UNCHANGED_EXACT_EVIDENCE,YES,NO,HIGH,Exact 001A.0 evidence retained; no fuzzy identity.,INCLUDED_EXACT,,,,,
WOO_SKU_COMPONENT_LIST,sku_component[2],4042,3648,0504010|0728002|0615002,,0728002,1,EXACT,SKU Woo literal: 0504010|0728002|0615002,EXACT_SKU,728002,EXACT,PRIMARY_WOO,4042,3648,0504010|0728002|0615002,"140x200x8 cm, 140x120x100 cm, 140x200 cm, Futón con una capa de látex, 140x200x14,5 cm, Amarillo",728002,YES,NO,NO,NO,1,COMPOSITION_EXACT_WOO,,"Evidence row; correlate by combination_sku, component_sku and quantity.",,EXACT,EXACT,COMPOSITION_EXACT_WOO,COMPOSITION_EXACT_WOO,UNCHANGED_EXACT_EVIDENCE,YES,NO,HIGH,Exact 001A.0 evidence retained; no fuzzy identity.,INCLUDED_EXACT,,,,,
WOO_SKU_COMPONENT_LIST,sku_component[2],4049,3648,0504010|0728002|0616002,,0728002,1,EXACT,SKU Woo literal: 0504010|0728002|0616002,EXACT_SKU,728002,EXACT,PRIMARY_WOO,4049,3648,0504010|0728002|0616002,"140x200x8 cm, 140x120x100 cm, 140x200 cm, Futón con una capa de látex, 140x200x14,5 cm, Negro",728002,YES,NO,NO,NO,1,COMPOSITION_EXACT_WOO,,"Evidence row; correlate by combination_sku, component_sku and quantity.",,EXACT,EXACT,COMPOSITION_EXACT_WOO,COMPOSITION_EXACT_WOO,UNCHANGED_EXACT_EVIDENCE,YES,NO,HIGH,Exact 001A.0 evidence retained; no fuzzy identity.,INCLUDED_EXACT,,,,,
WOO_SKU_COMPONENT_LIST,sku_component[2],4053,3648,0504010|0730002,,0730002,1,EXACT,SKU Woo literal: 0504010|0730002,EXACT_SKU,730002,EXACT,PRIMARY_WOO,4053,3648,0504010|0730002,"140x200x8 cm, 140x120x100 cm, 140x200 cm, Futón con dos capas de látex, 140x200x14,5 cm, Sin funda",730002,YES,NO,NO,NO,1,COMPOSITION_EXACT_WOO,,"Evidence row; correlate by combination_sku, component_sku and quantity.",,EXACT,EXACT,COMPOSITION_EXACT_WOO,COMPOSITION_EXACT_WOO,UNCHANGED_EXACT_EVIDENCE,YES,NO,HIGH,Exact 001A.0 evidence retained; no fuzzy identity.,INCLUDED_EXACT,,,,,
WOO_SKU_COMPONENT_LIST,sku_component[2],4058,3648,0504010|0730002|0606002,,0730002,1,EXACT,SKU Woo literal: 0504010|0730002|0606002,EXACT_SKU,730002,EXACT,PRIMARY_WOO,4058,3648,0504010|0730002|0606002,"140x200x8 cm, 140x120x100 cm, 140x200 cm, Futón con dos capas de látex, 140x200x14,5 cm, Granate",730002,YES,NO,NO,NO,1,COMPOSITION_EXACT_WOO,,"Evidence row; correlate by combination_sku, component_sku and quantity.",,EXACT,EXACT,COMPOSITION_EXACT_WOO,COMPOSITION_EXACT_WOO,UNCHANGED_EXACT_EVIDENCE,YES,NO,HIGH,Exact 001A.0 evidence retained; no fuzzy identity.,INCLUDED_EXACT,,,,,
WOO_SKU_COMPONENT_LIST,sku_component[2],4062,3648,0504010|0730002|0607002,,0730002,1,EXACT,SKU Woo literal: 0504010|0730002|0607002,EXACT_SKU,730002,EXACT,PRIMARY_WOO,4062,3648,0504010|0730002|0607002,"140x200x8 cm, 140x120x100 cm, 140x200 cm, Futón con dos capas de látex, 140x200x14,5 cm, Rojo",730002,YES,NO,NO,NO,1,COMPOSITION_EXACT_WOO,,"Evidence row; correlate by combination_sku, component_sku and quantity.",,EXACT,EXACT,COMPOSITION_EXACT_WOO,COMPOSITION_EXACT_WOO,UNCHANGED_EXACT_EVIDENCE,YES,NO,HIGH,Exact 001A.0 evidence retained; no fuzzy identity.,INCLUDED_EXACT,,,,,
WOO_SKU_COMPONENT_LIST,sku_component[2],4057,3648,0504010|0730002|0608002,,0730002,1,EXACT,SKU Woo literal: 0504010|0730002|0608002,EXACT_SKU,730002,EXACT,PRIMARY_WOO,4057,3648,0504010|0730002|0608002,"140x200x8 cm, 140x120x100 cm, 140x200 cm, Futón con dos capas de látex, 140x200x14,5 cm, Crudo",730002,YES,NO,NO,NO,1,COMPOSITION_EXACT_WOO,,"Evidence row; correlate by combination_sku, component_sku and quantity.",,EXACT,EXACT,COMPOSITION_EXACT_WOO,COMPOSITION_EXACT_WOO,UNCHANGED_EXACT_EVIDENCE,YES,NO,HIGH,Exact 001A.0 evidence retained; no fuzzy identity.,INCLUDED_EXACT,,,,,
WOO_SKU_COMPONENT_LIST,sku_component[2],4055,3648,0504010|0730002|0609002,,0730002,1,EXACT,SKU Woo literal: 0504010|0730002|0609002,EXACT_SKU,730002,EXACT,PRIMARY_WOO,4055,3648,0504010|0730002|0609002,"140x200x8 cm, 140x120x100 cm, 140x200 cm, Futón con dos capas de látex, 140x200x14,5 cm, Azul",730002,YES,NO,NO,NO,1,COMPOSITION_EXACT_WOO,,"Evidence row; correlate by combination_sku, component_sku and quantity.",,EXACT,EXACT,COMPOSITION_EXACT_WOO,COMPOSITION_EXACT_WOO,UNCHANGED_EXACT_EVIDENCE,YES,NO,HIGH,Exact 001A.0 evidence retained; no fuzzy identity.,INCLUDED_EXACT,,,,,
WOO_SKU_COMPONENT_LIST,sku_component[2],4064,3648,0504010|0730002|0614002,,0730002,1,EXACT,SKU Woo literal: 0504010|0730002|0614002,EXACT_SKU,730002,EXACT,PRIMARY_WOO,4064,3648,0504010|0730002|0614002,"140x200x8 cm, 140x120x100 cm, 140x200 cm, Futón con dos capas de látex, 140x200x14,5 cm, Verde",730002,YES,NO,NO,NO,1,COMPOSITION_EXACT_WOO,,"Evidence row; correlate by combination_sku, component_sku and quantity.",,EXACT,EXACT,COMPOSITION_EXACT_WOO,COMPOSITION_EXACT_WOO,UNCHANGED_EXACT_EVIDENCE,YES,NO,HIGH,Exact 001A.0 evidence retained; no fuzzy identity.,INCLUDED_EXACT,,,,,
WOO_SKU_COMPONENT_LIST,sku_component[2],4054,3648,0504010|0730002|0615002,,0730002,1,EXACT,SKU Woo literal: 0504010|0730002|0615002,EXACT_SKU,730002,EXACT,PRIMARY_WOO,4054,3648,0504010|0730002|0615002,"140x200x8 cm, 140x120x100 cm, 140x200 cm, Futón con dos capas de látex, 140x200x14,5 cm, Amarillo",730002,YES,NO,NO,NO,1,COMPOSITION_EXACT_WOO,,"Evidence row; correlate by combination_sku, component_sku and quantity.",,EXACT,EXACT,COMPOSITION_EXACT_WOO,COMPOSITION_EXACT_WOO,UNCHANGED_EXACT_EVIDENCE,YES,NO,HIGH,Exact 001A.0 evidence retained; no fuzzy identity.,INCLUDED_EXACT,,,,,
WOO_SKU_COMPONENT_LIST,sku_component[2],4061,3648,0504010|0730002|0616002,,0730002,1,EXACT,SKU Woo literal: 0504010|0730002|0616002,EXACT_SKU,730002,EXACT,PRIMARY_WOO,4061,3648,0504010|0730002|0616002,"140x200x8 cm, 140x120x100 cm, 140x200 cm, Futón con dos capas de látex, 140x200x14,5 cm, Negro",730002,YES,NO,NO,NO,1,COMPOSITION_EXACT_WOO,,"Evidence row; correlate by combination_sku, component_sku and quantity.",,EXACT,EXACT,COMPOSITION_EXACT_WOO,COMPOSITION_EXACT_WOO,UNCHANGED_EXACT_EVIDENCE,YES,NO,HIGH,Exact 001A.0 evidence retained; no fuzzy identity.,INCLUDED_EXACT,,,,,
WOO_SKU_COMPONENT_LIST,sku_component[2],4076,3648,0504010|1253003,,1253003,1,EXACT,SKU Woo literal: 0504010|1253003,EXACT_SKU,1253003,EXACT,PRIMARY_WOO,4076,3648,0504010|1253003,"140x200x8 cm, 140x120x100 cm, 140x200 cm, Futón de algodón de colores de dos plazas, 140x200x14,5 cm, Gris oscuro, Sin funda",1253003,YES,NO,NO,NO,1,COMPOSITION_EXACT_WOO,,"Evidence row; correlate by combination_sku, component_sku and quantity.",,EXACT,EXACT,COMPOSITION_EXACT_WOO,COMPOSITION_EXACT_WOO,UNCHANGED_EXACT_EVIDENCE,YES,NO,HIGH,Exact 001A.0 evidence retained; no fuzzy identity.,INCLUDED_EXACT,,,,,
WOO_SKU_COMPONENT_LIST,sku_component[2],4081,3648,0504010|1253003|0606002,,1253003,1,EXACT,SKU Woo literal: 0504010|1253003|0606002,EXACT_SKU,1253003,EXACT,PRIMARY_WOO,4081,3648,0504010|1253003|0606002,"140x200x8 cm, 140x120x100 cm, 140x200 cm, Futón de algodón de colores de dos plazas, 140x200x14,5 cm, Gris oscuro, Granate",1253003,YES,NO,NO,NO,1,COMPOSITION_EXACT_WOO,,"Evidence row; correlate by combination_sku, component_sku and quantity.",,EXACT,EXACT,COMPOSITION_EXACT_WOO,COMPOSITION_EXACT_WOO,UNCHANGED_EXACT_EVIDENCE,YES,NO,HIGH,Exact 001A.0 evidence retained; no fuzzy identity.,INCLUDED_EXACT,,,,,
WOO_SKU_COMPONENT_LIST,sku_component[2],4085,3648,0504010|1253003|0607002,,1253003,1,EXACT,SKU Woo literal: 0504010|1253003|0607002,EXACT_SKU,1253003,EXACT,PRIMARY_WOO,4085,3648,0504010|1253003|0607002,"140x200x8 cm, 140x120x100 cm, 140x200 cm, Futón de algodón de colores de dos plazas, 140x200x14,5 cm, Gris oscuro, Rojo",1253003,YES,NO,NO,NO,1,COMPOSITION_EXACT_WOO,,"Evidence row; correlate by combination_sku, component_sku and quantity.",,EXACT,EXACT,COMPOSITION_EXACT_WOO,COMPOSITION_EXACT_WOO,UNCHANGED_EXACT_EVIDENCE,YES,NO,HIGH,Exact 001A.0 evidence retained; no fuzzy identity.,INCLUDED_EXACT,,,,,
WOO_SKU_COMPONENT_LIST,sku_component[2],4080,3648,0504010|1253003|0608002,,1253003,1,EXACT,SKU Woo literal: 0504010|1253003|0608002,EXACT_SKU,1253003,EXACT,PRIMARY_WOO,4080,3648,0504010|1253003|0608002,"140x200x8 cm, 140x120x100 cm, 140x200 cm, Futón de algodón de colores de dos plazas, 140x200x14,5 cm, Gris oscuro, Crudo",1253003,YES,NO,NO,NO,1,COMPOSITION_EXACT_WOO,,"Evidence row; correlate by combination_sku, component_sku and quantity.",,EXACT,EXACT,COMPOSITION_EXACT_WOO,COMPOSITION_EXACT_WOO,UNCHANGED_EXACT_EVIDENCE,YES,NO,HIGH,Exact 001A.0 evidence retained; no fuzzy identity.,INCLUDED_EXACT,,,,,
WOO_SKU_COMPONENT_LIST,sku_component[2],4078,3648,0504010|1253003|0609002,,1253003,1,EXACT,SKU Woo literal: 0504010|1253003|0609002,EXACT_SKU,1253003,EXACT,PRIMARY_WOO,4078,3648,0504010|1253003|0609002,"140x200x8 cm, 140x120x100 cm, 140x200 cm, Futón de algodón de colores de dos plazas, 140x200x14,5 cm, Gris oscuro, Azul",1253003,YES,NO,NO,NO,1,COMPOSITION_EXACT_WOO,,"Evidence row; correlate by combination_sku, component_sku and quantity.",,EXACT,EXACT,COMPOSITION_EXACT_WOO,COMPOSITION_EXACT_WOO,UNCHANGED_EXACT_EVIDENCE,YES,NO,HIGH,Exact 001A.0 evidence retained; no fuzzy identity.,INCLUDED_EXACT,,,,,
WOO_SKU_COMPONENT_LIST,sku_component[2],4087,3648,0504010|1253003|0614002,,1253003,1,EXACT,SKU Woo literal: 0504010|1253003|0614002,EXACT_SKU,1253003,EXACT,PRIMARY_WOO,4087,3648,0504010|1253003|0614002,"140x200x8 cm, 140x120x100 cm, 140x200 cm, Futón de algodón de colores de dos plazas, 140x200x14,5 cm, Gris oscuro, Verde",1253003,YES,NO,NO,NO,1,COMPOSITION_EXACT_WOO,,"Evidence row; correlate by combination_sku, component_sku and quantity.",,EXACT,EXACT,COMPOSITION_EXACT_WOO,COMPOSITION_EXACT_WOO,UNCHANGED_EXACT_EVIDENCE,YES,NO,HIGH,Exact 001A.0 evidence retained; no fuzzy identity.,INCLUDED_EXACT,,,,,
WOO_SKU_COMPONENT_LIST,sku_component[2],4077,3648,0504010|1253003|0615002,,1253003,1,EXACT,SKU Woo literal: 0504010|1253003|0615002,EXACT_SKU,1253003,EXACT,PRIMARY_WOO,4077,3648,0504010|1253003|0615002,"140x200x8 cm, 140x120x100 cm, 140x200 cm, Futón de algodón de colores de dos plazas, 140x200x14,5 cm, Gris oscuro, Amarillo",1253003,YES,NO,NO,NO,1,COMPOSITION_EXACT_WOO,,"Evidence row; correlate by combination_sku, component_sku and quantity.",,EXACT,EXACT,COMPOSITION_EXACT_WOO,COMPOSITION_EXACT_WOO,UNCHANGED_EXACT_EVIDENCE,YES,NO,HIGH,Exact 001A.0 evidence retained; no fuzzy identity.,INCLUDED_EXACT,,,,,
WOO_SKU_COMPONENT_LIST,sku_component[2],4084,3648,0504010|1253003|0616002,,1253003,1,EXACT,SKU Woo literal: 0504010|1253003|0616002,EXACT_SKU,1253003,EXACT,PRIMARY_WOO,4084,3648,0504010|1253003|0616002,"140x200x8 cm, 140x120x100 cm, 140x200 cm, Futón de algodón de colores de dos plazas, 140x200x14,5 cm, Gris oscuro, Negro",1253003,YES,NO,NO,NO,1,COMPOSITION_EXACT_WOO,,"Evidence row; correlate by combination_sku, component_sku and quantity.",,EXACT,EXACT,COMPOSITION_EXACT_WOO,COMPOSITION_EXACT_WOO,UNCHANGED_EXACT_EVIDENCE,YES,NO,HIGH,Exact 001A.0 evidence retained; no fuzzy identity.,INCLUDED_EXACT,,,,,
WOO_SKU_COMPONENT_LIST,sku_component[2],4100,3648,0504010|1254005,,1254005,1,EXACT,SKU Woo literal: 0504010|1254005,EXACT_SKU,1254005,EXACT,PRIMARY_WOO,4100,3648,0504010|1254005,"140x200x8 cm, 140x120x100 cm, 140x200 cm, Futón de algodón de colores de dos plazas, 140x200x14,5 cm, Rojo, Sin funda",1254005,YES,NO,NO,NO,1,COMPOSITION_EXACT_WOO,,"Evidence row; correlate by combination_sku, component_sku and quantity.",,EXACT,EXACT,COMPOSITION_EXACT_WOO,COMPOSITION_EXACT_WOO,UNCHANGED_EXACT_EVIDENCE,YES,NO,HIGH,Exact 001A.0 evidence retained; no fuzzy identity.,INCLUDED_EXACT,,,,,
WOO_SKU_COMPONENT_LIST,sku_component[2],4105,3648,0504010|1254005|0606002,,1254005,1,EXACT,SKU Woo literal: 0504010|1254005|0606002,EXACT_SKU,1254005,EXACT,PRIMARY_WOO,4105,3648,0504010|1254005|0606002,"140x200x8 cm, 140x120x100 cm, 140x200 cm, Futón de algodón de colores de dos plazas, 140x200x14,5 cm, Rojo, Granate",1254005,YES,NO,NO,NO,1,COMPOSITION_EXACT_WOO,,"Evidence row; correlate by combination_sku, component_sku and quantity.",,EXACT,EXACT,COMPOSITION_EXACT_WOO,COMPOSITION_EXACT_WOO,UNCHANGED_EXACT_EVIDENCE,YES,NO,HIGH,Exact 001A.0 evidence retained; no fuzzy identity.,INCLUDED_EXACT,,,,,
WOO_SKU_COMPONENT_LIST,sku_component[2],4109,3648,0504010|1254005|0607002,,1254005,1,EXACT,SKU Woo literal: 0504010|1254005|0607002,EXACT_SKU,1254005,EXACT,PRIMARY_WOO,4109,3648,0504010|1254005|0607002,"140x200x8 cm, 140x120x100 cm, 140x200 cm, Futón de algodón de colores de dos plazas, 140x200x14,5 cm, Rojo, Rojo",1254005,YES,NO,NO,NO,1,COMPOSITION_EXACT_WOO,,"Evidence row; correlate by combination_sku, component_sku and quantity.",,EXACT,EXACT,COMPOSITION_EXACT_WOO,COMPOSITION_EXACT_WOO,UNCHANGED_EXACT_EVIDENCE,YES,NO,HIGH,Exact 001A.0 evidence retained; no fuzzy identity.,INCLUDED_EXACT,,,,,
WOO_SKU_COMPONENT_LIST,sku_component[2],4104,3648,0504010|1254005|0608002,,1254005,1,EXACT,SKU Woo literal: 0504010|1254005|0608002,EXACT_SKU,1254005,EXACT,PRIMARY_WOO,4104,3648,0504010|1254005|0608002,"140x200x8 cm, 140x120x100 cm, 140x200 cm, Futón de algodón de colores de dos plazas, 140x200x14,5 cm, Rojo, Crudo",1254005,YES,NO,NO,NO,1,COMPOSITION_EXACT_WOO,,"Evidence row; correlate by combination_sku, component_sku and quantity.",,EXACT,EXACT,COMPOSITION_EXACT_WOO,COMPOSITION_EXACT_WOO,UNCHANGED_EXACT_EVIDENCE,YES,NO,HIGH,Exact 001A.0 evidence retained; no fuzzy identity.,INCLUDED_EXACT,,,,,
WOO_SKU_COMPONENT_LIST,sku_component[2],4102,3648,0504010|1254005|0609002,,1254005,1,EXACT,SKU Woo literal: 0504010|1254005|0609002,EXACT_SKU,1254005,EXACT,PRIMARY_WOO,4102,3648,0504010|1254005|0609002,"140x200x8 cm, 140x120x100 cm, 140x200 cm, Futón de algodón de colores de dos plazas, 140x200x14,5 cm, Rojo, Azul",1254005,YES,NO,NO,NO,1,COMPOSITION_EXACT_WOO,,"Evidence row; correlate by combination_sku, component_sku and quantity.",,EXACT,EXACT,COMPOSITION_EXACT_WOO,COMPOSITION_EXACT_WOO,UNCHANGED_EXACT_EVIDENCE,YES,NO,HIGH,Exact 001A.0 evidence retained; no fuzzy identity.,INCLUDED_EXACT,,,,,
WOO_SKU_COMPONENT_LIST,sku_component[2],4111,3648,0504010|1254005|0614002,,1254005,1,EXACT,SKU Woo literal: 0504010|1254005|0614002,EXACT_SKU,1254005,EXACT,PRIMARY_WOO,4111,3648,0504010|1254005|0614002,"140x200x8 cm, 140x120x100 cm, 140x200 cm, Futón de algodón de colores de dos plazas, 140x200x14,5 cm, Rojo, Verde",1254005,YES,NO,NO,NO,1,COMPOSITION_EXACT_WOO,,"Evidence row; correlate by combination_sku, component_sku and quantity.",,EXACT,EXACT,COMPOSITION_EXACT_WOO,COMPOSITION_EXACT_WOO,UNCHANGED_EXACT_EVIDENCE,YES,NO,HIGH,Exact 001A.0 evidence retained; no fuzzy identity.,INCLUDED_EXACT,,,,,
WOO_SKU_COMPONENT_LIST,sku_component[2],4101,3648,0504010|1254005|0615002,,1254005,1,EXACT,SKU Woo literal: 0504010|1254005|0615002,EXACT_SKU,1254005,EXACT,PRIMARY_WOO,4101,3648,0504010|1254005|0615002,"140x200x8 cm, 140x120x100 cm, 140x200 cm, Futón de algodón de colores de dos plazas, 140x200x14,5 cm, Rojo, Amarillo",1254005,YES,NO,NO,NO,1,COMPOSITION_EXACT_WOO,,"Evidence row; correlate by combination_sku, component_sku and quantity.",,EXACT,EXACT,COMPOSITION_EXACT_WOO,COMPOSITION_EXACT_WOO,UNCHANGED_EXACT_EVIDENCE,YES,NO,HIGH,Exact 001A.0 evidence retained; no fuzzy identity.,INCLUDED_EXACT,,,,,
WOO_SKU_COMPONENT_LIST,sku_component[2],4108,3648,0504010|1254005|0616002,,1254005,1,EXACT,SKU Woo literal: 0504010|1254005|0616002,EXACT_SKU,1254005,EXACT,PRIMARY_WOO,4108,3648,0504010|1254005|0616002,"140x200x8 cm, 140x120x100 cm, 140x200 cm, Futón de algodón de colores de dos plazas, 140x200x14,5 cm, Rojo, Negro",1254005,YES,NO,NO,NO,1,COMPOSITION_EXACT_WOO,,"Evidence row; correlate by combination_sku, component_sku and quantity.",,EXACT,EXACT,COMPOSITION_EXACT_WOO,COMPOSITION_EXACT_WOO,UNCHANGED_EXACT_EVIDENCE,YES,NO,HIGH,Exact 001A.0 evidence retained; no fuzzy identity.,INCLUDED_EXACT,,,,,
WOO_SKU_COMPONENT_LIST,sku_component[2],4484,3652,0504011|0724003,,0724003,1,EXACT,SKU Woo literal: 0504011|0724003,EXACT_SKU,724003,EXACT,PRIMARY_WOO,4484,3652,0504011|0724003,"Futón de algodón, 140x200x14,5 cm, Sin funda",724003,YES,NO,NO,NO,1,COMPOSITION_EXACT_WOO,,"Evidence row; correlate by combination_sku, component_sku and quantity.",,EXACT,EXACT,COMPOSITION_EXACT_WOO,COMPOSITION_EXACT_WOO,UNCHANGED_EXACT_EVIDENCE,YES,NO,HIGH,Exact 001A.0 evidence retained; no fuzzy identity.,INCLUDED_EXACT,,,,,
WOO_SKU_COMPONENT_LIST,sku_component[2],4488,3652,0504011|0724003|0608002,,0724003,1,EXACT,SKU Woo literal: 0504011|0724003|0608002,EXACT_SKU,724003,EXACT,PRIMARY_WOO,4488,3652,0504011|0724003|0608002,"Futón de algodón, 140x200x14,5 cm, Crudo",724003,YES,NO,NO,NO,1,COMPOSITION_EXACT_WOO,,"Evidence row; correlate by combination_sku, component_sku and quantity.",,EXACT,EXACT,COMPOSITION_EXACT_WOO,COMPOSITION_EXACT_WOO,UNCHANGED_EXACT_EVIDENCE,YES,NO,HIGH,Exact 001A.0 evidence retained; no fuzzy identity.,INCLUDED_EXACT,,,,,
WOO_SKU_COMPONENT_LIST,sku_component[2],4492,3652,0504011|0724003|0616002,,0724003,1,EXACT,SKU Woo literal: 0504011|0724003|0616002,EXACT_SKU,724003,EXACT,PRIMARY_WOO,4492,3652,0504011|0724003|0616002,"Futón de algodón, 140x200x14,5 cm, Negro",724003,YES,NO,NO,NO,1,COMPOSITION_EXACT_WOO,,"Evidence row; correlate by combination_sku, component_sku and quantity.",,EXACT,EXACT,COMPOSITION_EXACT_WOO,COMPOSITION_EXACT_WOO,UNCHANGED_EXACT_EVIDENCE,YES,NO,HIGH,Exact 001A.0 evidence retained; no fuzzy identity.,INCLUDED_EXACT,,,,,
WOO_SKU_COMPONENT_LIST,sku_component[2],6093,3652,0504011|0724003|0617002,,0724003,1,EXACT,SKU Woo literal: 0504011|0724003|0617002,EXACT_SKU,724003,EXACT,PRIMARY_WOO,6093,3652,0504011|0724003|0617002,"Futón de algodón, 140x200x14,5 cm, Gris jaspeado",724003,YES,NO,NO,NO,1,COMPOSITION_EXACT_WOO,,"Evidence row; correlate by combination_sku, component_sku and quantity.",,EXACT,EXACT,COMPOSITION_EXACT_WOO,COMPOSITION_EXACT_WOO,UNCHANGED_EXACT_EVIDENCE,YES,NO,HIGH,Exact 001A.0 evidence retained; no fuzzy identity.,INCLUDED_EXACT,,,,,
WOO_SKU_COMPONENT_LIST,sku_component[2],6094,3652,0504011|0724003|0619002,,0724003,1,EXACT,SKU Woo literal: 0504011|0724003|0619002,EXACT_SKU,724003,EXACT,PRIMARY_WOO,6094,3652,0504011|0724003|0619002,"Futón de algodón, 140x200x14,5 cm, Beige jaspeado",724003,YES,NO,NO,NO,1,COMPOSITION_EXACT_WOO,,"Evidence row; correlate by combination_sku, component_sku and quantity.",,EXACT,EXACT,COMPOSITION_EXACT_WOO,COMPOSITION_EXACT_WOO,UNCHANGED_EXACT_EVIDENCE,YES,NO,HIGH,Exact 001A.0 evidence retained; no fuzzy identity.,INCLUDED_EXACT,,,,,
WOO_SKU_COMPONENT_LIST,sku_component[2],11127,3652,0504011|0724003|0619009,,0724003,1,EXACT,SKU Woo literal: 0504011|0724003|0619009,EXACT_SKU,724003,EXACT,PRIMARY_WOO,11127,3652,0504011|0724003|0619009,"Futón de algodón, 140x200x14,5 cm, Marrón",724003,YES,NO,NO,NO,1,COMPOSITION_EXACT_WOO,,"Evidence row; correlate by combination_sku, component_sku and quantity.",,EXACT,EXACT,COMPOSITION_EXACT_WOO,COMPOSITION_EXACT_WOO,UNCHANGED_EXACT_EVIDENCE,YES,NO,HIGH,Exact 001A.0 evidence retained; no fuzzy identity.,INCLUDED_EXACT,,,,,
WOO_SKU_COMPONENT_LIST,sku_component[2],4460,3652,0504011|0728002,,0728002,1,EXACT,SKU Woo literal: 0504011|0728002,EXACT_SKU,728002,EXACT,PRIMARY_WOO,4460,3652,0504011|0728002,"Futón con una capa de látex, 140x200x14,5 cm, Sin funda",728002,YES,NO,NO,NO,1,COMPOSITION_EXACT_WOO,,"Evidence row; correlate by combination_sku, component_sku and quantity.",,EXACT,EXACT,COMPOSITION_EXACT_WOO,COMPOSITION_EXACT_WOO,UNCHANGED_EXACT_EVIDENCE,YES,NO,HIGH,Exact 001A.0 evidence retained; no fuzzy identity.,INCLUDED_EXACT,,,,,
WOO_SKU_COMPONENT_LIST,sku_component[2],4464,3652,0504011|0728002|0608002,,0728002,1,EXACT,SKU Woo literal: 0504011|0728002|0608002,EXACT_SKU,728002,EXACT,PRIMARY_WOO,4464,3652,0504011|0728002|0608002,"Futón con una capa de látex, 140x200x14,5 cm, Crudo",728002,YES,NO,NO,NO,1,COMPOSITION_EXACT_WOO,,"Evidence row; correlate by combination_sku, component_sku and quantity.",,EXACT,EXACT,COMPOSITION_EXACT_WOO,COMPOSITION_EXACT_WOO,UNCHANGED_EXACT_EVIDENCE,YES,NO,HIGH,Exact 001A.0 evidence retained; no fuzzy identity.,INCLUDED_EXACT,,,,,
WOO_SKU_COMPONENT_LIST,sku_component[2],4468,3652,0504011|0728002|0616002,,0728002,1,EXACT,SKU Woo literal: 0504011|0728002|0616002,EXACT_SKU,728002,EXACT,PRIMARY_WOO,4468,3652,0504011|0728002|0616002,"Futón con una capa de látex, 140x200x14,5 cm, Negro",728002,YES,NO,NO,NO,1,COMPOSITION_EXACT_WOO,,"Evidence row; correlate by combination_sku, component_sku and quantity.",,EXACT,EXACT,COMPOSITION_EXACT_WOO,COMPOSITION_EXACT_WOO,UNCHANGED_EXACT_EVIDENCE,YES,NO,HIGH,Exact 001A.0 evidence retained; no fuzzy identity.,INCLUDED_EXACT,,,,,
WOO_SKU_COMPONENT_LIST,sku_component[2],9458,3652,0504011|0728002|0617002,,0728002,1,EXACT,SKU Woo literal: 0504011|0728002|0617002,EXACT_SKU,728002,EXACT,PRIMARY_WOO,9458,3652,0504011|0728002|0617002,"Futón con una capa de látex, 140x200x14,5 cm, Gris jaspeado",728002,YES,NO,NO,NO,1,COMPOSITION_EXACT_WOO,,"Evidence row; correlate by combination_sku, component_sku and quantity.",,EXACT,EXACT,COMPOSITION_EXACT_WOO,COMPOSITION_EXACT_WOO,UNCHANGED_EXACT_EVIDENCE,YES,NO,HIGH,Exact 001A.0 evidence retained; no fuzzy identity.,INCLUDED_EXACT,,,,,
WOO_SKU_COMPONENT_LIST,sku_component[2],9459,3652,0504011|0728002|0619002,,0728002,1,EXACT,SKU Woo literal: 0504011|0728002|0619002,EXACT_SKU,728002,EXACT,PRIMARY_WOO,9459,3652,0504011|0728002|0619002,"Futón con una capa de látex, 140x200x14,5 cm, Beige jaspeado",728002,YES,NO,NO,NO,1,COMPOSITION_EXACT_WOO,,"Evidence row; correlate by combination_sku, component_sku and quantity.",,EXACT,EXACT,COMPOSITION_EXACT_WOO,COMPOSITION_EXACT_WOO,UNCHANGED_EXACT_EVIDENCE,YES,NO,HIGH,Exact 001A.0 evidence retained; no fuzzy identity.,INCLUDED_EXACT,,,,,
WOO_SKU_COMPONENT_LIST,sku_component[2],11128,3652,0504011|0728002|0619009,,0728002,1,EXACT,SKU Woo literal: 0504011|0728002|0619009,EXACT_SKU,728002,EXACT,PRIMARY_WOO,11128,3652,0504011|0728002|0619009,"Futón con una capa de látex, 140x200x14,5 cm, Marrón",728002,YES,NO,NO,NO,1,COMPOSITION_EXACT_WOO,,"Evidence row; correlate by combination_sku, component_sku and quantity.",,EXACT,EXACT,COMPOSITION_EXACT_WOO,COMPOSITION_EXACT_WOO,UNCHANGED_EXACT_EVIDENCE,YES,NO,HIGH,Exact 001A.0 evidence retained; no fuzzy identity.,INCLUDED_EXACT,,,,,
WOO_SKU_COMPONENT_LIST,sku_component[2],4472,3652,0504011|0730002,,0730002,1,EXACT,SKU Woo literal: 0504011|0730002,EXACT_SKU,730002,EXACT,PRIMARY_WOO,4472,3652,0504011|0730002,"Futón con dos capas de látex, 140x200x14,5 cm, Sin funda",730002,YES,NO,NO,NO,1,COMPOSITION_EXACT_WOO,,"Evidence row; correlate by combination_sku, component_sku and quantity.",,EXACT,EXACT,COMPOSITION_EXACT_WOO,COMPOSITION_EXACT_WOO,UNCHANGED_EXACT_EVIDENCE,YES,NO,HIGH,Exact 001A.0 evidence retained; no fuzzy identity.,INCLUDED_EXACT,,,,,
WOO_SKU_COMPONENT_LIST,sku_component[2],4476,3652,0504011|0730002|0608002,,0730002,1,EXACT,SKU Woo literal: 0504011|0730002|0608002,EXACT_SKU,730002,EXACT,PRIMARY_WOO,4476,3652,0504011|0730002|0608002,"Futón con dos capas de látex, 140x200x14,5 cm, Crudo",730002,YES,NO,NO,NO,1,COMPOSITION_EXACT_WOO,,"Evidence row; correlate by combination_sku, component_sku and quantity.",,EXACT,EXACT,COMPOSITION_EXACT_WOO,COMPOSITION_EXACT_WOO,UNCHANGED_EXACT_EVIDENCE,YES,NO,HIGH,Exact 001A.0 evidence retained; no fuzzy identity.,INCLUDED_EXACT,,,,,
WOO_SKU_COMPONENT_LIST,sku_component[2],4480,3652,0504011|0730002|0616002,,0730002,1,EXACT,SKU Woo literal: 0504011|0730002|0616002,EXACT_SKU,730002,EXACT,PRIMARY_WOO,4480,3652,0504011|0730002|0616002,"Futón con dos capas de látex, 140x200x14,5 cm, Negro",730002,YES,NO,NO,NO,1,COMPOSITION_EXACT_WOO,,"Evidence row; correlate by combination_sku, component_sku and quantity.",,EXACT,EXACT,COMPOSITION_EXACT_WOO,COMPOSITION_EXACT_WOO,UNCHANGED_EXACT_EVIDENCE,YES,NO,HIGH,Exact 001A.0 evidence retained; no fuzzy identity.,INCLUDED_EXACT,,,,,
WOO_SKU_COMPONENT_LIST,sku_component[2],6095,3652,0504011|0730002|0617002,,0730002,1,EXACT,SKU Woo literal: 0504011|0730002|0617002,EXACT_SKU,730002,EXACT,PRIMARY_WOO,6095,3652,0504011|0730002|0617002,"Futón con dos capas de látex, 140x200x14,5 cm, Gris jaspeado",730002,YES,NO,NO,NO,1,COMPOSITION_EXACT_WOO,,"Evidence row; correlate by combination_sku, component_sku and quantity.",,EXACT,EXACT,COMPOSITION_EXACT_WOO,COMPOSITION_EXACT_WOO,UNCHANGED_EXACT_EVIDENCE,YES,NO,HIGH,Exact 001A.0 evidence retained; no fuzzy identity.,INCLUDED_EXACT,,,,,
WOO_SKU_COMPONENT_LIST,sku_component[2],6096,3652,0504011|0730002|0619002,,0730002,1,EXACT,SKU Woo literal: 0504011|0730002|0619002,EXACT_SKU,730002,EXACT,PRIMARY_WOO,6096,3652,0504011|0730002|0619002,"Futón con dos capas de látex, 140x200x14,5 cm, Beige jaspeado",730002,YES,NO,NO,NO,1,COMPOSITION_EXACT_WOO,,"Evidence row; correlate by combination_sku, component_sku and quantity.",,EXACT,EXACT,COMPOSITION_EXACT_WOO,COMPOSITION_EXACT_WOO,UNCHANGED_EXACT_EVIDENCE,YES,NO,HIGH,Exact 001A.0 evidence retained; no fuzzy identity.,INCLUDED_EXACT,,,,,
WOO_SKU_COMPONENT_LIST,sku_component[2],11129,3652,0504011|0730002|0619009,,0730002,1,EXACT,SKU Woo literal: 0504011|0730002|0619009,EXACT_SKU,730002,EXACT,PRIMARY_WOO,11129,3652,0504011|0730002|0619009,"Futón con dos capas de látex, 140x200x14,5 cm, Marrón",730002,YES,NO,NO,NO,1,COMPOSITION_EXACT_WOO,,"Evidence row; correlate by combination_sku, component_sku and quantity.",,EXACT,EXACT,COMPOSITION_EXACT_WOO,COMPOSITION_EXACT_WOO,UNCHANGED_EXACT_EVIDENCE,YES,NO,HIGH,Exact 001A.0 evidence retained; no fuzzy identity.,INCLUDED_EXACT,,,,,
WOO_SKU_COMPONENT_LIST,sku_component[2],3993,3647,0504012|0724003,,0724003,1,EXACT,SKU Woo literal: 0504012|0724003,EXACT_SKU,724003,EXACT,PRIMARY_WOO,3993,3647,0504012|0724003,"Futón de algodón, 140x200x14,5 cm, Sin funda",724003,YES,NO,NO,NO,1,COMPOSITION_EXACT_WOO,,"Evidence row; correlate by combination_sku, component_sku and quantity.",,EXACT,EXACT,COMPOSITION_EXACT_WOO,COMPOSITION_EXACT_WOO,UNCHANGED_EXACT_EVIDENCE,YES,NO,HIGH,Exact 001A.0 evidence retained; no fuzzy identity.,INCLUDED_EXACT,,,,,
WOO_SKU_COMPONENT_LIST,sku_component[2],3997,3647,0504012|0724003|0608002,,0724003,1,EXACT,SKU Woo literal: 0504012|0724003|0608002,EXACT_SKU,724003,EXACT,PRIMARY_WOO,3997,3647,0504012|0724003|0608002,"Futón de algodón, 140x200x14,5 cm, Crudo",724003,YES,NO,NO,NO,1,COMPOSITION_EXACT_WOO,,"Evidence row; correlate by combination_sku, component_sku and quantity.",,EXACT,EXACT,COMPOSITION_EXACT_WOO,COMPOSITION_EXACT_WOO,UNCHANGED_EXACT_EVIDENCE,YES,NO,HIGH,Exact 001A.0 evidence retained; no fuzzy identity.,INCLUDED_EXACT,,,,,
WOO_SKU_COMPONENT_LIST,sku_component[2],4001,3647,0504012|0724003|0616002,,0724003,1,EXACT,SKU Woo literal: 0504012|0724003|0616002,EXACT_SKU,724003,EXACT,PRIMARY_WOO,4001,3647,0504012|0724003|0616002,"Futón de algodón, 140x200x14,5 cm, Negro",724003,YES,NO,NO,NO,1,COMPOSITION_EXACT_WOO,,"Evidence row; correlate by combination_sku, component_sku and quantity.",,EXACT,EXACT,COMPOSITION_EXACT_WOO,COMPOSITION_EXACT_WOO,UNCHANGED_EXACT_EVIDENCE,YES,NO,HIGH,Exact 001A.0 evidence retained; no fuzzy identity.,INCLUDED_EXACT,,,,,
WOO_SKU_COMPONENT_LIST,sku_component[2],6298,3647,0504012|0724003|0617002,,0724003,1,EXACT,SKU Woo literal: 0504012|0724003|0617002,EXACT_SKU,724003,EXACT,PRIMARY_WOO,6298,3647,0504012|0724003|0617002,"Futón de algodón, 140x200x14,5 cm, Gris jaspeado",724003,YES,NO,NO,NO,1,COMPOSITION_EXACT_WOO,,"Evidence row; correlate by combination_sku, component_sku and quantity.",,EXACT,EXACT,COMPOSITION_EXACT_WOO,COMPOSITION_EXACT_WOO,UNCHANGED_EXACT_EVIDENCE,YES,NO,HIGH,Exact 001A.0 evidence retained; no fuzzy identity.,INCLUDED_EXACT,,,,,
WOO_SKU_COMPONENT_LIST,sku_component[2],6304,3647,0504012|0724003|0619002,,0724003,1,EXACT,SKU Woo literal: 0504012|0724003|0619002,EXACT_SKU,724003,EXACT,PRIMARY_WOO,6304,3647,0504012|0724003|0619002,"Futón de algodón, 140x200x14,5 cm, Beige jaspeado",724003,YES,NO,NO,NO,1,COMPOSITION_EXACT_WOO,,"Evidence row; correlate by combination_sku, component_sku and quantity.",,EXACT,EXACT,COMPOSITION_EXACT_WOO,COMPOSITION_EXACT_WOO,UNCHANGED_EXACT_EVIDENCE,YES,NO,HIGH,Exact 001A.0 evidence retained; no fuzzy identity.,INCLUDED_EXACT,,,,,
WOO_SKU_COMPONENT_LIST,sku_component[2],11119,3647,0504012|0724003|0619009,,0724003,1,EXACT,SKU Woo literal: 0504012|0724003|0619009,EXACT_SKU,724003,EXACT,PRIMARY_WOO,11119,3647,0504012|0724003|0619009,"Futón de algodón, 140x200x14,5 cm, Marrón",724003,YES,NO,NO,NO,1,COMPOSITION_EXACT_WOO,,"Evidence row; correlate by combination_sku, component_sku and quantity.",,EXACT,EXACT,COMPOSITION_EXACT_WOO,COMPOSITION_EXACT_WOO,UNCHANGED_EXACT_EVIDENCE,YES,NO,HIGH,Exact 001A.0 evidence retained; no fuzzy identity.,INCLUDED_EXACT,,,,,
WOO_SKU_COMPONENT_LIST,sku_component[2],3933,3647,0504012|0728002,,0728002,1,EXACT,SKU Woo literal: 0504012|0728002,EXACT_SKU,728002,EXACT,PRIMARY_WOO,3933,3647,0504012|0728002,"Futón con una capa de látex, 140x200x14,5 cm, Sin funda",728002,YES,NO,NO,NO,1,COMPOSITION_EXACT_WOO,,"Evidence row; correlate by combination_sku, component_sku and quantity.",,EXACT,EXACT,COMPOSITION_EXACT_WOO,COMPOSITION_EXACT_WOO,UNCHANGED_EXACT_EVIDENCE,YES,NO,HIGH,Exact 001A.0 evidence retained; no fuzzy identity.,INCLUDED_EXACT,,,,,
WOO_SKU_COMPONENT_LIST,sku_component[2],3937,3647,0504012|0728002|0608002,,0728002,1,EXACT,SKU Woo literal: 0504012|0728002|0608002,EXACT_SKU,728002,EXACT,PRIMARY_WOO,3937,3647,0504012|0728002|0608002,"Futón con una capa de látex, 140x200x14,5 cm, Crudo",728002,YES,NO,NO,NO,1,COMPOSITION_EXACT_WOO,,"Evidence row; correlate by combination_sku, component_sku and quantity.",,EXACT,EXACT,COMPOSITION_EXACT_WOO,COMPOSITION_EXACT_WOO,UNCHANGED_EXACT_EVIDENCE,YES,NO,HIGH,Exact 001A.0 evidence retained; no fuzzy identity.,INCLUDED_EXACT,,,,,
WOO_SKU_COMPONENT_LIST,sku_component[2],3941,3647,0504012|0728002|0616002,,0728002,1,EXACT,SKU Woo literal: 0504012|0728002|0616002,EXACT_SKU,728002,EXACT,PRIMARY_WOO,3941,3647,0504012|0728002|0616002,"Futón con una capa de látex, 140x200x14,5 cm, Negro",728002,YES,NO,NO,NO,1,COMPOSITION_EXACT_WOO,,"Evidence row; correlate by combination_sku, component_sku and quantity.",,EXACT,EXACT,COMPOSITION_EXACT_WOO,COMPOSITION_EXACT_WOO,UNCHANGED_EXACT_EVIDENCE,YES,NO,HIGH,Exact 001A.0 evidence retained; no fuzzy identity.,INCLUDED_EXACT,,,,,
WOO_SKU_COMPONENT_LIST,sku_component[2],6307,3647,0504012|0728002|0617002,,0728002,1,EXACT,SKU Woo literal: 0504012|0728002|0617002,EXACT_SKU,728002,EXACT,PRIMARY_WOO,6307,3647,0504012|0728002|0617002,"Futón con una capa de látex, 140x200x14,5 cm, Gris jaspeado",728002,YES,NO,NO,NO,1,COMPOSITION_EXACT_WOO,,"Evidence row; correlate by combination_sku, component_sku and quantity.",,EXACT,EXACT,COMPOSITION_EXACT_WOO,COMPOSITION_EXACT_WOO,UNCHANGED_EXACT_EVIDENCE,YES,NO,HIGH,Exact 001A.0 evidence retained; no fuzzy identity.,INCLUDED_EXACT,,,,,
WOO_SKU_COMPONENT_LIST,sku_component[2],6308,3647,0504012|0728002|0619002,,0728002,1,EXACT,SKU Woo literal: 0504012|0728002|0619002,EXACT_SKU,728002,EXACT,PRIMARY_WOO,6308,3647,0504012|0728002|0619002,"Futón con una capa de látex, 140x200x14,5 cm, Beige jaspeado",728002,YES,NO,NO,NO,1,COMPOSITION_EXACT_WOO,,"Evidence row; correlate by combination_sku, component_sku and quantity.",,EXACT,EXACT,COMPOSITION_EXACT_WOO,COMPOSITION_EXACT_WOO,UNCHANGED_EXACT_EVIDENCE,YES,NO,HIGH,Exact 001A.0 evidence retained; no fuzzy identity.,INCLUDED_EXACT,,,,,
WOO_SKU_COMPONENT_LIST,sku_component[2],11120,3647,0504012|0728002|0619009,,0728002,1,EXACT,SKU Woo literal: 0504012|0728002|0619009,EXACT_SKU,728002,EXACT,PRIMARY_WOO,11120,3647,0504012|0728002|0619009,"Futón con una capa de látex, 140x200x14,5 cm, Marrón",728002,YES,NO,NO,NO,1,COMPOSITION_EXACT_WOO,,"Evidence row; correlate by combination_sku, component_sku and quantity.",,EXACT,EXACT,COMPOSITION_EXACT_WOO,COMPOSITION_EXACT_WOO,UNCHANGED_EXACT_EVIDENCE,YES,NO,HIGH,Exact 001A.0 evidence retained; no fuzzy identity.,INCLUDED_EXACT,,,,,
WOO_SKU_COMPONENT_LIST,sku_component[2],3921,3647,0504012|0730002,,0730002,1,EXACT,SKU Woo literal: 0504012|0730002,EXACT_SKU,730002,EXACT,PRIMARY_WOO,3921,3647,0504012|0730002,"Futón con dos capas de látex, 140x200x14,5 cm, Sin funda",730002,YES,NO,NO,NO,1,COMPOSITION_EXACT_WOO,,"Evidence row; correlate by combination_sku, component_sku and quantity.",,EXACT,EXACT,COMPOSITION_EXACT_WOO,COMPOSITION_EXACT_WOO,UNCHANGED_EXACT_EVIDENCE,YES,NO,HIGH,Exact 001A.0 evidence retained; no fuzzy identity.,INCLUDED_EXACT,,,,,
WOO_SKU_COMPONENT_LIST,sku_component[2],3925,3647,0504012|0730002|0608002,,0730002,1,EXACT,SKU Woo literal: 0504012|0730002|0608002,EXACT_SKU,730002,EXACT,PRIMARY_WOO,3925,3647,0504012|0730002|0608002,"Futón con dos capas de látex, 140x200x14,5 cm, Crudo",730002,YES,NO,NO,NO,1,COMPOSITION_EXACT_WOO,,"Evidence row; correlate by combination_sku, component_sku and quantity.",,EXACT,EXACT,COMPOSITION_EXACT_WOO,COMPOSITION_EXACT_WOO,UNCHANGED_EXACT_EVIDENCE,YES,NO,HIGH,Exact 001A.0 evidence retained; no fuzzy identity.,INCLUDED_EXACT,,,,,
WOO_SKU_COMPONENT_LIST,sku_component[2],3929,3647,0504012|0730002|0616002,,0730002,1,EXACT,SKU Woo literal: 0504012|0730002|0616002,EXACT_SKU,730002,EXACT,PRIMARY_WOO,3929,3647,0504012|0730002|0616002,"Futón con dos capas de látex, 140x200x14,5 cm, Negro",730002,YES,NO,NO,NO,1,COMPOSITION_EXACT_WOO,,"Evidence row; correlate by combination_sku, component_sku and quantity.",,EXACT,EXACT,COMPOSITION_EXACT_WOO,COMPOSITION_EXACT_WOO,UNCHANGED_EXACT_EVIDENCE,YES,NO,HIGH,Exact 001A.0 evidence retained; no fuzzy identity.,INCLUDED_EXACT,,,,,
WOO_SKU_COMPONENT_LIST,sku_component[2],6305,3647,0504012|0730002|0617002,,0730002,1,EXACT,SKU Woo literal: 0504012|0730002|0617002,EXACT_SKU,730002,EXACT,PRIMARY_WOO,6305,3647,0504012|0730002|0617002,"Futón con dos capas de látex, 140x200x14,5 cm, Gris jaspeado",730002,YES,NO,NO,NO,1,COMPOSITION_EXACT_WOO,,"Evidence row; correlate by combination_sku, component_sku and quantity.",,EXACT,EXACT,COMPOSITION_EXACT_WOO,COMPOSITION_EXACT_WOO,UNCHANGED_EXACT_EVIDENCE,YES,NO,HIGH,Exact 001A.0 evidence retained; no fuzzy identity.,INCLUDED_EXACT,,,,,
WOO_SKU_COMPONENT_LIST,sku_component[2],6306,3647,0504012|0730002|0619002,,0730002,1,EXACT,SKU Woo literal: 0504012|0730002|0619002,EXACT_SKU,730002,EXACT,PRIMARY_WOO,6306,3647,0504012|0730002|0619002,"Futón con dos capas de látex, 140x200x14,5 cm, Beige jaspeado",730002,YES,NO,NO,NO,1,COMPOSITION_EXACT_WOO,,"Evidence row; correlate by combination_sku, component_sku and quantity.",,EXACT,EXACT,COMPOSITION_EXACT_WOO,COMPOSITION_EXACT_WOO,UNCHANGED_EXACT_EVIDENCE,YES,NO,HIGH,Exact 001A.0 evidence retained; no fuzzy identity.,INCLUDED_EXACT,,,,,
WOO_SKU_COMPONENT_LIST,sku_component[2],11121,3647,0504012|0730002|0619009,,0730002,1,EXACT,SKU Woo literal: 0504012|0730002|0619009,EXACT_SKU,730002,EXACT,PRIMARY_WOO,11121,3647,0504012|0730002|0619009,"Futón con dos capas de látex, 140x200x14,5 cm, Marrón",730002,YES,NO,NO,NO,1,COMPOSITION_EXACT_WOO,,"Evidence row; correlate by combination_sku, component_sku and quantity.",,EXACT,EXACT,COMPOSITION_EXACT_WOO,COMPOSITION_EXACT_WOO,UNCHANGED_EXACT_EVIDENCE,YES,NO,HIGH,Exact 001A.0 evidence retained; no fuzzy identity.,INCLUDED_EXACT,,,,,
WOO_SKU_COMPONENT_LIST,sku_component[2],11663,11662,0726007A|0606001A,10497,0606001A,1,EXACT,SKU Woo literal: 0726007A|0606001A,EXACT_WOO_SKU_FULL,,BLOCKED,PRIMARY_WOO,11663,11662,0726007A|0606001A,"13 cm, 4 cm, 80x200x13 cm, Crudo",,YES,NO,NO,NO,1,COMPONENT_SKU_NOT_FOUND,"{""quantity_status"":""EXACT"",""physical_match_method"":""MISSING_PHYSICAL_SKU"",""parent_match_method"":""""}","Evidence row; correlate by combination_sku, component_sku and quantity.",,BLOCKED,EXACT,COMPONENT_SKU_NOT_FOUND,COMPOSITION_EXACT_WOO_FULL_SKU,EXACT_FULL_SKU_NO_SUFFIX_NORMALIZATION,YES,NO,HIGH,Exact 001A.0 evidence retained; no fuzzy identity.,INCLUDED_EXACT,,woo:10497,SUFFIXED_ITEM_EXACT_WOO,INFORMATIONAL_ONLY_NEVER_MATCHED,Exact full SKU 0606001A -> Woo 10497; no suffix stripping.
WOO_SKU_COMPONENT_LIST,sku_component[2],11653,11652,1242002A|0609007B,10035,0609007B,1,EXACT,SKU Woo literal: 1242002A|0609007B,EXACT_WOO_SKU_FULL,,BLOCKED,PRIMARY_WOO,11653,11652,1242002A|0609007B,Violeta,,YES,NO,NO,NO,1,COMPONENT_SKU_NOT_FOUND,"{""quantity_status"":""EXACT"",""physical_match_method"":""MISSING_PHYSICAL_SKU"",""parent_match_method"":""""}","Evidence row; correlate by combination_sku, component_sku and quantity.",,BLOCKED,EXACT,COMPONENT_SKU_NOT_FOUND,COMPOSITION_EXACT_WOO_FULL_SKU,EXACT_FULL_SKU_NO_SUFFIX_NORMALIZATION,YES,NO,HIGH,Exact 001A.0 evidence retained; no fuzzy identity.,INCLUDED_EXACT,,woo:10035,SUFFIXED_ITEM_EXACT_WOO,INFORMATIONAL_ONLY_NEVER_MATCHED,Exact full SKU 0609007B -> Woo 10035; no suffix stripping.
WOO_SKU_COMPONENT_LIST,sku_component[3],4590,3658,0201001|0201001|1249001|1249001|0608007|0608007,,0608007,2,EXACT,SKU Woo literal: 0201001|0201001|1249001|1249001|0608007|0608007,EXACT_SKU,608007,EXACT,PRIMARY_WOO,4590,3658,0201001|0201001|1249001|1249001|0608007|0608007,"Crudo, Crudo, Crudo, Crudo",608007,YES,NO,NO,NO,1,COMPOSITION_EXACT_WOO,,"Evidence row; correlate by combination_sku, component_sku and quantity.",,EXACT,EXACT,COMPOSITION_EXACT_WOO,COMPOSITION_EXACT_WOO,UNCHANGED_EXACT_EVIDENCE,YES,NO,HIGH,Exact 001A.0 evidence retained; no fuzzy identity.,INCLUDED_EXACT,,,,,
WOO_SKU_COMPONENT_LIST,sku_component[3],4628,3658,0201001|0201001|1249001|1249001|0608007|0619007,,0608007,1,EXACT,SKU Woo literal: 0201001|0201001|1249001|1249001|0608007|0619007,EXACT_SKU,608007,EXACT,PRIMARY_WOO,4628,3658,0201001|0201001|1249001|1249001|0608007|0619007,"Crudo, Crudo, Crudo, Marrón",608007,YES,NO,NO,NO,1,COMPOSITION_EXACT_WOO,,"Evidence row; correlate by combination_sku, component_sku and quantity.",,EXACT,EXACT,COMPOSITION_EXACT_WOO,COMPOSITION_EXACT_WOO,UNCHANGED_EXACT_EVIDENCE,YES,NO,HIGH,Exact 001A.0 evidence retained; no fuzzy identity.,INCLUDED_EXACT,,,,,
WOO_SKU_COMPONENT_LIST,sku_component[3],13092,3658,0201001|0201001|1249001|1249001|0619007|0619007,,0619007,2,EXACT,SKU Woo literal: 0201001|0201001|1249001|1249001|0619007|0619007,EXACT_SKU,619007,EXACT,PRIMARY_WOO,13092,3658,0201001|0201001|1249001|1249001|0619007|0619007,"Crudo, Crudo, Marrón, Marrón",619007,YES,NO,NO,NO,1,COMPOSITION_EXACT_WOO,,"Evidence row; correlate by combination_sku, component_sku and quantity.",,EXACT,EXACT,COMPOSITION_EXACT_WOO,COMPOSITION_EXACT_WOO,UNCHANGED_EXACT_EVIDENCE,YES,NO,HIGH,Exact 001A.0 evidence retained; no fuzzy identity.,INCLUDED_EXACT,,,,,
WOO_SKU_COMPONENT_LIST,sku_component[3],4236,3650,0502002|0724008|0608006,,0608006,1,EXACT,SKU Woo literal: 0502002|0724008|0608006,EXACT_SKU,608006,EXACT,PRIMARY_WOO,4236,3650,0502002|0724008|0608006,"Futón de algodón, 140x190x14,5 cm, Crudo",608006,YES,NO,NO,NO,1,COMPOSITION_EXACT_WOO,,"Evidence row; correlate by combination_sku, component_sku and quantity.",,EXACT,EXACT,COMPOSITION_EXACT_WOO,COMPOSITION_COMPONENT_ONLY,PHYSICAL_COMPONENT_WITHOUT_STANDALONE_WOO,YES,NO,HIGH,Exact 001A.0 evidence retained; no fuzzy identity.,INCLUDED_EXACT,,,,,
WOO_SKU_COMPONENT_LIST,sku_component[3],4240,3650,0502002|0724008|0616006,,0616006,1,EXACT,SKU Woo literal: 0502002|0724008|0616006,EXACT_SKU,616006,EXACT,PRIMARY_WOO,4240,3650,0502002|0724008|0616006,"Futón de algodón, 140x190x14,5 cm, Negro",616006,YES,NO,NO,NO,1,COMPOSITION_EXACT_WOO,,"Evidence row; correlate by combination_sku, component_sku and quantity.",,EXACT,EXACT,COMPOSITION_EXACT_WOO,COMPOSITION_COMPONENT_ONLY,PHYSICAL_COMPONENT_WITHOUT_STANDALONE_WOO,YES,NO,HIGH,Exact 001A.0 evidence retained; no fuzzy identity.,INCLUDED_EXACT,,,,,
WOO_SKU_COMPONENT_LIST,sku_component[3],6292,3650,0502002|0724008|0617002,,0617002,1,EXACT,SKU Woo literal: 0502002|0724008|0617002,EXACT_SKU,617002,EXACT,PRIMARY_WOO,6292,3650,0502002|0724008|0617002,"Futón de algodón, 140x190x14,5 cm, Gris jaspeado",617002,YES,NO,NO,NO,1,COMPOSITION_EXACT_WOO,,"Evidence row; correlate by combination_sku, component_sku and quantity.",,EXACT,EXACT,COMPOSITION_EXACT_WOO,COMPOSITION_EXACT_WOO,UNCHANGED_EXACT_EVIDENCE,YES,NO,HIGH,Exact 001A.0 evidence retained; no fuzzy identity.,INCLUDED_EXACT,,,,,
WOO_SKU_COMPONENT_LIST,sku_component[3],6293,3650,0502002|0724008|0619002,,0619002,1,EXACT,SKU Woo literal: 0502002|0724008|0619002,EXACT_SKU,619002,EXACT,PRIMARY_WOO,6293,3650,0502002|0724008|0619002,"Futón de algodón, 140x190x14,5 cm, Beige jaspeado",619002,YES,NO,NO,NO,1,COMPOSITION_EXACT_WOO,,"Evidence row; correlate by combination_sku, component_sku and quantity.",,EXACT,EXACT,COMPOSITION_EXACT_WOO,COMPOSITION_EXACT_WOO,UNCHANGED_EXACT_EVIDENCE,YES,NO,HIGH,Exact 001A.0 evidence retained; no fuzzy identity.,INCLUDED_EXACT,,,,,
WOO_SKU_COMPONENT_LIST,sku_component[3],11123,3650,0502002|0724008|0619009,,0619009,1,EXACT,SKU Woo literal: 0502002|0724008|0619009,EXACT_SKU,619009,EXACT,PRIMARY_WOO,11123,3650,0502002|0724008|0619009,"Futón de algodón, 140x190x14,5 cm, Marrón",619009,YES,NO,NO,NO,1,COMPOSITION_EXACT_WOO,,"Evidence row; correlate by combination_sku, component_sku and quantity.",,EXACT,EXACT,COMPOSITION_EXACT_WOO,COMPOSITION_EXACT_WOO,UNCHANGED_EXACT_EVIDENCE,YES,NO,HIGH,Exact 001A.0 evidence retained; no fuzzy identity.,INCLUDED_EXACT,,,,,
WOO_SKU_COMPONENT_LIST,sku_component[3],4212,3650,0502002|0728007|0608006,,0608006,1,EXACT,SKU Woo literal: 0502002|0728007|0608006,EXACT_SKU,608006,EXACT,PRIMARY_WOO,4212,3650,0502002|0728007|0608006,"Futón con una capa de látex, 140x190x14,5 cm, Crudo",608006,YES,NO,NO,NO,1,COMPOSITION_EXACT_WOO,,"Evidence row; correlate by combination_sku, component_sku and quantity.",,EXACT,EXACT,COMPOSITION_EXACT_WOO,COMPOSITION_COMPONENT_ONLY,PHYSICAL_COMPONENT_WITHOUT_STANDALONE_WOO,YES,NO,HIGH,Exact 001A.0 evidence retained; no fuzzy identity.,INCLUDED_EXACT,,,,,
WOO_SKU_COMPONENT_LIST,sku_component[3],4216,3650,0502002|0728007|0616006,,0616006,1,EXACT,SKU Woo literal: 0502002|0728007|0616006,EXACT_SKU,616006,EXACT,PRIMARY_WOO,4216,3650,0502002|0728007|0616006,"Futón con una capa de látex, 140x190x14,5 cm, Negro",616006,YES,NO,NO,NO,1,COMPOSITION_EXACT_WOO,,"Evidence row; correlate by combination_sku, component_sku and quantity.",,EXACT,EXACT,COMPOSITION_EXACT_WOO,COMPOSITION_COMPONENT_ONLY,PHYSICAL_COMPONENT_WITHOUT_STANDALONE_WOO,YES,NO,HIGH,Exact 001A.0 evidence retained; no fuzzy identity.,INCLUDED_EXACT,,,,,
WOO_SKU_COMPONENT_LIST,sku_component[3],9456,3650,0502002|0728007|0617002,,0617002,1,EXACT,SKU Woo literal: 0502002|0728007|0617002,EXACT_SKU,617002,EXACT,PRIMARY_WOO,9456,3650,0502002|0728007|0617002,"Futón con una capa de látex, 140x190x14,5 cm, Gris jaspeado",617002,YES,NO,NO,NO,1,COMPOSITION_EXACT_WOO,,"Evidence row; correlate by combination_sku, component_sku and quantity.",,EXACT,EXACT,COMPOSITION_EXACT_WOO,COMPOSITION_EXACT_WOO,UNCHANGED_EXACT_EVIDENCE,YES,NO,HIGH,Exact 001A.0 evidence retained; no fuzzy identity.,INCLUDED_EXACT,,,,,
WOO_SKU_COMPONENT_LIST,sku_component[3],6295,3650,0502002|0728007|0619002,,0619002,1,EXACT,SKU Woo literal: 0502002|0728007|0619002,EXACT_SKU,619002,EXACT,PRIMARY_WOO,6295,3650,0502002|0728007|0619002,"Futón con una capa de látex, 140x190x14,5 cm, Beige jaspeado",619002,YES,NO,NO,NO,1,COMPOSITION_EXACT_WOO,,"Evidence row; correlate by combination_sku, component_sku and quantity.",,EXACT,EXACT,COMPOSITION_EXACT_WOO,COMPOSITION_EXACT_WOO,UNCHANGED_EXACT_EVIDENCE,YES,NO,HIGH,Exact 001A.0 evidence retained; no fuzzy identity.,INCLUDED_EXACT,,,,,
WOO_SKU_COMPONENT_LIST,sku_component[3],11125,3650,0502002|0728007|0619009,,0619009,1,EXACT,SKU Woo literal: 0502002|0728007|0619009,EXACT_SKU,619009,EXACT,PRIMARY_WOO,11125,3650,0502002|0728007|0619009,"Futón con una capa de látex, 140x190x14,5 cm, Marrón",619009,YES,NO,NO,NO,1,COMPOSITION_EXACT_WOO,,"Evidence row; correlate by combination_sku, component_sku and quantity.",,EXACT,EXACT,COMPOSITION_EXACT_WOO,COMPOSITION_EXACT_WOO,UNCHANGED_EXACT_EVIDENCE,YES,NO,HIGH,Exact 001A.0 evidence retained; no fuzzy identity.,INCLUDED_EXACT,,,,,
WOO_SKU_COMPONENT_LIST,sku_component[3],4224,3650,0502002|0730007|0608006,,0608006,1,EXACT,SKU Woo literal: 0502002|0730007|0608006,EXACT_SKU,608006,EXACT,PRIMARY_WOO,4224,3650,0502002|0730007|0608006,"Futón con dos capas de látex, 140x190x14,5 cm, Crudo",608006,YES,NO,NO,NO,1,COMPOSITION_EXACT_WOO,,"Evidence row; correlate by combination_sku, component_sku and quantity.",,EXACT,EXACT,COMPOSITION_EXACT_WOO,COMPOSITION_COMPONENT_ONLY,PHYSICAL_COMPONENT_WITHOUT_STANDALONE_WOO,YES,NO,HIGH,Exact 001A.0 evidence retained; no fuzzy identity.,INCLUDED_EXACT,,,,,
WOO_SKU_COMPONENT_LIST,sku_component[3],4228,3650,0502002|0730007|0616006,,0616006,1,EXACT,SKU Woo literal: 0502002|0730007|0616006,EXACT_SKU,616006,EXACT,PRIMARY_WOO,4228,3650,0502002|0730007|0616006,"Futón con dos capas de látex, 140x190x14,5 cm, Negro",616006,YES,NO,NO,NO,1,COMPOSITION_EXACT_WOO,,"Evidence row; correlate by combination_sku, component_sku and quantity.",,EXACT,EXACT,COMPOSITION_EXACT_WOO,COMPOSITION_COMPONENT_ONLY,PHYSICAL_COMPONENT_WITHOUT_STANDALONE_WOO,YES,NO,HIGH,Exact 001A.0 evidence retained; no fuzzy identity.,INCLUDED_EXACT,,,,,
WOO_SKU_COMPONENT_LIST,sku_component[3],9457,3650,0502002|0730007|0617002,,0617002,1,EXACT,SKU Woo literal: 0502002|0730007|0617002,EXACT_SKU,617002,EXACT,PRIMARY_WOO,9457,3650,0502002|0730007|0617002,"Futón con dos capas de látex, 140x190x14,5 cm, Gris jaspeado",617002,YES,NO,NO,NO,1,COMPOSITION_EXACT_WOO,,"Evidence row; correlate by combination_sku, component_sku and quantity.",,EXACT,EXACT,COMPOSITION_EXACT_WOO,COMPOSITION_EXACT_WOO,UNCHANGED_EXACT_EVIDENCE,YES,NO,HIGH,Exact 001A.0 evidence retained; no fuzzy identity.,INCLUDED_EXACT,,,,,
WOO_SKU_COMPONENT_LIST,sku_component[3],6294,3650,0502002|0730007|0619002,,0619002,1,EXACT,SKU Woo literal: 0502002|0730007|0619002,EXACT_SKU,619002,EXACT,PRIMARY_WOO,6294,3650,0502002|0730007|0619002,"Futón con dos capas de látex, 140x190x14,5 cm, Beige jaspeado",619002,YES,NO,NO,NO,1,COMPOSITION_EXACT_WOO,,"Evidence row; correlate by combination_sku, component_sku and quantity.",,EXACT,EXACT,COMPOSITION_EXACT_WOO,COMPOSITION_EXACT_WOO,UNCHANGED_EXACT_EVIDENCE,YES,NO,HIGH,Exact 001A.0 evidence retained; no fuzzy identity.,INCLUDED_EXACT,,,,,
WOO_SKU_COMPONENT_LIST,sku_component[3],11126,3650,0502002|0730007|0619009,,0619009,1,EXACT,SKU Woo literal: 0502002|0730007|0619009,EXACT_SKU,619009,EXACT,PRIMARY_WOO,11126,3650,0502002|0730007|0619009,"Futón con dos capas de látex, 140x190x14,5 cm, Marrón",619009,YES,NO,NO,NO,1,COMPOSITION_EXACT_WOO,,"Evidence row; correlate by combination_sku, component_sku and quantity.",,EXACT,EXACT,COMPOSITION_EXACT_WOO,COMPOSITION_EXACT_WOO,UNCHANGED_EXACT_EVIDENCE,YES,NO,HIGH,Exact 001A.0 evidence retained; no fuzzy identity.,INCLUDED_EXACT,,,,,
WOO_SKU_COMPONENT_LIST,sku_component[3],4128,3649,0502005|0727007|0608007,,0608007,1,EXACT,SKU Woo literal: 0502005|0727007|0608007,EXACT_SKU,608007,EXACT,PRIMARY_WOO,4128,3649,0502005|0727007|0608007,"Futón con una capa de látex, 80x200x13 cm, Crudo",608007,YES,NO,NO,NO,1,COMPOSITION_EXACT_WOO,,"Evidence row; correlate by combination_sku, component_sku and quantity.",,EXACT,EXACT,COMPOSITION_EXACT_WOO,COMPOSITION_EXACT_WOO,UNCHANGED_EXACT_EVIDENCE,YES,NO,HIGH,Exact 001A.0 evidence retained; no fuzzy identity.,INCLUDED_EXACT,,,,,
WOO_SKU_COMPONENT_LIST,sku_component[3],4132,3649,0502005|0727007|0616007,,0616007,1,EXACT,SKU Woo literal: 0502005|0727007|0616007,EXACT_SKU,616007,EXACT,PRIMARY_WOO,4132,3649,0502005|0727007|0616007,"Futón con una capa de látex, 80x200x13 cm, Negro",616007,YES,NO,NO,NO,1,COMPOSITION_EXACT_WOO,,"Evidence row; correlate by combination_sku, component_sku and quantity.",,EXACT,EXACT,COMPOSITION_EXACT_WOO,COMPOSITION_EXACT_WOO,UNCHANGED_EXACT_EVIDENCE,YES,NO,HIGH,Exact 001A.0 evidence retained; no fuzzy identity.,INCLUDED_EXACT,,,,,
WOO_SKU_COMPONENT_LIST,sku_component[3],11132,3649,0502005|0727007|0619007,,0619007,1,EXACT,SKU Woo literal: 0502005|0727007|0619007,EXACT_SKU,619007,EXACT,PRIMARY_WOO,11132,3649,0502005|0727007|0619007,"Futón con una capa de látex, 80x200x13 cm, Marrón",619007,YES,NO,NO,NO,1,COMPOSITION_EXACT_WOO,,"Evidence row; correlate by combination_sku, component_sku and quantity.",,EXACT,EXACT,COMPOSITION_EXACT_WOO,COMPOSITION_EXACT_WOO,UNCHANGED_EXACT_EVIDENCE,YES,NO,HIGH,Exact 001A.0 evidence retained; no fuzzy identity.,INCLUDED_EXACT,,,,,
WOO_SKU_COMPONENT_LIST,sku_component[3],4140,3649,0502005|0730009|0608007,,0608007,1,EXACT,SKU Woo literal: 0502005|0730009|0608007,EXACT_SKU,608007,EXACT,PRIMARY_WOO,4140,3649,0502005|0730009|0608007,"Futón con dos capas de látex, 80x200x13 cm, Crudo",608007,YES,NO,NO,NO,1,COMPOSITION_EXACT_WOO,,"Evidence row; correlate by combination_sku, component_sku and quantity.",,EXACT,EXACT,COMPOSITION_EXACT_WOO,COMPOSITION_EXACT_WOO,UNCHANGED_EXACT_EVIDENCE,YES,NO,HIGH,Exact 001A.0 evidence retained; no fuzzy identity.,INCLUDED_EXACT,,,,,
WOO_SKU_COMPONENT_LIST,sku_component[3],4144,3649,0502005|0730009|0616007,,0616007,1,EXACT,SKU Woo literal: 0502005|0730009|0616007,EXACT_SKU,616007,EXACT,PRIMARY_WOO,4144,3649,0502005|0730009|0616007,"Futón con dos capas de látex, 80x200x13 cm, Negro",616007,YES,NO,NO,NO,1,COMPOSITION_EXACT_WOO,,"Evidence row; correlate by combination_sku, component_sku and quantity.",,EXACT,EXACT,COMPOSITION_EXACT_WOO,COMPOSITION_EXACT_WOO,UNCHANGED_EXACT_EVIDENCE,YES,NO,HIGH,Exact 001A.0 evidence retained; no fuzzy identity.,INCLUDED_EXACT,,,,,
WOO_SKU_COMPONENT_LIST,sku_component[3],11133,3649,0502005|0730009|0619007,,0619007,1,EXACT,SKU Woo literal: 0502005|0730009|0619007,EXACT_SKU,619007,EXACT,PRIMARY_WOO,11133,3649,0502005|0730009|0619007,"Futón con dos capas de látex, 80x200x13 cm, Marrón",619007,YES,NO,NO,NO,1,COMPOSITION_EXACT_WOO,,"Evidence row; correlate by combination_sku, component_sku and quantity.",,EXACT,EXACT,COMPOSITION_EXACT_WOO,COMPOSITION_EXACT_WOO,UNCHANGED_EXACT_EVIDENCE,YES,NO,HIGH,Exact 001A.0 evidence retained; no fuzzy identity.,INCLUDED_EXACT,,,,,
WOO_SKU_COMPONENT_LIST,sku_component[3],4200,3649,0502005|1249001|0608007,,0608007,1,EXACT,SKU Woo literal: 0502005|1249001|0608007,EXACT_SKU,608007,EXACT,PRIMARY_WOO,4200,3649,0502005|1249001|0608007,"Futón de algodón de colores individual, 80x200x13 cm, Crudo, Crudo",608007,YES,NO,NO,NO,1,COMPOSITION_EXACT_WOO,,"Evidence row; correlate by combination_sku, component_sku and quantity.",,EXACT,EXACT,COMPOSITION_EXACT_WOO,COMPOSITION_EXACT_WOO,UNCHANGED_EXACT_EVIDENCE,YES,NO,HIGH,Exact 001A.0 evidence retained; no fuzzy identity.,INCLUDED_EXACT,,,,,
WOO_SKU_COMPONENT_LIST,sku_component[3],11836,3649,0502005|1249001|0616007,,0616007,1,EXACT,SKU Woo literal: 0502005|1249001|0616007,EXACT_SKU,616007,EXACT,PRIMARY_WOO,11836,3649,0502005|1249001|0616007,"Futón de algodón de colores individual, 80x200x13 cm, Crudo, Negro",616007,YES,NO,NO,NO,1,COMPOSITION_EXACT_WOO,,"Evidence row; correlate by combination_sku, component_sku and quantity.",,EXACT,EXACT,COMPOSITION_EXACT_WOO,COMPOSITION_EXACT_WOO,UNCHANGED_EXACT_EVIDENCE,YES,NO,HIGH,Exact 001A.0 evidence retained; no fuzzy identity.,INCLUDED_EXACT,,,,,
WOO_SKU_COMPONENT_LIST,sku_component[3],11131,3649,0502005|1249001|0619007,,0619007,1,EXACT,SKU Woo literal: 0502005|1249001|0619007,EXACT_SKU,619007,EXACT,PRIMARY_WOO,11131,3649,0502005|1249001|0619007,"Futón de algodón de colores individual, 80x200x13 cm, Crudo, Marrón",619007,YES,NO,NO,NO,1,COMPOSITION_EXACT_WOO,,"Evidence row; correlate by combination_sku, component_sku and quantity.",,EXACT,EXACT,COMPOSITION_EXACT_WOO,COMPOSITION_EXACT_WOO,UNCHANGED_EXACT_EVIDENCE,YES,NO,HIGH,Exact 001A.0 evidence retained; no fuzzy identity.,INCLUDED_EXACT,,,,,
WOO_SKU_COMPONENT_LIST,sku_component[3],4320,3651,0502012|0724004|0608004,,0608004,1,EXACT,SKU Woo literal: 0502012|0724004|0608004,EXACT_SKU,608004,EXACT,PRIMARY_WOO,4320,3651,0502012|0724004|0608004,"Futón de algodón, 150x200x14,5 cm, Crudo, Sin cajón",608004,YES,NO,NO,NO,1,COMPOSITION_EXACT_WOO,,"Evidence row; correlate by combination_sku, component_sku and quantity.",,EXACT,EXACT,COMPOSITION_EXACT_WOO,COMPOSITION_EXACT_WOO,UNCHANGED_EXACT_EVIDENCE,YES,NO,HIGH,Exact 001A.0 evidence retained; no fuzzy identity.,INCLUDED_EXACT,,,,,
WOO_SKU_COMPONENT_LIST,sku_component[3],4324,3651,0502012|0724004|0616004,,0616004,1,EXACT,SKU Woo literal: 0502012|0724004|0616004,EXACT_SKU,616004,EXACT,PRIMARY_WOO,4324,3651,0502012|0724004|0616004,"Futón de algodón, 150x200x14,5 cm, Negro, Sin cajón",616004,YES,NO,NO,NO,1,COMPOSITION_EXACT_WOO,,"Evidence row; correlate by combination_sku, component_sku and quantity.",,EXACT,EXACT,COMPOSITION_EXACT_WOO,COMPOSITION_EXACT_WOO,UNCHANGED_EXACT_EVIDENCE,YES,NO,HIGH,Exact 001A.0 evidence retained; no fuzzy identity.,INCLUDED_EXACT,,,,,
WOO_SKU_COMPONENT_LIST,sku_component[3],6285,3651,0502012|0724004|0617004,,0617004,1,EXACT,SKU Woo literal: 0502012|0724004|0617004,EXACT_SKU,617004,EXACT,PRIMARY_WOO,6285,3651,0502012|0724004|0617004,"Futón de algodón, 150x200x14,5 cm, Gris jaspeado, Sin cajón",617004,YES,NO,NO,NO,1,COMPOSITION_EXACT_WOO,,"Evidence row; correlate by combination_sku, component_sku and quantity.",,EXACT,EXACT,COMPOSITION_EXACT_WOO,COMPOSITION_EXACT_WOO,UNCHANGED_EXACT_EVIDENCE,YES,NO,HIGH,Exact 001A.0 evidence retained; no fuzzy identity.,INCLUDED_EXACT,,,,,
WOO_SKU_COMPONENT_LIST,sku_component[3],6286,3651,0502012|0724004|0619004,,0619004,1,EXACT,SKU Woo literal: 0502012|0724004|0619004,EXACT_SKU,619004,EXACT,PRIMARY_WOO,6286,3651,0502012|0724004|0619004,"Futón de algodón, 150x200x14,5 cm, Beige jaspeado, Sin cajón",619004,YES,NO,NO,NO,1,COMPOSITION_EXACT_WOO,,"Evidence row; correlate by combination_sku, component_sku and quantity.",,EXACT,EXACT,COMPOSITION_EXACT_WOO,COMPOSITION_EXACT_WOO,UNCHANGED_EXACT_EVIDENCE,YES,NO,HIGH,Exact 001A.0 evidence retained; no fuzzy identity.,INCLUDED_EXACT,,,,,
WOO_SKU_COMPONENT_LIST,sku_component[3],11137,3651,0502012|0724004|0619010,,0619010,1,EXACT,SKU Woo literal: 0502012|0724004|0619010,EXACT_SKU,619010,EXACT,PRIMARY_WOO,11137,3651,0502012|0724004|0619010,"Futón de algodón, 150x200x14,5 cm, Marrón, Sin cajón",619010,YES,NO,NO,NO,1,COMPOSITION_EXACT_WOO,,"Evidence row; correlate by combination_sku, component_sku and quantity.",,EXACT,EXACT,COMPOSITION_EXACT_WOO,COMPOSITION_EXACT_WOO,UNCHANGED_EXACT_EVIDENCE,YES,NO,HIGH,Exact 001A.0 evidence retained; no fuzzy identity.,INCLUDED_EXACT,,,,,
WOO_SKU_COMPONENT_LIST,sku_component[3],4378,3651,0502012|0724004|1002004,,1002004,1,EXACT,SKU Woo literal: 0502012|0724004|1002004,EXACT_SKU,1002004,EXACT,PRIMARY_WOO,4378,3651,0502012|0724004|1002004,"Futón de algodón, 150x200x14,5 cm, Sin funda, Con cajón",1002004,YES,NO,NO,NO,1,COMPOSITION_EXACT_WOO,,"Evidence row; correlate by combination_sku, component_sku and quantity.",,EXACT,EXACT,COMPOSITION_EXACT_WOO,COMPOSITION_EXACT_WOO,UNCHANGED_EXACT_EVIDENCE,YES,NO,HIGH,Exact 001A.0 evidence retained; no fuzzy identity.,INCLUDED_EXACT,,,,,
WOO_SKU_COMPONENT_LIST,sku_component[3],4393,3651,0502012|0724004|1002004|0608004,,1002004,1,EXACT,SKU Woo literal: 0502012|0724004|1002004|0608004,EXACT_SKU,1002004,EXACT,PRIMARY_WOO,4393,3651,0502012|0724004|1002004|0608004,"Futón de algodón, 150x200x14,5 cm, Crudo, Con cajón",1002004,YES,NO,NO,NO,1,COMPOSITION_EXACT_WOO,,"Evidence row; correlate by combination_sku, component_sku and quantity.",,EXACT,EXACT,COMPOSITION_EXACT_WOO,COMPOSITION_EXACT_WOO,UNCHANGED_EXACT_EVIDENCE,YES,NO,HIGH,Exact 001A.0 evidence retained; no fuzzy identity.,INCLUDED_EXACT,,,,,
WOO_SKU_COMPONENT_LIST,sku_component[3],4397,3651,0502012|0724004|1002004|0616004,,1002004,1,EXACT,SKU Woo literal: 0502012|0724004|1002004|0616004,EXACT_SKU,1002004,EXACT,PRIMARY_WOO,4397,3651,0502012|0724004|1002004|0616004,"Futón de algodón, 150x200x14,5 cm, Negro, Con cajón",1002004,YES,NO,NO,NO,1,COMPOSITION_EXACT_WOO,,"Evidence row; correlate by combination_sku, component_sku and quantity.",,EXACT,EXACT,COMPOSITION_EXACT_WOO,COMPOSITION_EXACT_WOO,UNCHANGED_EXACT_EVIDENCE,YES,NO,HIGH,Exact 001A.0 evidence retained; no fuzzy identity.,INCLUDED_EXACT,,,,,
WOO_SKU_COMPONENT_LIST,sku_component[3],6287,3651,0502012|0724004|1002004|0617004,,1002004,1,EXACT,SKU Woo literal: 0502012|0724004|1002004|0617004,EXACT_SKU,1002004,EXACT,PRIMARY_WOO,6287,3651,0502012|0724004|1002004|0617004,"Futón de algodón, 150x200x14,5 cm, Gris jaspeado, Con cajón",1002004,YES,NO,NO,NO,1,COMPOSITION_EXACT_WOO,,"Evidence row; correlate by combination_sku, component_sku and quantity.",,EXACT,EXACT,COMPOSITION_EXACT_WOO,COMPOSITION_EXACT_WOO,UNCHANGED_EXACT_EVIDENCE,YES,NO,HIGH,Exact 001A.0 evidence retained; no fuzzy identity.,INCLUDED_EXACT,,,,,
WOO_SKU_COMPONENT_LIST,sku_component[3],6288,3651,0502012|0724004|1002004|0619004,,1002004,1,EXACT,SKU Woo literal: 0502012|0724004|1002004|0619004,EXACT_SKU,1002004,EXACT,PRIMARY_WOO,6288,3651,0502012|0724004|1002004|0619004,"Futón de algodón, 150x200x14,5 cm, Beige jaspeado, Con cajón",1002004,YES,NO,NO,NO,1,COMPOSITION_EXACT_WOO,,"Evidence row; correlate by combination_sku, component_sku and quantity.",,EXACT,EXACT,COMPOSITION_EXACT_WOO,COMPOSITION_EXACT_WOO,UNCHANGED_EXACT_EVIDENCE,YES,NO,HIGH,Exact 001A.0 evidence retained; no fuzzy identity.,INCLUDED_EXACT,,,,,
WOO_SKU_COMPONENT_LIST,sku_component[3],11141,3651,0502012|0724004|1002004|0619010,,1002004,1,EXACT,SKU Woo literal: 0502012|0724004|1002004|0619010,EXACT_SKU,1002004,EXACT,PRIMARY_WOO,11141,3651,0502012|0724004|1002004|0619010,"Futón de algodón, 150x200x14,5 cm, Marrón, Con cajón",1002004,YES,NO,NO,NO,1,COMPOSITION_EXACT_WOO,,"Evidence row; correlate by combination_sku, component_sku and quantity.",,EXACT,EXACT,COMPOSITION_EXACT_WOO,COMPOSITION_EXACT_WOO,UNCHANGED_EXACT_EVIDENCE,YES,NO,HIGH,Exact 001A.0 evidence retained; no fuzzy identity.,INCLUDED_EXACT,,,,,
WOO_SKU_COMPONENT_LIST,sku_component[3],4296,3651,0502012|0728003|0608004,,0608004,1,EXACT,SKU Woo literal: 0502012|0728003|0608004,EXACT_SKU,608004,EXACT,PRIMARY_WOO,4296,3651,0502012|0728003|0608004,"Futón con una capa de látex, 150x200x14,5 cm, Crudo, Sin cajón",608004,YES,NO,NO,NO,1,COMPOSITION_EXACT_WOO,,"Evidence row; correlate by combination_sku, component_sku and quantity.",,EXACT,EXACT,COMPOSITION_EXACT_WOO,COMPOSITION_EXACT_WOO,UNCHANGED_EXACT_EVIDENCE,YES,NO,HIGH,Exact 001A.0 evidence retained; no fuzzy identity.,INCLUDED_EXACT,,,,,
WOO_SKU_COMPONENT_LIST,sku_component[3],4300,3651,0502012|0728003|0616004,,0616004,1,EXACT,SKU Woo literal: 0502012|0728003|0616004,EXACT_SKU,616004,EXACT,PRIMARY_WOO,4300,3651,0502012|0728003|0616004,"Futón con una capa de látex, 150x200x14,5 cm, Negro, Sin cajón",616004,YES,NO,NO,NO,1,COMPOSITION_EXACT_WOO,,"Evidence row; correlate by combination_sku, component_sku and quantity.",,EXACT,EXACT,COMPOSITION_EXACT_WOO,COMPOSITION_EXACT_WOO,UNCHANGED_EXACT_EVIDENCE,YES,NO,HIGH,Exact 001A.0 evidence retained; no fuzzy identity.,INCLUDED_EXACT,,,,,
WOO_SKU_COMPONENT_LIST,sku_component[3],9441,3651,0502012|0728003|0617004,,0617004,1,EXACT,SKU Woo literal: 0502012|0728003|0617004,EXACT_SKU,617004,EXACT,PRIMARY_WOO,9441,3651,0502012|0728003|0617004,"Futón con una capa de látex, 150x200x14,5 cm, Gris jaspeado, Sin cajón",617004,YES,NO,NO,NO,1,COMPOSITION_EXACT_WOO,,"Evidence row; correlate by combination_sku, component_sku and quantity.",,EXACT,EXACT,COMPOSITION_EXACT_WOO,COMPOSITION_EXACT_WOO,UNCHANGED_EXACT_EVIDENCE,YES,NO,HIGH,Exact 001A.0 evidence retained; no fuzzy identity.,INCLUDED_EXACT,,,,,
WOO_SKU_COMPONENT_LIST,sku_component[3],9442,3651,0502012|0728003|0619004,,0619004,1,EXACT,SKU Woo literal: 0502012|0728003|0619004,EXACT_SKU,619004,EXACT,PRIMARY_WOO,9442,3651,0502012|0728003|0619004,"Futón con una capa de látex, 150x200x14,5 cm, Beige jaspeado, Sin cajón",619004,YES,NO,NO,NO,1,COMPOSITION_EXACT_WOO,,"Evidence row; correlate by combination_sku, component_sku and quantity.",,EXACT,EXACT,COMPOSITION_EXACT_WOO,COMPOSITION_EXACT_WOO,UNCHANGED_EXACT_EVIDENCE,YES,NO,HIGH,Exact 001A.0 evidence retained; no fuzzy identity.,INCLUDED_EXACT,,,,,
WOO_SKU_COMPONENT_LIST,sku_component[3],11135,3651,0502012|0728003|0619010,,0619010,1,EXACT,SKU Woo literal: 0502012|0728003|0619010,EXACT_SKU,619010,EXACT,PRIMARY_WOO,11135,3651,0502012|0728003|0619010,"Futón con una capa de látex, 150x200x14,5 cm, Marrón, Sin cajón",619010,YES,NO,NO,NO,1,COMPOSITION_EXACT_WOO,,"Evidence row; correlate by combination_sku, component_sku and quantity.",,EXACT,EXACT,COMPOSITION_EXACT_WOO,COMPOSITION_EXACT_WOO,UNCHANGED_EXACT_EVIDENCE,YES,NO,HIGH,Exact 001A.0 evidence retained; no fuzzy identity.,INCLUDED_EXACT,,,,,
WOO_SKU_COMPONENT_LIST,sku_component[3],4376,3651,0502012|0728003|1002004,,1002004,1,EXACT,SKU Woo literal: 0502012|0728003|1002004,EXACT_SKU,1002004,EXACT,PRIMARY_WOO,4376,3651,0502012|0728003|1002004,"Futón con una capa de látex, 150x200x14,5 cm, Sin funda, Con cajón",1002004,YES,NO,NO,NO,1,COMPOSITION_EXACT_WOO,,"Evidence row; correlate by combination_sku, component_sku and quantity.",,EXACT,EXACT,COMPOSITION_EXACT_WOO,COMPOSITION_EXACT_WOO,UNCHANGED_EXACT_EVIDENCE,YES,NO,HIGH,Exact 001A.0 evidence retained; no fuzzy identity.,INCLUDED_EXACT,,,,,
WOO_SKU_COMPONENT_LIST,sku_component[3],4452,3651,0502012|0728003|1002004|0608004,,1002004,1,EXACT,SKU Woo literal: 0502012|0728003|1002004|0608004,EXACT_SKU,1002004,EXACT,PRIMARY_WOO,4452,3651,0502012|0728003|1002004|0608004,"Futón con una capa de látex, 150x200x14,5 cm, Crudo, Con cajón",1002004,YES,NO,NO,NO,1,COMPOSITION_EXACT_WOO,,"Evidence row; correlate by combination_sku, component_sku and quantity.",,EXACT,EXACT,COMPOSITION_EXACT_WOO,COMPOSITION_EXACT_WOO,UNCHANGED_EXACT_EVIDENCE,YES,NO,HIGH,Exact 001A.0 evidence retained; no fuzzy identity.,INCLUDED_EXACT,,,,,
WOO_SKU_COMPONENT_LIST,sku_component[3],4456,3651,0502012|0728003|1002004|0616004,,1002004,1,EXACT,SKU Woo literal: 0502012|0728003|1002004|0616004,EXACT_SKU,1002004,EXACT,PRIMARY_WOO,4456,3651,0502012|0728003|1002004|0616004,"Futón con una capa de látex, 150x200x14,5 cm, Negro, Con cajón",1002004,YES,NO,NO,NO,1,COMPOSITION_EXACT_WOO,,"Evidence row; correlate by combination_sku, component_sku and quantity.",,EXACT,EXACT,COMPOSITION_EXACT_WOO,COMPOSITION_EXACT_WOO,UNCHANGED_EXACT_EVIDENCE,YES,NO,HIGH,Exact 001A.0 evidence retained; no fuzzy identity.,INCLUDED_EXACT,,,,,
WOO_SKU_COMPONENT_LIST,sku_component[3],6284,3651,0502012|0728003|1002004|0617004,,1002004,1,EXACT,SKU Woo literal: 0502012|0728003|1002004|0617004,EXACT_SKU,1002004,EXACT,PRIMARY_WOO,6284,3651,0502012|0728003|1002004|0617004,"Futón con una capa de látex, 150x200x14,5 cm, Gris jaspeado, Con cajón",1002004,YES,NO,NO,NO,1,COMPOSITION_EXACT_WOO,,"Evidence row; correlate by combination_sku, component_sku and quantity.",,EXACT,EXACT,COMPOSITION_EXACT_WOO,COMPOSITION_EXACT_WOO,UNCHANGED_EXACT_EVIDENCE,YES,NO,HIGH,Exact 001A.0 evidence retained; no fuzzy identity.,INCLUDED_EXACT,,,,,
WOO_SKU_COMPONENT_LIST,sku_component[3],9452,3651,0502012|0728003|1002004|0619004,,1002004,1,EXACT,SKU Woo literal: 0502012|0728003|1002004|0619004,EXACT_SKU,1002004,EXACT,PRIMARY_WOO,9452,3651,0502012|0728003|1002004|0619004,"Futón con una capa de látex, 150x200x14,5 cm, Beige jaspeado, Con cajón",1002004,YES,NO,NO,NO,1,COMPOSITION_EXACT_WOO,,"Evidence row; correlate by combination_sku, component_sku and quantity.",,EXACT,EXACT,COMPOSITION_EXACT_WOO,COMPOSITION_EXACT_WOO,UNCHANGED_EXACT_EVIDENCE,YES,NO,HIGH,Exact 001A.0 evidence retained; no fuzzy identity.,INCLUDED_EXACT,,,,,
WOO_SKU_COMPONENT_LIST,sku_component[3],11140,3651,0502012|0728003|1002004|0619010,,1002004,1,EXACT,SKU Woo literal: 0502012|0728003|1002004|0619010,EXACT_SKU,1002004,EXACT,PRIMARY_WOO,11140,3651,0502012|0728003|1002004|0619010,"Futón con una capa de látex, 150x200x14,5 cm, Marrón, Con cajón",1002004,YES,NO,NO,NO,1,COMPOSITION_EXACT_WOO,,"Evidence row; correlate by combination_sku, component_sku and quantity.",,EXACT,EXACT,COMPOSITION_EXACT_WOO,COMPOSITION_EXACT_WOO,UNCHANGED_EXACT_EVIDENCE,YES,NO,HIGH,Exact 001A.0 evidence retained; no fuzzy identity.,INCLUDED_EXACT,,,,,
WOO_SKU_COMPONENT_LIST,sku_component[3],4308,3651,0502012|0730003|0608004,,0608004,1,EXACT,SKU Woo literal: 0502012|0730003|0608004,EXACT_SKU,608004,EXACT,PRIMARY_WOO,4308,3651,0502012|0730003|0608004,"Futón con dos capas de látex, 150x200x14,5 cm, Crudo, Sin cajón",608004,YES,NO,NO,NO,1,COMPOSITION_EXACT_WOO,,"Evidence row; correlate by combination_sku, component_sku and quantity.",,EXACT,EXACT,COMPOSITION_EXACT_WOO,COMPOSITION_EXACT_WOO,UNCHANGED_EXACT_EVIDENCE,YES,NO,HIGH,Exact 001A.0 evidence retained; no fuzzy identity.,INCLUDED_EXACT,,,,,
WOO_SKU_COMPONENT_LIST,sku_component[3],4312,3651,0502012|0730003|0616004,,0616004,1,EXACT,SKU Woo literal: 0502012|0730003|0616004,EXACT_SKU,616004,EXACT,PRIMARY_WOO,4312,3651,0502012|0730003|0616004,"Futón con dos capas de látex, 150x200x14,5 cm, Negro, Sin cajón",616004,YES,NO,NO,NO,1,COMPOSITION_EXACT_WOO,,"Evidence row; correlate by combination_sku, component_sku and quantity.",,EXACT,EXACT,COMPOSITION_EXACT_WOO,COMPOSITION_EXACT_WOO,UNCHANGED_EXACT_EVIDENCE,YES,NO,HIGH,Exact 001A.0 evidence retained; no fuzzy identity.,INCLUDED_EXACT,,,,,
WOO_SKU_COMPONENT_LIST,sku_component[3],9447,3651,0502012|0730003|0617004,,0617004,1,EXACT,SKU Woo literal: 0502012|0730003|0617004,EXACT_SKU,617004,EXACT,PRIMARY_WOO,9447,3651,0502012|0730003|0617004,"Futón con dos capas de látex, 150x200x14,5 cm, Gris jaspeado, Sin cajón",617004,YES,NO,NO,NO,1,COMPOSITION_EXACT_WOO,,"Evidence row; correlate by combination_sku, component_sku and quantity.",,EXACT,EXACT,COMPOSITION_EXACT_WOO,COMPOSITION_EXACT_WOO,UNCHANGED_EXACT_EVIDENCE,YES,NO,HIGH,Exact 001A.0 evidence retained; no fuzzy identity.,INCLUDED_EXACT,,,,,
WOO_SKU_COMPONENT_LIST,sku_component[3],9443,3651,0502012|0730003|0619004,,0619004,1,EXACT,SKU Woo literal: 0502012|0730003|0619004,EXACT_SKU,619004,EXACT,PRIMARY_WOO,9443,3651,0502012|0730003|0619004,"Futón con dos capas de látex, 150x200x14,5 cm, Beige jaspeado, Sin cajón",619004,YES,NO,NO,NO,1,COMPOSITION_EXACT_WOO,,"Evidence row; correlate by combination_sku, component_sku and quantity.",,EXACT,EXACT,COMPOSITION_EXACT_WOO,COMPOSITION_EXACT_WOO,UNCHANGED_EXACT_EVIDENCE,YES,NO,HIGH,Exact 001A.0 evidence retained; no fuzzy identity.,INCLUDED_EXACT,,,,,
WOO_SKU_COMPONENT_LIST,sku_component[3],11136,3651,0502012|0730003|0619010,,0619010,1,EXACT,SKU Woo literal: 0502012|0730003|0619010,EXACT_SKU,619010,EXACT,PRIMARY_WOO,11136,3651,0502012|0730003|0619010,"Futón con dos capas de látex, 150x200x14,5 cm, Marrón, Sin cajón",619010,YES,NO,NO,NO,1,COMPOSITION_EXACT_WOO,,"Evidence row; correlate by combination_sku, component_sku and quantity.",,EXACT,EXACT,COMPOSITION_EXACT_WOO,COMPOSITION_EXACT_WOO,UNCHANGED_EXACT_EVIDENCE,YES,NO,HIGH,Exact 001A.0 evidence retained; no fuzzy identity.,INCLUDED_EXACT,,,,,
WOO_SKU_COMPONENT_LIST,sku_component[3],4377,3651,0502012|0730003|1002004,,1002004,1,EXACT,SKU Woo literal: 0502012|0730003|1002004,EXACT_SKU,1002004,EXACT,PRIMARY_WOO,4377,3651,0502012|0730003|1002004,"Futón con dos capas de látex, 150x200x14,5 cm, Sin funda, Con cajón",1002004,YES,NO,NO,NO,1,COMPOSITION_EXACT_WOO,,"Evidence row; correlate by combination_sku, component_sku and quantity.",,EXACT,EXACT,COMPOSITION_EXACT_WOO,COMPOSITION_EXACT_WOO,UNCHANGED_EXACT_EVIDENCE,YES,NO,HIGH,Exact 001A.0 evidence retained; no fuzzy identity.,INCLUDED_EXACT,,,,,
WOO_SKU_COMPONENT_LIST,sku_component[3],4382,3651,0502012|0730003|1002004|0608004,,1002004,1,EXACT,SKU Woo literal: 0502012|0730003|1002004|0608004,EXACT_SKU,1002004,EXACT,PRIMARY_WOO,4382,3651,0502012|0730003|1002004|0608004,"Futón con dos capas de látex, 150x200x14,5 cm, Crudo, Con cajón",1002004,YES,NO,NO,NO,1,COMPOSITION_EXACT_WOO,,"Evidence row; correlate by combination_sku, component_sku and quantity.",,EXACT,EXACT,COMPOSITION_EXACT_WOO,COMPOSITION_EXACT_WOO,UNCHANGED_EXACT_EVIDENCE,YES,NO,HIGH,Exact 001A.0 evidence retained; no fuzzy identity.,INCLUDED_EXACT,,,,,
WOO_SKU_COMPONENT_LIST,sku_component[3],4386,3651,0502012|0730003|1002004|0616004,,1002004,1,EXACT,SKU Woo literal: 0502012|0730003|1002004|0616004,EXACT_SKU,1002004,EXACT,PRIMARY_WOO,4386,3651,0502012|0730003|1002004|0616004,"Futón con dos capas de látex, 150x200x14,5 cm, Negro, Con cajón",1002004,YES,NO,NO,NO,1,COMPOSITION_EXACT_WOO,,"Evidence row; correlate by combination_sku, component_sku and quantity.",,EXACT,EXACT,COMPOSITION_EXACT_WOO,COMPOSITION_EXACT_WOO,UNCHANGED_EXACT_EVIDENCE,YES,NO,HIGH,Exact 001A.0 evidence retained; no fuzzy identity.,INCLUDED_EXACT,,,,,
WOO_SKU_COMPONENT_LIST,sku_component[3],6289,3651,0502012|0730003|1002004|0617004,,1002004,1,EXACT,SKU Woo literal: 0502012|0730003|1002004|0617004,EXACT_SKU,1002004,EXACT,PRIMARY_WOO,6289,3651,0502012|0730003|1002004|0617004,"Futón con dos capas de látex, 150x200x14,5 cm, Gris jaspeado, Con cajón",1002004,YES,NO,NO,NO,1,COMPOSITION_EXACT_WOO,,"Evidence row; correlate by combination_sku, component_sku and quantity.",,EXACT,EXACT,COMPOSITION_EXACT_WOO,COMPOSITION_EXACT_WOO,UNCHANGED_EXACT_EVIDENCE,YES,NO,HIGH,Exact 001A.0 evidence retained; no fuzzy identity.,INCLUDED_EXACT,,,,,
WOO_SKU_COMPONENT_LIST,sku_component[3],9448,3651,0502012|0730003|1002004|0619004,,1002004,1,EXACT,SKU Woo literal: 0502012|0730003|1002004|0619004,EXACT_SKU,1002004,EXACT,PRIMARY_WOO,9448,3651,0502012|0730003|1002004|0619004,"Futón con dos capas de látex, 150x200x14,5 cm, Beige jaspeado, Con cajón",1002004,YES,NO,NO,NO,1,COMPOSITION_EXACT_WOO,,"Evidence row; correlate by combination_sku, component_sku and quantity.",,EXACT,EXACT,COMPOSITION_EXACT_WOO,COMPOSITION_EXACT_WOO,UNCHANGED_EXACT_EVIDENCE,YES,NO,HIGH,Exact 001A.0 evidence retained; no fuzzy identity.,INCLUDED_EXACT,,,,,
WOO_SKU_COMPONENT_LIST,sku_component[3],11139,3651,0502012|0730003|1002004|0619010,,1002004,1,EXACT,SKU Woo literal: 0502012|0730003|1002004|0619010,EXACT_SKU,1002004,EXACT,PRIMARY_WOO,11139,3651,0502012|0730003|1002004|0619010,"Futón con dos capas de látex, 150x200x14,5 cm, Marrón, Con cajón",1002004,YES,NO,NO,NO,1,COMPOSITION_EXACT_WOO,,"Evidence row; correlate by combination_sku, component_sku and quantity.",,EXACT,EXACT,COMPOSITION_EXACT_WOO,COMPOSITION_EXACT_WOO,UNCHANGED_EXACT_EVIDENCE,YES,NO,HIGH,Exact 001A.0 evidence retained; no fuzzy identity.,INCLUDED_EXACT,,,,,
WOO_SKU_COMPONENT_LIST,sku_component[3],4034,3648,0504009|0724001|0606001,,0606001,1,EXACT,SKU Woo literal: 0504009|0724001|0606001,EXACT_SKU,606001,EXACT,PRIMARY_WOO,4034,3648,0504009|0724001|0606001,"90x200x8 cm, 90x120x100 cm, 90x200 cm, Futón de algodón, 90x200x14,5 cm, Granate",606001,YES,NO,NO,NO,1,COMPOSITION_EXACT_WOO,,"Evidence row; correlate by combination_sku, component_sku and quantity.",,EXACT,EXACT,COMPOSITION_EXACT_WOO,COMPOSITION_EXACT_WOO,UNCHANGED_EXACT_EVIDENCE,YES,NO,HIGH,Exact 001A.0 evidence retained; no fuzzy identity.,INCLUDED_EXACT,,,,,
WOO_SKU_COMPONENT_LIST,sku_component[3],4038,3648,0504009|0724001|0607001,,0607001,1,EXACT,SKU Woo literal: 0504009|0724001|0607001,EXACT_SKU,607001,EXACT,PRIMARY_WOO,4038,3648,0504009|0724001|0607001,"90x200x8 cm, 90x120x100 cm, 90x200 cm, Futón de algodón, 90x200x14,5 cm, Rojo",607001,YES,NO,NO,NO,1,COMPOSITION_EXACT_WOO,,"Evidence row; correlate by combination_sku, component_sku and quantity.",,EXACT,EXACT,COMPOSITION_EXACT_WOO,COMPOSITION_EXACT_WOO,UNCHANGED_EXACT_EVIDENCE,YES,NO,HIGH,Exact 001A.0 evidence retained; no fuzzy identity.,INCLUDED_EXACT,,,,,
WOO_SKU_COMPONENT_LIST,sku_component[3],4033,3648,0504009|0724001|0608001,,0608001,1,EXACT,SKU Woo literal: 0504009|0724001|0608001,EXACT_SKU,608001,EXACT,PRIMARY_WOO,4033,3648,0504009|0724001|0608001,"90x200x8 cm, 90x120x100 cm, 90x200 cm, Futón de algodón, 90x200x14,5 cm, Crudo",608001,YES,NO,NO,NO,1,COMPOSITION_EXACT_WOO,,"Evidence row; correlate by combination_sku, component_sku and quantity.",,EXACT,EXACT,COMPOSITION_EXACT_WOO,COMPOSITION_EXACT_WOO,UNCHANGED_EXACT_EVIDENCE,YES,NO,HIGH,Exact 001A.0 evidence retained; no fuzzy identity.,INCLUDED_EXACT,,,,,
WOO_SKU_COMPONENT_LIST,sku_component[3],4031,3648,0504009|0724001|0609001,,0609001,1,EXACT,SKU Woo literal: 0504009|0724001|0609001,EXACT_SKU,609001,EXACT,PRIMARY_WOO,4031,3648,0504009|0724001|0609001,"90x200x8 cm, 90x120x100 cm, 90x200 cm, Futón de algodón, 90x200x14,5 cm, Azul",609001,YES,NO,NO,NO,1,COMPOSITION_EXACT_WOO,,"Evidence row; correlate by combination_sku, component_sku and quantity.",,EXACT,EXACT,COMPOSITION_EXACT_WOO,COMPOSITION_EXACT_WOO,UNCHANGED_EXACT_EVIDENCE,YES,NO,HIGH,Exact 001A.0 evidence retained; no fuzzy identity.,INCLUDED_EXACT,,,,,
WOO_SKU_COMPONENT_LIST,sku_component[3],4030,3648,0504009|0724001|0615001,,0615001,1,EXACT,SKU Woo literal: 0504009|0724001|0615001,EXACT_SKU,615001,EXACT,PRIMARY_WOO,4030,3648,0504009|0724001|0615001,"90x200x8 cm, 90x120x100 cm, 90x200 cm, Futón de algodón, 90x200x14,5 cm, Amarillo",615001,YES,NO,NO,NO,1,COMPOSITION_EXACT_WOO,,"Evidence row; correlate by combination_sku, component_sku and quantity.",,EXACT,EXACT,COMPOSITION_EXACT_WOO,COMPOSITION_EXACT_WOO,UNCHANGED_EXACT_EVIDENCE,YES,NO,HIGH,Exact 001A.0 evidence retained; no fuzzy identity.,INCLUDED_EXACT,,,,,
WOO_SKU_COMPONENT_LIST,sku_component[3],4037,3648,0504009|0724001|0616001,,0616001,1,EXACT,SKU Woo literal: 0504009|0724001|0616001,EXACT_SKU,616001,EXACT,PRIMARY_WOO,4037,3648,0504009|0724001|0616001,"90x200x8 cm, 90x120x100 cm, 90x200 cm, Futón de algodón, 90x200x14,5 cm, Negro",616001,YES,NO,NO,NO,1,COMPOSITION_EXACT_WOO,,"Evidence row; correlate by combination_sku, component_sku and quantity.",,EXACT,EXACT,COMPOSITION_EXACT_WOO,COMPOSITION_EXACT_WOO,UNCHANGED_EXACT_EVIDENCE,YES,NO,HIGH,Exact 001A.0 evidence retained; no fuzzy identity.,INCLUDED_EXACT,,,,,
WOO_SKU_COMPONENT_LIST,sku_component[3],4010,3648,0504009|0728001|0606001,,0606001,1,EXACT,SKU Woo literal: 0504009|0728001|0606001,EXACT_SKU,606001,EXACT,PRIMARY_WOO,4010,3648,0504009|0728001|0606001,"90x200x8 cm, 90x120x100 cm, 90x200 cm, Futón con una capa de látex, 90x200x14,5 cm, Granate",606001,YES,NO,NO,NO,1,COMPOSITION_EXACT_WOO,,"Evidence row; correlate by combination_sku, component_sku and quantity.",,EXACT,EXACT,COMPOSITION_EXACT_WOO,COMPOSITION_EXACT_WOO,UNCHANGED_EXACT_EVIDENCE,YES,NO,HIGH,Exact 001A.0 evidence retained; no fuzzy identity.,INCLUDED_EXACT,,,,,
WOO_SKU_COMPONENT_LIST,sku_component[3],4014,3648,0504009|0728001|0607001,,0607001,1,EXACT,SKU Woo literal: 0504009|0728001|0607001,EXACT_SKU,607001,EXACT,PRIMARY_WOO,4014,3648,0504009|0728001|0607001,"90x200x8 cm, 90x120x100 cm, 90x200 cm, Futón con una capa de látex, 90x200x14,5 cm, Rojo",607001,YES,NO,NO,NO,1,COMPOSITION_EXACT_WOO,,"Evidence row; correlate by combination_sku, component_sku and quantity.",,EXACT,EXACT,COMPOSITION_EXACT_WOO,COMPOSITION_EXACT_WOO,UNCHANGED_EXACT_EVIDENCE,YES,NO,HIGH,Exact 001A.0 evidence retained; no fuzzy identity.,INCLUDED_EXACT,,,,,
WOO_SKU_COMPONENT_LIST,sku_component[3],4009,3648,0504009|0728001|0608001,,0608001,1,EXACT,SKU Woo literal: 0504009|0728001|0608001,EXACT_SKU,608001,EXACT,PRIMARY_WOO,4009,3648,0504009|0728001|0608001,"90x200x8 cm, 90x120x100 cm, 90x200 cm, Futón con una capa de látex, 90x200x14,5 cm, Crudo",608001,YES,NO,NO,NO,1,COMPOSITION_EXACT_WOO,,"Evidence row; correlate by combination_sku, component_sku and quantity.",,EXACT,EXACT,COMPOSITION_EXACT_WOO,COMPOSITION_EXACT_WOO,UNCHANGED_EXACT_EVIDENCE,YES,NO,HIGH,Exact 001A.0 evidence retained; no fuzzy identity.,INCLUDED_EXACT,,,,,
WOO_SKU_COMPONENT_LIST,sku_component[3],4007,3648,0504009|0728001|0609001,,0609001,1,EXACT,SKU Woo literal: 0504009|0728001|0609001,EXACT_SKU,609001,EXACT,PRIMARY_WOO,4007,3648,0504009|0728001|0609001,"90x200x8 cm, 90x120x100 cm, 90x200 cm, Futón con una capa de látex, 90x200x14,5 cm, Azul",609001,YES,NO,NO,NO,1,COMPOSITION_EXACT_WOO,,"Evidence row; correlate by combination_sku, component_sku and quantity.",,EXACT,EXACT,COMPOSITION_EXACT_WOO,COMPOSITION_EXACT_WOO,UNCHANGED_EXACT_EVIDENCE,YES,NO,HIGH,Exact 001A.0 evidence retained; no fuzzy identity.,INCLUDED_EXACT,,,,,
WOO_SKU_COMPONENT_LIST,sku_component[3],4006,3648,0504009|0728001|0615001,,0615001,1,EXACT,SKU Woo literal: 0504009|0728001|0615001,EXACT_SKU,615001,EXACT,PRIMARY_WOO,4006,3648,0504009|0728001|0615001,"90x200x8 cm, 90x120x100 cm, 90x200 cm, Futón con una capa de látex, 90x200x14,5 cm, Amarillo",615001,YES,NO,NO,NO,1,COMPOSITION_EXACT_WOO,,"Evidence row; correlate by combination_sku, component_sku and quantity.",,EXACT,EXACT,COMPOSITION_EXACT_WOO,COMPOSITION_EXACT_WOO,UNCHANGED_EXACT_EVIDENCE,YES,NO,HIGH,Exact 001A.0 evidence retained; no fuzzy identity.,INCLUDED_EXACT,,,,,
WOO_SKU_COMPONENT_LIST,sku_component[3],4013,3648,0504009|0728001|0616001,,0616001,1,EXACT,SKU Woo literal: 0504009|0728001|0616001,EXACT_SKU,616001,EXACT,PRIMARY_WOO,4013,3648,0504009|0728001|0616001,"90x200x8 cm, 90x120x100 cm, 90x200 cm, Futón con una capa de látex, 90x200x14,5 cm, Negro",616001,YES,NO,NO,NO,1,COMPOSITION_EXACT_WOO,,"Evidence row; correlate by combination_sku, component_sku and quantity.",,EXACT,EXACT,COMPOSITION_EXACT_WOO,COMPOSITION_EXACT_WOO,UNCHANGED_EXACT_EVIDENCE,YES,NO,HIGH,Exact 001A.0 evidence retained; no fuzzy identity.,INCLUDED_EXACT,,,,,
WOO_SKU_COMPONENT_LIST,sku_component[3],4022,3648,0504009|0730001|0606001,,0606001,1,EXACT,SKU Woo literal: 0504009|0730001|0606001,EXACT_SKU,606001,EXACT,PRIMARY_WOO,4022,3648,0504009|0730001|0606001,"90x200x8 cm, 90x120x100 cm, 90x200 cm, Futón con dos capas de látex, 90x200x14,5 cm, Granate",606001,YES,NO,NO,NO,1,COMPOSITION_EXACT_WOO,,"Evidence row; correlate by combination_sku, component_sku and quantity.",,EXACT,EXACT,COMPOSITION_EXACT_WOO,COMPOSITION_EXACT_WOO,UNCHANGED_EXACT_EVIDENCE,YES,NO,HIGH,Exact 001A.0 evidence retained; no fuzzy identity.,INCLUDED_EXACT,,,,,
WOO_SKU_COMPONENT_LIST,sku_component[3],4026,3648,0504009|0730001|0607001,,0607001,1,EXACT,SKU Woo literal: 0504009|0730001|0607001,EXACT_SKU,607001,EXACT,PRIMARY_WOO,4026,3648,0504009|0730001|0607001,"90x200x8 cm, 90x120x100 cm, 90x200 cm, Futón con dos capas de látex, 90x200x14,5 cm, Rojo",607001,YES,NO,NO,NO,1,COMPOSITION_EXACT_WOO,,"Evidence row; correlate by combination_sku, component_sku and quantity.",,EXACT,EXACT,COMPOSITION_EXACT_WOO,COMPOSITION_EXACT_WOO,UNCHANGED_EXACT_EVIDENCE,YES,NO,HIGH,Exact 001A.0 evidence retained; no fuzzy identity.,INCLUDED_EXACT,,,,,
WOO_SKU_COMPONENT_LIST,sku_component[3],4021,3648,0504009|0730001|0608001,,0608001,1,EXACT,SKU Woo literal: 0504009|0730001|0608001,EXACT_SKU,608001,EXACT,PRIMARY_WOO,4021,3648,0504009|0730001|0608001,"90x200x8 cm, 90x120x100 cm, 90x200 cm, Futón con dos capas de látex, 90x200x14,5 cm, Crudo",608001,YES,NO,NO,NO,1,COMPOSITION_EXACT_WOO,,"Evidence row; correlate by combination_sku, component_sku and quantity.",,EXACT,EXACT,COMPOSITION_EXACT_WOO,COMPOSITION_EXACT_WOO,UNCHANGED_EXACT_EVIDENCE,YES,NO,HIGH,Exact 001A.0 evidence retained; no fuzzy identity.,INCLUDED_EXACT,,,,,
WOO_SKU_COMPONENT_LIST,sku_component[3],4019,3648,0504009|0730001|0609001,,0609001,1,EXACT,SKU Woo literal: 0504009|0730001|0609001,EXACT_SKU,609001,EXACT,PRIMARY_WOO,4019,3648,0504009|0730001|0609001,"90x200x8 cm, 90x120x100 cm, 90x200 cm, Futón con dos capas de látex, 90x200x14,5 cm, Azul",609001,YES,NO,NO,NO,1,COMPOSITION_EXACT_WOO,,"Evidence row; correlate by combination_sku, component_sku and quantity.",,EXACT,EXACT,COMPOSITION_EXACT_WOO,COMPOSITION_EXACT_WOO,UNCHANGED_EXACT_EVIDENCE,YES,NO,HIGH,Exact 001A.0 evidence retained; no fuzzy identity.,INCLUDED_EXACT,,,,,
WOO_SKU_COMPONENT_LIST,sku_component[3],4018,3648,0504009|0730001|0615001,,0615001,1,EXACT,SKU Woo literal: 0504009|0730001|0615001,EXACT_SKU,615001,EXACT,PRIMARY_WOO,4018,3648,0504009|0730001|0615001,"90x200x8 cm, 90x120x100 cm, 90x200 cm, Futón con dos capas de látex, 90x200x14,5 cm, Amarillo",615001,YES,NO,NO,NO,1,COMPOSITION_EXACT_WOO,,"Evidence row; correlate by combination_sku, component_sku and quantity.",,EXACT,EXACT,COMPOSITION_EXACT_WOO,COMPOSITION_EXACT_WOO,UNCHANGED_EXACT_EVIDENCE,YES,NO,HIGH,Exact 001A.0 evidence retained; no fuzzy identity.,INCLUDED_EXACT,,,,,
WOO_SKU_COMPONENT_LIST,sku_component[3],4025,3648,0504009|0730001|0616001,,0616001,1,EXACT,SKU Woo literal: 0504009|0730001|0616001,EXACT_SKU,616001,EXACT,PRIMARY_WOO,4025,3648,0504009|0730001|0616001,"90x200x8 cm, 90x120x100 cm, 90x200 cm, Futón con dos capas de látex, 90x200x14,5 cm, Negro",616001,YES,NO,NO,NO,1,COMPOSITION_EXACT_WOO,,"Evidence row; correlate by combination_sku, component_sku and quantity.",,EXACT,EXACT,COMPOSITION_EXACT_WOO,COMPOSITION_EXACT_WOO,UNCHANGED_EXACT_EVIDENCE,YES,NO,HIGH,Exact 001A.0 evidence retained; no fuzzy identity.,INCLUDED_EXACT,,,,,
WOO_SKU_COMPONENT_LIST,sku_component[3],4069,3648,0504010|0724003|0606002,,0606002,1,EXACT,SKU Woo literal: 0504010|0724003|0606002,EXACT_SKU,606002,EXACT,PRIMARY_WOO,4069,3648,0504010|0724003|0606002,"140x200x8 cm, 140x120x100 cm, 140x200 cm, Futón de algodón, 140x200x14,5 cm, Granate",606002,YES,NO,NO,NO,1,COMPOSITION_EXACT_WOO,,"Evidence row; correlate by combination_sku, component_sku and quantity.",,EXACT,EXACT,COMPOSITION_EXACT_WOO,COMPOSITION_EXACT_WOO,UNCHANGED_EXACT_EVIDENCE,YES,NO,HIGH,Exact 001A.0 evidence retained; no fuzzy identity.,INCLUDED_EXACT,,,,,
WOO_SKU_COMPONENT_LIST,sku_component[3],4073,3648,0504010|0724003|0607002,,0607002,1,EXACT,SKU Woo literal: 0504010|0724003|0607002,EXACT_SKU,607002,EXACT,PRIMARY_WOO,4073,3648,0504010|0724003|0607002,"140x200x8 cm, 140x120x100 cm, 140x200 cm, Futón de algodón, 140x200x14,5 cm, Rojo",607002,YES,NO,NO,NO,1,COMPOSITION_EXACT_WOO,,"Evidence row; correlate by combination_sku, component_sku and quantity.",,EXACT,EXACT,COMPOSITION_EXACT_WOO,COMPOSITION_COMPONENT_ONLY,PHYSICAL_COMPONENT_WITHOUT_STANDALONE_WOO,YES,NO,HIGH,Exact 001A.0 evidence retained; no fuzzy identity.,INCLUDED_EXACT,,,,,
WOO_SKU_COMPONENT_LIST,sku_component[3],4068,3648,0504010|0724003|0608002,,0608002,1,EXACT,SKU Woo literal: 0504010|0724003|0608002,EXACT_SKU,608002,EXACT,PRIMARY_WOO,4068,3648,0504010|0724003|0608002,"140x200x8 cm, 140x120x100 cm, 140x200 cm, Futón de algodón, 140x200x14,5 cm, Crudo",608002,YES,NO,NO,NO,1,COMPOSITION_EXACT_WOO,,"Evidence row; correlate by combination_sku, component_sku and quantity.",,EXACT,EXACT,COMPOSITION_EXACT_WOO,COMPOSITION_EXACT_WOO,UNCHANGED_EXACT_EVIDENCE,YES,NO,HIGH,Exact 001A.0 evidence retained; no fuzzy identity.,INCLUDED_EXACT,,,,,
WOO_SKU_COMPONENT_LIST,sku_component[3],4075,3648,0504010|0724003|0614002,,0614002,1,EXACT,SKU Woo literal: 0504010|0724003|0614002,EXACT_SKU,614002,EXACT,PRIMARY_WOO,4075,3648,0504010|0724003|0614002,"140x200x8 cm, 140x120x100 cm, 140x200 cm, Futón de algodón, 140x200x14,5 cm, Verde",614002,YES,NO,NO,NO,1,COMPOSITION_EXACT_WOO,,"Evidence row; correlate by combination_sku, component_sku and quantity.",,EXACT,EXACT,COMPOSITION_EXACT_WOO,COMPOSITION_COMPONENT_ONLY,PHYSICAL_COMPONENT_WITHOUT_STANDALONE_WOO,YES,NO,HIGH,Exact 001A.0 evidence retained; no fuzzy identity.,INCLUDED_EXACT,,,,,
WOO_SKU_COMPONENT_LIST,sku_component[3],4066,3648,0504010|0724003|0615002,,0615002,1,EXACT,SKU Woo literal: 0504010|0724003|0615002,EXACT_SKU,615002,EXACT,PRIMARY_WOO,4066,3648,0504010|0724003|0615002,"140x200x8 cm, 140x120x100 cm, 140x200 cm, Futón de algodón, 140x200x14,5 cm, Amarillo",615002,YES,NO,NO,NO,1,COMPOSITION_EXACT_WOO,,"Evidence row; correlate by combination_sku, component_sku and quantity.",,EXACT,EXACT,COMPOSITION_EXACT_WOO,COMPOSITION_EXACT_WOO,UNCHANGED_EXACT_EVIDENCE,YES,NO,HIGH,Exact 001A.0 evidence retained; no fuzzy identity.,INCLUDED_EXACT,,,,,
WOO_SKU_COMPONENT_LIST,sku_component[3],4072,3648,0504010|0724003|0616002,,0616002,1,EXACT,SKU Woo literal: 0504010|0724003|0616002,EXACT_SKU,616002,EXACT,PRIMARY_WOO,4072,3648,0504010|0724003|0616002,"140x200x8 cm, 140x120x100 cm, 140x200 cm, Futón de algodón, 140x200x14,5 cm, Negro",616002,YES,NO,NO,NO,1,COMPOSITION_EXACT_WOO,,"Evidence row; correlate by combination_sku, component_sku and quantity.",,EXACT,EXACT,COMPOSITION_EXACT_WOO,COMPOSITION_EXACT_WOO,UNCHANGED_EXACT_EVIDENCE,YES,NO,HIGH,Exact 001A.0 evidence retained; no fuzzy identity.,INCLUDED_EXACT,,,,,
WOO_SKU_COMPONENT_LIST,sku_component[3],4046,3648,0504010|0728002|0606002,,0606002,1,EXACT,SKU Woo literal: 0504010|0728002|0606002,EXACT_SKU,606002,EXACT,PRIMARY_WOO,4046,3648,0504010|0728002|0606002,"140x200x8 cm, 140x120x100 cm, 140x200 cm, Futón con una capa de látex, 140x200x14,5 cm, Granate",606002,YES,NO,NO,NO,1,COMPOSITION_EXACT_WOO,,"Evidence row; correlate by combination_sku, component_sku and quantity.",,EXACT,EXACT,COMPOSITION_EXACT_WOO,COMPOSITION_EXACT_WOO,UNCHANGED_EXACT_EVIDENCE,YES,NO,HIGH,Exact 001A.0 evidence retained; no fuzzy identity.,INCLUDED_EXACT,,,,,
WOO_SKU_COMPONENT_LIST,sku_component[3],4050,3648,0504010|0728002|0607002,,0607002,1,EXACT,SKU Woo literal: 0504010|0728002|0607002,EXACT_SKU,607002,EXACT,PRIMARY_WOO,4050,3648,0504010|0728002|0607002,"140x200x8 cm, 140x120x100 cm, 140x200 cm, Futón con una capa de látex, 140x200x14,5 cm, Rojo",607002,YES,NO,NO,NO,1,COMPOSITION_EXACT_WOO,,"Evidence row; correlate by combination_sku, component_sku and quantity.",,EXACT,EXACT,COMPOSITION_EXACT_WOO,COMPOSITION_COMPONENT_ONLY,PHYSICAL_COMPONENT_WITHOUT_STANDALONE_WOO,YES,NO,HIGH,Exact 001A.0 evidence retained; no fuzzy identity.,INCLUDED_EXACT,,,,,
WOO_SKU_COMPONENT_LIST,sku_component[3],4045,3648,0504010|0728002|0608002,,0608002,1,EXACT,SKU Woo literal: 0504010|0728002|0608002,EXACT_SKU,608002,EXACT,PRIMARY_WOO,4045,3648,0504010|0728002|0608002,"140x200x8 cm, 140x120x100 cm, 140x200 cm, Futón con una capa de látex, 140x200x14,5 cm, Crudo",608002,YES,NO,NO,NO,1,COMPOSITION_EXACT_WOO,,"Evidence row; correlate by combination_sku, component_sku and quantity.",,EXACT,EXACT,COMPOSITION_EXACT_WOO,COMPOSITION_EXACT_WOO,UNCHANGED_EXACT_EVIDENCE,YES,NO,HIGH,Exact 001A.0 evidence retained; no fuzzy identity.,INCLUDED_EXACT,,,,,
WOO_SKU_COMPONENT_LIST,sku_component[3],4043,3648,0504010|0728002|0609002,,0609002,1,EXACT,SKU Woo literal: 0504010|0728002|0609002,EXACT_SKU,609002,EXACT,PRIMARY_WOO,4043,3648,0504010|0728002|0609002,"140x200x8 cm, 140x120x100 cm, 140x200 cm, Futón con una capa de látex, 140x200x14,5 cm, Azul",609002,YES,NO,NO,NO,1,COMPOSITION_EXACT_WOO,,"Evidence row; correlate by combination_sku, component_sku and quantity.",,EXACT,EXACT,COMPOSITION_EXACT_WOO,COMPOSITION_EXACT_WOO,UNCHANGED_EXACT_EVIDENCE,YES,NO,HIGH,Exact 001A.0 evidence retained; no fuzzy identity.,INCLUDED_EXACT,,,,,
WOO_SKU_COMPONENT_LIST,sku_component[3],4052,3648,0504010|0728002|0614002,,0614002,1,EXACT,SKU Woo literal: 0504010|0728002|0614002,EXACT_SKU,614002,EXACT,PRIMARY_WOO,4052,3648,0504010|0728002|0614002,"140x200x8 cm, 140x120x100 cm, 140x200 cm, Futón con una capa de látex, 140x200x14,5 cm, Verde",614002,YES,NO,NO,NO,1,COMPOSITION_EXACT_WOO,,"Evidence row; correlate by combination_sku, component_sku and quantity.",,EXACT,EXACT,COMPOSITION_EXACT_WOO,COMPOSITION_COMPONENT_ONLY,PHYSICAL_COMPONENT_WITHOUT_STANDALONE_WOO,YES,NO,HIGH,Exact 001A.0 evidence retained; no fuzzy identity.,INCLUDED_EXACT,,,,,
WOO_SKU_COMPONENT_LIST,sku_component[3],4042,3648,0504010|0728002|0615002,,0615002,1,EXACT,SKU Woo literal: 0504010|0728002|0615002,EXACT_SKU,615002,EXACT,PRIMARY_WOO,4042,3648,0504010|0728002|0615002,"140x200x8 cm, 140x120x100 cm, 140x200 cm, Futón con una capa de látex, 140x200x14,5 cm, Amarillo",615002,YES,NO,NO,NO,1,COMPOSITION_EXACT_WOO,,"Evidence row; correlate by combination_sku, component_sku and quantity.",,EXACT,EXACT,COMPOSITION_EXACT_WOO,COMPOSITION_EXACT_WOO,UNCHANGED_EXACT_EVIDENCE,YES,NO,HIGH,Exact 001A.0 evidence retained; no fuzzy identity.,INCLUDED_EXACT,,,,,
WOO_SKU_COMPONENT_LIST,sku_component[3],4049,3648,0504010|0728002|0616002,,0616002,1,EXACT,SKU Woo literal: 0504010|0728002|0616002,EXACT_SKU,616002,EXACT,PRIMARY_WOO,4049,3648,0504010|0728002|0616002,"140x200x8 cm, 140x120x100 cm, 140x200 cm, Futón con una capa de látex, 140x200x14,5 cm, Negro",616002,YES,NO,NO,NO,1,COMPOSITION_EXACT_WOO,,"Evidence row; correlate by combination_sku, component_sku and quantity.",,EXACT,EXACT,COMPOSITION_EXACT_WOO,COMPOSITION_EXACT_WOO,UNCHANGED_EXACT_EVIDENCE,YES,NO,HIGH,Exact 001A.0 evidence retained; no fuzzy identity.,INCLUDED_EXACT,,,,,
WOO_SKU_COMPONENT_LIST,sku_component[3],4058,3648,0504010|0730002|0606002,,0606002,1,EXACT,SKU Woo literal: 0504010|0730002|0606002,EXACT_SKU,606002,EXACT,PRIMARY_WOO,4058,3648,0504010|0730002|0606002,"140x200x8 cm, 140x120x100 cm, 140x200 cm, Futón con dos capas de látex, 140x200x14,5 cm, Granate",606002,YES,NO,NO,NO,1,COMPOSITION_EXACT_WOO,,"Evidence row; correlate by combination_sku, component_sku and quantity.",,EXACT,EXACT,COMPOSITION_EXACT_WOO,COMPOSITION_EXACT_WOO,UNCHANGED_EXACT_EVIDENCE,YES,NO,HIGH,Exact 001A.0 evidence retained; no fuzzy identity.,INCLUDED_EXACT,,,,,
WOO_SKU_COMPONENT_LIST,sku_component[3],4062,3648,0504010|0730002|0607002,,0607002,1,EXACT,SKU Woo literal: 0504010|0730002|0607002,EXACT_SKU,607002,EXACT,PRIMARY_WOO,4062,3648,0504010|0730002|0607002,"140x200x8 cm, 140x120x100 cm, 140x200 cm, Futón con dos capas de látex, 140x200x14,5 cm, Rojo",607002,YES,NO,NO,NO,1,COMPOSITION_EXACT_WOO,,"Evidence row; correlate by combination_sku, component_sku and quantity.",,EXACT,EXACT,COMPOSITION_EXACT_WOO,COMPOSITION_COMPONENT_ONLY,PHYSICAL_COMPONENT_WITHOUT_STANDALONE_WOO,YES,NO,HIGH,Exact 001A.0 evidence retained; no fuzzy identity.,INCLUDED_EXACT,,,,,
WOO_SKU_COMPONENT_LIST,sku_component[3],4057,3648,0504010|0730002|0608002,,0608002,1,EXACT,SKU Woo literal: 0504010|0730002|0608002,EXACT_SKU,608002,EXACT,PRIMARY_WOO,4057,3648,0504010|0730002|0608002,"140x200x8 cm, 140x120x100 cm, 140x200 cm, Futón con dos capas de látex, 140x200x14,5 cm, Crudo",608002,YES,NO,NO,NO,1,COMPOSITION_EXACT_WOO,,"Evidence row; correlate by combination_sku, component_sku and quantity.",,EXACT,EXACT,COMPOSITION_EXACT_WOO,COMPOSITION_EXACT_WOO,UNCHANGED_EXACT_EVIDENCE,YES,NO,HIGH,Exact 001A.0 evidence retained; no fuzzy identity.,INCLUDED_EXACT,,,,,
WOO_SKU_COMPONENT_LIST,sku_component[3],4055,3648,0504010|0730002|0609002,,0609002,1,EXACT,SKU Woo literal: 0504010|0730002|0609002,EXACT_SKU,609002,EXACT,PRIMARY_WOO,4055,3648,0504010|0730002|0609002,"140x200x8 cm, 140x120x100 cm, 140x200 cm, Futón con dos capas de látex, 140x200x14,5 cm, Azul",609002,YES,NO,NO,NO,1,COMPOSITION_EXACT_WOO,,"Evidence row; correlate by combination_sku, component_sku and quantity.",,EXACT,EXACT,COMPOSITION_EXACT_WOO,COMPOSITION_EXACT_WOO,UNCHANGED_EXACT_EVIDENCE,YES,NO,HIGH,Exact 001A.0 evidence retained; no fuzzy identity.,INCLUDED_EXACT,,,,,
WOO_SKU_COMPONENT_LIST,sku_component[3],4064,3648,0504010|0730002|0614002,,0614002,1,EXACT,SKU Woo literal: 0504010|0730002|0614002,EXACT_SKU,614002,EXACT,PRIMARY_WOO,4064,3648,0504010|0730002|0614002,"140x200x8 cm, 140x120x100 cm, 140x200 cm, Futón con dos capas de látex, 140x200x14,5 cm, Verde",614002,YES,NO,NO,NO,1,COMPOSITION_EXACT_WOO,,"Evidence row; correlate by combination_sku, component_sku and quantity.",,EXACT,EXACT,COMPOSITION_EXACT_WOO,COMPOSITION_COMPONENT_ONLY,PHYSICAL_COMPONENT_WITHOUT_STANDALONE_WOO,YES,NO,HIGH,Exact 001A.0 evidence retained; no fuzzy identity.,INCLUDED_EXACT,,,,,
WOO_SKU_COMPONENT_LIST,sku_component[3],4054,3648,0504010|0730002|0615002,,0615002,1,EXACT,SKU Woo literal: 0504010|0730002|0615002,EXACT_SKU,615002,EXACT,PRIMARY_WOO,4054,3648,0504010|0730002|0615002,"140x200x8 cm, 140x120x100 cm, 140x200 cm, Futón con dos capas de látex, 140x200x14,5 cm, Amarillo",615002,YES,NO,NO,NO,1,COMPOSITION_EXACT_WOO,,"Evidence row; correlate by combination_sku, component_sku and quantity.",,EXACT,EXACT,COMPOSITION_EXACT_WOO,COMPOSITION_EXACT_WOO,UNCHANGED_EXACT_EVIDENCE,YES,NO,HIGH,Exact 001A.0 evidence retained; no fuzzy identity.,INCLUDED_EXACT,,,,,
WOO_SKU_COMPONENT_LIST,sku_component[3],4061,3648,0504010|0730002|0616002,,0616002,1,EXACT,SKU Woo literal: 0504010|0730002|0616002,EXACT_SKU,616002,EXACT,PRIMARY_WOO,4061,3648,0504010|0730002|0616002,"140x200x8 cm, 140x120x100 cm, 140x200 cm, Futón con dos capas de látex, 140x200x14,5 cm, Negro",616002,YES,NO,NO,NO,1,COMPOSITION_EXACT_WOO,,"Evidence row; correlate by combination_sku, component_sku and quantity.",,EXACT,EXACT,COMPOSITION_EXACT_WOO,COMPOSITION_EXACT_WOO,UNCHANGED_EXACT_EVIDENCE,YES,NO,HIGH,Exact 001A.0 evidence retained; no fuzzy identity.,INCLUDED_EXACT,,,,,
WOO_SKU_COMPONENT_LIST,sku_component[3],4081,3648,0504010|1253003|0606002,,0606002,1,EXACT,SKU Woo literal: 0504010|1253003|0606002,EXACT_SKU,606002,EXACT,PRIMARY_WOO,4081,3648,0504010|1253003|0606002,"140x200x8 cm, 140x120x100 cm, 140x200 cm, Futón de algodón de colores de dos plazas, 140x200x14,5 cm, Gris oscuro, Granate",606002,YES,NO,NO,NO,1,COMPOSITION_EXACT_WOO,,"Evidence row; correlate by combination_sku, component_sku and quantity.",,EXACT,EXACT,COMPOSITION_EXACT_WOO,COMPOSITION_EXACT_WOO,UNCHANGED_EXACT_EVIDENCE,YES,NO,HIGH,Exact 001A.0 evidence retained; no fuzzy identity.,INCLUDED_EXACT,,,,,
WOO_SKU_COMPONENT_LIST,sku_component[3],4085,3648,0504010|1253003|0607002,,0607002,1,EXACT,SKU Woo literal: 0504010|1253003|0607002,EXACT_SKU,607002,EXACT,PRIMARY_WOO,4085,3648,0504010|1253003|0607002,"140x200x8 cm, 140x120x100 cm, 140x200 cm, Futón de algodón de colores de dos plazas, 140x200x14,5 cm, Gris oscuro, Rojo",607002,YES,NO,NO,NO,1,COMPOSITION_EXACT_WOO,,"Evidence row; correlate by combination_sku, component_sku and quantity.",,EXACT,EXACT,COMPOSITION_EXACT_WOO,COMPOSITION_COMPONENT_ONLY,PHYSICAL_COMPONENT_WITHOUT_STANDALONE_WOO,YES,NO,HIGH,Exact 001A.0 evidence retained; no fuzzy identity.,INCLUDED_EXACT,,,,,
WOO_SKU_COMPONENT_LIST,sku_component[3],4080,3648,0504010|1253003|0608002,,0608002,1,EXACT,SKU Woo literal: 0504010|1253003|0608002,EXACT_SKU,608002,EXACT,PRIMARY_WOO,4080,3648,0504010|1253003|0608002,"140x200x8 cm, 140x120x100 cm, 140x200 cm, Futón de algodón de colores de dos plazas, 140x200x14,5 cm, Gris oscuro, Crudo",608002,YES,NO,NO,NO,1,COMPOSITION_EXACT_WOO,,"Evidence row; correlate by combination_sku, component_sku and quantity.",,EXACT,EXACT,COMPOSITION_EXACT_WOO,COMPOSITION_EXACT_WOO,UNCHANGED_EXACT_EVIDENCE,YES,NO,HIGH,Exact 001A.0 evidence retained; no fuzzy identity.,INCLUDED_EXACT,,,,,
WOO_SKU_COMPONENT_LIST,sku_component[3],4078,3648,0504010|1253003|0609002,,0609002,1,EXACT,SKU Woo literal: 0504010|1253003|0609002,EXACT_SKU,609002,EXACT,PRIMARY_WOO,4078,3648,0504010|1253003|0609002,"140x200x8 cm, 140x120x100 cm, 140x200 cm, Futón de algodón de colores de dos plazas, 140x200x14,5 cm, Gris oscuro, Azul",609002,YES,NO,NO,NO,1,COMPOSITION_EXACT_WOO,,"Evidence row; correlate by combination_sku, component_sku and quantity.",,EXACT,EXACT,COMPOSITION_EXACT_WOO,COMPOSITION_EXACT_WOO,UNCHANGED_EXACT_EVIDENCE,YES,NO,HIGH,Exact 001A.0 evidence retained; no fuzzy identity.,INCLUDED_EXACT,,,,,
WOO_SKU_COMPONENT_LIST,sku_component[3],4087,3648,0504010|1253003|0614002,,0614002,1,EXACT,SKU Woo literal: 0504010|1253003|0614002,EXACT_SKU,614002,EXACT,PRIMARY_WOO,4087,3648,0504010|1253003|0614002,"140x200x8 cm, 140x120x100 cm, 140x200 cm, Futón de algodón de colores de dos plazas, 140x200x14,5 cm, Gris oscuro, Verde",614002,YES,NO,NO,NO,1,COMPOSITION_EXACT_WOO,,"Evidence row; correlate by combination_sku, component_sku and quantity.",,EXACT,EXACT,COMPOSITION_EXACT_WOO,COMPOSITION_COMPONENT_ONLY,PHYSICAL_COMPONENT_WITHOUT_STANDALONE_WOO,YES,NO,HIGH,Exact 001A.0 evidence retained; no fuzzy identity.,INCLUDED_EXACT,,,,,
WOO_SKU_COMPONENT_LIST,sku_component[3],4077,3648,0504010|1253003|0615002,,0615002,1,EXACT,SKU Woo literal: 0504010|1253003|0615002,EXACT_SKU,615002,EXACT,PRIMARY_WOO,4077,3648,0504010|1253003|0615002,"140x200x8 cm, 140x120x100 cm, 140x200 cm, Futón de algodón de colores de dos plazas, 140x200x14,5 cm, Gris oscuro, Amarillo",615002,YES,NO,NO,NO,1,COMPOSITION_EXACT_WOO,,"Evidence row; correlate by combination_sku, component_sku and quantity.",,EXACT,EXACT,COMPOSITION_EXACT_WOO,COMPOSITION_EXACT_WOO,UNCHANGED_EXACT_EVIDENCE,YES,NO,HIGH,Exact 001A.0 evidence retained; no fuzzy identity.,INCLUDED_EXACT,,,,,
WOO_SKU_COMPONENT_LIST,sku_component[3],4084,3648,0504010|1253003|0616002,,0616002,1,EXACT,SKU Woo literal: 0504010|1253003|0616002,EXACT_SKU,616002,EXACT,PRIMARY_WOO,4084,3648,0504010|1253003|0616002,"140x200x8 cm, 140x120x100 cm, 140x200 cm, Futón de algodón de colores de dos plazas, 140x200x14,5 cm, Gris oscuro, Negro",616002,YES,NO,NO,NO,1,COMPOSITION_EXACT_WOO,,"Evidence row; correlate by combination_sku, component_sku and quantity.",,EXACT,EXACT,COMPOSITION_EXACT_WOO,COMPOSITION_EXACT_WOO,UNCHANGED_EXACT_EVIDENCE,YES,NO,HIGH,Exact 001A.0 evidence retained; no fuzzy identity.,INCLUDED_EXACT,,,,,
WOO_SKU_COMPONENT_LIST,sku_component[3],4105,3648,0504010|1254005|0606002,,0606002,1,EXACT,SKU Woo literal: 0504010|1254005|0606002,EXACT_SKU,606002,EXACT,PRIMARY_WOO,4105,3648,0504010|1254005|0606002,"140x200x8 cm, 140x120x100 cm, 140x200 cm, Futón de algodón de colores de dos plazas, 140x200x14,5 cm, Rojo, Granate",606002,YES,NO,NO,NO,1,COMPOSITION_EXACT_WOO,,"Evidence row; correlate by combination_sku, component_sku and quantity.",,EXACT,EXACT,COMPOSITION_EXACT_WOO,COMPOSITION_EXACT_WOO,UNCHANGED_EXACT_EVIDENCE,YES,NO,HIGH,Exact 001A.0 evidence retained; no fuzzy identity.,INCLUDED_EXACT,,,,,
WOO_SKU_COMPONENT_LIST,sku_component[3],4109,3648,0504010|1254005|0607002,,0607002,1,EXACT,SKU Woo literal: 0504010|1254005|0607002,EXACT_SKU,607002,EXACT,PRIMARY_WOO,4109,3648,0504010|1254005|0607002,"140x200x8 cm, 140x120x100 cm, 140x200 cm, Futón de algodón de colores de dos plazas, 140x200x14,5 cm, Rojo, Rojo",607002,YES,NO,NO,NO,1,COMPOSITION_EXACT_WOO,,"Evidence row; correlate by combination_sku, component_sku and quantity.",,EXACT,EXACT,COMPOSITION_EXACT_WOO,COMPOSITION_COMPONENT_ONLY,PHYSICAL_COMPONENT_WITHOUT_STANDALONE_WOO,YES,NO,HIGH,Exact 001A.0 evidence retained; no fuzzy identity.,INCLUDED_EXACT,,,,,
WOO_SKU_COMPONENT_LIST,sku_component[3],4104,3648,0504010|1254005|0608002,,0608002,1,EXACT,SKU Woo literal: 0504010|1254005|0608002,EXACT_SKU,608002,EXACT,PRIMARY_WOO,4104,3648,0504010|1254005|0608002,"140x200x8 cm, 140x120x100 cm, 140x200 cm, Futón de algodón de colores de dos plazas, 140x200x14,5 cm, Rojo, Crudo",608002,YES,NO,NO,NO,1,COMPOSITION_EXACT_WOO,,"Evidence row; correlate by combination_sku, component_sku and quantity.",,EXACT,EXACT,COMPOSITION_EXACT_WOO,COMPOSITION_EXACT_WOO,UNCHANGED_EXACT_EVIDENCE,YES,NO,HIGH,Exact 001A.0 evidence retained; no fuzzy identity.,INCLUDED_EXACT,,,,,
WOO_SKU_COMPONENT_LIST,sku_component[3],4102,3648,0504010|1254005|0609002,,0609002,1,EXACT,SKU Woo literal: 0504010|1254005|0609002,EXACT_SKU,609002,EXACT,PRIMARY_WOO,4102,3648,0504010|1254005|0609002,"140x200x8 cm, 140x120x100 cm, 140x200 cm, Futón de algodón de colores de dos plazas, 140x200x14,5 cm, Rojo, Azul",609002,YES,NO,NO,NO,1,COMPOSITION_EXACT_WOO,,"Evidence row; correlate by combination_sku, component_sku and quantity.",,EXACT,EXACT,COMPOSITION_EXACT_WOO,COMPOSITION_EXACT_WOO,UNCHANGED_EXACT_EVIDENCE,YES,NO,HIGH,Exact 001A.0 evidence retained; no fuzzy identity.,INCLUDED_EXACT,,,,,
WOO_SKU_COMPONENT_LIST,sku_component[3],4111,3648,0504010|1254005|0614002,,0614002,1,EXACT,SKU Woo literal: 0504010|1254005|0614002,EXACT_SKU,614002,EXACT,PRIMARY_WOO,4111,3648,0504010|1254005|0614002,"140x200x8 cm, 140x120x100 cm, 140x200 cm, Futón de algodón de colores de dos plazas, 140x200x14,5 cm, Rojo, Verde",614002,YES,NO,NO,NO,1,COMPOSITION_EXACT_WOO,,"Evidence row; correlate by combination_sku, component_sku and quantity.",,EXACT,EXACT,COMPOSITION_EXACT_WOO,COMPOSITION_COMPONENT_ONLY,PHYSICAL_COMPONENT_WITHOUT_STANDALONE_WOO,YES,NO,HIGH,Exact 001A.0 evidence retained; no fuzzy identity.,INCLUDED_EXACT,,,,,
WOO_SKU_COMPONENT_LIST,sku_component[3],4101,3648,0504010|1254005|0615002,,0615002,1,EXACT,SKU Woo literal: 0504010|1254005|0615002,EXACT_SKU,615002,EXACT,PRIMARY_WOO,4101,3648,0504010|1254005|0615002,"140x200x8 cm, 140x120x100 cm, 140x200 cm, Futón de algodón de colores de dos plazas, 140x200x14,5 cm, Rojo, Amarillo",615002,YES,NO,NO,NO,1,COMPOSITION_EXACT_WOO,,"Evidence row; correlate by combination_sku, component_sku and quantity.",,EXACT,EXACT,COMPOSITION_EXACT_WOO,COMPOSITION_EXACT_WOO,UNCHANGED_EXACT_EVIDENCE,YES,NO,HIGH,Exact 001A.0 evidence retained; no fuzzy identity.,INCLUDED_EXACT,,,,,
WOO_SKU_COMPONENT_LIST,sku_component[3],4108,3648,0504010|1254005|0616002,,0616002,1,EXACT,SKU Woo literal: 0504010|1254005|0616002,EXACT_SKU,616002,EXACT,PRIMARY_WOO,4108,3648,0504010|1254005|0616002,"140x200x8 cm, 140x120x100 cm, 140x200 cm, Futón de algodón de colores de dos plazas, 140x200x14,5 cm, Rojo, Negro",616002,YES,NO,NO,NO,1,COMPOSITION_EXACT_WOO,,"Evidence row; correlate by combination_sku, component_sku and quantity.",,EXACT,EXACT,COMPOSITION_EXACT_WOO,COMPOSITION_EXACT_WOO,UNCHANGED_EXACT_EVIDENCE,YES,NO,HIGH,Exact 001A.0 evidence retained; no fuzzy identity.,INCLUDED_EXACT,,,,,
WOO_SKU_COMPONENT_LIST,sku_component[3],4488,3652,0504011|0724003|0608002,,0608002,1,EXACT,SKU Woo literal: 0504011|0724003|0608002,EXACT_SKU,608002,EXACT,PRIMARY_WOO,4488,3652,0504011|0724003|0608002,"Futón de algodón, 140x200x14,5 cm, Crudo",608002,YES,NO,NO,NO,1,COMPOSITION_EXACT_WOO,,"Evidence row; correlate by combination_sku, component_sku and quantity.",,EXACT,EXACT,COMPOSITION_EXACT_WOO,COMPOSITION_EXACT_WOO,UNCHANGED_EXACT_EVIDENCE,YES,NO,HIGH,Exact 001A.0 evidence retained; no fuzzy identity.,INCLUDED_EXACT,,,,,
WOO_SKU_COMPONENT_LIST,sku_component[3],4492,3652,0504011|0724003|0616002,,0616002,1,EXACT,SKU Woo literal: 0504011|0724003|0616002,EXACT_SKU,616002,EXACT,PRIMARY_WOO,4492,3652,0504011|0724003|0616002,"Futón de algodón, 140x200x14,5 cm, Negro",616002,YES,NO,NO,NO,1,COMPOSITION_EXACT_WOO,,"Evidence row; correlate by combination_sku, component_sku and quantity.",,EXACT,EXACT,COMPOSITION_EXACT_WOO,COMPOSITION_EXACT_WOO,UNCHANGED_EXACT_EVIDENCE,YES,NO,HIGH,Exact 001A.0 evidence retained; no fuzzy identity.,INCLUDED_EXACT,,,,,
WOO_SKU_COMPONENT_LIST,sku_component[3],6093,3652,0504011|0724003|0617002,,0617002,1,EXACT,SKU Woo literal: 0504011|0724003|0617002,EXACT_SKU,617002,EXACT,PRIMARY_WOO,6093,3652,0504011|0724003|0617002,"Futón de algodón, 140x200x14,5 cm, Gris jaspeado",617002,YES,NO,NO,NO,1,COMPOSITION_EXACT_WOO,,"Evidence row; correlate by combination_sku, component_sku and quantity.",,EXACT,EXACT,COMPOSITION_EXACT_WOO,COMPOSITION_EXACT_WOO,UNCHANGED_EXACT_EVIDENCE,YES,NO,HIGH,Exact 001A.0 evidence retained; no fuzzy identity.,INCLUDED_EXACT,,,,,
WOO_SKU_COMPONENT_LIST,sku_component[3],6094,3652,0504011|0724003|0619002,,0619002,1,EXACT,SKU Woo literal: 0504011|0724003|0619002,EXACT_SKU,619002,EXACT,PRIMARY_WOO,6094,3652,0504011|0724003|0619002,"Futón de algodón, 140x200x14,5 cm, Beige jaspeado",619002,YES,NO,NO,NO,1,COMPOSITION_EXACT_WOO,,"Evidence row; correlate by combination_sku, component_sku and quantity.",,EXACT,EXACT,COMPOSITION_EXACT_WOO,COMPOSITION_EXACT_WOO,UNCHANGED_EXACT_EVIDENCE,YES,NO,HIGH,Exact 001A.0 evidence retained; no fuzzy identity.,INCLUDED_EXACT,,,,,
WOO_SKU_COMPONENT_LIST,sku_component[3],11127,3652,0504011|0724003|0619009,,0619009,1,EXACT,SKU Woo literal: 0504011|0724003|0619009,EXACT_SKU,619009,EXACT,PRIMARY_WOO,11127,3652,0504011|0724003|0619009,"Futón de algodón, 140x200x14,5 cm, Marrón",619009,YES,NO,NO,NO,1,COMPOSITION_EXACT_WOO,,"Evidence row; correlate by combination_sku, component_sku and quantity.",,EXACT,EXACT,COMPOSITION_EXACT_WOO,COMPOSITION_EXACT_WOO,UNCHANGED_EXACT_EVIDENCE,YES,NO,HIGH,Exact 001A.0 evidence retained; no fuzzy identity.,INCLUDED_EXACT,,,,,
WOO_SKU_COMPONENT_LIST,sku_component[3],4464,3652,0504011|0728002|0608002,,0608002,1,EXACT,SKU Woo literal: 0504011|0728002|0608002,EXACT_SKU,608002,EXACT,PRIMARY_WOO,4464,3652,0504011|0728002|0608002,"Futón con una capa de látex, 140x200x14,5 cm, Crudo",608002,YES,NO,NO,NO,1,COMPOSITION_EXACT_WOO,,"Evidence row; correlate by combination_sku, component_sku and quantity.",,EXACT,EXACT,COMPOSITION_EXACT_WOO,COMPOSITION_EXACT_WOO,UNCHANGED_EXACT_EVIDENCE,YES,NO,HIGH,Exact 001A.0 evidence retained; no fuzzy identity.,INCLUDED_EXACT,,,,,
WOO_SKU_COMPONENT_LIST,sku_component[3],4468,3652,0504011|0728002|0616002,,0616002,1,EXACT,SKU Woo literal: 0504011|0728002|0616002,EXACT_SKU,616002,EXACT,PRIMARY_WOO,4468,3652,0504011|0728002|0616002,"Futón con una capa de látex, 140x200x14,5 cm, Negro",616002,YES,NO,NO,NO,1,COMPOSITION_EXACT_WOO,,"Evidence row; correlate by combination_sku, component_sku and quantity.",,EXACT,EXACT,COMPOSITION_EXACT_WOO,COMPOSITION_EXACT_WOO,UNCHANGED_EXACT_EVIDENCE,YES,NO,HIGH,Exact 001A.0 evidence retained; no fuzzy identity.,INCLUDED_EXACT,,,,,
WOO_SKU_COMPONENT_LIST,sku_component[3],9458,3652,0504011|0728002|0617002,,0617002,1,EXACT,SKU Woo literal: 0504011|0728002|0617002,EXACT_SKU,617002,EXACT,PRIMARY_WOO,9458,3652,0504011|0728002|0617002,"Futón con una capa de látex, 140x200x14,5 cm, Gris jaspeado",617002,YES,NO,NO,NO,1,COMPOSITION_EXACT_WOO,,"Evidence row; correlate by combination_sku, component_sku and quantity.",,EXACT,EXACT,COMPOSITION_EXACT_WOO,COMPOSITION_EXACT_WOO,UNCHANGED_EXACT_EVIDENCE,YES,NO,HIGH,Exact 001A.0 evidence retained; no fuzzy identity.,INCLUDED_EXACT,,,,,
WOO_SKU_COMPONENT_LIST,sku_component[3],9459,3652,0504011|0728002|0619002,,0619002,1,EXACT,SKU Woo literal: 0504011|0728002|0619002,EXACT_SKU,619002,EXACT,PRIMARY_WOO,9459,3652,0504011|0728002|0619002,"Futón con una capa de látex, 140x200x14,5 cm, Beige jaspeado",619002,YES,NO,NO,NO,1,COMPOSITION_EXACT_WOO,,"Evidence row; correlate by combination_sku, component_sku and quantity.",,EXACT,EXACT,COMPOSITION_EXACT_WOO,COMPOSITION_EXACT_WOO,UNCHANGED_EXACT_EVIDENCE,YES,NO,HIGH,Exact 001A.0 evidence retained; no fuzzy identity.,INCLUDED_EXACT,,,,,
WOO_SKU_COMPONENT_LIST,sku_component[3],11128,3652,0504011|0728002|0619009,,0619009,1,EXACT,SKU Woo literal: 0504011|0728002|0619009,EXACT_SKU,619009,EXACT,PRIMARY_WOO,11128,3652,0504011|0728002|0619009,"Futón con una capa de látex, 140x200x14,5 cm, Marrón",619009,YES,NO,NO,NO,1,COMPOSITION_EXACT_WOO,,"Evidence row; correlate by combination_sku, component_sku and quantity.",,EXACT,EXACT,COMPOSITION_EXACT_WOO,COMPOSITION_EXACT_WOO,UNCHANGED_EXACT_EVIDENCE,YES,NO,HIGH,Exact 001A.0 evidence retained; no fuzzy identity.,INCLUDED_EXACT,,,,,
WOO_SKU_COMPONENT_LIST,sku_component[3],4476,3652,0504011|0730002|0608002,,0608002,1,EXACT,SKU Woo literal: 0504011|0730002|0608002,EXACT_SKU,608002,EXACT,PRIMARY_WOO,4476,3652,0504011|0730002|0608002,"Futón con dos capas de látex, 140x200x14,5 cm, Crudo",608002,YES,NO,NO,NO,1,COMPOSITION_EXACT_WOO,,"Evidence row; correlate by combination_sku, component_sku and quantity.",,EXACT,EXACT,COMPOSITION_EXACT_WOO,COMPOSITION_EXACT_WOO,UNCHANGED_EXACT_EVIDENCE,YES,NO,HIGH,Exact 001A.0 evidence retained; no fuzzy identity.,INCLUDED_EXACT,,,,,
WOO_SKU_COMPONENT_LIST,sku_component[3],4480,3652,0504011|0730002|0616002,,0616002,1,EXACT,SKU Woo literal: 0504011|0730002|0616002,EXACT_SKU,616002,EXACT,PRIMARY_WOO,4480,3652,0504011|0730002|0616002,"Futón con dos capas de látex, 140x200x14,5 cm, Negro",616002,YES,NO,NO,NO,1,COMPOSITION_EXACT_WOO,,"Evidence row; correlate by combination_sku, component_sku and quantity.",,EXACT,EXACT,COMPOSITION_EXACT_WOO,COMPOSITION_EXACT_WOO,UNCHANGED_EXACT_EVIDENCE,YES,NO,HIGH,Exact 001A.0 evidence retained; no fuzzy identity.,INCLUDED_EXACT,,,,,
WOO_SKU_COMPONENT_LIST,sku_component[3],6095,3652,0504011|0730002|0617002,,0617002,1,EXACT,SKU Woo literal: 0504011|0730002|0617002,EXACT_SKU,617002,EXACT,PRIMARY_WOO,6095,3652,0504011|0730002|0617002,"Futón con dos capas de látex, 140x200x14,5 cm, Gris jaspeado",617002,YES,NO,NO,NO,1,COMPOSITION_EXACT_WOO,,"Evidence row; correlate by combination_sku, component_sku and quantity.",,EXACT,EXACT,COMPOSITION_EXACT_WOO,COMPOSITION_EXACT_WOO,UNCHANGED_EXACT_EVIDENCE,YES,NO,HIGH,Exact 001A.0 evidence retained; no fuzzy identity.,INCLUDED_EXACT,,,,,
WOO_SKU_COMPONENT_LIST,sku_component[3],6096,3652,0504011|0730002|0619002,,0619002,1,EXACT,SKU Woo literal: 0504011|0730002|0619002,EXACT_SKU,619002,EXACT,PRIMARY_WOO,6096,3652,0504011|0730002|0619002,"Futón con dos capas de látex, 140x200x14,5 cm, Beige jaspeado",619002,YES,NO,NO,NO,1,COMPOSITION_EXACT_WOO,,"Evidence row; correlate by combination_sku, component_sku and quantity.",,EXACT,EXACT,COMPOSITION_EXACT_WOO,COMPOSITION_EXACT_WOO,UNCHANGED_EXACT_EVIDENCE,YES,NO,HIGH,Exact 001A.0 evidence retained; no fuzzy identity.,INCLUDED_EXACT,,,,,
WOO_SKU_COMPONENT_LIST,sku_component[3],11129,3652,0504011|0730002|0619009,,0619009,1,EXACT,SKU Woo literal: 0504011|0730002|0619009,EXACT_SKU,619009,EXACT,PRIMARY_WOO,11129,3652,0504011|0730002|0619009,"Futón con dos capas de látex, 140x200x14,5 cm, Marrón",619009,YES,NO,NO,NO,1,COMPOSITION_EXACT_WOO,,"Evidence row; correlate by combination_sku, component_sku and quantity.",,EXACT,EXACT,COMPOSITION_EXACT_WOO,COMPOSITION_EXACT_WOO,UNCHANGED_EXACT_EVIDENCE,YES,NO,HIGH,Exact 001A.0 evidence retained; no fuzzy identity.,INCLUDED_EXACT,,,,,
WOO_SKU_COMPONENT_LIST,sku_component[3],3997,3647,0504012|0724003|0608002,,0608002,1,EXACT,SKU Woo literal: 0504012|0724003|0608002,EXACT_SKU,608002,EXACT,PRIMARY_WOO,3997,3647,0504012|0724003|0608002,"Futón de algodón, 140x200x14,5 cm, Crudo",608002,YES,NO,NO,NO,1,COMPOSITION_EXACT_WOO,,"Evidence row; correlate by combination_sku, component_sku and quantity.",,EXACT,EXACT,COMPOSITION_EXACT_WOO,COMPOSITION_EXACT_WOO,UNCHANGED_EXACT_EVIDENCE,YES,NO,HIGH,Exact 001A.0 evidence retained; no fuzzy identity.,INCLUDED_EXACT,,,,,
WOO_SKU_COMPONENT_LIST,sku_component[3],4001,3647,0504012|0724003|0616002,,0616002,1,EXACT,SKU Woo literal: 0504012|0724003|0616002,EXACT_SKU,616002,EXACT,PRIMARY_WOO,4001,3647,0504012|0724003|0616002,"Futón de algodón, 140x200x14,5 cm, Negro",616002,YES,NO,NO,NO,1,COMPOSITION_EXACT_WOO,,"Evidence row; correlate by combination_sku, component_sku and quantity.",,EXACT,EXACT,COMPOSITION_EXACT_WOO,COMPOSITION_EXACT_WOO,UNCHANGED_EXACT_EVIDENCE,YES,NO,HIGH,Exact 001A.0 evidence retained; no fuzzy identity.,INCLUDED_EXACT,,,,,
WOO_SKU_COMPONENT_LIST,sku_component[3],6298,3647,0504012|0724003|0617002,,0617002,1,EXACT,SKU Woo literal: 0504012|0724003|0617002,EXACT_SKU,617002,EXACT,PRIMARY_WOO,6298,3647,0504012|0724003|0617002,"Futón de algodón, 140x200x14,5 cm, Gris jaspeado",617002,YES,NO,NO,NO,1,COMPOSITION_EXACT_WOO,,"Evidence row; correlate by combination_sku, component_sku and quantity.",,EXACT,EXACT,COMPOSITION_EXACT_WOO,COMPOSITION_EXACT_WOO,UNCHANGED_EXACT_EVIDENCE,YES,NO,HIGH,Exact 001A.0 evidence retained; no fuzzy identity.,INCLUDED_EXACT,,,,,
WOO_SKU_COMPONENT_LIST,sku_component[3],6304,3647,0504012|0724003|0619002,,0619002,1,EXACT,SKU Woo literal: 0504012|0724003|0619002,EXACT_SKU,619002,EXACT,PRIMARY_WOO,6304,3647,0504012|0724003|0619002,"Futón de algodón, 140x200x14,5 cm, Beige jaspeado",619002,YES,NO,NO,NO,1,COMPOSITION_EXACT_WOO,,"Evidence row; correlate by combination_sku, component_sku and quantity.",,EXACT,EXACT,COMPOSITION_EXACT_WOO,COMPOSITION_EXACT_WOO,UNCHANGED_EXACT_EVIDENCE,YES,NO,HIGH,Exact 001A.0 evidence retained; no fuzzy identity.,INCLUDED_EXACT,,,,,
WOO_SKU_COMPONENT_LIST,sku_component[3],11119,3647,0504012|0724003|0619009,,0619009,1,EXACT,SKU Woo literal: 0504012|0724003|0619009,EXACT_SKU,619009,EXACT,PRIMARY_WOO,11119,3647,0504012|0724003|0619009,"Futón de algodón, 140x200x14,5 cm, Marrón",619009,YES,NO,NO,NO,1,COMPOSITION_EXACT_WOO,,"Evidence row; correlate by combination_sku, component_sku and quantity.",,EXACT,EXACT,COMPOSITION_EXACT_WOO,COMPOSITION_EXACT_WOO,UNCHANGED_EXACT_EVIDENCE,YES,NO,HIGH,Exact 001A.0 evidence retained; no fuzzy identity.,INCLUDED_EXACT,,,,,
WOO_SKU_COMPONENT_LIST,sku_component[3],3937,3647,0504012|0728002|0608002,,0608002,1,EXACT,SKU Woo literal: 0504012|0728002|0608002,EXACT_SKU,608002,EXACT,PRIMARY_WOO,3937,3647,0504012|0728002|0608002,"Futón con una capa de látex, 140x200x14,5 cm, Crudo",608002,YES,NO,NO,NO,1,COMPOSITION_EXACT_WOO,,"Evidence row; correlate by combination_sku, component_sku and quantity.",,EXACT,EXACT,COMPOSITION_EXACT_WOO,COMPOSITION_EXACT_WOO,UNCHANGED_EXACT_EVIDENCE,YES,NO,HIGH,Exact 001A.0 evidence retained; no fuzzy identity.,INCLUDED_EXACT,,,,,
WOO_SKU_COMPONENT_LIST,sku_component[3],3941,3647,0504012|0728002|0616002,,0616002,1,EXACT,SKU Woo literal: 0504012|0728002|0616002,EXACT_SKU,616002,EXACT,PRIMARY_WOO,3941,3647,0504012|0728002|0616002,"Futón con una capa de látex, 140x200x14,5 cm, Negro",616002,YES,NO,NO,NO,1,COMPOSITION_EXACT_WOO,,"Evidence row; correlate by combination_sku, component_sku and quantity.",,EXACT,EXACT,COMPOSITION_EXACT_WOO,COMPOSITION_EXACT_WOO,UNCHANGED_EXACT_EVIDENCE,YES,NO,HIGH,Exact 001A.0 evidence retained; no fuzzy identity.,INCLUDED_EXACT,,,,,
WOO_SKU_COMPONENT_LIST,sku_component[3],6307,3647,0504012|0728002|0617002,,0617002,1,EXACT,SKU Woo literal: 0504012|0728002|0617002,EXACT_SKU,617002,EXACT,PRIMARY_WOO,6307,3647,0504012|0728002|0617002,"Futón con una capa de látex, 140x200x14,5 cm, Gris jaspeado",617002,YES,NO,NO,NO,1,COMPOSITION_EXACT_WOO,,"Evidence row; correlate by combination_sku, component_sku and quantity.",,EXACT,EXACT,COMPOSITION_EXACT_WOO,COMPOSITION_EXACT_WOO,UNCHANGED_EXACT_EVIDENCE,YES,NO,HIGH,Exact 001A.0 evidence retained; no fuzzy identity.,INCLUDED_EXACT,,,,,
WOO_SKU_COMPONENT_LIST,sku_component[3],6308,3647,0504012|0728002|0619002,,0619002,1,EXACT,SKU Woo literal: 0504012|0728002|0619002,EXACT_SKU,619002,EXACT,PRIMARY_WOO,6308,3647,0504012|0728002|0619002,"Futón con una capa de látex, 140x200x14,5 cm, Beige jaspeado",619002,YES,NO,NO,NO,1,COMPOSITION_EXACT_WOO,,"Evidence row; correlate by combination_sku, component_sku and quantity.",,EXACT,EXACT,COMPOSITION_EXACT_WOO,COMPOSITION_EXACT_WOO,UNCHANGED_EXACT_EVIDENCE,YES,NO,HIGH,Exact 001A.0 evidence retained; no fuzzy identity.,INCLUDED_EXACT,,,,,
WOO_SKU_COMPONENT_LIST,sku_component[3],11120,3647,0504012|0728002|0619009,,0619009,1,EXACT,SKU Woo literal: 0504012|0728002|0619009,EXACT_SKU,619009,EXACT,PRIMARY_WOO,11120,3647,0504012|0728002|0619009,"Futón con una capa de látex, 140x200x14,5 cm, Marrón",619009,YES,NO,NO,NO,1,COMPOSITION_EXACT_WOO,,"Evidence row; correlate by combination_sku, component_sku and quantity.",,EXACT,EXACT,COMPOSITION_EXACT_WOO,COMPOSITION_EXACT_WOO,UNCHANGED_EXACT_EVIDENCE,YES,NO,HIGH,Exact 001A.0 evidence retained; no fuzzy identity.,INCLUDED_EXACT,,,,,
WOO_SKU_COMPONENT_LIST,sku_component[3],3925,3647,0504012|0730002|0608002,,0608002,1,EXACT,SKU Woo literal: 0504012|0730002|0608002,EXACT_SKU,608002,EXACT,PRIMARY_WOO,3925,3647,0504012|0730002|0608002,"Futón con dos capas de látex, 140x200x14,5 cm, Crudo",608002,YES,NO,NO,NO,1,COMPOSITION_EXACT_WOO,,"Evidence row; correlate by combination_sku, component_sku and quantity.",,EXACT,EXACT,COMPOSITION_EXACT_WOO,COMPOSITION_EXACT_WOO,UNCHANGED_EXACT_EVIDENCE,YES,NO,HIGH,Exact 001A.0 evidence retained; no fuzzy identity.,INCLUDED_EXACT,,,,,
WOO_SKU_COMPONENT_LIST,sku_component[3],3929,3647,0504012|0730002|0616002,,0616002,1,EXACT,SKU Woo literal: 0504012|0730002|0616002,EXACT_SKU,616002,EXACT,PRIMARY_WOO,3929,3647,0504012|0730002|0616002,"Futón con dos capas de látex, 140x200x14,5 cm, Negro",616002,YES,NO,NO,NO,1,COMPOSITION_EXACT_WOO,,"Evidence row; correlate by combination_sku, component_sku and quantity.",,EXACT,EXACT,COMPOSITION_EXACT_WOO,COMPOSITION_EXACT_WOO,UNCHANGED_EXACT_EVIDENCE,YES,NO,HIGH,Exact 001A.0 evidence retained; no fuzzy identity.,INCLUDED_EXACT,,,,,
WOO_SKU_COMPONENT_LIST,sku_component[3],6305,3647,0504012|0730002|0617002,,0617002,1,EXACT,SKU Woo literal: 0504012|0730002|0617002,EXACT_SKU,617002,EXACT,PRIMARY_WOO,6305,3647,0504012|0730002|0617002,"Futón con dos capas de látex, 140x200x14,5 cm, Gris jaspeado",617002,YES,NO,NO,NO,1,COMPOSITION_EXACT_WOO,,"Evidence row; correlate by combination_sku, component_sku and quantity.",,EXACT,EXACT,COMPOSITION_EXACT_WOO,COMPOSITION_EXACT_WOO,UNCHANGED_EXACT_EVIDENCE,YES,NO,HIGH,Exact 001A.0 evidence retained; no fuzzy identity.,INCLUDED_EXACT,,,,,
WOO_SKU_COMPONENT_LIST,sku_component[3],6306,3647,0504012|0730002|0619002,,0619002,1,EXACT,SKU Woo literal: 0504012|0730002|0619002,EXACT_SKU,619002,EXACT,PRIMARY_WOO,6306,3647,0504012|0730002|0619002,"Futón con dos capas de látex, 140x200x14,5 cm, Beige jaspeado",619002,YES,NO,NO,NO,1,COMPOSITION_EXACT_WOO,,"Evidence row; correlate by combination_sku, component_sku and quantity.",,EXACT,EXACT,COMPOSITION_EXACT_WOO,COMPOSITION_EXACT_WOO,UNCHANGED_EXACT_EVIDENCE,YES,NO,HIGH,Exact 001A.0 evidence retained; no fuzzy identity.,INCLUDED_EXACT,,,,,
WOO_SKU_COMPONENT_LIST,sku_component[3],11121,3647,0504012|0730002|0619009,,0619009,1,EXACT,SKU Woo literal: 0504012|0730002|0619009,EXACT_SKU,619009,EXACT,PRIMARY_WOO,11121,3647,0504012|0730002|0619009,"Futón con dos capas de látex, 140x200x14,5 cm, Marrón",619009,YES,NO,NO,NO,1,COMPOSITION_EXACT_WOO,,"Evidence row; correlate by combination_sku, component_sku and quantity.",,EXACT,EXACT,COMPOSITION_EXACT_WOO,COMPOSITION_EXACT_WOO,UNCHANGED_EXACT_EVIDENCE,YES,NO,HIGH,Exact 001A.0 evidence retained; no fuzzy identity.,INCLUDED_EXACT,,,,,
WOO_SKU_COMPONENT_LIST,sku_component[4],4628,3658,0201001|0201001|1249001|1249001|0608007|0619007,,0619007,1,EXACT,SKU Woo literal: 0201001|0201001|1249001|1249001|0608007|0619007,EXACT_SKU,619007,EXACT,PRIMARY_WOO,4628,3658,0201001|0201001|1249001|1249001|0608007|0619007,"Crudo, Crudo, Crudo, Marrón",619007,YES,NO,NO,NO,1,COMPOSITION_EXACT_WOO,,"Evidence row; correlate by combination_sku, component_sku and quantity.",,EXACT,EXACT,COMPOSITION_EXACT_WOO,COMPOSITION_EXACT_WOO,UNCHANGED_EXACT_EVIDENCE,YES,NO,HIGH,Exact 001A.0 evidence retained; no fuzzy identity.,INCLUDED_EXACT,,,,,
WOO_SKU_COMPONENT_LIST,sku_component[4],4393,3651,0502012|0724004|1002004|0608004,,0608004,1,EXACT,SKU Woo literal: 0502012|0724004|1002004|0608004,EXACT_SKU,608004,EXACT,PRIMARY_WOO,4393,3651,0502012|0724004|1002004|0608004,"Futón de algodón, 150x200x14,5 cm, Crudo, Con cajón",608004,YES,NO,NO,NO,1,COMPOSITION_EXACT_WOO,,"Evidence row; correlate by combination_sku, component_sku and quantity.",,EXACT,EXACT,COMPOSITION_EXACT_WOO,COMPOSITION_EXACT_WOO,UNCHANGED_EXACT_EVIDENCE,YES,NO,HIGH,Exact 001A.0 evidence retained; no fuzzy identity.,INCLUDED_EXACT,,,,,
WOO_SKU_COMPONENT_LIST,sku_component[4],4397,3651,0502012|0724004|1002004|0616004,,0616004,1,EXACT,SKU Woo literal: 0502012|0724004|1002004|0616004,EXACT_SKU,616004,EXACT,PRIMARY_WOO,4397,3651,0502012|0724004|1002004|0616004,"Futón de algodón, 150x200x14,5 cm, Negro, Con cajón",616004,YES,NO,NO,NO,1,COMPOSITION_EXACT_WOO,,"Evidence row; correlate by combination_sku, component_sku and quantity.",,EXACT,EXACT,COMPOSITION_EXACT_WOO,COMPOSITION_EXACT_WOO,UNCHANGED_EXACT_EVIDENCE,YES,NO,HIGH,Exact 001A.0 evidence retained; no fuzzy identity.,INCLUDED_EXACT,,,,,
WOO_SKU_COMPONENT_LIST,sku_component[4],6287,3651,0502012|0724004|1002004|0617004,,0617004,1,EXACT,SKU Woo literal: 0502012|0724004|1002004|0617004,EXACT_SKU,617004,EXACT,PRIMARY_WOO,6287,3651,0502012|0724004|1002004|0617004,"Futón de algodón, 150x200x14,5 cm, Gris jaspeado, Con cajón",617004,YES,NO,NO,NO,1,COMPOSITION_EXACT_WOO,,"Evidence row; correlate by combination_sku, component_sku and quantity.",,EXACT,EXACT,COMPOSITION_EXACT_WOO,COMPOSITION_EXACT_WOO,UNCHANGED_EXACT_EVIDENCE,YES,NO,HIGH,Exact 001A.0 evidence retained; no fuzzy identity.,INCLUDED_EXACT,,,,,
WOO_SKU_COMPONENT_LIST,sku_component[4],6288,3651,0502012|0724004|1002004|0619004,,0619004,1,EXACT,SKU Woo literal: 0502012|0724004|1002004|0619004,EXACT_SKU,619004,EXACT,PRIMARY_WOO,6288,3651,0502012|0724004|1002004|0619004,"Futón de algodón, 150x200x14,5 cm, Beige jaspeado, Con cajón",619004,YES,NO,NO,NO,1,COMPOSITION_EXACT_WOO,,"Evidence row; correlate by combination_sku, component_sku and quantity.",,EXACT,EXACT,COMPOSITION_EXACT_WOO,COMPOSITION_EXACT_WOO,UNCHANGED_EXACT_EVIDENCE,YES,NO,HIGH,Exact 001A.0 evidence retained; no fuzzy identity.,INCLUDED_EXACT,,,,,
WOO_SKU_COMPONENT_LIST,sku_component[4],11141,3651,0502012|0724004|1002004|0619010,,0619010,1,EXACT,SKU Woo literal: 0502012|0724004|1002004|0619010,EXACT_SKU,619010,EXACT,PRIMARY_WOO,11141,3651,0502012|0724004|1002004|0619010,"Futón de algodón, 150x200x14,5 cm, Marrón, Con cajón",619010,YES,NO,NO,NO,1,COMPOSITION_EXACT_WOO,,"Evidence row; correlate by combination_sku, component_sku and quantity.",,EXACT,EXACT,COMPOSITION_EXACT_WOO,COMPOSITION_EXACT_WOO,UNCHANGED_EXACT_EVIDENCE,YES,NO,HIGH,Exact 001A.0 evidence retained; no fuzzy identity.,INCLUDED_EXACT,,,,,
WOO_SKU_COMPONENT_LIST,sku_component[4],4452,3651,0502012|0728003|1002004|0608004,,0608004,1,EXACT,SKU Woo literal: 0502012|0728003|1002004|0608004,EXACT_SKU,608004,EXACT,PRIMARY_WOO,4452,3651,0502012|0728003|1002004|0608004,"Futón con una capa de látex, 150x200x14,5 cm, Crudo, Con cajón",608004,YES,NO,NO,NO,1,COMPOSITION_EXACT_WOO,,"Evidence row; correlate by combination_sku, component_sku and quantity.",,EXACT,EXACT,COMPOSITION_EXACT_WOO,COMPOSITION_EXACT_WOO,UNCHANGED_EXACT_EVIDENCE,YES,NO,HIGH,Exact 001A.0 evidence retained; no fuzzy identity.,INCLUDED_EXACT,,,,,
WOO_SKU_COMPONENT_LIST,sku_component[4],4456,3651,0502012|0728003|1002004|0616004,,0616004,1,EXACT,SKU Woo literal: 0502012|0728003|1002004|0616004,EXACT_SKU,616004,EXACT,PRIMARY_WOO,4456,3651,0502012|0728003|1002004|0616004,"Futón con una capa de látex, 150x200x14,5 cm, Negro, Con cajón",616004,YES,NO,NO,NO,1,COMPOSITION_EXACT_WOO,,"Evidence row; correlate by combination_sku, component_sku and quantity.",,EXACT,EXACT,COMPOSITION_EXACT_WOO,COMPOSITION_EXACT_WOO,UNCHANGED_EXACT_EVIDENCE,YES,NO,HIGH,Exact 001A.0 evidence retained; no fuzzy identity.,INCLUDED_EXACT,,,,,
WOO_SKU_COMPONENT_LIST,sku_component[4],6284,3651,0502012|0728003|1002004|0617004,,0617004,1,EXACT,SKU Woo literal: 0502012|0728003|1002004|0617004,EXACT_SKU,617004,EXACT,PRIMARY_WOO,6284,3651,0502012|0728003|1002004|0617004,"Futón con una capa de látex, 150x200x14,5 cm, Gris jaspeado, Con cajón",617004,YES,NO,NO,NO,1,COMPOSITION_EXACT_WOO,,"Evidence row; correlate by combination_sku, component_sku and quantity.",,EXACT,EXACT,COMPOSITION_EXACT_WOO,COMPOSITION_EXACT_WOO,UNCHANGED_EXACT_EVIDENCE,YES,NO,HIGH,Exact 001A.0 evidence retained; no fuzzy identity.,INCLUDED_EXACT,,,,,
WOO_SKU_COMPONENT_LIST,sku_component[4],9452,3651,0502012|0728003|1002004|0619004,,0619004,1,EXACT,SKU Woo literal: 0502012|0728003|1002004|0619004,EXACT_SKU,619004,EXACT,PRIMARY_WOO,9452,3651,0502012|0728003|1002004|0619004,"Futón con una capa de látex, 150x200x14,5 cm, Beige jaspeado, Con cajón",619004,YES,NO,NO,NO,1,COMPOSITION_EXACT_WOO,,"Evidence row; correlate by combination_sku, component_sku and quantity.",,EXACT,EXACT,COMPOSITION_EXACT_WOO,COMPOSITION_EXACT_WOO,UNCHANGED_EXACT_EVIDENCE,YES,NO,HIGH,Exact 001A.0 evidence retained; no fuzzy identity.,INCLUDED_EXACT,,,,,
WOO_SKU_COMPONENT_LIST,sku_component[4],11140,3651,0502012|0728003|1002004|0619010,,0619010,1,EXACT,SKU Woo literal: 0502012|0728003|1002004|0619010,EXACT_SKU,619010,EXACT,PRIMARY_WOO,11140,3651,0502012|0728003|1002004|0619010,"Futón con una capa de látex, 150x200x14,5 cm, Marrón, Con cajón",619010,YES,NO,NO,NO,1,COMPOSITION_EXACT_WOO,,"Evidence row; correlate by combination_sku, component_sku and quantity.",,EXACT,EXACT,COMPOSITION_EXACT_WOO,COMPOSITION_EXACT_WOO,UNCHANGED_EXACT_EVIDENCE,YES,NO,HIGH,Exact 001A.0 evidence retained; no fuzzy identity.,INCLUDED_EXACT,,,,,
WOO_SKU_COMPONENT_LIST,sku_component[4],4382,3651,0502012|0730003|1002004|0608004,,0608004,1,EXACT,SKU Woo literal: 0502012|0730003|1002004|0608004,EXACT_SKU,608004,EXACT,PRIMARY_WOO,4382,3651,0502012|0730003|1002004|0608004,"Futón con dos capas de látex, 150x200x14,5 cm, Crudo, Con cajón",608004,YES,NO,NO,NO,1,COMPOSITION_EXACT_WOO,,"Evidence row; correlate by combination_sku, component_sku and quantity.",,EXACT,EXACT,COMPOSITION_EXACT_WOO,COMPOSITION_EXACT_WOO,UNCHANGED_EXACT_EVIDENCE,YES,NO,HIGH,Exact 001A.0 evidence retained; no fuzzy identity.,INCLUDED_EXACT,,,,,
WOO_SKU_COMPONENT_LIST,sku_component[4],4386,3651,0502012|0730003|1002004|0616004,,0616004,1,EXACT,SKU Woo literal: 0502012|0730003|1002004|0616004,EXACT_SKU,616004,EXACT,PRIMARY_WOO,4386,3651,0502012|0730003|1002004|0616004,"Futón con dos capas de látex, 150x200x14,5 cm, Negro, Con cajón",616004,YES,NO,NO,NO,1,COMPOSITION_EXACT_WOO,,"Evidence row; correlate by combination_sku, component_sku and quantity.",,EXACT,EXACT,COMPOSITION_EXACT_WOO,COMPOSITION_EXACT_WOO,UNCHANGED_EXACT_EVIDENCE,YES,NO,HIGH,Exact 001A.0 evidence retained; no fuzzy identity.,INCLUDED_EXACT,,,,,
WOO_SKU_COMPONENT_LIST,sku_component[4],6289,3651,0502012|0730003|1002004|0617004,,0617004,1,EXACT,SKU Woo literal: 0502012|0730003|1002004|0617004,EXACT_SKU,617004,EXACT,PRIMARY_WOO,6289,3651,0502012|0730003|1002004|0617004,"Futón con dos capas de látex, 150x200x14,5 cm, Gris jaspeado, Con cajón",617004,YES,NO,NO,NO,1,COMPOSITION_EXACT_WOO,,"Evidence row; correlate by combination_sku, component_sku and quantity.",,EXACT,EXACT,COMPOSITION_EXACT_WOO,COMPOSITION_EXACT_WOO,UNCHANGED_EXACT_EVIDENCE,YES,NO,HIGH,Exact 001A.0 evidence retained; no fuzzy identity.,INCLUDED_EXACT,,,,,
WOO_SKU_COMPONENT_LIST,sku_component[4],9448,3651,0502012|0730003|1002004|0619004,,0619004,1,EXACT,SKU Woo literal: 0502012|0730003|1002004|0619004,EXACT_SKU,619004,EXACT,PRIMARY_WOO,9448,3651,0502012|0730003|1002004|0619004,"Futón con dos capas de látex, 150x200x14,5 cm, Beige jaspeado, Con cajón",619004,YES,NO,NO,NO,1,COMPOSITION_EXACT_WOO,,"Evidence row; correlate by combination_sku, component_sku and quantity.",,EXACT,EXACT,COMPOSITION_EXACT_WOO,COMPOSITION_EXACT_WOO,UNCHANGED_EXACT_EVIDENCE,YES,NO,HIGH,Exact 001A.0 evidence retained; no fuzzy identity.,INCLUDED_EXACT,,,,,
WOO_SKU_COMPONENT_LIST,sku_component[4],11139,3651,0502012|0730003|1002004|0619010,,0619010,1,EXACT,SKU Woo literal: 0502012|0730003|1002004|0619010,EXACT_SKU,619010,EXACT,PRIMARY_WOO,11139,3651,0502012|0730003|1002004|0619010,"Futón con dos capas de látex, 150x200x14,5 cm, Marrón, Con cajón",619010,YES,NO,NO,NO,1,COMPOSITION_EXACT_WOO,,"Evidence row; correlate by combination_sku, component_sku and quantity.",,EXACT,EXACT,COMPOSITION_EXACT_WOO,COMPOSITION_EXACT_WOO,UNCHANGED_EXACT_EVIDENCE,YES,NO,HIGH,Exact 001A.0 evidence retained; no fuzzy identity.,INCLUDED_EXACT,,,,,
