source,source_row,parent_woo_id,woo_product_parent_id,parent_sku,component_woo_id,component_sku,quantity,quantity_status,evidence,physical_match_method,physical_item_id,edge_status,edge_role,combination_woo_id,combination_parent_woo_id,combination_sku,combination_name,component_item_id,source_woo,source_supabase,source_dat,source_maestro,evidence_count,resolution_status,conflict_detail,notes,parent_match_method,previous_edge_status,new_edge_status,previous_resolution_status,new_resolution_status,rule_used,active_graph_included,human_decision_required,resolution_confidence,resolution_evidence_001a1,quarantine_group_ids,quarantine_reason,direct_quarantine_match,quarantine_status,worker_review_status,component_node_id,suffix_classification,suffix_base_candidate_usage,resolution_evidence_001a2
DAT,1,,,zzz01,,0201001,0,INVALID_OR_ZERO,"{""source"":""dat/a20230627dat.rar:Composicion#a20230627.dat"",""source_row"":1,""parent_code"":""zzz01"",""component_code"":""0201001"",""component_name"":""Tatami, 80 x 200 x 5,5 cm."",""quantity"":""0"",""level"":""0"",""quantity_status"":""INVALID_OR_ZERO""}",EXACT_SKU,201001,BLOCKED,SUPPORTING_SOURCE,,,zzz01,,201001,NO,NO,YES,NO,1,COMPOSITION_MISSING_QUANTITY,"{""quantity_status"":""INVALID_OR_ZERO"",""physical_match_method"":""EXACT_SKU"",""parent_match_method"":""MISSING_WOO_SKU""}","Evidence row; correlate by combination_sku, component_sku and quantity.",MISSING_WOO_SKU,BLOCKED,BLOCKED,COMPOSITION_MISSING_QUANTITY,SOURCE_STATUS_REVIEW,SOURCE_STATUS_REVIEW,NO,YES,LOW,Exact 001A.0 evidence retained; no fuzzy identity.,UD-006,PENDING_BUSINESS_REVIEW_EXTERNAL_ONE_OFF,YES,PENDING_BUSINESS_REVIEW,PENDING,,,,
DAT,2,,,107,,0201001,2,EXACT,"{""source"":""dat/a20230627dat.rar:Composicion#a20230627.dat"",""source_row"":2,""parent_code"":""107"",""component_code"":""0201001"",""component_name"":""Tatami, 80 x 200 x 5,5 cm."",""quantity"":""2"",""level"":""0"",""quantity_status"":""EXACT""}",EXACT_SKU,201001,BLOCKED,SUPPORTING_SOURCE,,,107,,201001,NO,NO,YES,NO,1,COMBINATION_SKU_MISSING,"{""quantity_status"":""EXACT"",""physical_match_method"":""EXACT_SKU"",""parent_match_method"":""MISSING_WOO_SKU""}","Evidence row; correlate by combination_sku, component_sku and quantity.",MISSING_WOO_SKU,BLOCKED,BLOCKED,COMBINATION_SKU_MISSING,SOURCE_STATUS_REVIEW,SOURCE_STATUS_REVIEW,NO,YES,LOW,Exact 001A.0 evidence retained; no fuzzy identity.,UD-006,PENDING_BUSINESS_REVIEW_EXTERNAL_ONE_OFF,YES,PENDING_BUSINESS_REVIEW,PENDING,,,,
MAESTRO,13,,,0404017|0402020|0402020,,0402020,2,EXACT,"{""source"":""MAESTRO_GESTIÓN.xlsx:RENTABILIDAD_COSTOS"",""source_row"":13,""parent_code"":""0404017"",""component_slot"":""ART2"",""component_code"":""0402020"",""quantity"":""2"",""quantity_status"":""EXACT"",""is_combination_row"":""YES"",""family"":""Camas"",""model"":""Chalet Brus"",""finish"":""Natural"",""measure"":""160x200"",""composition_label"":""La Estructura + 2 Somiers"",""product_name"":""Cama Chalet Brus, Crudo, 160x200 cm"",""status"":""DESCATALOGADO"",""legacy_magento_id"":""0404017"",""legacy_ean"":"""",""combination_sku_exact"":""0404017|0402020|0402020"",""combination_key_status"":""EXACT""}",EXACT_SKU,402020,BLOCKED,SUPPORTING_SOURCE,,,0404017|0402020|0402020,,402020,NO,NO,NO,YES,1,COMBINATION_SKU_MISSING,"{""quantity_status"":""EXACT"",""physical_match_method"":""EXACT_SKU"",""parent_match_method"":""MISSING_WOO_SKU""}","Evidence row; correlate by combination_sku, component_sku and quantity.",MISSING_WOO_SKU,BLOCKED,HISTORICAL_NONBLOCKING,COMBINATION_SKU_MISSING,HISTORICAL_COMPOSITION_EVIDENCE,HISTORICAL_COMPOSITION_EVIDENCE,NO,NO,HIGH,Exact 001A.0 evidence retained; no fuzzy identity.,TECH-001,UNRESOLVED_EXACT_EVIDENCE_OUTSIDE_BUSINESS_SCOPE,YES_NONEXACT,PENDING_TECHNICAL_EVIDENCE,NOT_SUBMITTED_TECHNICAL,,,,
MAESTRO,13,,,0404017|0402020|0402020,,0404017,1,EXACT,"{""source"":""MAESTRO_GESTIÓN.xlsx:RENTABILIDAD_COSTOS"",""source_row"":13,""parent_code"":""0404017"",""component_slot"":""ART1"",""component_code"":""0404017"",""quantity"":""1"",""quantity_status"":""EXACT"",""is_combination_row"":""YES"",""family"":""Camas"",""model"":""Chalet Brus"",""finish"":""Natural"",""measure"":""160x200"",""composition_label"":""La Estructura + 2 Somiers"",""product_name"":""Cama Chalet Brus, Crudo, 160x200 cm"",""status"":""DESCATALOGADO"",""legacy_magento_id"":""0404017"",""legacy_ean"":"""",""combination_sku_exact"":""0404017|0402020|0402020"",""combination_key_status"":""EXACT""}",EXACT_SKU,404017,BLOCKED,SUPPORTING_SOURCE,,,0404017|0402020|0402020,,404017,NO,NO,NO,YES,1,COMBINATION_SKU_MISSING,"{""quantity_status"":""EXACT"",""physical_match_method"":""EXACT_SKU"",""parent_match_method"":""MISSING_WOO_SKU""}","Evidence row; correlate by combination_sku, component_sku and quantity.",MISSING_WOO_SKU,BLOCKED,HISTORICAL_NONBLOCKING,COMBINATION_SKU_MISSING,HISTORICAL_COMPOSITION_EVIDENCE,HISTORICAL_COMPOSITION_EVIDENCE,NO,NO,HIGH,Exact 001A.0 evidence retained; no fuzzy identity.,TECH-001,UNRESOLVED_EXACT_EVIDENCE_OUTSIDE_BUSINESS_SCOPE,YES_NONEXACT,PENDING_TECHNICAL_EVIDENCE,NOT_SUBMITTED_TECHNICAL,,,,
MAESTRO,15,,,0404019|0402019|0402019,,0402019,2,EXACT,"{""source"":""MAESTRO_GESTIÓN.xlsx:RENTABILIDAD_COSTOS"",""source_row"":15,""parent_code"":""0404019"",""component_slot"":""ART2"",""component_code"":""0402019"",""quantity"":""2"",""quantity_status"":""EXACT"",""is_combination_row"":""YES"",""family"":""Camas"",""model"":""Chalet Brus"",""finish"":""Natural"",""measure"":""180x200"",""composition_label"":""La Estructura + 2 Somiers"",""product_name"":""Cama Chalet Brus, Crudo, 180x200 cm"",""status"":""ACTIVO"",""legacy_magento_id"":""0404019"",""legacy_ean"":"""",""combination_sku_exact"":""0404019|0402019|0402019"",""combination_key_status"":""EXACT""}",EXACT_SKU,402019,BLOCKED,SUPPORTING_SOURCE,,,0404019|0402019|0402019,,402019,NO,NO,NO,YES,1,COMBINATION_SKU_MISSING,"{""quantity_status"":""EXACT"",""physical_match_method"":""EXACT_SKU"",""parent_match_method"":""MISSING_WOO_SKU""}","Evidence row; correlate by combination_sku, component_sku and quantity.",MISSING_WOO_SKU,BLOCKED,BLOCKED,COMBINATION_SKU_MISSING,ACTIVE_SOURCE_COMPOSITION_WITHOUT_WOO_PARENT,ACTIVE_SOURCE_COMPOSITION_WITHOUT_WOO_PARENT,NO,YES,LOW,Exact 001A.0 evidence retained; no fuzzy identity.,UD-005,PENDING_BUSINESS_REVIEW_MAESTRO_COMPOSITION,YES,PENDING_BUSINESS_REVIEW,PENDING,,,,
MAESTRO,15,,,0404019|0402019|0402019,,0404019,1,EXACT,"{""source"":""MAESTRO_GESTIÓN.xlsx:RENTABILIDAD_COSTOS"",""source_row"":15,""parent_code"":""0404019"",""component_slot"":""ART1"",""component_code"":""0404019"",""quantity"":""1"",""quantity_status"":""EXACT"",""is_combination_row"":""YES"",""family"":""Camas"",""model"":""Chalet Brus"",""finish"":""Natural"",""measure"":""180x200"",""composition_label"":""La Estructura + 2 Somiers"",""product_name"":""Cama Chalet Brus, Crudo, 180x200 cm"",""status"":""ACTIVO"",""legacy_magento_id"":""0404019"",""legacy_ean"":"""",""combination_sku_exact"":""0404019|0402019|0402019"",""combination_key_status"":""EXACT""}",EXACT_SKU,404019,BLOCKED,SUPPORTING_SOURCE,,,0404019|0402019|0402019,,404019,NO,NO,NO,YES,1,COMBINATION_SKU_MISSING,"{""quantity_status"":""EXACT"",""physical_match_method"":""EXACT_SKU"",""parent_match_method"":""MISSING_WOO_SKU""}","Evidence row; correlate by combination_sku, component_sku and quantity.",MISSING_WOO_SKU,BLOCKED,BLOCKED,COMBINATION_SKU_MISSING,ACTIVE_SOURCE_COMPOSITION_WITHOUT_WOO_PARENT,ACTIVE_SOURCE_COMPOSITION_WITHOUT_WOO_PARENT,NO,YES,LOW,Exact 001A.0 evidence retained; no fuzzy identity.,UD-005,PENDING_BUSINESS_REVIEW_MAESTRO_COMPOSITION,YES,PENDING_BUSINESS_REVIEW,PENDING,,,,
MAESTRO,23,,,0402014|0201002|0201002,,0201002,2,EXACT,"{""source"":""MAESTRO_GESTIÓN.xlsx:RENTABILIDAD_COSTOS"",""source_row"":23,""parent_code"":""0402014"",""component_slot"":""ART2"",""component_code"":""0201002"",""quantity"":""2"",""quantity_status"":""EXACT"",""is_combination_row"":""YES"",""family"":""Camas"",""model"":""Macao"",""finish"":""Natural"",""measure"":""180x200"",""composition_label"":""Estructura + 2 tatamis"",""product_name"":""Cama  Macao Natural 180x200 cm."",""status"":""ACTIVO"",""legacy_magento_id"":""0402014"",""legacy_ean"":""-"",""combination_sku_exact"":""0402014|0201002|0201002"",""combination_key_status"":""EXACT""}",EXACT_SKU,201002,BLOCKED,SUPPORTING_SOURCE,,,0402014|0201002|0201002,,201002,NO,NO,NO,YES,1,COMBINATION_SKU_MISSING,"{""quantity_status"":""EXACT"",""physical_match_method"":""EXACT_SKU"",""parent_match_method"":""MISSING_WOO_SKU""}","Evidence row; correlate by combination_sku, component_sku and quantity.",MISSING_WOO_SKU,BLOCKED,BLOCKED,COMBINATION_SKU_MISSING,ACTIVE_SOURCE_COMPOSITION_WITHOUT_WOO_PARENT,ACTIVE_SOURCE_COMPOSITION_WITHOUT_WOO_PARENT,NO,YES,LOW,Exact 001A.0 evidence retained; no fuzzy identity.,UD-005,PENDING_BUSINESS_REVIEW_MAESTRO_COMPOSITION,YES,PENDING_BUSINESS_REVIEW,PENDING,,,,
MAESTRO,23,,,0402014|0201002|0201002,,0402014,1,EXACT,"{""source"":""MAESTRO_GESTIÓN.xlsx:RENTABILIDAD_COSTOS"",""source_row"":23,""parent_code"":""0402014"",""component_slot"":""ART1"",""component_code"":""0402014"",""quantity"":""1"",""quantity_status"":""EXACT"",""is_combination_row"":""YES"",""family"":""Camas"",""model"":""Macao"",""finish"":""Natural"",""measure"":""180x200"",""composition_label"":""Estructura + 2 tatamis"",""product_name"":""Cama  Macao Natural 180x200 cm."",""status"":""ACTIVO"",""legacy_magento_id"":""0402014"",""legacy_ean"":""-"",""combination_sku_exact"":""0402014|0201002|0201002"",""combination_key_status"":""EXACT""}",EXACT_SKU,402014,BLOCKED,SUPPORTING_SOURCE,,,0402014|0201002|0201002,,402014,NO,NO,NO,YES,1,COMBINATION_SKU_MISSING,"{""quantity_status"":""EXACT"",""physical_match_method"":""EXACT_SKU"",""parent_match_method"":""MISSING_WOO_SKU""}","Evidence row; correlate by combination_sku, component_sku and quantity.",MISSING_WOO_SKU,BLOCKED,BLOCKED,COMBINATION_SKU_MISSING,ACTIVE_SOURCE_COMPOSITION_WITHOUT_WOO_PARENT,ACTIVE_SOURCE_COMPOSITION_WITHOUT_WOO_PARENT,NO,YES,LOW,Exact 001A.0 evidence retained; no fuzzy identity.,UD-005,PENDING_BUSINESS_REVIEW_MAESTRO_COMPOSITION,YES,PENDING_BUSINESS_REVIEW,PENDING,,,,
MAESTRO,300,,,0504012|0724003|0606002,,0504012,1,EXACT,"{""source"":""MAESTRO_GESTIÓN.xlsx:RENTABILIDAD_COSTOS"",""source_row"":300,""parent_code"":""0504012"",""component_slot"":""ART1"",""component_code"":""0504012"",""quantity"":""1"",""quantity_status"":""EXACT"",""is_combination_row"":""YES"",""family"":""Sofás Cama"",""model"":""A-Frame"",""finish"":""Natural"",""measure"":""140x200"",""composition_label"":""Estructura + futonAlg + funda_lisa"",""product_name"":""Estructura + futonAlg + funda_lisa"",""status"":""ACTIVO"",""legacy_magento_id"":""0504012"",""legacy_ean"":"""",""combination_sku_exact"":""0504012|0724003|0606002"",""combination_key_status"":""EXACT""}",EXACT_SKU,504012,BLOCKED,SUPPORTING_SOURCE,,,0504012|0724003|0606002,,504012,NO,NO,NO,YES,1,COMBINATION_SKU_MISSING,"{""quantity_status"":""EXACT"",""physical_match_method"":""EXACT_SKU"",""parent_match_method"":""MISSING_WOO_SKU""}","Evidence row; correlate by combination_sku, component_sku and quantity.",MISSING_WOO_SKU,BLOCKED,BLOCKED,COMBINATION_SKU_MISSING,ACTIVE_SOURCE_COMPOSITION_WITHOUT_WOO_PARENT,ACTIVE_SOURCE_COMPOSITION_WITHOUT_WOO_PARENT,NO,YES,LOW,Exact 001A.0 evidence retained; no fuzzy identity.,UD-005,PENDING_BUSINESS_REVIEW_MAESTRO_COMPOSITION,YES,PENDING_BUSINESS_REVIEW,PENDING,,,,
MAESTRO,300,,,0504012|0724003|0606002,,0606002,1,EXACT,"{""source"":""MAESTRO_GESTIÓN.xlsx:RENTABILIDAD_COSTOS"",""source_row"":300,""parent_code"":""0504012"",""component_slot"":""ART4"",""component_code"":""0606002"",""quantity"":""1"",""quantity_status"":""EXACT"",""is_combination_row"":""YES"",""family"":""Sofás Cama"",""model"":""A-Frame"",""finish"":""Natural"",""measure"":""140x200"",""composition_label"":""Estructura + futonAlg + funda_lisa"",""product_name"":""Estructura + futonAlg + funda_lisa"",""status"":""ACTIVO"",""legacy_magento_id"":""0504012"",""legacy_ean"":"""",""combination_sku_exact"":""0504012|0724003|0606002"",""combination_key_status"":""EXACT""}",EXACT_SKU,606002,BLOCKED,SUPPORTING_SOURCE,,,0504012|0724003|0606002,,606002,NO,NO,NO,YES,1,COMBINATION_SKU_MISSING,"{""quantity_status"":""EXACT"",""physical_match_method"":""EXACT_SKU"",""parent_match_method"":""MISSING_WOO_SKU""}","Evidence row; correlate by combination_sku, component_sku and quantity.",MISSING_WOO_SKU,BLOCKED,BLOCKED,COMBINATION_SKU_MISSING,ACTIVE_SOURCE_COMPOSITION_WITHOUT_WOO_PARENT,ACTIVE_SOURCE_COMPOSITION_WITHOUT_WOO_PARENT,NO,YES,LOW,Exact 001A.0 evidence retained; no fuzzy identity.,UD-005,PENDING_BUSINESS_REVIEW_MAESTRO_COMPOSITION,YES,PENDING_BUSINESS_REVIEW,PENDING,,,,
MAESTRO,300,,,0504012|0724003|0606002,,0724003,1,EXACT,"{""source"":""MAESTRO_GESTIÓN.xlsx:RENTABILIDAD_COSTOS"",""source_row"":300,""parent_code"":""0504012"",""component_slot"":""ART2"",""component_code"":""0724003"",""quantity"":""1"",""quantity_status"":""EXACT"",""is_combination_row"":""YES"",""family"":""Sofás Cama"",""model"":""A-Frame"",""finish"":""Natural"",""measure"":""140x200"",""composition_label"":""Estructura + futonAlg + funda_lisa"",""product_name"":""Estructura + futonAlg + funda_lisa"",""status"":""ACTIVO"",""legacy_magento_id"":""0504012"",""legacy_ean"":"""",""combination_sku_exact"":""0504012|0724003|0606002"",""combination_key_status"":""EXACT""}",EXACT_SKU,724003,BLOCKED,SUPPORTING_SOURCE,,,0504012|0724003|0606002,,724003,NO,NO,NO,YES,1,COMBINATION_SKU_MISSING,"{""quantity_status"":""EXACT"",""physical_match_method"":""EXACT_SKU"",""parent_match_method"":""MISSING_WOO_SKU""}","Evidence row; correlate by combination_sku, component_sku and quantity.",MISSING_WOO_SKU,BLOCKED,BLOCKED,COMBINATION_SKU_MISSING,ACTIVE_SOURCE_COMPOSITION_WITHOUT_WOO_PARENT,ACTIVE_SOURCE_COMPOSITION_WITHOUT_WOO_PARENT,NO,YES,LOW,Exact 001A.0 evidence retained; no fuzzy identity.,UD-005,PENDING_BUSINESS_REVIEW_MAESTRO_COMPOSITION,YES,PENDING_BUSINESS_REVIEW,PENDING,,,,
MAESTRO,303,,,0504012|0728002|0606002,,0504012,1,EXACT,"{""source"":""MAESTRO_GESTIÓN.xlsx:RENTABILIDAD_COSTOS"",""source_row"":303,""parent_code"":""0504012"",""component_slot"":""ART1"",""component_code"":""0504012"",""quantity"":""1"",""quantity_status"":""EXACT"",""is_combination_row"":""YES"",""family"":""Sofás Cama"",""model"":""A-Frame"",""finish"":""Natural"",""measure"":""140x200"",""composition_label"":""Estructura + futon 1 látex + funda_lisa"",""product_name"":""Estructura + futon 1 látex + funda_lisa"",""status"":""ACTIVO"",""legacy_magento_id"":""0504012"",""legacy_ean"":"""",""combination_sku_exact"":""0504012|0728002|0606002"",""combination_key_status"":""EXACT""}",EXACT_SKU,504012,BLOCKED,SUPPORTING_SOURCE,,,0504012|0728002|0606002,,504012,NO,NO,NO,YES,1,COMBINATION_SKU_MISSING,"{""quantity_status"":""EXACT"",""physical_match_method"":""EXACT_SKU"",""parent_match_method"":""MISSING_WOO_SKU""}","Evidence row; correlate by combination_sku, component_sku and quantity.",MISSING_WOO_SKU,BLOCKED,BLOCKED,COMBINATION_SKU_MISSING,ACTIVE_SOURCE_COMPOSITION_WITHOUT_WOO_PARENT,ACTIVE_SOURCE_COMPOSITION_WITHOUT_WOO_PARENT,NO,YES,LOW,Exact 001A.0 evidence retained; no fuzzy identity.,UD-005,PENDING_BUSINESS_REVIEW_MAESTRO_COMPOSITION,YES,PENDING_BUSINESS_REVIEW,PENDING,,,,
MAESTRO,303,,,0504012|0728002|0606002,,0606002,1,EXACT,"{""source"":""MAESTRO_GESTIÓN.xlsx:RENTABILIDAD_COSTOS"",""source_row"":303,""parent_code"":""0504012"",""component_slot"":""ART4"",""component_code"":""0606002"",""quantity"":""1"",""quantity_status"":""EXACT"",""is_combination_row"":""YES"",""family"":""Sofás Cama"",""model"":""A-Frame"",""finish"":""Natural"",""measure"":""140x200"",""composition_label"":""Estructura + futon 1 látex + funda_lisa"",""product_name"":""Estructura + futon 1 látex + funda_lisa"",""status"":""ACTIVO"",""legacy_magento_id"":""0504012"",""legacy_ean"":"""",""combination_sku_exact"":""0504012|0728002|0606002"",""combination_key_status"":""EXACT""}",EXACT_SKU,606002,BLOCKED,SUPPORTING_SOURCE,,,0504012|0728002|0606002,,606002,NO,NO,NO,YES,1,COMBINATION_SKU_MISSING,"{""quantity_status"":""EXACT"",""physical_match_method"":""EXACT_SKU"",""parent_match_method"":""MISSING_WOO_SKU""}","Evidence row; correlate by combination_sku, component_sku and quantity.",MISSING_WOO_SKU,BLOCKED,BLOCKED,COMBINATION_SKU_MISSING,ACTIVE_SOURCE_COMPOSITION_WITHOUT_WOO_PARENT,ACTIVE_SOURCE_COMPOSITION_WITHOUT_WOO_PARENT,NO,YES,LOW,Exact 001A.0 evidence retained; no fuzzy identity.,UD-005,PENDING_BUSINESS_REVIEW_MAESTRO_COMPOSITION,YES,PENDING_BUSINESS_REVIEW,PENDING,,,,
MAESTRO,303,,,0504012|0728002|0606002,,0728002,1,EXACT,"{""source"":""MAESTRO_GESTIÓN.xlsx:RENTABILIDAD_COSTOS"",""source_row"":303,""parent_code"":""0504012"",""component_slot"":""ART2"",""component_code"":""0728002"",""quantity"":""1"",""quantity_status"":""EXACT"",""is_combination_row"":""YES"",""family"":""Sofás Cama"",""model"":""A-Frame"",""finish"":""Natural"",""measure"":""140x200"",""composition_label"":""Estructura + futon 1 látex + funda_lisa"",""product_name"":""Estructura + futon 1 látex + funda_lisa"",""status"":""ACTIVO"",""legacy_magento_id"":""0504012"",""legacy_ean"":"""",""combination_sku_exact"":""0504012|0728002|0606002"",""combination_key_status"":""EXACT""}",EXACT_SKU,728002,BLOCKED,SUPPORTING_SOURCE,,,0504012|0728002|0606002,,728002,NO,NO,NO,YES,1,COMBINATION_SKU_MISSING,"{""quantity_status"":""EXACT"",""physical_match_method"":""EXACT_SKU"",""parent_match_method"":""MISSING_WOO_SKU""}","Evidence row; correlate by combination_sku, component_sku and quantity.",MISSING_WOO_SKU,BLOCKED,BLOCKED,COMBINATION_SKU_MISSING,ACTIVE_SOURCE_COMPOSITION_WITHOUT_WOO_PARENT,ACTIVE_SOURCE_COMPOSITION_WITHOUT_WOO_PARENT,NO,YES,LOW,Exact 001A.0 evidence retained; no fuzzy identity.,UD-005,PENDING_BUSINESS_REVIEW_MAESTRO_COMPOSITION,YES,PENDING_BUSINESS_REVIEW,PENDING,,,,
MAESTRO,306,,,0504012|0730002|0606002,,0504012,1,EXACT,"{""source"":""MAESTRO_GESTIÓN.xlsx:RENTABILIDAD_COSTOS"",""source_row"":306,""parent_code"":""0504012"",""component_slot"":""ART1"",""component_code"":""0504012"",""quantity"":""1"",""quantity_status"":""EXACT"",""is_combination_row"":""YES"",""family"":""Sofás Cama"",""model"":""A-Frame"",""finish"":""Natural"",""measure"":""140x200"",""composition_label"":""Estructura + futon 2 látex + funda_lisa"",""product_name"":""Estructura + futon 2 látex + funda_lisa"",""status"":""ACTIVO"",""legacy_magento_id"":""0504012"",""legacy_ean"":"""",""combination_sku_exact"":""0504012|0730002|0606002"",""combination_key_status"":""EXACT""}",EXACT_SKU,504012,BLOCKED,SUPPORTING_SOURCE,,,0504012|0730002|0606002,,504012,NO,NO,NO,YES,1,COMBINATION_SKU_MISSING,"{""quantity_status"":""EXACT"",""physical_match_method"":""EXACT_SKU"",""parent_match_method"":""MISSING_WOO_SKU""}","Evidence row; correlate by combination_sku, component_sku and quantity.",MISSING_WOO_SKU,BLOCKED,BLOCKED,COMBINATION_SKU_MISSING,ACTIVE_SOURCE_COMPOSITION_WITHOUT_WOO_PARENT,ACTIVE_SOURCE_COMPOSITION_WITHOUT_WOO_PARENT,NO,YES,LOW,Exact 001A.0 evidence retained; no fuzzy identity.,UD-005,PENDING_BUSINESS_REVIEW_MAESTRO_COMPOSITION,YES,PENDING_BUSINESS_REVIEW,PENDING,,,,
MAESTRO,306,,,0504012|0730002|0606002,,0606002,1,EXACT,"{""source"":""MAESTRO_GESTIÓN.xlsx:RENTABILIDAD_COSTOS"",""source_row"":306,""parent_code"":""0504012"",""component_slot"":""ART4"",""component_code"":""0606002"",""quantity"":""1"",""quantity_status"":""EXACT"",""is_combination_row"":""YES"",""family"":""Sofás Cama"",""model"":""A-Frame"",""finish"":""Natural"",""measure"":""140x200"",""composition_label"":""Estructura + futon 2 látex + funda_lisa"",""product_name"":""Estructura + futon 2 látex + funda_lisa"",""status"":""ACTIVO"",""legacy_magento_id"":""0504012"",""legacy_ean"":"""",""combination_sku_exact"":""0504012|0730002|0606002"",""combination_key_status"":""EXACT""}",EXACT_SKU,606002,BLOCKED,SUPPORTING_SOURCE,,,0504012|0730002|0606002,,606002,NO,NO,NO,YES,1,COMBINATION_SKU_MISSING,"{""quantity_status"":""EXACT"",""physical_match_method"":""EXACT_SKU"",""parent_match_method"":""MISSING_WOO_SKU""}","Evidence row; correlate by combination_sku, component_sku and quantity.",MISSING_WOO_SKU,BLOCKED,BLOCKED,COMBINATION_SKU_MISSING,ACTIVE_SOURCE_COMPOSITION_WITHOUT_WOO_PARENT,ACTIVE_SOURCE_COMPOSITION_WITHOUT_WOO_PARENT,NO,YES,LOW,Exact 001A.0 evidence retained; no fuzzy identity.,UD-005,PENDING_BUSINESS_REVIEW_MAESTRO_COMPOSITION,YES,PENDING_BUSINESS_REVIEW,PENDING,,,,
MAESTRO,306,,,0504012|0730002|0606002,,0730002,1,EXACT,"{""source"":""MAESTRO_GESTIÓN.xlsx:RENTABILIDAD_COSTOS"",""source_row"":306,""parent_code"":""0504012"",""component_slot"":""ART2"",""component_code"":""0730002"",""quantity"":""1"",""quantity_status"":""EXACT"",""is_combination_row"":""YES"",""family"":""Sofás Cama"",""model"":""A-Frame"",""finish"":""Natural"",""measure"":""140x200"",""composition_label"":""Estructura + futon 2 látex + funda_lisa"",""product_name"":""Estructura + futon 2 látex + funda_lisa"",""status"":""ACTIVO"",""legacy_magento_id"":""0504012"",""legacy_ean"":"""",""combination_sku_exact"":""0504012|0730002|0606002"",""combination_key_status"":""EXACT""}",EXACT_SKU,730002,BLOCKED,SUPPORTING_SOURCE,,,0504012|0730002|0606002,,730002,NO,NO,NO,YES,1,COMBINATION_SKU_MISSING,"{""quantity_status"":""EXACT"",""physical_match_method"":""EXACT_SKU"",""parent_match_method"":""MISSING_WOO_SKU""}","Evidence row; correlate by combination_sku, component_sku and quantity.",MISSING_WOO_SKU,BLOCKED,BLOCKED,COMBINATION_SKU_MISSING,ACTIVE_SOURCE_COMPOSITION_WITHOUT_WOO_PARENT,ACTIVE_SOURCE_COMPOSITION_WITHOUT_WOO_PARENT,NO,YES,LOW,Exact 001A.0 evidence retained; no fuzzy identity.,UD-005,PENDING_BUSINESS_REVIEW_MAESTRO_COMPOSITION,YES,PENDING_BUSINESS_REVIEW,PENDING,,,,
MAESTRO,308,,,0504012|1251006,,0504012,1,EXACT,"{""source"":""MAESTRO_GESTIÓN.xlsx:RENTABILIDAD_COSTOS"",""source_row"":308,""parent_code"":""0504012"",""component_slot"":""ART1"",""component_code"":""0504012"",""quantity"":""1"",""quantity_status"":""EXACT"",""is_combination_row"":""YES"",""family"":""Sofás Cama"",""model"":""A-Frame"",""finish"":""Natural"",""measure"":""140x200"",""composition_label"":""Estructura + futonColor"",""product_name"":""Estructura + futonColor"",""status"":""ACTIVO"",""legacy_magento_id"":""0504012"",""legacy_ean"":"""",""combination_sku_exact"":""0504012|1251006"",""combination_key_status"":""EXACT""}",EXACT_SKU,504012,BLOCKED,SUPPORTING_SOURCE,,,0504012|1251006,,504012,NO,NO,NO,YES,1,COMBINATION_SKU_MISSING,"{""quantity_status"":""EXACT"",""physical_match_method"":""EXACT_SKU"",""parent_match_method"":""MISSING_WOO_SKU""}","Evidence row; correlate by combination_sku, component_sku and quantity.",MISSING_WOO_SKU,BLOCKED,BLOCKED,COMBINATION_SKU_MISSING,ACTIVE_SOURCE_COMPOSITION_WITHOUT_WOO_PARENT,ACTIVE_SOURCE_COMPOSITION_WITHOUT_WOO_PARENT,NO,YES,LOW,Exact 001A.0 evidence retained; no fuzzy identity.,UD-005,PENDING_BUSINESS_REVIEW_MAESTRO_COMPOSITION,YES,PENDING_BUSINESS_REVIEW,PENDING,,,,
MAESTRO,308,,,0504012|1251006,,1251006,1,EXACT,"{""source"":""MAESTRO_GESTIÓN.xlsx:RENTABILIDAD_COSTOS"",""source_row"":308,""parent_code"":""0504012"",""component_slot"":""ART2"",""component_code"":""1251006"",""quantity"":""1"",""quantity_status"":""EXACT"",""is_combination_row"":""YES"",""family"":""Sofás Cama"",""model"":""A-Frame"",""finish"":""Natural"",""measure"":""140x200"",""composition_label"":""Estructura + futonColor"",""product_name"":""Estructura + futonColor"",""status"":""ACTIVO"",""legacy_magento_id"":""0504012"",""legacy_ean"":"""",""combination_sku_exact"":""0504012|1251006"",""combination_key_status"":""EXACT""}",EXACT_SKU,1251006,BLOCKED,SUPPORTING_SOURCE,,,0504012|1251006,,1251006,NO,NO,NO,YES,1,COMBINATION_SKU_MISSING,"{""quantity_status"":""EXACT"",""physical_match_method"":""EXACT_SKU"",""parent_match_method"":""MISSING_WOO_SKU""}","Evidence row; correlate by combination_sku, component_sku and quantity.",MISSING_WOO_SKU,BLOCKED,BLOCKED,COMBINATION_SKU_MISSING,ACTIVE_SOURCE_COMPOSITION_WITHOUT_WOO_PARENT,ACTIVE_SOURCE_COMPOSITION_WITHOUT_WOO_PARENT,NO,YES,LOW,Exact 001A.0 evidence retained; no fuzzy identity.,UD-005,PENDING_BUSINESS_REVIEW_MAESTRO_COMPOSITION,YES,PENDING_BUSINESS_REVIEW,PENDING,,,,
MAESTRO,309,,,0504012|1251006|0606002,,0504012,1,EXACT,"{""source"":""MAESTRO_GESTIÓN.xlsx:RENTABILIDAD_COSTOS"",""source_row"":309,""parent_code"":""0504012"",""component_slot"":""ART1"",""component_code"":""0504012"",""quantity"":""1"",""quantity_status"":""EXACT"",""is_combination_row"":""YES"",""family"":""Sofás Cama"",""model"":""A-Frame"",""finish"":""Natural"",""measure"":""140x200"",""composition_label"":""Estructura + futonColor + funda_Lisa"",""product_name"":""Estructura + futonColor + funda_Lisa"",""status"":""ACTIVO"",""legacy_magento_id"":""0504012"",""legacy_ean"":"""",""combination_sku_exact"":""0504012|1251006|0606002"",""combination_key_status"":""EXACT""}",EXACT_SKU,504012,BLOCKED,SUPPORTING_SOURCE,,,0504012|1251006|0606002,,504012,NO,NO,NO,YES,1,COMBINATION_SKU_MISSING,"{""quantity_status"":""EXACT"",""physical_match_method"":""EXACT_SKU"",""parent_match_method"":""MISSING_WOO_SKU""}","Evidence row; correlate by combination_sku, component_sku and quantity.",MISSING_WOO_SKU,BLOCKED,BLOCKED,COMBINATION_SKU_MISSING,ACTIVE_SOURCE_COMPOSITION_WITHOUT_WOO_PARENT,ACTIVE_SOURCE_COMPOSITION_WITHOUT_WOO_PARENT,NO,YES,LOW,Exact 001A.0 evidence retained; no fuzzy identity.,UD-005,PENDING_BUSINESS_REVIEW_MAESTRO_COMPOSITION,YES,PENDING_BUSINESS_REVIEW,PENDING,,,,
MAESTRO,309,,,0504012|1251006|0606002,,0606002,1,EXACT,"{""source"":""MAESTRO_GESTIÓN.xlsx:RENTABILIDAD_COSTOS"",""source_row"":309,""parent_code"":""0504012"",""component_slot"":""ART4"",""component_code"":""0606002"",""quantity"":""1"",""quantity_status"":""EXACT"",""is_combination_row"":""YES"",""family"":""Sofás Cama"",""model"":""A-Frame"",""finish"":""Natural"",""measure"":""140x200"",""composition_label"":""Estructura + futonColor + funda_Lisa"",""product_name"":""Estructura + futonColor + funda_Lisa"",""status"":""ACTIVO"",""legacy_magento_id"":""0504012"",""legacy_ean"":"""",""combination_sku_exact"":""0504012|1251006|0606002"",""combination_key_status"":""EXACT""}",EXACT_SKU,606002,BLOCKED,SUPPORTING_SOURCE,,,0504012|1251006|0606002,,606002,NO,NO,NO,YES,1,COMBINATION_SKU_MISSING,"{""quantity_status"":""EXACT"",""physical_match_method"":""EXACT_SKU"",""parent_match_method"":""MISSING_WOO_SKU""}","Evidence row; correlate by combination_sku, component_sku and quantity.",MISSING_WOO_SKU,BLOCKED,BLOCKED,COMBINATION_SKU_MISSING,ACTIVE_SOURCE_COMPOSITION_WITHOUT_WOO_PARENT,ACTIVE_SOURCE_COMPOSITION_WITHOUT_WOO_PARENT,NO,YES,LOW,Exact 001A.0 evidence retained; no fuzzy identity.,UD-005,PENDING_BUSINESS_REVIEW_MAESTRO_COMPOSITION,YES,PENDING_BUSINESS_REVIEW,PENDING,,,,
MAESTRO,309,,,0504012|1251006|0606002,,1251006,1,EXACT,"{""source"":""MAESTRO_GESTIÓN.xlsx:RENTABILIDAD_COSTOS"",""source_row"":309,""parent_code"":""0504012"",""component_slot"":""ART2"",""component_code"":""1251006"",""quantity"":""1"",""quantity_status"":""EXACT"",""is_combination_row"":""YES"",""family"":""Sofás Cama"",""model"":""A-Frame"",""finish"":""Natural"",""measure"":""140x200"",""composition_label"":""Estructura + futonColor + funda_Lisa"",""product_name"":""Estructura + futonColor + funda_Lisa"",""status"":""ACTIVO"",""legacy_magento_id"":""0504012"",""legacy_ean"":"""",""combination_sku_exact"":""0504012|1251006|0606002"",""combination_key_status"":""EXACT""}",EXACT_SKU,1251006,BLOCKED,SUPPORTING_SOURCE,,,0504012|1251006|0606002,,1251006,NO,NO,NO,YES,1,COMBINATION_SKU_MISSING,"{""quantity_status"":""EXACT"",""physical_match_method"":""EXACT_SKU"",""parent_match_method"":""MISSING_WOO_SKU""}","Evidence row; correlate by combination_sku, component_sku and quantity.",MISSING_WOO_SKU,BLOCKED,BLOCKED,COMBINATION_SKU_MISSING,ACTIVE_SOURCE_COMPOSITION_WITHOUT_WOO_PARENT,ACTIVE_SOURCE_COMPOSITION_WITHOUT_WOO_PARENT,NO,YES,LOW,Exact 001A.0 evidence retained; no fuzzy identity.,UD-005,PENDING_BUSINESS_REVIEW_MAESTRO_COMPOSITION,YES,PENDING_BUSINESS_REVIEW,PENDING,,,,
MAESTRO,310,,,0504012|1251006|0617002,,0504012,1,EXACT,"{""source"":""MAESTRO_GESTIÓN.xlsx:RENTABILIDAD_COSTOS"",""source_row"":310,""parent_code"":""0504012"",""component_slot"":""ART1"",""component_code"":""0504012"",""quantity"":""1"",""quantity_status"":""EXACT"",""is_combination_row"":""YES"",""family"":""Sofás Cama"",""model"":""A-Frame"",""finish"":""Natural"",""measure"":""140x200"",""composition_label"":""Estructura + futonColor + funda_GrisJaspeada"",""product_name"":""Estructura + futonColor + funda_GrisJaspeada"",""status"":""ACTIVO"",""legacy_magento_id"":""0504012"",""legacy_ean"":"""",""combination_sku_exact"":""0504012|1251006|0617002"",""combination_key_status"":""EXACT""}",EXACT_SKU,504012,BLOCKED,SUPPORTING_SOURCE,,,0504012|1251006|0617002,,504012,NO,NO,NO,YES,1,COMBINATION_SKU_MISSING,"{""quantity_status"":""EXACT"",""physical_match_method"":""EXACT_SKU"",""parent_match_method"":""MISSING_WOO_SKU""}","Evidence row; correlate by combination_sku, component_sku and quantity.",MISSING_WOO_SKU,BLOCKED,BLOCKED,COMBINATION_SKU_MISSING,ACTIVE_SOURCE_COMPOSITION_WITHOUT_WOO_PARENT,ACTIVE_SOURCE_COMPOSITION_WITHOUT_WOO_PARENT,NO,YES,LOW,Exact 001A.0 evidence retained; no fuzzy identity.,UD-005,PENDING_BUSINESS_REVIEW_MAESTRO_COMPOSITION,YES,PENDING_BUSINESS_REVIEW,PENDING,,,,
MAESTRO,310,,,0504012|1251006|0617002,,0617002,1,EXACT,"{""source"":""MAESTRO_GESTIÓN.xlsx:RENTABILIDAD_COSTOS"",""source_row"":310,""parent_code"":""0504012"",""component_slot"":""ART4"",""component_code"":""0617002"",""quantity"":""1"",""quantity_status"":""EXACT"",""is_combination_row"":""YES"",""family"":""Sofás Cama"",""model"":""A-Frame"",""finish"":""Natural"",""measure"":""140x200"",""composition_label"":""Estructura + futonColor + funda_GrisJaspeada"",""product_name"":""Estructura + futonColor + funda_GrisJaspeada"",""status"":""ACTIVO"",""legacy_magento_id"":""0504012"",""legacy_ean"":"""",""combination_sku_exact"":""0504012|1251006|0617002"",""combination_key_status"":""EXACT""}",EXACT_SKU,617002,BLOCKED,SUPPORTING_SOURCE,,,0504012|1251006|0617002,,617002,NO,NO,NO,YES,1,COMBINATION_SKU_MISSING,"{""quantity_status"":""EXACT"",""physical_match_method"":""EXACT_SKU"",""parent_match_method"":""MISSING_WOO_SKU""}","Evidence row; correlate by combination_sku, component_sku and quantity.",MISSING_WOO_SKU,BLOCKED,BLOCKED,COMBINATION_SKU_MISSING,ACTIVE_SOURCE_COMPOSITION_WITHOUT_WOO_PARENT,ACTIVE_SOURCE_COMPOSITION_WITHOUT_WOO_PARENT,NO,YES,LOW,Exact 001A.0 evidence retained; no fuzzy identity.,UD-005,PENDING_BUSINESS_REVIEW_MAESTRO_COMPOSITION,YES,PENDING_BUSINESS_REVIEW,PENDING,,,,
MAESTRO,310,,,0504012|1251006|0617002,,1251006,1,EXACT,"{""source"":""MAESTRO_GESTIÓN.xlsx:RENTABILIDAD_COSTOS"",""source_row"":310,""parent_code"":""0504012"",""component_slot"":""ART2"",""component_code"":""1251006"",""quantity"":""1"",""quantity_status"":""EXACT"",""is_combination_row"":""YES"",""family"":""Sofás Cama"",""model"":""A-Frame"",""finish"":""Natural"",""measure"":""140x200"",""composition_label"":""Estructura + futonColor + funda_GrisJaspeada"",""product_name"":""Estructura + futonColor + funda_GrisJaspeada"",""status"":""ACTIVO"",""legacy_magento_id"":""0504012"",""legacy_ean"":"""",""combination_sku_exact"":""0504012|1251006|0617002"",""combination_key_status"":""EXACT""}",EXACT_SKU,1251006,BLOCKED,SUPPORTING_SOURCE,,,0504012|1251006|0617002,,1251006,NO,NO,NO,YES,1,COMBINATION_SKU_MISSING,"{""quantity_status"":""EXACT"",""physical_match_method"":""EXACT_SKU"",""parent_match_method"":""MISSING_WOO_SKU""}","Evidence row; correlate by combination_sku, component_sku and quantity.",MISSING_WOO_SKU,BLOCKED,BLOCKED,COMBINATION_SKU_MISSING,ACTIVE_SOURCE_COMPOSITION_WITHOUT_WOO_PARENT,ACTIVE_SOURCE_COMPOSITION_WITHOUT_WOO_PARENT,NO,YES,LOW,Exact 001A.0 evidence retained; no fuzzy identity.,UD-005,PENDING_BUSINESS_REVIEW_MAESTRO_COMPOSITION,YES,PENDING_BUSINESS_REVIEW,PENDING,,,,
MAESTRO,311,,,0201001|0201001|0201001|0201001|1242001|1242001|1242001|1242001,,0201001,4,EXACT,"{""source"":""MAESTRO_GESTIÓN.xlsx:RENTABILIDAD_COSTOS"",""source_row"":311,""parent_code"":""0201001"",""component_slot"":""ART1"",""component_code"":""0201001"",""quantity"":""4"",""quantity_status"":""EXACT"",""is_combination_row"":""YES"",""family"":""Sofás Cama"",""model"":""Chaise Lounge Tatami  Sin Funda"",""finish"":""-"",""measure"":""80x200x5,5"",""composition_label"":""4 Futones Color + 4 tatamis"",""product_name"":""Chaise Lounge Violeta claro,  80 x 200 cm."",""status"":""DESCATALOGADO"",""legacy_magento_id"":""0201001"",""legacy_ean"":"""",""combination_sku_exact"":""0201001|0201001|0201001|0201001|1242001|1242001|1242001|1242001"",""combination_key_status"":""EXACT""}",EXACT_SKU,201001,BLOCKED,SUPPORTING_SOURCE,,,0201001|0201001|0201001|0201001|1242001|1242001|1242001|1242001,,201001,NO,NO,NO,YES,1,COMBINATION_SKU_MISSING,"{""quantity_status"":""EXACT"",""physical_match_method"":""EXACT_SKU"",""parent_match_method"":""MISSING_WOO_SKU""}","Evidence row; correlate by combination_sku, component_sku and quantity.",MISSING_WOO_SKU,BLOCKED,HISTORICAL_NONBLOCKING,COMBINATION_SKU_MISSING,HISTORICAL_COMPOSITION_EVIDENCE,HISTORICAL_COMPOSITION_EVIDENCE,NO,NO,HIGH,Exact 001A.0 evidence retained; no fuzzy identity.,TECH-001,UNRESOLVED_EXACT_EVIDENCE_OUTSIDE_BUSINESS_SCOPE,YES_NONEXACT,PENDING_TECHNICAL_EVIDENCE,NOT_SUBMITTED_TECHNICAL,,,,
MAESTRO,311,,,0201001|0201001|0201001|0201001|1242001|1242001|1242001|1242001,,1242001,4,EXACT,"{""source"":""MAESTRO_GESTIÓN.xlsx:RENTABILIDAD_COSTOS"",""source_row"":311,""parent_code"":""0201001"",""component_slot"":""ART2"",""component_code"":""1242001"",""quantity"":""4"",""quantity_status"":""EXACT"",""is_combination_row"":""YES"",""family"":""Sofás Cama"",""model"":""Chaise Lounge Tatami  Sin Funda"",""finish"":""-"",""measure"":""80x200x5,5"",""composition_label"":""4 Futones Color + 4 tatamis"",""product_name"":""Chaise Lounge Violeta claro,  80 x 200 cm."",""status"":""DESCATALOGADO"",""legacy_magento_id"":""0201001"",""legacy_ean"":"""",""combination_sku_exact"":""0201001|0201001|0201001|0201001|1242001|1242001|1242001|1242001"",""combination_key_status"":""EXACT""}",EXACT_SKU,1242001,BLOCKED,SUPPORTING_SOURCE,,,0201001|0201001|0201001|0201001|1242001|1242001|1242001|1242001,,1242001,NO,NO,NO,YES,1,COMBINATION_SKU_MISSING,"{""quantity_status"":""EXACT"",""physical_match_method"":""EXACT_SKU"",""parent_match_method"":""MISSING_WOO_SKU""}","Evidence row; correlate by combination_sku, component_sku and quantity.",MISSING_WOO_SKU,BLOCKED,HISTORICAL_NONBLOCKING,COMBINATION_SKU_MISSING,HISTORICAL_COMPOSITION_EVIDENCE,HISTORICAL_COMPOSITION_EVIDENCE,NO,NO,HIGH,Exact 001A.0 evidence retained; no fuzzy identity.,TECH-001,UNRESOLVED_EXACT_EVIDENCE_OUTSIDE_BUSINESS_SCOPE,YES_NONEXACT,PENDING_TECHNICAL_EVIDENCE,NOT_SUBMITTED_TECHNICAL,,,,
MAESTRO,312,,,0201001|0201001|0201001|0201001|1243001|1243001|1243001|1243001,,0201001,4,EXACT,"{""source"":""MAESTRO_GESTIÓN.xlsx:RENTABILIDAD_COSTOS"",""source_row"":312,""parent_code"":""0201001"",""component_slot"":""ART1"",""component_code"":""0201001"",""quantity"":""4"",""quantity_status"":""EXACT"",""is_combination_row"":""YES"",""family"":""Sofás Cama"",""model"":""Chaise Lounge Tatami  Sin Funda"",""finish"":""-"",""measure"":""80x200x5,5"",""composition_label"":""4 Futones Color + 4 tatamis"",""product_name"":""Chaise Lounge Verde claro,  80 x 200 cm."",""status"":""DESCATALOGADO"",""legacy_magento_id"":""0201001"",""legacy_ean"":"""",""combination_sku_exact"":""0201001|0201001|0201001|0201001|1243001|1243001|1243001|1243001"",""combination_key_status"":""EXACT""}",EXACT_SKU,201001,BLOCKED,SUPPORTING_SOURCE,,,0201001|0201001|0201001|0201001|1243001|1243001|1243001|1243001,,201001,NO,NO,NO,YES,1,COMBINATION_SKU_MISSING,"{""quantity_status"":""EXACT"",""physical_match_method"":""EXACT_SKU"",""parent_match_method"":""MISSING_WOO_SKU""}","Evidence row; correlate by combination_sku, component_sku and quantity.",MISSING_WOO_SKU,BLOCKED,HISTORICAL_NONBLOCKING,COMBINATION_SKU_MISSING,HISTORICAL_COMPOSITION_EVIDENCE,HISTORICAL_COMPOSITION_EVIDENCE,NO,NO,HIGH,Exact 001A.0 evidence retained; no fuzzy identity.,TECH-001,UNRESOLVED_EXACT_EVIDENCE_OUTSIDE_BUSINESS_SCOPE,YES_NONEXACT,PENDING_TECHNICAL_EVIDENCE,NOT_SUBMITTED_TECHNICAL,,,,
MAESTRO,312,,,0201001|0201001|0201001|0201001|1243001|1243001|1243001|1243001,,1243001,4,EXACT,"{""source"":""MAESTRO_GESTIÓN.xlsx:RENTABILIDAD_COSTOS"",""source_row"":312,""parent_code"":""0201001"",""component_slot"":""ART2"",""component_code"":""1243001"",""quantity"":""4"",""quantity_status"":""EXACT"",""is_combination_row"":""YES"",""family"":""Sofás Cama"",""model"":""Chaise Lounge Tatami  Sin Funda"",""finish"":""-"",""measure"":""80x200x5,5"",""composition_label"":""4 Futones Color + 4 tatamis"",""product_name"":""Chaise Lounge Verde claro,  80 x 200 cm."",""status"":""DESCATALOGADO"",""legacy_magento_id"":""0201001"",""legacy_ean"":"""",""combination_sku_exact"":""0201001|0201001|0201001|0201001|1243001|1243001|1243001|1243001"",""combination_key_status"":""EXACT""}",EXACT_SKU,1243001,BLOCKED,SUPPORTING_SOURCE,,,0201001|0201001|0201001|0201001|1243001|1243001|1243001|1243001,,1243001,NO,NO,NO,YES,1,COMBINATION_SKU_MISSING,"{""quantity_status"":""EXACT"",""physical_match_method"":""EXACT_SKU"",""parent_match_method"":""MISSING_WOO_SKU""}","Evidence row; correlate by combination_sku, component_sku and quantity.",MISSING_WOO_SKU,BLOCKED,HISTORICAL_NONBLOCKING,COMBINATION_SKU_MISSING,HISTORICAL_COMPOSITION_EVIDENCE,HISTORICAL_COMPOSITION_EVIDENCE,NO,NO,HIGH,Exact 001A.0 evidence retained; no fuzzy identity.,TECH-001,UNRESOLVED_EXACT_EVIDENCE_OUTSIDE_BUSINESS_SCOPE,YES_NONEXACT,PENDING_TECHNICAL_EVIDENCE,NOT_SUBMITTED_TECHNICAL,,,,
MAESTRO,313,,,0201001|0201001|0201001|0201001|1245001|1245001|1245001|1245001,,0201001,4,EXACT,"{""source"":""MAESTRO_GESTIÓN.xlsx:RENTABILIDAD_COSTOS"",""source_row"":313,""parent_code"":""0201001"",""component_slot"":""ART1"",""component_code"":""0201001"",""quantity"":""4"",""quantity_status"":""EXACT"",""is_combination_row"":""YES"",""family"":""Sofás Cama"",""model"":""Chaise Lounge Tatami  Sin Funda"",""finish"":""-"",""measure"":""80x200x5,5"",""composition_label"":""4 Futones Color + 4 tatamis"",""product_name"":""Chaise Lounge Rojo,  80 x 200 cm."",""status"":""DESCATALOGADO"",""legacy_magento_id"":""0201001"",""legacy_ean"":"""",""combination_sku_exact"":""0201001|0201001|0201001|0201001|1245001|1245001|1245001|1245001"",""combination_key_status"":""EXACT""}",EXACT_SKU,201001,BLOCKED,SUPPORTING_SOURCE,,,0201001|0201001|0201001|0201001|1245001|1245001|1245001|1245001,,201001,NO,NO,NO,YES,1,COMBINATION_SKU_MISSING,"{""quantity_status"":""EXACT"",""physical_match_method"":""EXACT_SKU"",""parent_match_method"":""MISSING_WOO_SKU""}","Evidence row; correlate by combination_sku, component_sku and quantity.",MISSING_WOO_SKU,BLOCKED,HISTORICAL_NONBLOCKING,COMBINATION_SKU_MISSING,HISTORICAL_COMPOSITION_EVIDENCE,HISTORICAL_COMPOSITION_EVIDENCE,NO,NO,HIGH,Exact 001A.0 evidence retained; no fuzzy identity.,TECH-001,UNRESOLVED_EXACT_EVIDENCE_OUTSIDE_BUSINESS_SCOPE,YES_NONEXACT,PENDING_TECHNICAL_EVIDENCE,NOT_SUBMITTED_TECHNICAL,,,,
MAESTRO,313,,,0201001|0201001|0201001|0201001|1245001|1245001|1245001|1245001,,1245001,4,EXACT,"{""source"":""MAESTRO_GESTIÓN.xlsx:RENTABILIDAD_COSTOS"",""source_row"":313,""parent_code"":""0201001"",""component_slot"":""ART2"",""component_code"":""1245001"",""quantity"":""4"",""quantity_status"":""EXACT"",""is_combination_row"":""YES"",""family"":""Sofás Cama"",""model"":""Chaise Lounge Tatami  Sin Funda"",""finish"":""-"",""measure"":""80x200x5,5"",""composition_label"":""4 Futones Color + 4 tatamis"",""product_name"":""Chaise Lounge Rojo,  80 x 200 cm."",""status"":""DESCATALOGADO"",""legacy_magento_id"":""0201001"",""legacy_ean"":"""",""combination_sku_exact"":""0201001|0201001|0201001|0201001|1245001|1245001|1245001|1245001"",""combination_key_status"":""EXACT""}",EXACT_SKU,1245001,BLOCKED,SUPPORTING_SOURCE,,,0201001|0201001|0201001|0201001|1245001|1245001|1245001|1245001,,1245001,NO,NO,NO,YES,1,COMBINATION_SKU_MISSING,"{""quantity_status"":""EXACT"",""physical_match_method"":""EXACT_SKU"",""parent_match_method"":""MISSING_WOO_SKU""}","Evidence row; correlate by combination_sku, component_sku and quantity.",MISSING_WOO_SKU,BLOCKED,HISTORICAL_NONBLOCKING,COMBINATION_SKU_MISSING,HISTORICAL_COMPOSITION_EVIDENCE,HISTORICAL_COMPOSITION_EVIDENCE,NO,NO,HIGH,Exact 001A.0 evidence retained; no fuzzy identity.,TECH-001,UNRESOLVED_EXACT_EVIDENCE_OUTSIDE_BUSINESS_SCOPE,YES_NONEXACT,PENDING_TECHNICAL_EVIDENCE,NOT_SUBMITTED_TECHNICAL,,,,
MAESTRO,314,,,0201001|0201001|0201001|0201001|1244001|1244001|1244001|1244001,,0201001,4,EXACT,"{""source"":""MAESTRO_GESTIÓN.xlsx:RENTABILIDAD_COSTOS"",""source_row"":314,""parent_code"":""0201001"",""component_slot"":""ART1"",""component_code"":""0201001"",""quantity"":""4"",""quantity_status"":""EXACT"",""is_combination_row"":""YES"",""family"":""Sofás Cama"",""model"":""Chaise Lounge Tatami  Sin Funda"",""finish"":""-"",""measure"":""80x200x5,5"",""composition_label"":""4 Futones Color + 4 tatamis"",""product_name"":""Chaise Lounge, Negro, 80 x 200 cm."",""status"":""DESCATALOGADO"",""legacy_magento_id"":""0201001"",""legacy_ean"":"""",""combination_sku_exact"":""0201001|0201001|0201001|0201001|1244001|1244001|1244001|1244001"",""combination_key_status"":""EXACT""}",EXACT_SKU,201001,BLOCKED,SUPPORTING_SOURCE,,,0201001|0201001|0201001|0201001|1244001|1244001|1244001|1244001,,201001,NO,NO,NO,YES,1,COMBINATION_SKU_MISSING,"{""quantity_status"":""EXACT"",""physical_match_method"":""EXACT_SKU"",""parent_match_method"":""MISSING_WOO_SKU""}","Evidence row; correlate by combination_sku, component_sku and quantity.",MISSING_WOO_SKU,BLOCKED,HISTORICAL_NONBLOCKING,COMBINATION_SKU_MISSING,HISTORICAL_COMPOSITION_EVIDENCE,HISTORICAL_COMPOSITION_EVIDENCE,NO,NO,HIGH,Exact 001A.0 evidence retained; no fuzzy identity.,TECH-001,UNRESOLVED_EXACT_EVIDENCE_OUTSIDE_BUSINESS_SCOPE,YES_NONEXACT,PENDING_TECHNICAL_EVIDENCE,NOT_SUBMITTED_TECHNICAL,,,,
MAESTRO,314,,,0201001|0201001|0201001|0201001|1244001|1244001|1244001|1244001,,1244001,4,EXACT,"{""source"":""MAESTRO_GESTIÓN.xlsx:RENTABILIDAD_COSTOS"",""source_row"":314,""parent_code"":""0201001"",""component_slot"":""ART2"",""component_code"":""1244001"",""quantity"":""4"",""quantity_status"":""EXACT"",""is_combination_row"":""YES"",""family"":""Sofás Cama"",""model"":""Chaise Lounge Tatami  Sin Funda"",""finish"":""-"",""measure"":""80x200x5,5"",""composition_label"":""4 Futones Color + 4 tatamis"",""product_name"":""Chaise Lounge, Negro, 80 x 200 cm."",""status"":""DESCATALOGADO"",""legacy_magento_id"":""0201001"",""legacy_ean"":"""",""combination_sku_exact"":""0201001|0201001|0201001|0201001|1244001|1244001|1244001|1244001"",""combination_key_status"":""EXACT""}",EXACT_SKU,1244001,BLOCKED,SUPPORTING_SOURCE,,,0201001|0201001|0201001|0201001|1244001|1244001|1244001|1244001,,1244001,NO,NO,NO,YES,1,COMBINATION_SKU_MISSING,"{""quantity_status"":""EXACT"",""physical_match_method"":""EXACT_SKU"",""parent_match_method"":""MISSING_WOO_SKU""}","Evidence row; correlate by combination_sku, component_sku and quantity.",MISSING_WOO_SKU,BLOCKED,HISTORICAL_NONBLOCKING,COMBINATION_SKU_MISSING,HISTORICAL_COMPOSITION_EVIDENCE,HISTORICAL_COMPOSITION_EVIDENCE,NO,NO,HIGH,Exact 001A.0 evidence retained; no fuzzy identity.,TECH-001,UNRESOLVED_EXACT_EVIDENCE_OUTSIDE_BUSINESS_SCOPE,YES_NONEXACT,PENDING_TECHNICAL_EVIDENCE,NOT_SUBMITTED_TECHNICAL,,,,
MAESTRO,315,,,0201001|0201001|0201001|0201001|1249001|1249001|1249001|1249001,,0201001,4,EXACT,"{""source"":""MAESTRO_GESTIÓN.xlsx:RENTABILIDAD_COSTOS"",""source_row"":315,""parent_code"":""0201001"",""component_slot"":""ART1"",""component_code"":""0201001"",""quantity"":""4"",""quantity_status"":""EXACT"",""is_combination_row"":""YES"",""family"":""Sofás Cama"",""model"":""Chaise Lounge Tatami  Sin Funda"",""finish"":""-"",""measure"":""80x200x5,5"",""composition_label"":""4 Futones Algodón + 4 tatamis"",""product_name"":""Chaise Lounge, Crudo, 80 x 200 cm."",""status"":""DESCATALOGADO"",""legacy_magento_id"":""0201001"",""legacy_ean"":"""",""combination_sku_exact"":""0201001|0201001|0201001|0201001|1249001|1249001|1249001|1249001"",""combination_key_status"":""EXACT""}",EXACT_SKU,201001,BLOCKED,SUPPORTING_SOURCE,,,0201001|0201001|0201001|0201001|1249001|1249001|1249001|1249001,,201001,NO,NO,NO,YES,1,COMBINATION_SKU_MISSING,"{""quantity_status"":""EXACT"",""physical_match_method"":""EXACT_SKU"",""parent_match_method"":""MISSING_WOO_SKU""}","Evidence row; correlate by combination_sku, component_sku and quantity.",MISSING_WOO_SKU,BLOCKED,HISTORICAL_NONBLOCKING,COMBINATION_SKU_MISSING,HISTORICAL_COMPOSITION_EVIDENCE,HISTORICAL_COMPOSITION_EVIDENCE,NO,NO,HIGH,Exact 001A.0 evidence retained; no fuzzy identity.,TECH-001,UNRESOLVED_EXACT_EVIDENCE_OUTSIDE_BUSINESS_SCOPE,YES_NONEXACT,PENDING_TECHNICAL_EVIDENCE,NOT_SUBMITTED_TECHNICAL,,,,
MAESTRO,315,,,0201001|0201001|0201001|0201001|1249001|1249001|1249001|1249001,,1249001,4,EXACT,"{""source"":""MAESTRO_GESTIÓN.xlsx:RENTABILIDAD_COSTOS"",""source_row"":315,""parent_code"":""0201001"",""component_slot"":""ART2"",""component_code"":""1249001"",""quantity"":""4"",""quantity_status"":""EXACT"",""is_combination_row"":""YES"",""family"":""Sofás Cama"",""model"":""Chaise Lounge Tatami  Sin Funda"",""finish"":""-"",""measure"":""80x200x5,5"",""composition_label"":""4 Futones Algodón + 4 tatamis"",""product_name"":""Chaise Lounge, Crudo, 80 x 200 cm."",""status"":""DESCATALOGADO"",""legacy_magento_id"":""0201001"",""legacy_ean"":"""",""combination_sku_exact"":""0201001|0201001|0201001|0201001|1249001|1249001|1249001|1249001"",""combination_key_status"":""EXACT""}",EXACT_SKU,1249001,BLOCKED,SUPPORTING_SOURCE,,,0201001|0201001|0201001|0201001|1249001|1249001|1249001|1249001,,1249001,NO,NO,NO,YES,1,COMBINATION_SKU_MISSING,"{""quantity_status"":""EXACT"",""physical_match_method"":""EXACT_SKU"",""parent_match_method"":""MISSING_WOO_SKU""}","Evidence row; correlate by combination_sku, component_sku and quantity.",MISSING_WOO_SKU,BLOCKED,HISTORICAL_NONBLOCKING,COMBINATION_SKU_MISSING,HISTORICAL_COMPOSITION_EVIDENCE,HISTORICAL_COMPOSITION_EVIDENCE,NO,NO,HIGH,Exact 001A.0 evidence retained; no fuzzy identity.,TECH-001,UNRESOLVED_EXACT_EVIDENCE_OUTSIDE_BUSINESS_SCOPE,YES_NONEXACT,PENDING_TECHNICAL_EVIDENCE,NOT_SUBMITTED_TECHNICAL,,,,
MAESTRO,330,,,0504010|1251006,,0504010,1,EXACT,"{""source"":""MAESTRO_GESTIÓN.xlsx:RENTABILIDAD_COSTOS"",""source_row"":330,""parent_code"":""0504010"",""component_slot"":""ART1"",""component_code"":""0504010"",""quantity"":""1"",""quantity_status"":""EXACT"",""is_combination_row"":""YES"",""family"":""Sofás Cama"",""model"":""Luna"",""finish"":""Natural"",""measure"":""140x200"",""composition_label"":""Estructura + futonColor"",""product_name"":""Estructura + futonColor"",""status"":""DESCATALOGADO"",""legacy_magento_id"":""0504010"",""legacy_ean"":"""",""combination_sku_exact"":""0504010|1251006"",""combination_key_status"":""EXACT""}",EXACT_SKU,504010,BLOCKED,SUPPORTING_SOURCE,,,0504010|1251006,,504010,NO,NO,NO,YES,1,COMBINATION_SKU_MISSING,"{""quantity_status"":""EXACT"",""physical_match_method"":""EXACT_SKU"",""parent_match_method"":""MISSING_WOO_SKU""}","Evidence row; correlate by combination_sku, component_sku and quantity.",MISSING_WOO_SKU,BLOCKED,HISTORICAL_NONBLOCKING,COMBINATION_SKU_MISSING,HISTORICAL_COMPOSITION_EVIDENCE,HISTORICAL_COMPOSITION_EVIDENCE,NO,NO,HIGH,Exact 001A.0 evidence retained; no fuzzy identity.,TECH-001,UNRESOLVED_EXACT_EVIDENCE_OUTSIDE_BUSINESS_SCOPE,YES_NONEXACT,PENDING_TECHNICAL_EVIDENCE,NOT_SUBMITTED_TECHNICAL,,,,
MAESTRO,330,,,0504010|1251006,,1251006,1,EXACT,"{""source"":""MAESTRO_GESTIÓN.xlsx:RENTABILIDAD_COSTOS"",""source_row"":330,""parent_code"":""0504010"",""component_slot"":""ART2"",""component_code"":""1251006"",""quantity"":""1"",""quantity_status"":""EXACT"",""is_combination_row"":""YES"",""family"":""Sofás Cama"",""model"":""Luna"",""finish"":""Natural"",""measure"":""140x200"",""composition_label"":""Estructura + futonColor"",""product_name"":""Estructura + futonColor"",""status"":""DESCATALOGADO"",""legacy_magento_id"":""0504010"",""legacy_ean"":"""",""combination_sku_exact"":""0504010|1251006"",""combination_key_status"":""EXACT""}",EXACT_SKU,1251006,BLOCKED,SUPPORTING_SOURCE,,,0504010|1251006,,1251006,NO,NO,NO,YES,1,COMBINATION_SKU_MISSING,"{""quantity_status"":""EXACT"",""physical_match_method"":""EXACT_SKU"",""parent_match_method"":""MISSING_WOO_SKU""}","Evidence row; correlate by combination_sku, component_sku and quantity.",MISSING_WOO_SKU,BLOCKED,HISTORICAL_NONBLOCKING,COMBINATION_SKU_MISSING,HISTORICAL_COMPOSITION_EVIDENCE,HISTORICAL_COMPOSITION_EVIDENCE,NO,NO,HIGH,Exact 001A.0 evidence retained; no fuzzy identity.,TECH-001,UNRESOLVED_EXACT_EVIDENCE_OUTSIDE_BUSINESS_SCOPE,YES_NONEXACT,PENDING_TECHNICAL_EVIDENCE,NOT_SUBMITTED_TECHNICAL,,,,
MAESTRO,331,,,0504010|1251006|0608002,,0504010,1,EXACT,"{""source"":""MAESTRO_GESTIÓN.xlsx:RENTABILIDAD_COSTOS"",""source_row"":331,""parent_code"":""0504010"",""component_slot"":""ART1"",""component_code"":""0504010"",""quantity"":""1"",""quantity_status"":""EXACT"",""is_combination_row"":""YES"",""family"":""Sofás Cama"",""model"":""Luna"",""finish"":""Natural"",""measure"":""140x200"",""composition_label"":""Estructura + futonColor + funda_lisa"",""product_name"":""Estructura + futonColor + funda_lisa"",""status"":""DESCATALOGADO"",""legacy_magento_id"":""0504010"",""legacy_ean"":"""",""combination_sku_exact"":""0504010|1251006|0608002"",""combination_key_status"":""EXACT""}",EXACT_SKU,504010,BLOCKED,SUPPORTING_SOURCE,,,0504010|1251006|0608002,,504010,NO,NO,NO,YES,1,COMBINATION_SKU_MISSING,"{""quantity_status"":""EXACT"",""physical_match_method"":""EXACT_SKU"",""parent_match_method"":""MISSING_WOO_SKU""}","Evidence row; correlate by combination_sku, component_sku and quantity.",MISSING_WOO_SKU,BLOCKED,HISTORICAL_NONBLOCKING,COMBINATION_SKU_MISSING,HISTORICAL_COMPOSITION_EVIDENCE,HISTORICAL_COMPOSITION_EVIDENCE,NO,NO,HIGH,Exact 001A.0 evidence retained; no fuzzy identity.,TECH-001,UNRESOLVED_EXACT_EVIDENCE_OUTSIDE_BUSINESS_SCOPE,YES_NONEXACT,PENDING_TECHNICAL_EVIDENCE,NOT_SUBMITTED_TECHNICAL,,,,
MAESTRO,331,,,0504010|1251006|0608002,,0608002,1,EXACT,"{""source"":""MAESTRO_GESTIÓN.xlsx:RENTABILIDAD_COSTOS"",""source_row"":331,""parent_code"":""0504010"",""component_slot"":""ART4"",""component_code"":""0608002"",""quantity"":""1"",""quantity_status"":""EXACT"",""is_combination_row"":""YES"",""family"":""Sofás Cama"",""model"":""Luna"",""finish"":""Natural"",""measure"":""140x200"",""composition_label"":""Estructura + futonColor + funda_lisa"",""product_name"":""Estructura + futonColor + funda_lisa"",""status"":""DESCATALOGADO"",""legacy_magento_id"":""0504010"",""legacy_ean"":"""",""combination_sku_exact"":""0504010|1251006|0608002"",""combination_key_status"":""EXACT""}",EXACT_SKU,608002,BLOCKED,SUPPORTING_SOURCE,,,0504010|1251006|0608002,,608002,NO,NO,NO,YES,1,COMBINATION_SKU_MISSING,"{""quantity_status"":""EXACT"",""physical_match_method"":""EXACT_SKU"",""parent_match_method"":""MISSING_WOO_SKU""}","Evidence row; correlate by combination_sku, component_sku and quantity.",MISSING_WOO_SKU,BLOCKED,HISTORICAL_NONBLOCKING,COMBINATION_SKU_MISSING,HISTORICAL_COMPOSITION_EVIDENCE,HISTORICAL_COMPOSITION_EVIDENCE,NO,NO,HIGH,Exact 001A.0 evidence retained; no fuzzy identity.,TECH-001,UNRESOLVED_EXACT_EVIDENCE_OUTSIDE_BUSINESS_SCOPE,YES_NONEXACT,PENDING_TECHNICAL_EVIDENCE,NOT_SUBMITTED_TECHNICAL,,,,
MAESTRO,331,,,0504010|1251006|0608002,,1251006,1,EXACT,"{""source"":""MAESTRO_GESTIÓN.xlsx:RENTABILIDAD_COSTOS"",""source_row"":331,""parent_code"":""0504010"",""component_slot"":""ART2"",""component_code"":""1251006"",""quantity"":""1"",""quantity_status"":""EXACT"",""is_combination_row"":""YES"",""family"":""Sofás Cama"",""model"":""Luna"",""finish"":""Natural"",""measure"":""140x200"",""composition_label"":""Estructura + futonColor + funda_lisa"",""product_name"":""Estructura + futonColor + funda_lisa"",""status"":""DESCATALOGADO"",""legacy_magento_id"":""0504010"",""legacy_ean"":"""",""combination_sku_exact"":""0504010|1251006|0608002"",""combination_key_status"":""EXACT""}",EXACT_SKU,1251006,BLOCKED,SUPPORTING_SOURCE,,,0504010|1251006|0608002,,1251006,NO,NO,NO,YES,1,COMBINATION_SKU_MISSING,"{""quantity_status"":""EXACT"",""physical_match_method"":""EXACT_SKU"",""parent_match_method"":""MISSING_WOO_SKU""}","Evidence row; correlate by combination_sku, component_sku and quantity.",MISSING_WOO_SKU,BLOCKED,HISTORICAL_NONBLOCKING,COMBINATION_SKU_MISSING,HISTORICAL_COMPOSITION_EVIDENCE,HISTORICAL_COMPOSITION_EVIDENCE,NO,NO,HIGH,Exact 001A.0 evidence retained; no fuzzy identity.,TECH-001,UNRESOLVED_EXACT_EVIDENCE_OUTSIDE_BUSINESS_SCOPE,YES_NONEXACT,PENDING_TECHNICAL_EVIDENCE,NOT_SUBMITTED_TECHNICAL,,,,
MAESTRO,333,,,0504015|0724002,,0504015,1,EXACT,"{""source"":""MAESTRO_GESTIÓN.xlsx:RENTABILIDAD_COSTOS"",""source_row"":333,""parent_code"":""0504015"",""component_slot"":""ART1"",""component_code"":""0504015"",""quantity"":""1"",""quantity_status"":""EXACT"",""is_combination_row"":""YES"",""family"":""Sofás Cama"",""model"":""Luna"",""finish"":""Natural"",""measure"":""120x200"",""composition_label"":""Estructura + futonAlg"",""product_name"":""Estructura + futonAlg"",""status"":""DESCATALOGADO"",""legacy_magento_id"":""0504015"",""legacy_ean"":"""",""combination_sku_exact"":""0504015|0724002"",""combination_key_status"":""EXACT""}",EXACT_SKU,504015,BLOCKED,SUPPORTING_SOURCE,,,0504015|0724002,,504015,NO,NO,NO,YES,1,COMBINATION_SKU_MISSING,"{""quantity_status"":""EXACT"",""physical_match_method"":""EXACT_SKU"",""parent_match_method"":""MISSING_WOO_SKU""}","Evidence row; correlate by combination_sku, component_sku and quantity.",MISSING_WOO_SKU,BLOCKED,HISTORICAL_NONBLOCKING,COMBINATION_SKU_MISSING,HISTORICAL_COMPOSITION_EVIDENCE,HISTORICAL_COMPOSITION_EVIDENCE,NO,NO,HIGH,Exact 001A.0 evidence retained; no fuzzy identity.,TECH-001,UNRESOLVED_EXACT_EVIDENCE_OUTSIDE_BUSINESS_SCOPE,YES_NONEXACT,PENDING_TECHNICAL_EVIDENCE,NOT_SUBMITTED_TECHNICAL,,,,
MAESTRO,333,,,0504015|0724002,,0724002,1,EXACT,"{""source"":""MAESTRO_GESTIÓN.xlsx:RENTABILIDAD_COSTOS"",""source_row"":333,""parent_code"":""0504015"",""component_slot"":""ART2"",""component_code"":""0724002"",""quantity"":""1"",""quantity_status"":""EXACT"",""is_combination_row"":""YES"",""family"":""Sofás Cama"",""model"":""Luna"",""finish"":""Natural"",""measure"":""120x200"",""composition_label"":""Estructura + futonAlg"",""product_name"":""Estructura + futonAlg"",""status"":""DESCATALOGADO"",""legacy_magento_id"":""0504015"",""legacy_ean"":"""",""combination_sku_exact"":""0504015|0724002"",""combination_key_status"":""EXACT""}",EXACT_SKU,724002,BLOCKED,SUPPORTING_SOURCE,,,0504015|0724002,,724002,NO,NO,NO,YES,1,COMBINATION_SKU_MISSING,"{""quantity_status"":""EXACT"",""physical_match_method"":""EXACT_SKU"",""parent_match_method"":""MISSING_WOO_SKU""}","Evidence row; correlate by combination_sku, component_sku and quantity.",MISSING_WOO_SKU,BLOCKED,HISTORICAL_NONBLOCKING,COMBINATION_SKU_MISSING,HISTORICAL_COMPOSITION_EVIDENCE,HISTORICAL_COMPOSITION_EVIDENCE,NO,NO,HIGH,Exact 001A.0 evidence retained; no fuzzy identity.,TECH-001,UNRESOLVED_EXACT_EVIDENCE_OUTSIDE_BUSINESS_SCOPE,YES_NONEXACT,PENDING_TECHNICAL_EVIDENCE,NOT_SUBMITTED_TECHNICAL,,,,
MAESTRO,334,,,0504015|0724002|0616010,,0504015,1,EXACT,"{""source"":""MAESTRO_GESTIÓN.xlsx:RENTABILIDAD_COSTOS"",""source_row"":334,""parent_code"":""0504015"",""component_slot"":""ART1"",""component_code"":""0504015"",""quantity"":""1"",""quantity_status"":""EXACT"",""is_combination_row"":""YES"",""family"":""Sofás Cama"",""model"":""Luna"",""finish"":""Natural"",""measure"":""120x200"",""composition_label"":""Estructura + futonAlg + funda_lisa"",""product_name"":""Estructura + futonAlg + funda_lisa"",""status"":""DESCATALOGADO"",""legacy_magento_id"":""0504015"",""legacy_ean"":"""",""combination_sku_exact"":""0504015|0724002|0616010"",""combination_key_status"":""EXACT""}",EXACT_SKU,504015,BLOCKED,SUPPORTING_SOURCE,,,0504015|0724002|0616010,,504015,NO,NO,NO,YES,1,COMBINATION_SKU_MISSING,"{""quantity_status"":""EXACT"",""physical_match_method"":""EXACT_SKU"",""parent_match_method"":""MISSING_WOO_SKU""}","Evidence row; correlate by combination_sku, component_sku and quantity.",MISSING_WOO_SKU,BLOCKED,HISTORICAL_NONBLOCKING,COMBINATION_SKU_MISSING,HISTORICAL_COMPOSITION_EVIDENCE,HISTORICAL_COMPOSITION_EVIDENCE,NO,NO,HIGH,Exact 001A.0 evidence retained; no fuzzy identity.,TECH-001,UNRESOLVED_EXACT_EVIDENCE_OUTSIDE_BUSINESS_SCOPE,YES_NONEXACT,PENDING_TECHNICAL_EVIDENCE,NOT_SUBMITTED_TECHNICAL,,,,
MAESTRO,334,,,0504015|0724002|0616010,,0616010,1,EXACT,"{""source"":""MAESTRO_GESTIÓN.xlsx:RENTABILIDAD_COSTOS"",""source_row"":334,""parent_code"":""0504015"",""component_slot"":""ART4"",""component_code"":""0616010"",""quantity"":""1"",""quantity_status"":""EXACT"",""is_combination_row"":""YES"",""family"":""Sofás Cama"",""model"":""Luna"",""finish"":""Natural"",""measure"":""120x200"",""composition_label"":""Estructura + futonAlg + funda_lisa"",""product_name"":""Estructura + futonAlg + funda_lisa"",""status"":""DESCATALOGADO"",""legacy_magento_id"":""0504015"",""legacy_ean"":"""",""combination_sku_exact"":""0504015|0724002|0616010"",""combination_key_status"":""EXACT""}",EXACT_SKU,616010,BLOCKED,SUPPORTING_SOURCE,,,0504015|0724002|0616010,,616010,NO,NO,NO,YES,1,COMBINATION_SKU_MISSING,"{""quantity_status"":""EXACT"",""physical_match_method"":""EXACT_SKU"",""parent_match_method"":""MISSING_WOO_SKU""}","Evidence row; correlate by combination_sku, component_sku and quantity.",MISSING_WOO_SKU,BLOCKED,HISTORICAL_NONBLOCKING,COMBINATION_SKU_MISSING,HISTORICAL_COMPOSITION_EVIDENCE,HISTORICAL_COMPOSITION_EVIDENCE,NO,NO,HIGH,Exact 001A.0 evidence retained; no fuzzy identity.,TECH-001,UNRESOLVED_EXACT_EVIDENCE_OUTSIDE_BUSINESS_SCOPE,YES_NONEXACT,PENDING_TECHNICAL_EVIDENCE,NOT_SUBMITTED_TECHNICAL,,,,
MAESTRO,334,,,0504015|0724002|0616010,,0724002,1,EXACT,"{""source"":""MAESTRO_GESTIÓN.xlsx:RENTABILIDAD_COSTOS"",""source_row"":334,""parent_code"":""0504015"",""component_slot"":""ART2"",""component_code"":""0724002"",""quantity"":""1"",""quantity_status"":""EXACT"",""is_combination_row"":""YES"",""family"":""Sofás Cama"",""model"":""Luna"",""finish"":""Natural"",""measure"":""120x200"",""composition_label"":""Estructura + futonAlg + funda_lisa"",""product_name"":""Estructura + futonAlg + funda_lisa"",""status"":""DESCATALOGADO"",""legacy_magento_id"":""0504015"",""legacy_ean"":"""",""combination_sku_exact"":""0504015|0724002|0616010"",""combination_key_status"":""EXACT""}",EXACT_SKU,724002,BLOCKED,SUPPORTING_SOURCE,,,0504015|0724002|0616010,,724002,NO,NO,NO,YES,1,COMBINATION_SKU_MISSING,"{""quantity_status"":""EXACT"",""physical_match_method"":""EXACT_SKU"",""parent_match_method"":""MISSING_WOO_SKU""}","Evidence row; correlate by combination_sku, component_sku and quantity.",MISSING_WOO_SKU,BLOCKED,HISTORICAL_NONBLOCKING,COMBINATION_SKU_MISSING,HISTORICAL_COMPOSITION_EVIDENCE,HISTORICAL_COMPOSITION_EVIDENCE,NO,NO,HIGH,Exact 001A.0 evidence retained; no fuzzy identity.,TECH-001,UNRESOLVED_EXACT_EVIDENCE_OUTSIDE_BUSINESS_SCOPE,YES_NONEXACT,PENDING_TECHNICAL_EVIDENCE,NOT_SUBMITTED_TECHNICAL,,,,
MAESTRO,335,,,0504015|0724002,,0504015,1,EXACT,"{""source"":""MAESTRO_GESTIÓN.xlsx:RENTABILIDAD_COSTOS"",""source_row"":335,""parent_code"":""0504015"",""component_slot"":""ART1"",""component_code"":""0504015"",""quantity"":""1"",""quantity_status"":""EXACT"",""is_combination_row"":""YES"",""family"":""Sofás Cama"",""model"":""Luna"",""finish"":""Natural"",""measure"":""120x200"",""composition_label"":""Estructura + futon 1 látex"",""product_name"":""Estructura + futon 1 látex"",""status"":""DESCATALOGADO"",""legacy_magento_id"":""0504015"",""legacy_ean"":"""",""combination_sku_exact"":""0504015|0724002"",""combination_key_status"":""EXACT""}",EXACT_SKU,504015,BLOCKED,SUPPORTING_SOURCE,,,0504015|0724002,,504015,NO,NO,NO,YES,1,COMBINATION_SKU_MISSING,"{""quantity_status"":""EXACT"",""physical_match_method"":""EXACT_SKU"",""parent_match_method"":""MISSING_WOO_SKU""}","Evidence row; correlate by combination_sku, component_sku and quantity.",MISSING_WOO_SKU,BLOCKED,HISTORICAL_NONBLOCKING,COMBINATION_SKU_MISSING,HISTORICAL_COMPOSITION_EVIDENCE,HISTORICAL_COMPOSITION_EVIDENCE,NO,NO,HIGH,Exact 001A.0 evidence retained; no fuzzy identity.,TECH-001,UNRESOLVED_EXACT_EVIDENCE_OUTSIDE_BUSINESS_SCOPE,YES_NONEXACT,PENDING_TECHNICAL_EVIDENCE,NOT_SUBMITTED_TECHNICAL,,,,
MAESTRO,335,,,0504015|0724002,,0724002,1,EXACT,"{""source"":""MAESTRO_GESTIÓN.xlsx:RENTABILIDAD_COSTOS"",""source_row"":335,""parent_code"":""0504015"",""component_slot"":""ART2"",""component_code"":""0724002"",""quantity"":""1"",""quantity_status"":""EXACT"",""is_combination_row"":""YES"",""family"":""Sofás Cama"",""model"":""Luna"",""finish"":""Natural"",""measure"":""120x200"",""composition_label"":""Estructura + futon 1 látex"",""product_name"":""Estructura + futon 1 látex"",""status"":""DESCATALOGADO"",""legacy_magento_id"":""0504015"",""legacy_ean"":"""",""combination_sku_exact"":""0504015|0724002"",""combination_key_status"":""EXACT""}",EXACT_SKU,724002,BLOCKED,SUPPORTING_SOURCE,,,0504015|0724002,,724002,NO,NO,NO,YES,1,COMBINATION_SKU_MISSING,"{""quantity_status"":""EXACT"",""physical_match_method"":""EXACT_SKU"",""parent_match_method"":""MISSING_WOO_SKU""}","Evidence row; correlate by combination_sku, component_sku and quantity.",MISSING_WOO_SKU,BLOCKED,HISTORICAL_NONBLOCKING,COMBINATION_SKU_MISSING,HISTORICAL_COMPOSITION_EVIDENCE,HISTORICAL_COMPOSITION_EVIDENCE,NO,NO,HIGH,Exact 001A.0 evidence retained; no fuzzy identity.,TECH-001,UNRESOLVED_EXACT_EVIDENCE_OUTSIDE_BUSINESS_SCOPE,YES_NONEXACT,PENDING_TECHNICAL_EVIDENCE,NOT_SUBMITTED_TECHNICAL,,,,
MAESTRO,336,,,0504015|0724002|0616010,,0504015,1,EXACT,"{""source"":""MAESTRO_GESTIÓN.xlsx:RENTABILIDAD_COSTOS"",""source_row"":336,""parent_code"":""0504015"",""component_slot"":""ART1"",""component_code"":""0504015"",""quantity"":""1"",""quantity_status"":""EXACT"",""is_combination_row"":""YES"",""family"":""Sofás Cama"",""model"":""Luna"",""finish"":""Natural"",""measure"":""120x200"",""composition_label"":""Estructura + futon 1 látex + funda_lisa"",""product_name"":""Estructura + futon 1 látex + funda_lisa"",""status"":""DESCATALOGADO"",""legacy_magento_id"":""0504015"",""legacy_ean"":"""",""combination_sku_exact"":""0504015|0724002|0616010"",""combination_key_status"":""EXACT""}",EXACT_SKU,504015,BLOCKED,SUPPORTING_SOURCE,,,0504015|0724002|0616010,,504015,NO,NO,NO,YES,1,COMBINATION_SKU_MISSING,"{""quantity_status"":""EXACT"",""physical_match_method"":""EXACT_SKU"",""parent_match_method"":""MISSING_WOO_SKU""}","Evidence row; correlate by combination_sku, component_sku and quantity.",MISSING_WOO_SKU,BLOCKED,HISTORICAL_NONBLOCKING,COMBINATION_SKU_MISSING,HISTORICAL_COMPOSITION_EVIDENCE,HISTORICAL_COMPOSITION_EVIDENCE,NO,NO,HIGH,Exact 001A.0 evidence retained; no fuzzy identity.,TECH-001,UNRESOLVED_EXACT_EVIDENCE_OUTSIDE_BUSINESS_SCOPE,YES_NONEXACT,PENDING_TECHNICAL_EVIDENCE,NOT_SUBMITTED_TECHNICAL,,,,
MAESTRO,336,,,0504015|0724002|0616010,,0616010,1,EXACT,"{""source"":""MAESTRO_GESTIÓN.xlsx:RENTABILIDAD_COSTOS"",""source_row"":336,""parent_code"":""0504015"",""component_slot"":""ART4"",""component_code"":""0616010"",""quantity"":""1"",""quantity_status"":""EXACT"",""is_combination_row"":""YES"",""family"":""Sofás Cama"",""model"":""Luna"",""finish"":""Natural"",""measure"":""120x200"",""composition_label"":""Estructura + futon 1 látex + funda_lisa"",""product_name"":""Estructura + futon 1 látex + funda_lisa"",""status"":""DESCATALOGADO"",""legacy_magento_id"":""0504015"",""legacy_ean"":"""",""combination_sku_exact"":""0504015|0724002|0616010"",""combination_key_status"":""EXACT""}",EXACT_SKU,616010,BLOCKED,SUPPORTING_SOURCE,,,0504015|0724002|0616010,,616010,NO,NO,NO,YES,1,COMBINATION_SKU_MISSING,"{""quantity_status"":""EXACT"",""physical_match_method"":""EXACT_SKU"",""parent_match_method"":""MISSING_WOO_SKU""}","Evidence row; correlate by combination_sku, component_sku and quantity.",MISSING_WOO_SKU,BLOCKED,HISTORICAL_NONBLOCKING,COMBINATION_SKU_MISSING,HISTORICAL_COMPOSITION_EVIDENCE,HISTORICAL_COMPOSITION_EVIDENCE,NO,NO,HIGH,Exact 001A.0 evidence retained; no fuzzy identity.,TECH-001,UNRESOLVED_EXACT_EVIDENCE_OUTSIDE_BUSINESS_SCOPE,YES_NONEXACT,PENDING_TECHNICAL_EVIDENCE,NOT_SUBMITTED_TECHNICAL,,,,
MAESTRO,336,,,0504015|0724002|0616010,,0724002,1,EXACT,"{""source"":""MAESTRO_GESTIÓN.xlsx:RENTABILIDAD_COSTOS"",""source_row"":336,""parent_code"":""0504015"",""component_slot"":""ART2"",""component_code"":""0724002"",""quantity"":""1"",""quantity_status"":""EXACT"",""is_combination_row"":""YES"",""family"":""Sofás Cama"",""model"":""Luna"",""finish"":""Natural"",""measure"":""120x200"",""composition_label"":""Estructura + futon 1 látex + funda_lisa"",""product_name"":""Estructura + futon 1 látex + funda_lisa"",""status"":""DESCATALOGADO"",""legacy_magento_id"":""0504015"",""legacy_ean"":"""",""combination_sku_exact"":""0504015|0724002|0616010"",""combination_key_status"":""EXACT""}",EXACT_SKU,724002,BLOCKED,SUPPORTING_SOURCE,,,0504015|0724002|0616010,,724002,NO,NO,NO,YES,1,COMBINATION_SKU_MISSING,"{""quantity_status"":""EXACT"",""physical_match_method"":""EXACT_SKU"",""parent_match_method"":""MISSING_WOO_SKU""}","Evidence row; correlate by combination_sku, component_sku and quantity.",MISSING_WOO_SKU,BLOCKED,HISTORICAL_NONBLOCKING,COMBINATION_SKU_MISSING,HISTORICAL_COMPOSITION_EVIDENCE,HISTORICAL_COMPOSITION_EVIDENCE,NO,NO,HIGH,Exact 001A.0 evidence retained; no fuzzy identity.,TECH-001,UNRESOLVED_EXACT_EVIDENCE_OUTSIDE_BUSINESS_SCOPE,YES_NONEXACT,PENDING_TECHNICAL_EVIDENCE,NOT_SUBMITTED_TECHNICAL,,,,
MAESTRO,337,,,0504015|0724002,,0504015,1,EXACT,"{""source"":""MAESTRO_GESTIÓN.xlsx:RENTABILIDAD_COSTOS"",""source_row"":337,""parent_code"":""0504015"",""component_slot"":""ART1"",""component_code"":""0504015"",""quantity"":""1"",""quantity_status"":""EXACT"",""is_combination_row"":""YES"",""family"":""Sofás Cama"",""model"":""Luna"",""finish"":""Natural"",""measure"":""120x200"",""composition_label"":""Estructura + futon 2 látex"",""product_name"":""Estructura + futon 2 látex"",""status"":""DESCATALOGADO"",""legacy_magento_id"":""0504015"",""legacy_ean"":"""",""combination_sku_exact"":""0504015|0724002"",""combination_key_status"":""EXACT""}",EXACT_SKU,504015,BLOCKED,SUPPORTING_SOURCE,,,0504015|0724002,,504015,NO,NO,NO,YES,1,COMBINATION_SKU_MISSING,"{""quantity_status"":""EXACT"",""physical_match_method"":""EXACT_SKU"",""parent_match_method"":""MISSING_WOO_SKU""}","Evidence row; correlate by combination_sku, component_sku and quantity.",MISSING_WOO_SKU,BLOCKED,HISTORICAL_NONBLOCKING,COMBINATION_SKU_MISSING,HISTORICAL_COMPOSITION_EVIDENCE,HISTORICAL_COMPOSITION_EVIDENCE,NO,NO,HIGH,Exact 001A.0 evidence retained; no fuzzy identity.,TECH-001,UNRESOLVED_EXACT_EVIDENCE_OUTSIDE_BUSINESS_SCOPE,YES_NONEXACT,PENDING_TECHNICAL_EVIDENCE,NOT_SUBMITTED_TECHNICAL,,,,
MAESTRO,337,,,0504015|0724002,,0724002,1,EXACT,"{""source"":""MAESTRO_GESTIÓN.xlsx:RENTABILIDAD_COSTOS"",""source_row"":337,""parent_code"":""0504015"",""component_slot"":""ART2"",""component_code"":""0724002"",""quantity"":""1"",""quantity_status"":""EXACT"",""is_combination_row"":""YES"",""family"":""Sofás Cama"",""model"":""Luna"",""finish"":""Natural"",""measure"":""120x200"",""composition_label"":""Estructura + futon 2 látex"",""product_name"":""Estructura + futon 2 látex"",""status"":""DESCATALOGADO"",""legacy_magento_id"":""0504015"",""legacy_ean"":"""",""combination_sku_exact"":""0504015|0724002"",""combination_key_status"":""EXACT""}",EXACT_SKU,724002,BLOCKED,SUPPORTING_SOURCE,,,0504015|0724002,,724002,NO,NO,NO,YES,1,COMBINATION_SKU_MISSING,"{""quantity_status"":""EXACT"",""physical_match_method"":""EXACT_SKU"",""parent_match_method"":""MISSING_WOO_SKU""}","Evidence row; correlate by combination_sku, component_sku and quantity.",MISSING_WOO_SKU,BLOCKED,HISTORICAL_NONBLOCKING,COMBINATION_SKU_MISSING,HISTORICAL_COMPOSITION_EVIDENCE,HISTORICAL_COMPOSITION_EVIDENCE,NO,NO,HIGH,Exact 001A.0 evidence retained; no fuzzy identity.,TECH-001,UNRESOLVED_EXACT_EVIDENCE_OUTSIDE_BUSINESS_SCOPE,YES_NONEXACT,PENDING_TECHNICAL_EVIDENCE,NOT_SUBMITTED_TECHNICAL,,,,
MAESTRO,338,,,0504015|0724002|0616010,,0504015,1,EXACT,"{""source"":""MAESTRO_GESTIÓN.xlsx:RENTABILIDAD_COSTOS"",""source_row"":338,""parent_code"":""0504015"",""component_slot"":""ART1"",""component_code"":""0504015"",""quantity"":""1"",""quantity_status"":""EXACT"",""is_combination_row"":""YES"",""family"":""Sofás Cama"",""model"":""Luna"",""finish"":""Natural"",""measure"":""120x200"",""composition_label"":""Estructura + futon 2 látex + funda_lisa"",""product_name"":""Estructura + futon 2 látex + funda_lisa"",""status"":""DESCATALOGADO"",""legacy_magento_id"":""0504015"",""legacy_ean"":"""",""combination_sku_exact"":""0504015|0724002|0616010"",""combination_key_status"":""EXACT""}",EXACT_SKU,504015,BLOCKED,SUPPORTING_SOURCE,,,0504015|0724002|0616010,,504015,NO,NO,NO,YES,1,COMBINATION_SKU_MISSING,"{""quantity_status"":""EXACT"",""physical_match_method"":""EXACT_SKU"",""parent_match_method"":""MISSING_WOO_SKU""}","Evidence row; correlate by combination_sku, component_sku and quantity.",MISSING_WOO_SKU,BLOCKED,HISTORICAL_NONBLOCKING,COMBINATION_SKU_MISSING,HISTORICAL_COMPOSITION_EVIDENCE,HISTORICAL_COMPOSITION_EVIDENCE,NO,NO,HIGH,Exact 001A.0 evidence retained; no fuzzy identity.,TECH-001,UNRESOLVED_EXACT_EVIDENCE_OUTSIDE_BUSINESS_SCOPE,YES_NONEXACT,PENDING_TECHNICAL_EVIDENCE,NOT_SUBMITTED_TECHNICAL,,,,
MAESTRO,338,,,0504015|0724002|0616010,,0616010,1,EXACT,"{""source"":""MAESTRO_GESTIÓN.xlsx:RENTABILIDAD_COSTOS"",""source_row"":338,""parent_code"":""0504015"",""component_slot"":""ART4"",""component_code"":""0616010"",""quantity"":""1"",""quantity_status"":""EXACT"",""is_combination_row"":""YES"",""family"":""Sofás Cama"",""model"":""Luna"",""finish"":""Natural"",""measure"":""120x200"",""composition_label"":""Estructura + futon 2 látex + funda_lisa"",""product_name"":""Estructura + futon 2 látex + funda_lisa"",""status"":""DESCATALOGADO"",""legacy_magento_id"":""0504015"",""legacy_ean"":"""",""combination_sku_exact"":""0504015|0724002|0616010"",""combination_key_status"":""EXACT""}",EXACT_SKU,616010,BLOCKED,SUPPORTING_SOURCE,,,0504015|0724002|0616010,,616010,NO,NO,NO,YES,1,COMBINATION_SKU_MISSING,"{""quantity_status"":""EXACT"",""physical_match_method"":""EXACT_SKU"",""parent_match_method"":""MISSING_WOO_SKU""}","Evidence row; correlate by combination_sku, component_sku and quantity.",MISSING_WOO_SKU,BLOCKED,HISTORICAL_NONBLOCKING,COMBINATION_SKU_MISSING,HISTORICAL_COMPOSITION_EVIDENCE,HISTORICAL_COMPOSITION_EVIDENCE,NO,NO,HIGH,Exact 001A.0 evidence retained; no fuzzy identity.,TECH-001,UNRESOLVED_EXACT_EVIDENCE_OUTSIDE_BUSINESS_SCOPE,YES_NONEXACT,PENDING_TECHNICAL_EVIDENCE,NOT_SUBMITTED_TECHNICAL,,,,
MAESTRO,338,,,0504015|0724002|0616010,,0724002,1,EXACT,"{""source"":""MAESTRO_GESTIÓN.xlsx:RENTABILIDAD_COSTOS"",""source_row"":338,""parent_code"":""0504015"",""component_slot"":""ART2"",""component_code"":""0724002"",""quantity"":""1"",""quantity_status"":""EXACT"",""is_combination_row"":""YES"",""family"":""Sofás Cama"",""model"":""Luna"",""finish"":""Natural"",""measure"":""120x200"",""composition_label"":""Estructura + futon 2 látex + funda_lisa"",""product_name"":""Estructura + futon 2 látex + funda_lisa"",""status"":""DESCATALOGADO"",""legacy_magento_id"":""0504015"",""legacy_ean"":"""",""combination_sku_exact"":""0504015|0724002|0616010"",""combination_key_status"":""EXACT""}",EXACT_SKU,724002,BLOCKED,SUPPORTING_SOURCE,,,0504015|0724002|0616010,,724002,NO,NO,NO,YES,1,COMBINATION_SKU_MISSING,"{""quantity_status"":""EXACT"",""physical_match_method"":""EXACT_SKU"",""parent_match_method"":""MISSING_WOO_SKU""}","Evidence row; correlate by combination_sku, component_sku and quantity.",MISSING_WOO_SKU,BLOCKED,HISTORICAL_NONBLOCKING,COMBINATION_SKU_MISSING,HISTORICAL_COMPOSITION_EVIDENCE,HISTORICAL_COMPOSITION_EVIDENCE,NO,NO,HIGH,Exact 001A.0 evidence retained; no fuzzy identity.,TECH-001,UNRESOLVED_EXACT_EVIDENCE_OUTSIDE_BUSINESS_SCOPE,YES_NONEXACT,PENDING_TECHNICAL_EVIDENCE,NOT_SUBMITTED_TECHNICAL,,,,
MAESTRO,340,,,0504016|0724002,,0504016,1,EXACT,"{""source"":""MAESTRO_GESTIÓN.xlsx:RENTABILIDAD_COSTOS"",""source_row"":340,""parent_code"":""0504016"",""component_slot"":""ART1"",""component_code"":""0504016"",""quantity"":""1"",""quantity_status"":""EXACT"",""is_combination_row"":""YES"",""family"":""Sofás Cama"",""model"":""Luna"",""finish"":""Natural"",""measure"":""160x200"",""composition_label"":""Estructura + futonAlg"",""product_name"":""Estructura + futonAlg"",""status"":""DESCATALOGADO"",""legacy_magento_id"":""0504016"",""legacy_ean"":"""",""combination_sku_exact"":""0504016|0724002"",""combination_key_status"":""EXACT""}",EXACT_SKU,504016,BLOCKED,SUPPORTING_SOURCE,,,0504016|0724002,,504016,NO,NO,NO,YES,1,COMBINATION_SKU_MISSING,"{""quantity_status"":""EXACT"",""physical_match_method"":""EXACT_SKU"",""parent_match_method"":""MISSING_WOO_SKU""}","Evidence row; correlate by combination_sku, component_sku and quantity.",MISSING_WOO_SKU,BLOCKED,HISTORICAL_NONBLOCKING,COMBINATION_SKU_MISSING,HISTORICAL_COMPOSITION_EVIDENCE,HISTORICAL_COMPOSITION_EVIDENCE,NO,NO,HIGH,Exact 001A.0 evidence retained; no fuzzy identity.,TECH-001,UNRESOLVED_EXACT_EVIDENCE_OUTSIDE_BUSINESS_SCOPE,YES_NONEXACT,PENDING_TECHNICAL_EVIDENCE,NOT_SUBMITTED_TECHNICAL,,,,
MAESTRO,340,,,0504016|0724002,,0724002,1,EXACT,"{""source"":""MAESTRO_GESTIÓN.xlsx:RENTABILIDAD_COSTOS"",""source_row"":340,""parent_code"":""0504016"",""component_slot"":""ART2"",""component_code"":""0724002"",""quantity"":""1"",""quantity_status"":""EXACT"",""is_combination_row"":""YES"",""family"":""Sofás Cama"",""model"":""Luna"",""finish"":""Natural"",""measure"":""160x200"",""composition_label"":""Estructura + futonAlg"",""product_name"":""Estructura + futonAlg"",""status"":""DESCATALOGADO"",""legacy_magento_id"":""0504016"",""legacy_ean"":"""",""combination_sku_exact"":""0504016|0724002"",""combination_key_status"":""EXACT""}",EXACT_SKU,724002,BLOCKED,SUPPORTING_SOURCE,,,0504016|0724002,,724002,NO,NO,NO,YES,1,COMBINATION_SKU_MISSING,"{""quantity_status"":""EXACT"",""physical_match_method"":""EXACT_SKU"",""parent_match_method"":""MISSING_WOO_SKU""}","Evidence row; correlate by combination_sku, component_sku and quantity.",MISSING_WOO_SKU,BLOCKED,HISTORICAL_NONBLOCKING,COMBINATION_SKU_MISSING,HISTORICAL_COMPOSITION_EVIDENCE,HISTORICAL_COMPOSITION_EVIDENCE,NO,NO,HIGH,Exact 001A.0 evidence retained; no fuzzy identity.,TECH-001,UNRESOLVED_EXACT_EVIDENCE_OUTSIDE_BUSINESS_SCOPE,YES_NONEXACT,PENDING_TECHNICAL_EVIDENCE,NOT_SUBMITTED_TECHNICAL,,,,
MAESTRO,341,,,0504016|0724002|0608003,,0504016,1,EXACT,"{""source"":""MAESTRO_GESTIÓN.xlsx:RENTABILIDAD_COSTOS"",""source_row"":341,""parent_code"":""0504016"",""component_slot"":""ART1"",""component_code"":""0504016"",""quantity"":""1"",""quantity_status"":""EXACT"",""is_combination_row"":""YES"",""family"":""Sofás Cama"",""model"":""Luna"",""finish"":""Natural"",""measure"":""160x200"",""composition_label"":""Estructura + futonAlg + funda_lisa"",""product_name"":""Estructura + futonAlg + funda_lisa"",""status"":""DESCATALOGADO"",""legacy_magento_id"":""0504016"",""legacy_ean"":"""",""combination_sku_exact"":""0504016|0724002|0608003"",""combination_key_status"":""EXACT""}",EXACT_SKU,504016,BLOCKED,SUPPORTING_SOURCE,,,0504016|0724002|0608003,,504016,NO,NO,NO,YES,1,COMBINATION_SKU_MISSING,"{""quantity_status"":""EXACT"",""physical_match_method"":""EXACT_SKU"",""parent_match_method"":""MISSING_WOO_SKU""}","Evidence row; correlate by combination_sku, component_sku and quantity.",MISSING_WOO_SKU,BLOCKED,HISTORICAL_NONBLOCKING,COMBINATION_SKU_MISSING,HISTORICAL_COMPOSITION_EVIDENCE,HISTORICAL_COMPOSITION_EVIDENCE,NO,NO,HIGH,Exact 001A.0 evidence retained; no fuzzy identity.,TECH-001,UNRESOLVED_EXACT_EVIDENCE_OUTSIDE_BUSINESS_SCOPE,YES_NONEXACT,PENDING_TECHNICAL_EVIDENCE,NOT_SUBMITTED_TECHNICAL,,,,
MAESTRO,341,,,0504016|0724002|0608003,,0608003,1,EXACT,"{""source"":""MAESTRO_GESTIÓN.xlsx:RENTABILIDAD_COSTOS"",""source_row"":341,""parent_code"":""0504016"",""component_slot"":""ART4"",""component_code"":""0608003"",""quantity"":""1"",""quantity_status"":""EXACT"",""is_combination_row"":""YES"",""family"":""Sofás Cama"",""model"":""Luna"",""finish"":""Natural"",""measure"":""160x200"",""composition_label"":""Estructura + futonAlg + funda_lisa"",""product_name"":""Estructura + futonAlg + funda_lisa"",""status"":""DESCATALOGADO"",""legacy_magento_id"":""0504016"",""legacy_ean"":"""",""combination_sku_exact"":""0504016|0724002|0608003"",""combination_key_status"":""EXACT""}",EXACT_SKU,608003,BLOCKED,SUPPORTING_SOURCE,,,0504016|0724002|0608003,,608003,NO,NO,NO,YES,1,COMBINATION_SKU_MISSING,"{""quantity_status"":""EXACT"",""physical_match_method"":""EXACT_SKU"",""parent_match_method"":""MISSING_WOO_SKU""}","Evidence row; correlate by combination_sku, component_sku and quantity.",MISSING_WOO_SKU,BLOCKED,HISTORICAL_NONBLOCKING,COMBINATION_SKU_MISSING,HISTORICAL_COMPOSITION_EVIDENCE,HISTORICAL_COMPOSITION_EVIDENCE,NO,NO,HIGH,Exact 001A.0 evidence retained; no fuzzy identity.,TECH-001,UNRESOLVED_EXACT_EVIDENCE_OUTSIDE_BUSINESS_SCOPE,YES_NONEXACT,PENDING_TECHNICAL_EVIDENCE,NOT_SUBMITTED_TECHNICAL,,,,
MAESTRO,341,,,0504016|0724002|0608003,,0724002,1,EXACT,"{""source"":""MAESTRO_GESTIÓN.xlsx:RENTABILIDAD_COSTOS"",""source_row"":341,""parent_code"":""0504016"",""component_slot"":""ART2"",""component_code"":""0724002"",""quantity"":""1"",""quantity_status"":""EXACT"",""is_combination_row"":""YES"",""family"":""Sofás Cama"",""model"":""Luna"",""finish"":""Natural"",""measure"":""160x200"",""composition_label"":""Estructura + futonAlg + funda_lisa"",""product_name"":""Estructura + futonAlg + funda_lisa"",""status"":""DESCATALOGADO"",""legacy_magento_id"":""0504016"",""legacy_ean"":"""",""combination_sku_exact"":""0504016|0724002|0608003"",""combination_key_status"":""EXACT""}",EXACT_SKU,724002,BLOCKED,SUPPORTING_SOURCE,,,0504016|0724002|0608003,,724002,NO,NO,NO,YES,1,COMBINATION_SKU_MISSING,"{""quantity_status"":""EXACT"",""physical_match_method"":""EXACT_SKU"",""parent_match_method"":""MISSING_WOO_SKU""}","Evidence row; correlate by combination_sku, component_sku and quantity.",MISSING_WOO_SKU,BLOCKED,HISTORICAL_NONBLOCKING,COMBINATION_SKU_MISSING,HISTORICAL_COMPOSITION_EVIDENCE,HISTORICAL_COMPOSITION_EVIDENCE,NO,NO,HIGH,Exact 001A.0 evidence retained; no fuzzy identity.,TECH-001,UNRESOLVED_EXACT_EVIDENCE_OUTSIDE_BUSINESS_SCOPE,YES_NONEXACT,PENDING_TECHNICAL_EVIDENCE,NOT_SUBMITTED_TECHNICAL,,,,
MAESTRO,342,,,0504016|0724005,,0504016,1,EXACT,"{""source"":""MAESTRO_GESTIÓN.xlsx:RENTABILIDAD_COSTOS"",""source_row"":342,""parent_code"":""0504016"",""component_slot"":""ART1"",""component_code"":""0504016"",""quantity"":""1"",""quantity_status"":""EXACT"",""is_combination_row"":""YES"",""family"":""Sofás Cama"",""model"":""Luna"",""finish"":""Natural"",""measure"":""160x200"",""composition_label"":""Estructura + futon 1 látex"",""product_name"":""Estructura + futon 1 látex"",""status"":""DESCATALOGADO"",""legacy_magento_id"":""0504016"",""legacy_ean"":"""",""combination_sku_exact"":""0504016|0724005"",""combination_key_status"":""EXACT""}",EXACT_SKU,504016,BLOCKED,SUPPORTING_SOURCE,,,0504016|0724005,,504016,NO,NO,NO,YES,1,COMBINATION_SKU_MISSING,"{""quantity_status"":""EXACT"",""physical_match_method"":""EXACT_SKU"",""parent_match_method"":""MISSING_WOO_SKU""}","Evidence row; correlate by combination_sku, component_sku and quantity.",MISSING_WOO_SKU,BLOCKED,HISTORICAL_NONBLOCKING,COMBINATION_SKU_MISSING,HISTORICAL_COMPOSITION_EVIDENCE,HISTORICAL_COMPOSITION_EVIDENCE,NO,NO,HIGH,Exact 001A.0 evidence retained; no fuzzy identity.,TECH-001,UNRESOLVED_EXACT_EVIDENCE_OUTSIDE_BUSINESS_SCOPE,YES_NONEXACT,PENDING_TECHNICAL_EVIDENCE,NOT_SUBMITTED_TECHNICAL,,,,
MAESTRO,342,,,0504016|0724005,,0724005,1,EXACT,"{""source"":""MAESTRO_GESTIÓN.xlsx:RENTABILIDAD_COSTOS"",""source_row"":342,""parent_code"":""0504016"",""component_slot"":""ART2"",""component_code"":""0724005"",""quantity"":""1"",""quantity_status"":""EXACT"",""is_combination_row"":""YES"",""family"":""Sofás Cama"",""model"":""Luna"",""finish"":""Natural"",""measure"":""160x200"",""composition_label"":""Estructura + futon 1 látex"",""product_name"":""Estructura + futon 1 látex"",""status"":""DESCATALOGADO"",""legacy_magento_id"":""0504016"",""legacy_ean"":"""",""combination_sku_exact"":""0504016|0724005"",""combination_key_status"":""EXACT""}",EXACT_SKU,724005,BLOCKED,SUPPORTING_SOURCE,,,0504016|0724005,,724005,NO,NO,NO,YES,1,COMBINATION_SKU_MISSING,"{""quantity_status"":""EXACT"",""physical_match_method"":""EXACT_SKU"",""parent_match_method"":""MISSING_WOO_SKU""}","Evidence row; correlate by combination_sku, component_sku and quantity.",MISSING_WOO_SKU,BLOCKED,HISTORICAL_NONBLOCKING,COMBINATION_SKU_MISSING,HISTORICAL_COMPOSITION_EVIDENCE,HISTORICAL_COMPOSITION_EVIDENCE,NO,NO,HIGH,Exact 001A.0 evidence retained; no fuzzy identity.,TECH-001,UNRESOLVED_EXACT_EVIDENCE_OUTSIDE_BUSINESS_SCOPE,YES_NONEXACT,PENDING_TECHNICAL_EVIDENCE,NOT_SUBMITTED_TECHNICAL,,,,
MAESTRO,343,,,0504016|0724005|0608003,,0504016,1,EXACT,"{""source"":""MAESTRO_GESTIÓN.xlsx:RENTABILIDAD_COSTOS"",""source_row"":343,""parent_code"":""0504016"",""component_slot"":""ART1"",""component_code"":""0504016"",""quantity"":""1"",""quantity_status"":""EXACT"",""is_combination_row"":""YES"",""family"":""Sofás Cama"",""model"":""Luna"",""finish"":""Natural"",""measure"":""160x200"",""composition_label"":""Estructura + futon 1 látex + funda_lisa"",""product_name"":""Estructura + futon 1 látex + funda_lisa"",""status"":""DESCATALOGADO"",""legacy_magento_id"":""0504016"",""legacy_ean"":"""",""combination_sku_exact"":""0504016|0724005|0608003"",""combination_key_status"":""EXACT""}",EXACT_SKU,504016,BLOCKED,SUPPORTING_SOURCE,,,0504016|0724005|0608003,,504016,NO,NO,NO,YES,1,COMBINATION_SKU_MISSING,"{""quantity_status"":""EXACT"",""physical_match_method"":""EXACT_SKU"",""parent_match_method"":""MISSING_WOO_SKU""}","Evidence row; correlate by combination_sku, component_sku and quantity.",MISSING_WOO_SKU,BLOCKED,HISTORICAL_NONBLOCKING,COMBINATION_SKU_MISSING,HISTORICAL_COMPOSITION_EVIDENCE,HISTORICAL_COMPOSITION_EVIDENCE,NO,NO,HIGH,Exact 001A.0 evidence retained; no fuzzy identity.,TECH-001,UNRESOLVED_EXACT_EVIDENCE_OUTSIDE_BUSINESS_SCOPE,YES_NONEXACT,PENDING_TECHNICAL_EVIDENCE,NOT_SUBMITTED_TECHNICAL,,,,
MAESTRO,343,,,0504016|0724005|0608003,,0608003,1,EXACT,"{""source"":""MAESTRO_GESTIÓN.xlsx:RENTABILIDAD_COSTOS"",""source_row"":343,""parent_code"":""0504016"",""component_slot"":""ART4"",""component_code"":""0608003"",""quantity"":""1"",""quantity_status"":""EXACT"",""is_combination_row"":""YES"",""family"":""Sofás Cama"",""model"":""Luna"",""finish"":""Natural"",""measure"":""160x200"",""composition_label"":""Estructura + futon 1 látex + funda_lisa"",""product_name"":""Estructura + futon 1 látex + funda_lisa"",""status"":""DESCATALOGADO"",""legacy_magento_id"":""0504016"",""legacy_ean"":"""",""combination_sku_exact"":""0504016|0724005|0608003"",""combination_key_status"":""EXACT""}",EXACT_SKU,608003,BLOCKED,SUPPORTING_SOURCE,,,0504016|0724005|0608003,,608003,NO,NO,NO,YES,1,COMBINATION_SKU_MISSING,"{""quantity_status"":""EXACT"",""physical_match_method"":""EXACT_SKU"",""parent_match_method"":""MISSING_WOO_SKU""}","Evidence row; correlate by combination_sku, component_sku and quantity.",MISSING_WOO_SKU,BLOCKED,HISTORICAL_NONBLOCKING,COMBINATION_SKU_MISSING,HISTORICAL_COMPOSITION_EVIDENCE,HISTORICAL_COMPOSITION_EVIDENCE,NO,NO,HIGH,Exact 001A.0 evidence retained; no fuzzy identity.,TECH-001,UNRESOLVED_EXACT_EVIDENCE_OUTSIDE_BUSINESS_SCOPE,YES_NONEXACT,PENDING_TECHNICAL_EVIDENCE,NOT_SUBMITTED_TECHNICAL,,,,
MAESTRO,343,,,0504016|0724005|0608003,,0724005,1,EXACT,"{""source"":""MAESTRO_GESTIÓN.xlsx:RENTABILIDAD_COSTOS"",""source_row"":343,""parent_code"":""0504016"",""component_slot"":""ART2"",""component_code"":""0724005"",""quantity"":""1"",""quantity_status"":""EXACT"",""is_combination_row"":""YES"",""family"":""Sofás Cama"",""model"":""Luna"",""finish"":""Natural"",""measure"":""160x200"",""composition_label"":""Estructura + futon 1 látex + funda_lisa"",""product_name"":""Estructura + futon 1 látex + funda_lisa"",""status"":""DESCATALOGADO"",""legacy_magento_id"":""0504016"",""legacy_ean"":"""",""combination_sku_exact"":""0504016|0724005|0608003"",""combination_key_status"":""EXACT""}",EXACT_SKU,724005,BLOCKED,SUPPORTING_SOURCE,,,0504016|0724005|0608003,,724005,NO,NO,NO,YES,1,COMBINATION_SKU_MISSING,"{""quantity_status"":""EXACT"",""physical_match_method"":""EXACT_SKU"",""parent_match_method"":""MISSING_WOO_SKU""}","Evidence row; correlate by combination_sku, component_sku and quantity.",MISSING_WOO_SKU,BLOCKED,HISTORICAL_NONBLOCKING,COMBINATION_SKU_MISSING,HISTORICAL_COMPOSITION_EVIDENCE,HISTORICAL_COMPOSITION_EVIDENCE,NO,NO,HIGH,Exact 001A.0 evidence retained; no fuzzy identity.,TECH-001,UNRESOLVED_EXACT_EVIDENCE_OUTSIDE_BUSINESS_SCOPE,YES_NONEXACT,PENDING_TECHNICAL_EVIDENCE,NOT_SUBMITTED_TECHNICAL,,,,
MAESTRO,344,,,0504016|0728004,,0504016,1,EXACT,"{""source"":""MAESTRO_GESTIÓN.xlsx:RENTABILIDAD_COSTOS"",""source_row"":344,""parent_code"":""0504016"",""component_slot"":""ART1"",""component_code"":""0504016"",""quantity"":""1"",""quantity_status"":""EXACT"",""is_combination_row"":""YES"",""family"":""Sofás Cama"",""model"":""Luna"",""finish"":""Natural"",""measure"":""160x200"",""composition_label"":""Estructura + futon 2 látex"",""product_name"":""Estructura + futon 2 látex"",""status"":""DESCATALOGADO"",""legacy_magento_id"":""0504016"",""legacy_ean"":"""",""combination_sku_exact"":""0504016|0728004"",""combination_key_status"":""EXACT""}",EXACT_SKU,504016,BLOCKED,SUPPORTING_SOURCE,,,0504016|0728004,,504016,NO,NO,NO,YES,1,COMBINATION_SKU_MISSING,"{""quantity_status"":""EXACT"",""physical_match_method"":""EXACT_SKU"",""parent_match_method"":""MISSING_WOO_SKU""}","Evidence row; correlate by combination_sku, component_sku and quantity.",MISSING_WOO_SKU,BLOCKED,HISTORICAL_NONBLOCKING,COMBINATION_SKU_MISSING,HISTORICAL_COMPOSITION_EVIDENCE,HISTORICAL_COMPOSITION_EVIDENCE,NO,NO,HIGH,Exact 001A.0 evidence retained; no fuzzy identity.,TECH-001,UNRESOLVED_EXACT_EVIDENCE_OUTSIDE_BUSINESS_SCOPE,YES_NONEXACT,PENDING_TECHNICAL_EVIDENCE,NOT_SUBMITTED_TECHNICAL,,,,
MAESTRO,344,,,0504016|0728004,,0728004,1,EXACT,"{""source"":""MAESTRO_GESTIÓN.xlsx:RENTABILIDAD_COSTOS"",""source_row"":344,""parent_code"":""0504016"",""component_slot"":""ART2"",""component_code"":""0728004"",""quantity"":""1"",""quantity_status"":""EXACT"",""is_combination_row"":""YES"",""family"":""Sofás Cama"",""model"":""Luna"",""finish"":""Natural"",""measure"":""160x200"",""composition_label"":""Estructura + futon 2 látex"",""product_name"":""Estructura + futon 2 látex"",""status"":""DESCATALOGADO"",""legacy_magento_id"":""0504016"",""legacy_ean"":"""",""combination_sku_exact"":""0504016|0728004"",""combination_key_status"":""EXACT""}",EXACT_SKU,728004,BLOCKED,SUPPORTING_SOURCE,,,0504016|0728004,,728004,NO,NO,NO,YES,1,COMBINATION_SKU_MISSING,"{""quantity_status"":""EXACT"",""physical_match_method"":""EXACT_SKU"",""parent_match_method"":""MISSING_WOO_SKU""}","Evidence row; correlate by combination_sku, component_sku and quantity.",MISSING_WOO_SKU,BLOCKED,HISTORICAL_NONBLOCKING,COMBINATION_SKU_MISSING,HISTORICAL_COMPOSITION_EVIDENCE,HISTORICAL_COMPOSITION_EVIDENCE,NO,NO,HIGH,Exact 001A.0 evidence retained; no fuzzy identity.,TECH-001,UNRESOLVED_EXACT_EVIDENCE_OUTSIDE_BUSINESS_SCOPE,YES_NONEXACT,PENDING_TECHNICAL_EVIDENCE,NOT_SUBMITTED_TECHNICAL,,,,
MAESTRO,345,,,0504016|0728004|0608003,,0504016,1,EXACT,"{""source"":""MAESTRO_GESTIÓN.xlsx:RENTABILIDAD_COSTOS"",""source_row"":345,""parent_code"":""0504016"",""component_slot"":""ART1"",""component_code"":""0504016"",""quantity"":""1"",""quantity_status"":""EXACT"",""is_combination_row"":""YES"",""family"":""Sofás Cama"",""model"":""Luna"",""finish"":""Natural"",""measure"":""160x200"",""composition_label"":""Estructura + futon 2 látex + funda_lisa"",""product_name"":""Estructura + futon 2 látex + funda_lisa"",""status"":""DESCATALOGADO"",""legacy_magento_id"":""0504016"",""legacy_ean"":"""",""combination_sku_exact"":""0504016|0728004|0608003"",""combination_key_status"":""EXACT""}",EXACT_SKU,504016,BLOCKED,SUPPORTING_SOURCE,,,0504016|0728004|0608003,,504016,NO,NO,NO,YES,1,COMBINATION_SKU_MISSING,"{""quantity_status"":""EXACT"",""physical_match_method"":""EXACT_SKU"",""parent_match_method"":""MISSING_WOO_SKU""}","Evidence row; correlate by combination_sku, component_sku and quantity.",MISSING_WOO_SKU,BLOCKED,HISTORICAL_NONBLOCKING,COMBINATION_SKU_MISSING,HISTORICAL_COMPOSITION_EVIDENCE,HISTORICAL_COMPOSITION_EVIDENCE,NO,NO,HIGH,Exact 001A.0 evidence retained; no fuzzy identity.,TECH-001,UNRESOLVED_EXACT_EVIDENCE_OUTSIDE_BUSINESS_SCOPE,YES_NONEXACT,PENDING_TECHNICAL_EVIDENCE,NOT_SUBMITTED_TECHNICAL,,,,
MAESTRO,345,,,0504016|0728004|0608003,,0608003,1,EXACT,"{""source"":""MAESTRO_GESTIÓN.xlsx:RENTABILIDAD_COSTOS"",""source_row"":345,""parent_code"":""0504016"",""component_slot"":""ART4"",""component_code"":""0608003"",""quantity"":""1"",""quantity_status"":""EXACT"",""is_combination_row"":""YES"",""family"":""Sofás Cama"",""model"":""Luna"",""finish"":""Natural"",""measure"":""160x200"",""composition_label"":""Estructura + futon 2 látex + funda_lisa"",""product_name"":""Estructura + futon 2 látex + funda_lisa"",""status"":""DESCATALOGADO"",""legacy_magento_id"":""0504016"",""legacy_ean"":"""",""combination_sku_exact"":""0504016|0728004|0608003"",""combination_key_status"":""EXACT""}",EXACT_SKU,608003,BLOCKED,SUPPORTING_SOURCE,,,0504016|0728004|0608003,,608003,NO,NO,NO,YES,1,COMBINATION_SKU_MISSING,"{""quantity_status"":""EXACT"",""physical_match_method"":""EXACT_SKU"",""parent_match_method"":""MISSING_WOO_SKU""}","Evidence row; correlate by combination_sku, component_sku and quantity.",MISSING_WOO_SKU,BLOCKED,HISTORICAL_NONBLOCKING,COMBINATION_SKU_MISSING,HISTORICAL_COMPOSITION_EVIDENCE,HISTORICAL_COMPOSITION_EVIDENCE,NO,NO,HIGH,Exact 001A.0 evidence retained; no fuzzy identity.,TECH-001,UNRESOLVED_EXACT_EVIDENCE_OUTSIDE_BUSINESS_SCOPE,YES_NONEXACT,PENDING_TECHNICAL_EVIDENCE,NOT_SUBMITTED_TECHNICAL,,,,
MAESTRO,345,,,0504016|0728004|0608003,,0728004,1,EXACT,"{""source"":""MAESTRO_GESTIÓN.xlsx:RENTABILIDAD_COSTOS"",""source_row"":345,""parent_code"":""0504016"",""component_slot"":""ART2"",""component_code"":""0728004"",""quantity"":""1"",""quantity_status"":""EXACT"",""is_combination_row"":""YES"",""family"":""Sofás Cama"",""model"":""Luna"",""finish"":""Natural"",""measure"":""160x200"",""composition_label"":""Estructura + futon 2 látex + funda_lisa"",""product_name"":""Estructura + futon 2 látex + funda_lisa"",""status"":""DESCATALOGADO"",""legacy_magento_id"":""0504016"",""legacy_ean"":"""",""combination_sku_exact"":""0504016|0728004|0608003"",""combination_key_status"":""EXACT""}",EXACT_SKU,728004,BLOCKED,SUPPORTING_SOURCE,,,0504016|0728004|0608003,,728004,NO,NO,NO,YES,1,COMBINATION_SKU_MISSING,"{""quantity_status"":""EXACT"",""physical_match_method"":""EXACT_SKU"",""parent_match_method"":""MISSING_WOO_SKU""}","Evidence row; correlate by combination_sku, component_sku and quantity.",MISSING_WOO_SKU,BLOCKED,HISTORICAL_NONBLOCKING,COMBINATION_SKU_MISSING,HISTORICAL_COMPOSITION_EVIDENCE,HISTORICAL_COMPOSITION_EVIDENCE,NO,NO,HIGH,Exact 001A.0 evidence retained; no fuzzy identity.,TECH-001,UNRESOLVED_EXACT_EVIDENCE_OUTSIDE_BUSINESS_SCOPE,YES_NONEXACT,PENDING_TECHNICAL_EVIDENCE,NOT_SUBMITTED_TECHNICAL,,,,
MAESTRO,353,,,0502005|1242001,,0502005,1,EXACT,"{""source"":""MAESTRO_GESTIÓN.xlsx:RENTABILIDAD_COSTOS"",""source_row"":353,""parent_code"":""0502005"",""component_slot"":""ART1"",""component_code"":""0502005"",""quantity"":""1"",""quantity_status"":""EXACT"",""is_combination_row"":""YES"",""family"":""Sofás Cama"",""model"":""Sésamo"",""finish"":""Natural"",""measure"":""80x200"",""composition_label"":""Estructura + futoncolor"",""product_name"":""Estructura + futoncolor"",""status"":""ACTIVO"",""legacy_magento_id"":""0502005"",""legacy_ean"":"""",""combination_sku_exact"":""0502005|1242001"",""combination_key_status"":""EXACT""}",EXACT_SKU,502005,BLOCKED,SUPPORTING_SOURCE,,,0502005|1242001,,502005,NO,NO,NO,YES,1,COMBINATION_SKU_MISSING,"{""quantity_status"":""EXACT"",""physical_match_method"":""EXACT_SKU"",""parent_match_method"":""MISSING_WOO_SKU""}","Evidence row; correlate by combination_sku, component_sku and quantity.",MISSING_WOO_SKU,BLOCKED,BLOCKED,COMBINATION_SKU_MISSING,ACTIVE_SOURCE_COMPOSITION_WITHOUT_WOO_PARENT,ACTIVE_SOURCE_COMPOSITION_WITHOUT_WOO_PARENT,NO,YES,LOW,Exact 001A.0 evidence retained; no fuzzy identity.,UD-005,PENDING_BUSINESS_REVIEW_MAESTRO_COMPOSITION,YES,PENDING_BUSINESS_REVIEW,PENDING,,,,
MAESTRO,353,,,0502005|1242001,,1242001,1,EXACT,"{""source"":""MAESTRO_GESTIÓN.xlsx:RENTABILIDAD_COSTOS"",""source_row"":353,""parent_code"":""0502005"",""component_slot"":""ART2"",""component_code"":""1242001"",""quantity"":""1"",""quantity_status"":""EXACT"",""is_combination_row"":""YES"",""family"":""Sofás Cama"",""model"":""Sésamo"",""finish"":""Natural"",""measure"":""80x200"",""composition_label"":""Estructura + futoncolor"",""product_name"":""Estructura + futoncolor"",""status"":""ACTIVO"",""legacy_magento_id"":""0502005"",""legacy_ean"":"""",""combination_sku_exact"":""0502005|1242001"",""combination_key_status"":""EXACT""}",EXACT_SKU,1242001,BLOCKED,SUPPORTING_SOURCE,,,0502005|1242001,,1242001,NO,NO,NO,YES,1,COMBINATION_SKU_MISSING,"{""quantity_status"":""EXACT"",""physical_match_method"":""EXACT_SKU"",""parent_match_method"":""MISSING_WOO_SKU""}","Evidence row; correlate by combination_sku, component_sku and quantity.",MISSING_WOO_SKU,BLOCKED,BLOCKED,COMBINATION_SKU_MISSING,ACTIVE_SOURCE_COMPOSITION_WITHOUT_WOO_PARENT,ACTIVE_SOURCE_COMPOSITION_WITHOUT_WOO_PARENT,NO,YES,LOW,Exact 001A.0 evidence retained; no fuzzy identity.,UD-005,PENDING_BUSINESS_REVIEW_MAESTRO_COMPOSITION,YES,PENDING_BUSINESS_REVIEW,PENDING,,,,
MAESTRO,354,,,0502005|1242001|0608007,,0502005,1,EXACT,"{""source"":""MAESTRO_GESTIÓN.xlsx:RENTABILIDAD_COSTOS"",""source_row"":354,""parent_code"":""0502005"",""component_slot"":""ART1"",""component_code"":""0502005"",""quantity"":""1"",""quantity_status"":""EXACT"",""is_combination_row"":""YES"",""family"":""Sofás Cama"",""model"":""Sésamo"",""finish"":""Natural"",""measure"":""80x200"",""composition_label"":""Estructura + futoncolor + funda_Lisa"",""product_name"":""Estructura + futoncolor + funda_Lisa"",""status"":""ACTIVO"",""legacy_magento_id"":""0502005"",""legacy_ean"":"""",""combination_sku_exact"":""0502005|1242001|0608007"",""combination_key_status"":""EXACT""}",EXACT_SKU,502005,BLOCKED,SUPPORTING_SOURCE,,,0502005|1242001|0608007,,502005,NO,NO,NO,YES,1,COMBINATION_SKU_MISSING,"{""quantity_status"":""EXACT"",""physical_match_method"":""EXACT_SKU"",""parent_match_method"":""MISSING_WOO_SKU""}","Evidence row; correlate by combination_sku, component_sku and quantity.",MISSING_WOO_SKU,BLOCKED,BLOCKED,COMBINATION_SKU_MISSING,ACTIVE_SOURCE_COMPOSITION_WITHOUT_WOO_PARENT,ACTIVE_SOURCE_COMPOSITION_WITHOUT_WOO_PARENT,NO,YES,LOW,Exact 001A.0 evidence retained; no fuzzy identity.,UD-005,PENDING_BUSINESS_REVIEW_MAESTRO_COMPOSITION,YES,PENDING_BUSINESS_REVIEW,PENDING,,,,
MAESTRO,354,,,0502005|1242001|0608007,,0608007,1,EXACT,"{""source"":""MAESTRO_GESTIÓN.xlsx:RENTABILIDAD_COSTOS"",""source_row"":354,""parent_code"":""0502005"",""component_slot"":""ART4"",""component_code"":""0608007"",""quantity"":""1"",""quantity_status"":""EXACT"",""is_combination_row"":""YES"",""family"":""Sofás Cama"",""model"":""Sésamo"",""finish"":""Natural"",""measure"":""80x200"",""composition_label"":""Estructura + futoncolor + funda_Lisa"",""product_name"":""Estructura + futoncolor + funda_Lisa"",""status"":""ACTIVO"",""legacy_magento_id"":""0502005"",""legacy_ean"":"""",""combination_sku_exact"":""0502005|1242001|0608007"",""combination_key_status"":""EXACT""}",EXACT_SKU,608007,BLOCKED,SUPPORTING_SOURCE,,,0502005|1242001|0608007,,608007,NO,NO,NO,YES,1,COMBINATION_SKU_MISSING,"{""quantity_status"":""EXACT"",""physical_match_method"":""EXACT_SKU"",""parent_match_method"":""MISSING_WOO_SKU""}","Evidence row; correlate by combination_sku, component_sku and quantity.",MISSING_WOO_SKU,BLOCKED,BLOCKED,COMBINATION_SKU_MISSING,ACTIVE_SOURCE_COMPOSITION_WITHOUT_WOO_PARENT,ACTIVE_SOURCE_COMPOSITION_WITHOUT_WOO_PARENT,NO,YES,LOW,Exact 001A.0 evidence retained; no fuzzy identity.,UD-005,PENDING_BUSINESS_REVIEW_MAESTRO_COMPOSITION,YES,PENDING_BUSINESS_REVIEW,PENDING,,,,
MAESTRO,354,,,0502005|1242001|0608007,,1242001,1,EXACT,"{""source"":""MAESTRO_GESTIÓN.xlsx:RENTABILIDAD_COSTOS"",""source_row"":354,""parent_code"":""0502005"",""component_slot"":""ART2"",""component_code"":""1242001"",""quantity"":""1"",""quantity_status"":""EXACT"",""is_combination_row"":""YES"",""family"":""Sofás Cama"",""model"":""Sésamo"",""finish"":""Natural"",""measure"":""80x200"",""composition_label"":""Estructura + futoncolor + funda_Lisa"",""product_name"":""Estructura + futoncolor + funda_Lisa"",""status"":""ACTIVO"",""legacy_magento_id"":""0502005"",""legacy_ean"":"""",""combination_sku_exact"":""0502005|1242001|0608007"",""combination_key_status"":""EXACT""}",EXACT_SKU,1242001,BLOCKED,SUPPORTING_SOURCE,,,0502005|1242001|0608007,,1242001,NO,NO,NO,YES,1,COMBINATION_SKU_MISSING,"{""quantity_status"":""EXACT"",""physical_match_method"":""EXACT_SKU"",""parent_match_method"":""MISSING_WOO_SKU""}","Evidence row; correlate by combination_sku, component_sku and quantity.",MISSING_WOO_SKU,BLOCKED,BLOCKED,COMBINATION_SKU_MISSING,ACTIVE_SOURCE_COMPOSITION_WITHOUT_WOO_PARENT,ACTIVE_SOURCE_COMPOSITION_WITHOUT_WOO_PARENT,NO,YES,LOW,Exact 001A.0 evidence retained; no fuzzy identity.,UD-005,PENDING_BUSINESS_REVIEW_MAESTRO_COMPOSITION,YES,PENDING_BUSINESS_REVIEW,PENDING,,,,
MAESTRO,357,,,0201001|0201001|0727007|0727007,,0201001,2,EXACT,"{""source"":""MAESTRO_GESTIÓN.xlsx:RENTABILIDAD_COSTOS"",""source_row"":357,""parent_code"":""0201001"",""component_slot"":""ART1"",""component_code"":""0201001"",""quantity"":""2"",""quantity_status"":""EXACT"",""is_combination_row"":""YES"",""family"":""Sofás Cama"",""model"":""TatamiSofa Con futon"",""finish"":""-"",""measure"":""80x200x5,5"",""composition_label"":""2 Futones 1 capas de latex + 2 tatamis"",""product_name"":""2 Futones 1 capas de latex + 2 tatamis"",""status"":""DESCATALOGADO"",""legacy_magento_id"":""0201001"",""legacy_ean"":"""",""combination_sku_exact"":""0201001|0201001|0727007|0727007"",""combination_key_status"":""EXACT""}",EXACT_SKU,201001,BLOCKED,SUPPORTING_SOURCE,,,0201001|0201001|0727007|0727007,,201001,NO,NO,NO,YES,1,COMBINATION_SKU_MISSING,"{""quantity_status"":""EXACT"",""physical_match_method"":""EXACT_SKU"",""parent_match_method"":""MISSING_WOO_SKU""}","Evidence row; correlate by combination_sku, component_sku and quantity.",MISSING_WOO_SKU,BLOCKED,HISTORICAL_NONBLOCKING,COMBINATION_SKU_MISSING,HISTORICAL_COMPOSITION_EVIDENCE,HISTORICAL_COMPOSITION_EVIDENCE,NO,NO,HIGH,Exact 001A.0 evidence retained; no fuzzy identity.,TECH-001,UNRESOLVED_EXACT_EVIDENCE_OUTSIDE_BUSINESS_SCOPE,YES_NONEXACT,PENDING_TECHNICAL_EVIDENCE,NOT_SUBMITTED_TECHNICAL,,,,
MAESTRO,357,,,0201001|0201001|0727007|0727007,,0727007,2,EXACT,"{""source"":""MAESTRO_GESTIÓN.xlsx:RENTABILIDAD_COSTOS"",""source_row"":357,""parent_code"":""0201001"",""component_slot"":""ART2"",""component_code"":""0727007"",""quantity"":""2"",""quantity_status"":""EXACT"",""is_combination_row"":""YES"",""family"":""Sofás Cama"",""model"":""TatamiSofa Con futon"",""finish"":""-"",""measure"":""80x200x5,5"",""composition_label"":""2 Futones 1 capas de latex + 2 tatamis"",""product_name"":""2 Futones 1 capas de latex + 2 tatamis"",""status"":""DESCATALOGADO"",""legacy_magento_id"":""0201001"",""legacy_ean"":"""",""combination_sku_exact"":""0201001|0201001|0727007|0727007"",""combination_key_status"":""EXACT""}",EXACT_SKU,727007,BLOCKED,SUPPORTING_SOURCE,,,0201001|0201001|0727007|0727007,,727007,NO,NO,NO,YES,1,COMBINATION_SKU_MISSING,"{""quantity_status"":""EXACT"",""physical_match_method"":""EXACT_SKU"",""parent_match_method"":""MISSING_WOO_SKU""}","Evidence row; correlate by combination_sku, component_sku and quantity.",MISSING_WOO_SKU,BLOCKED,HISTORICAL_NONBLOCKING,COMBINATION_SKU_MISSING,HISTORICAL_COMPOSITION_EVIDENCE,HISTORICAL_COMPOSITION_EVIDENCE,NO,NO,HIGH,Exact 001A.0 evidence retained; no fuzzy identity.,TECH-001,UNRESOLVED_EXACT_EVIDENCE_OUTSIDE_BUSINESS_SCOPE,YES_NONEXACT,PENDING_TECHNICAL_EVIDENCE,NOT_SUBMITTED_TECHNICAL,,,,
MAESTRO,358,,,0201001|0201001|0727007|0727007|0608007|0608007,,0201001,2,EXACT,"{""source"":""MAESTRO_GESTIÓN.xlsx:RENTABILIDAD_COSTOS"",""source_row"":358,""parent_code"":""0201001"",""component_slot"":""ART1"",""component_code"":""0201001"",""quantity"":""2"",""quantity_status"":""EXACT"",""is_combination_row"":""YES"",""family"":""Sofás Cama"",""model"":""TatamiSofa Con futon"",""finish"":""-"",""measure"":""80x200x5,5"",""composition_label"":""2 Futones 1 capas de latex + 2 tatamis+2 fundas"",""product_name"":""2 Futones 1 capas de latex + 2 tatamis+2 fundas"",""status"":""DESCATALOGADO"",""legacy_magento_id"":""0201001"",""legacy_ean"":"""",""combination_sku_exact"":""0201001|0201001|0727007|0727007|0608007|0608007"",""combination_key_status"":""EXACT""}",EXACT_SKU,201001,BLOCKED,SUPPORTING_SOURCE,,,0201001|0201001|0727007|0727007|0608007|0608007,,201001,NO,NO,NO,YES,1,COMBINATION_SKU_MISSING,"{""quantity_status"":""EXACT"",""physical_match_method"":""EXACT_SKU"",""parent_match_method"":""MISSING_WOO_SKU""}","Evidence row; correlate by combination_sku, component_sku and quantity.",MISSING_WOO_SKU,BLOCKED,HISTORICAL_NONBLOCKING,COMBINATION_SKU_MISSING,HISTORICAL_COMPOSITION_EVIDENCE,HISTORICAL_COMPOSITION_EVIDENCE,NO,NO,HIGH,Exact 001A.0 evidence retained; no fuzzy identity.,TECH-001,UNRESOLVED_EXACT_EVIDENCE_OUTSIDE_BUSINESS_SCOPE,YES_NONEXACT,PENDING_TECHNICAL_EVIDENCE,NOT_SUBMITTED_TECHNICAL,,,,
MAESTRO,358,,,0201001|0201001|0727007|0727007|0608007|0608007,,0608007,2,EXACT,"{""source"":""MAESTRO_GESTIÓN.xlsx:RENTABILIDAD_COSTOS"",""source_row"":358,""parent_code"":""0201001"",""component_slot"":""ART4"",""component_code"":""0608007"",""quantity"":""2"",""quantity_status"":""EXACT"",""is_combination_row"":""YES"",""family"":""Sofás Cama"",""model"":""TatamiSofa Con futon"",""finish"":""-"",""measure"":""80x200x5,5"",""composition_label"":""2 Futones 1 capas de latex + 2 tatamis+2 fundas"",""product_name"":""2 Futones 1 capas de latex + 2 tatamis+2 fundas"",""status"":""DESCATALOGADO"",""legacy_magento_id"":""0201001"",""legacy_ean"":"""",""combination_sku_exact"":""0201001|0201001|0727007|0727007|0608007|0608007"",""combination_key_status"":""EXACT""}",EXACT_SKU,608007,BLOCKED,SUPPORTING_SOURCE,,,0201001|0201001|0727007|0727007|0608007|0608007,,608007,NO,NO,NO,YES,1,COMBINATION_SKU_MISSING,"{""quantity_status"":""EXACT"",""physical_match_method"":""EXACT_SKU"",""parent_match_method"":""MISSING_WOO_SKU""}","Evidence row; correlate by combination_sku, component_sku and quantity.",MISSING_WOO_SKU,BLOCKED,HISTORICAL_NONBLOCKING,COMBINATION_SKU_MISSING,HISTORICAL_COMPOSITION_EVIDENCE,HISTORICAL_COMPOSITION_EVIDENCE,NO,NO,HIGH,Exact 001A.0 evidence retained; no fuzzy identity.,TECH-001,UNRESOLVED_EXACT_EVIDENCE_OUTSIDE_BUSINESS_SCOPE,YES_NONEXACT,PENDING_TECHNICAL_EVIDENCE,NOT_SUBMITTED_TECHNICAL,,,,
MAESTRO,358,,,0201001|0201001|0727007|0727007|0608007|0608007,,0727007,2,EXACT,"{""source"":""MAESTRO_GESTIÓN.xlsx:RENTABILIDAD_COSTOS"",""source_row"":358,""parent_code"":""0201001"",""component_slot"":""ART2"",""component_code"":""0727007"",""quantity"":""2"",""quantity_status"":""EXACT"",""is_combination_row"":""YES"",""family"":""Sofás Cama"",""model"":""TatamiSofa Con futon"",""finish"":""-"",""measure"":""80x200x5,5"",""composition_label"":""2 Futones 1 capas de latex + 2 tatamis+2 fundas"",""product_name"":""2 Futones 1 capas de latex + 2 tatamis+2 fundas"",""status"":""DESCATALOGADO"",""legacy_magento_id"":""0201001"",""legacy_ean"":"""",""combination_sku_exact"":""0201001|0201001|0727007|0727007|0608007|0608007"",""combination_key_status"":""EXACT""}",EXACT_SKU,727007,BLOCKED,SUPPORTING_SOURCE,,,0201001|0201001|0727007|0727007|0608007|0608007,,727007,NO,NO,NO,YES,1,COMBINATION_SKU_MISSING,"{""quantity_status"":""EXACT"",""physical_match_method"":""EXACT_SKU"",""parent_match_method"":""MISSING_WOO_SKU""}","Evidence row; correlate by combination_sku, component_sku and quantity.",MISSING_WOO_SKU,BLOCKED,HISTORICAL_NONBLOCKING,COMBINATION_SKU_MISSING,HISTORICAL_COMPOSITION_EVIDENCE,HISTORICAL_COMPOSITION_EVIDENCE,NO,NO,HIGH,Exact 001A.0 evidence retained; no fuzzy identity.,TECH-001,UNRESOLVED_EXACT_EVIDENCE_OUTSIDE_BUSINESS_SCOPE,YES_NONEXACT,PENDING_TECHNICAL_EVIDENCE,NOT_SUBMITTED_TECHNICAL,,,,
MAESTRO,359,,,0201001|0201001|0730009|0730009,,0201001,2,EXACT,"{""source"":""MAESTRO_GESTIÓN.xlsx:RENTABILIDAD_COSTOS"",""source_row"":359,""parent_code"":""0201001"",""component_slot"":""ART1"",""component_code"":""0201001"",""quantity"":""2"",""quantity_status"":""EXACT"",""is_combination_row"":""YES"",""family"":""Sofás Cama"",""model"":""TatamiSofa Con futon"",""finish"":""-"",""measure"":""80x200x5,5"",""composition_label"":""2 Futones 2 capas de latex + 2 tatamis"",""product_name"":""2 Futones 2 capas de latex + 2 tatamis"",""status"":""DESCATALOGADO"",""legacy_magento_id"":""0201001"",""legacy_ean"":"""",""combination_sku_exact"":""0201001|0201001|0730009|0730009"",""combination_key_status"":""EXACT""}",EXACT_SKU,201001,BLOCKED,SUPPORTING_SOURCE,,,0201001|0201001|0730009|0730009,,201001,NO,NO,NO,YES,1,COMBINATION_SKU_MISSING,"{""quantity_status"":""EXACT"",""physical_match_method"":""EXACT_SKU"",""parent_match_method"":""MISSING_WOO_SKU""}","Evidence row; correlate by combination_sku, component_sku and quantity.",MISSING_WOO_SKU,BLOCKED,HISTORICAL_NONBLOCKING,COMBINATION_SKU_MISSING,HISTORICAL_COMPOSITION_EVIDENCE,HISTORICAL_COMPOSITION_EVIDENCE,NO,NO,HIGH,Exact 001A.0 evidence retained; no fuzzy identity.,TECH-001,UNRESOLVED_EXACT_EVIDENCE_OUTSIDE_BUSINESS_SCOPE,YES_NONEXACT,PENDING_TECHNICAL_EVIDENCE,NOT_SUBMITTED_TECHNICAL,,,,
MAESTRO,359,,,0201001|0201001|0730009|0730009,,0730009,2,EXACT,"{""source"":""MAESTRO_GESTIÓN.xlsx:RENTABILIDAD_COSTOS"",""source_row"":359,""parent_code"":""0201001"",""component_slot"":""ART2"",""component_code"":""0730009"",""quantity"":""2"",""quantity_status"":""EXACT"",""is_combination_row"":""YES"",""family"":""Sofás Cama"",""model"":""TatamiSofa Con futon"",""finish"":""-"",""measure"":""80x200x5,5"",""composition_label"":""2 Futones 2 capas de latex + 2 tatamis"",""product_name"":""2 Futones 2 capas de latex + 2 tatamis"",""status"":""DESCATALOGADO"",""legacy_magento_id"":""0201001"",""legacy_ean"":"""",""combination_sku_exact"":""0201001|0201001|0730009|0730009"",""combination_key_status"":""EXACT""}",EXACT_SKU,730009,BLOCKED,SUPPORTING_SOURCE,,,0201001|0201001|0730009|0730009,,730009,NO,NO,NO,YES,1,COMBINATION_SKU_MISSING,"{""quantity_status"":""EXACT"",""physical_match_method"":""EXACT_SKU"",""parent_match_method"":""MISSING_WOO_SKU""}","Evidence row; correlate by combination_sku, component_sku and quantity.",MISSING_WOO_SKU,BLOCKED,HISTORICAL_NONBLOCKING,COMBINATION_SKU_MISSING,HISTORICAL_COMPOSITION_EVIDENCE,HISTORICAL_COMPOSITION_EVIDENCE,NO,NO,HIGH,Exact 001A.0 evidence retained; no fuzzy identity.,TECH-001,UNRESOLVED_EXACT_EVIDENCE_OUTSIDE_BUSINESS_SCOPE,YES_NONEXACT,PENDING_TECHNICAL_EVIDENCE,NOT_SUBMITTED_TECHNICAL,,,,
MAESTRO,36,,,0201002|0201002|0726007,,0201002,2,EXACT,"{""source"":""MAESTRO_GESTIÓN.xlsx:RENTABILIDAD_COSTOS"",""source_row"":36,""parent_code"":""0201002"",""component_slot"":""ART1"",""component_code"":""0201002"",""quantity"":""2"",""quantity_status"":""EXACT"",""is_combination_row"":""YES"",""family"":""Combinación TatamisFuton"",""model"":""1 capa látex"",""finish"":""1 capa látex (90x200)"",""measure"":""90x200x5,5"",""composition_label"":""2 Tatamis + Futon 1 látex"",""product_name"":""Combinación 2 Tatamis (90 x200) futón algodón 1 capa látex (90x200)"",""status"":""ACTIVO"",""legacy_magento_id"":""0201002"",""legacy_ean"":"""",""combination_sku_exact"":""0201002|0201002|0726007"",""combination_key_status"":""EXACT""}",EXACT_SKU,201002,BLOCKED,SUPPORTING_SOURCE,,,0201002|0201002|0726007,,201002,NO,NO,NO,YES,1,COMBINATION_SKU_MISSING,"{""quantity_status"":""EXACT"",""physical_match_method"":""EXACT_SKU"",""parent_match_method"":""MISSING_WOO_SKU""}","Evidence row; correlate by combination_sku, component_sku and quantity.",MISSING_WOO_SKU,BLOCKED,BLOCKED,COMBINATION_SKU_MISSING,ACTIVE_SOURCE_COMPOSITION_WITHOUT_WOO_PARENT,ACTIVE_SOURCE_COMPOSITION_WITHOUT_WOO_PARENT,NO,YES,LOW,Exact 001A.0 evidence retained; no fuzzy identity.,UD-005,PENDING_BUSINESS_REVIEW_MAESTRO_COMPOSITION,YES,PENDING_BUSINESS_REVIEW,PENDING,,,,
MAESTRO,36,,,0201002|0201002|0726007,,0726007,1,EXACT,"{""source"":""MAESTRO_GESTIÓN.xlsx:RENTABILIDAD_COSTOS"",""source_row"":36,""parent_code"":""0201002"",""component_slot"":""ART2"",""component_code"":""0726007"",""quantity"":""1"",""quantity_status"":""EXACT"",""is_combination_row"":""YES"",""family"":""Combinación TatamisFuton"",""model"":""1 capa látex"",""finish"":""1 capa látex (90x200)"",""measure"":""90x200x5,5"",""composition_label"":""2 Tatamis + Futon 1 látex"",""product_name"":""Combinación 2 Tatamis (90 x200) futón algodón 1 capa látex (90x200)"",""status"":""ACTIVO"",""legacy_magento_id"":""0201002"",""legacy_ean"":"""",""combination_sku_exact"":""0201002|0201002|0726007"",""combination_key_status"":""EXACT""}",EXACT_SKU,726007,BLOCKED,SUPPORTING_SOURCE,,,0201002|0201002|0726007,,726007,NO,NO,NO,YES,1,COMBINATION_SKU_MISSING,"{""quantity_status"":""EXACT"",""physical_match_method"":""EXACT_SKU"",""parent_match_method"":""MISSING_WOO_SKU""}","Evidence row; correlate by combination_sku, component_sku and quantity.",MISSING_WOO_SKU,BLOCKED,BLOCKED,COMBINATION_SKU_MISSING,ACTIVE_SOURCE_COMPOSITION_WITHOUT_WOO_PARENT,ACTIVE_SOURCE_COMPOSITION_WITHOUT_WOO_PARENT,NO,YES,LOW,Exact 001A.0 evidence retained; no fuzzy identity.,UD-005,PENDING_BUSINESS_REVIEW_MAESTRO_COMPOSITION,YES,PENDING_BUSINESS_REVIEW,PENDING,,,,
MAESTRO,360,,,0201001|0201001|0730009|0730009|0608007|0608007,,0201001,2,EXACT,"{""source"":""MAESTRO_GESTIÓN.xlsx:RENTABILIDAD_COSTOS"",""source_row"":360,""parent_code"":""0201001"",""component_slot"":""ART1"",""component_code"":""0201001"",""quantity"":""2"",""quantity_status"":""EXACT"",""is_combination_row"":""YES"",""family"":""Sofás Cama"",""model"":""TatamiSofa Con futon"",""finish"":""-"",""measure"":""80x200x5,5"",""composition_label"":""2 Futones 2 capas de latex + 2 tatamis+2 fundas"",""product_name"":""2 Futones 2 capas de latex + 2 tatamis+2 fundas"",""status"":""DESCATALOGADO"",""legacy_magento_id"":""0201001"",""legacy_ean"":"""",""combination_sku_exact"":""0201001|0201001|0730009|0730009|0608007|0608007"",""combination_key_status"":""EXACT""}",EXACT_SKU,201001,BLOCKED,SUPPORTING_SOURCE,,,0201001|0201001|0730009|0730009|0608007|0608007,,201001,NO,NO,NO,YES,1,COMBINATION_SKU_MISSING,"{""quantity_status"":""EXACT"",""physical_match_method"":""EXACT_SKU"",""parent_match_method"":""MISSING_WOO_SKU""}","Evidence row; correlate by combination_sku, component_sku and quantity.",MISSING_WOO_SKU,BLOCKED,HISTORICAL_NONBLOCKING,COMBINATION_SKU_MISSING,HISTORICAL_COMPOSITION_EVIDENCE,HISTORICAL_COMPOSITION_EVIDENCE,NO,NO,HIGH,Exact 001A.0 evidence retained; no fuzzy identity.,TECH-001,UNRESOLVED_EXACT_EVIDENCE_OUTSIDE_BUSINESS_SCOPE,YES_NONEXACT,PENDING_TECHNICAL_EVIDENCE,NOT_SUBMITTED_TECHNICAL,,,,
MAESTRO,360,,,0201001|0201001|0730009|0730009|0608007|0608007,,0608007,2,EXACT,"{""source"":""MAESTRO_GESTIÓN.xlsx:RENTABILIDAD_COSTOS"",""source_row"":360,""parent_code"":""0201001"",""component_slot"":""ART4"",""component_code"":""0608007"",""quantity"":""2"",""quantity_status"":""EXACT"",""is_combination_row"":""YES"",""family"":""Sofás Cama"",""model"":""TatamiSofa Con futon"",""finish"":""-"",""measure"":""80x200x5,5"",""composition_label"":""2 Futones 2 capas de latex + 2 tatamis+2 fundas"",""product_name"":""2 Futones 2 capas de latex + 2 tatamis+2 fundas"",""status"":""DESCATALOGADO"",""legacy_magento_id"":""0201001"",""legacy_ean"":"""",""combination_sku_exact"":""0201001|0201001|0730009|0730009|0608007|0608007"",""combination_key_status"":""EXACT""}",EXACT_SKU,608007,BLOCKED,SUPPORTING_SOURCE,,,0201001|0201001|0730009|0730009|0608007|0608007,,608007,NO,NO,NO,YES,1,COMBINATION_SKU_MISSING,"{""quantity_status"":""EXACT"",""physical_match_method"":""EXACT_SKU"",""parent_match_method"":""MISSING_WOO_SKU""}","Evidence row; correlate by combination_sku, component_sku and quantity.",MISSING_WOO_SKU,BLOCKED,HISTORICAL_NONBLOCKING,COMBINATION_SKU_MISSING,HISTORICAL_COMPOSITION_EVIDENCE,HISTORICAL_COMPOSITION_EVIDENCE,NO,NO,HIGH,Exact 001A.0 evidence retained; no fuzzy identity.,TECH-001,UNRESOLVED_EXACT_EVIDENCE_OUTSIDE_BUSINESS_SCOPE,YES_NONEXACT,PENDING_TECHNICAL_EVIDENCE,NOT_SUBMITTED_TECHNICAL,,,,
MAESTRO,360,,,0201001|0201001|0730009|0730009|0608007|0608007,,0730009,2,EXACT,"{""source"":""MAESTRO_GESTIÓN.xlsx:RENTABILIDAD_COSTOS"",""source_row"":360,""parent_code"":""0201001"",""component_slot"":""ART2"",""component_code"":""0730009"",""quantity"":""2"",""quantity_status"":""EXACT"",""is_combination_row"":""YES"",""family"":""Sofás Cama"",""model"":""TatamiSofa Con futon"",""finish"":""-"",""measure"":""80x200x5,5"",""composition_label"":""2 Futones 2 capas de latex + 2 tatamis+2 fundas"",""product_name"":""2 Futones 2 capas de latex + 2 tatamis+2 fundas"",""status"":""DESCATALOGADO"",""legacy_magento_id"":""0201001"",""legacy_ean"":"""",""combination_sku_exact"":""0201001|0201001|0730009|0730009|0608007|0608007"",""combination_key_status"":""EXACT""}",EXACT_SKU,730009,BLOCKED,SUPPORTING_SOURCE,,,0201001|0201001|0730009|0730009|0608007|0608007,,730009,NO,NO,NO,YES,1,COMBINATION_SKU_MISSING,"{""quantity_status"":""EXACT"",""physical_match_method"":""EXACT_SKU"",""parent_match_method"":""MISSING_WOO_SKU""}","Evidence row; correlate by combination_sku, component_sku and quantity.",MISSING_WOO_SKU,BLOCKED,HISTORICAL_NONBLOCKING,COMBINATION_SKU_MISSING,HISTORICAL_COMPOSITION_EVIDENCE,HISTORICAL_COMPOSITION_EVIDENCE,NO,NO,HIGH,Exact 001A.0 evidence retained; no fuzzy identity.,TECH-001,UNRESOLVED_EXACT_EVIDENCE_OUTSIDE_BUSINESS_SCOPE,YES_NONEXACT,PENDING_TECHNICAL_EVIDENCE,NOT_SUBMITTED_TECHNICAL,,,,
MAESTRO,362,,,0201001|0201001|1242001|1242001,,0201001,2,EXACT,"{""source"":""MAESTRO_GESTIÓN.xlsx:RENTABILIDAD_COSTOS"",""source_row"":362,""parent_code"":""0201001"",""component_slot"":""ART1"",""component_code"":""0201001"",""quantity"":""2"",""quantity_status"":""EXACT"",""is_combination_row"":""YES"",""family"":""Sofás Cama"",""model"":""TatamiSofa Con Futon Color"",""finish"":""-"",""measure"":""80x200x5,5"",""composition_label"":""2 Futones Color + 2 tatamis"",""product_name"":""2 Futones Color + 2 tatamis"",""status"":""ACTIVO"",""legacy_magento_id"":""0201001"",""legacy_ean"":"""",""combination_sku_exact"":""0201001|0201001|1242001|1242001"",""combination_key_status"":""EXACT""}",EXACT_SKU,201001,BLOCKED,SUPPORTING_SOURCE,,,0201001|0201001|1242001|1242001,,201001,NO,NO,NO,YES,1,COMBINATION_SKU_MISSING,"{""quantity_status"":""EXACT"",""physical_match_method"":""EXACT_SKU"",""parent_match_method"":""MISSING_WOO_SKU""}","Evidence row; correlate by combination_sku, component_sku and quantity.",MISSING_WOO_SKU,BLOCKED,BLOCKED,COMBINATION_SKU_MISSING,ACTIVE_SOURCE_COMPOSITION_WITHOUT_WOO_PARENT,ACTIVE_SOURCE_COMPOSITION_WITHOUT_WOO_PARENT,NO,YES,LOW,Exact 001A.0 evidence retained; no fuzzy identity.,UD-005,PENDING_BUSINESS_REVIEW_MAESTRO_COMPOSITION,YES,PENDING_BUSINESS_REVIEW,PENDING,,,,
MAESTRO,362,,,0201001|0201001|1242001|1242001,,1242001,2,EXACT,"{""source"":""MAESTRO_GESTIÓN.xlsx:RENTABILIDAD_COSTOS"",""source_row"":362,""parent_code"":""0201001"",""component_slot"":""ART2"",""component_code"":""1242001"",""quantity"":""2"",""quantity_status"":""EXACT"",""is_combination_row"":""YES"",""family"":""Sofás Cama"",""model"":""TatamiSofa Con Futon Color"",""finish"":""-"",""measure"":""80x200x5,5"",""composition_label"":""2 Futones Color + 2 tatamis"",""product_name"":""2 Futones Color + 2 tatamis"",""status"":""ACTIVO"",""legacy_magento_id"":""0201001"",""legacy_ean"":"""",""combination_sku_exact"":""0201001|0201001|1242001|1242001"",""combination_key_status"":""EXACT""}",EXACT_SKU,1242001,BLOCKED,SUPPORTING_SOURCE,,,0201001|0201001|1242001|1242001,,1242001,NO,NO,NO,YES,1,COMBINATION_SKU_MISSING,"{""quantity_status"":""EXACT"",""physical_match_method"":""EXACT_SKU"",""parent_match_method"":""MISSING_WOO_SKU""}","Evidence row; correlate by combination_sku, component_sku and quantity.",MISSING_WOO_SKU,BLOCKED,BLOCKED,COMBINATION_SKU_MISSING,ACTIVE_SOURCE_COMPOSITION_WITHOUT_WOO_PARENT,ACTIVE_SOURCE_COMPOSITION_WITHOUT_WOO_PARENT,NO,YES,LOW,Exact 001A.0 evidence retained; no fuzzy identity.,UD-005,PENDING_BUSINESS_REVIEW_MAESTRO_COMPOSITION,YES,PENDING_BUSINESS_REVIEW,PENDING,,,,
MAESTRO,363,,,0201001|0201001|1243001|1243001,,0201001,2,EXACT,"{""source"":""MAESTRO_GESTIÓN.xlsx:RENTABILIDAD_COSTOS"",""source_row"":363,""parent_code"":""0201001"",""component_slot"":""ART1"",""component_code"":""0201001"",""quantity"":""2"",""quantity_status"":""EXACT"",""is_combination_row"":""YES"",""family"":""Sofás Cama"",""model"":""TatamiSofa Con Futon Color"",""finish"":""-"",""measure"":""80x200x5,5"",""composition_label"":""2 Futones Color + 2 tatamis"",""product_name"":""2 Futones Color + 2 tatamis"",""status"":""ACTIVO"",""legacy_magento_id"":""0201001"",""legacy_ean"":"""",""combination_sku_exact"":""0201001|0201001|1243001|1243001"",""combination_key_status"":""EXACT""}",EXACT_SKU,201001,BLOCKED,SUPPORTING_SOURCE,,,0201001|0201001|1243001|1243001,,201001,NO,NO,NO,YES,1,COMBINATION_SKU_MISSING,"{""quantity_status"":""EXACT"",""physical_match_method"":""EXACT_SKU"",""parent_match_method"":""MISSING_WOO_SKU""}","Evidence row; correlate by combination_sku, component_sku and quantity.",MISSING_WOO_SKU,BLOCKED,BLOCKED,COMBINATION_SKU_MISSING,ACTIVE_SOURCE_COMPOSITION_WITHOUT_WOO_PARENT,ACTIVE_SOURCE_COMPOSITION_WITHOUT_WOO_PARENT,NO,YES,LOW,Exact 001A.0 evidence retained; no fuzzy identity.,UD-005,PENDING_BUSINESS_REVIEW_MAESTRO_COMPOSITION,YES,PENDING_BUSINESS_REVIEW,PENDING,,,,
MAESTRO,363,,,0201001|0201001|1243001|1243001,,1243001,2,EXACT,"{""source"":""MAESTRO_GESTIÓN.xlsx:RENTABILIDAD_COSTOS"",""source_row"":363,""parent_code"":""0201001"",""component_slot"":""ART2"",""component_code"":""1243001"",""quantity"":""2"",""quantity_status"":""EXACT"",""is_combination_row"":""YES"",""family"":""Sofás Cama"",""model"":""TatamiSofa Con Futon Color"",""finish"":""-"",""measure"":""80x200x5,5"",""composition_label"":""2 Futones Color + 2 tatamis"",""product_name"":""2 Futones Color + 2 tatamis"",""status"":""ACTIVO"",""legacy_magento_id"":""0201001"",""legacy_ean"":"""",""combination_sku_exact"":""0201001|0201001|1243001|1243001"",""combination_key_status"":""EXACT""}",EXACT_SKU,1243001,BLOCKED,SUPPORTING_SOURCE,,,0201001|0201001|1243001|1243001,,1243001,NO,NO,NO,YES,1,COMBINATION_SKU_MISSING,"{""quantity_status"":""EXACT"",""physical_match_method"":""EXACT_SKU"",""parent_match_method"":""MISSING_WOO_SKU""}","Evidence row; correlate by combination_sku, component_sku and quantity.",MISSING_WOO_SKU,BLOCKED,BLOCKED,COMBINATION_SKU_MISSING,ACTIVE_SOURCE_COMPOSITION_WITHOUT_WOO_PARENT,ACTIVE_SOURCE_COMPOSITION_WITHOUT_WOO_PARENT,NO,YES,LOW,Exact 001A.0 evidence retained; no fuzzy identity.,UD-005,PENDING_BUSINESS_REVIEW_MAESTRO_COMPOSITION,YES,PENDING_BUSINESS_REVIEW,PENDING,,,,
MAESTRO,364,,,0201001|0201001|1244001|1244001,,0201001,2,EXACT,"{""source"":""MAESTRO_GESTIÓN.xlsx:RENTABILIDAD_COSTOS"",""source_row"":364,""parent_code"":""0201001"",""component_slot"":""ART1"",""component_code"":""0201001"",""quantity"":""2"",""quantity_status"":""EXACT"",""is_combination_row"":""YES"",""family"":""Sofás Cama"",""model"":""TatamiSofa Con Futon Color"",""finish"":""-"",""measure"":""80x200x5,5"",""composition_label"":""2 Futones Color + 2 tatamis"",""product_name"":""2 Futones Color + 2 tatamis"",""status"":""ACTIVO"",""legacy_magento_id"":""0201001"",""legacy_ean"":"""",""combination_sku_exact"":""0201001|0201001|1244001|1244001"",""combination_key_status"":""EXACT""}",EXACT_SKU,201001,BLOCKED,SUPPORTING_SOURCE,,,0201001|0201001|1244001|1244001,,201001,NO,NO,NO,YES,1,COMBINATION_SKU_MISSING,"{""quantity_status"":""EXACT"",""physical_match_method"":""EXACT_SKU"",""parent_match_method"":""MISSING_WOO_SKU""}","Evidence row; correlate by combination_sku, component_sku and quantity.",MISSING_WOO_SKU,BLOCKED,BLOCKED,COMBINATION_SKU_MISSING,ACTIVE_SOURCE_COMPOSITION_WITHOUT_WOO_PARENT,ACTIVE_SOURCE_COMPOSITION_WITHOUT_WOO_PARENT,NO,YES,LOW,Exact 001A.0 evidence retained; no fuzzy identity.,UD-005,PENDING_BUSINESS_REVIEW_MAESTRO_COMPOSITION,YES,PENDING_BUSINESS_REVIEW,PENDING,,,,
MAESTRO,364,,,0201001|0201001|1244001|1244001,,1244001,2,EXACT,"{""source"":""MAESTRO_GESTIÓN.xlsx:RENTABILIDAD_COSTOS"",""source_row"":364,""parent_code"":""0201001"",""component_slot"":""ART2"",""component_code"":""1244001"",""quantity"":""2"",""quantity_status"":""EXACT"",""is_combination_row"":""YES"",""family"":""Sofás Cama"",""model"":""TatamiSofa Con Futon Color"",""finish"":""-"",""measure"":""80x200x5,5"",""composition_label"":""2 Futones Color + 2 tatamis"",""product_name"":""2 Futones Color + 2 tatamis"",""status"":""ACTIVO"",""legacy_magento_id"":""0201001"",""legacy_ean"":"""",""combination_sku_exact"":""0201001|0201001|1244001|1244001"",""combination_key_status"":""EXACT""}",EXACT_SKU,1244001,BLOCKED,SUPPORTING_SOURCE,,,0201001|0201001|1244001|1244001,,1244001,NO,NO,NO,YES,1,COMBINATION_SKU_MISSING,"{""quantity_status"":""EXACT"",""physical_match_method"":""EXACT_SKU"",""parent_match_method"":""MISSING_WOO_SKU""}","Evidence row; correlate by combination_sku, component_sku and quantity.",MISSING_WOO_SKU,BLOCKED,BLOCKED,COMBINATION_SKU_MISSING,ACTIVE_SOURCE_COMPOSITION_WITHOUT_WOO_PARENT,ACTIVE_SOURCE_COMPOSITION_WITHOUT_WOO_PARENT,NO,YES,LOW,Exact 001A.0 evidence retained; no fuzzy identity.,UD-005,PENDING_BUSINESS_REVIEW_MAESTRO_COMPOSITION,YES,PENDING_BUSINESS_REVIEW,PENDING,,,,
MAESTRO,365,,,0201001|0201001|1245001,,0201001,2,EXACT,"{""source"":""MAESTRO_GESTIÓN.xlsx:RENTABILIDAD_COSTOS"",""source_row"":365,""parent_code"":""0201001"",""component_slot"":""ART1"",""component_code"":""0201001"",""quantity"":""2"",""quantity_status"":""EXACT"",""is_combination_row"":""YES"",""family"":""Sofás Cama"",""model"":""TatamiSofa Con Futon Color"",""finish"":""-"",""measure"":""80x200x5,5"",""composition_label"":""2 Futones Color + 2 tatamis"",""product_name"":""2 Futones Color + 2 tatamis"",""status"":""ACTIVO"",""legacy_magento_id"":""0201001"",""legacy_ean"":"""",""combination_sku_exact"":""0201001|0201001|1245001"",""combination_key_status"":""EXACT""}",EXACT_SKU,201001,BLOCKED,SUPPORTING_SOURCE,,,0201001|0201001|1245001,,201001,NO,NO,NO,YES,1,COMBINATION_SKU_MISSING,"{""quantity_status"":""EXACT"",""physical_match_method"":""EXACT_SKU"",""parent_match_method"":""MISSING_WOO_SKU""}","Evidence row; correlate by combination_sku, component_sku and quantity.",MISSING_WOO_SKU,BLOCKED,BLOCKED,COMBINATION_SKU_MISSING,ACTIVE_SOURCE_COMPOSITION_WITHOUT_WOO_PARENT,ACTIVE_SOURCE_COMPOSITION_WITHOUT_WOO_PARENT,NO,YES,LOW,Exact 001A.0 evidence retained; no fuzzy identity.,UD-005,PENDING_BUSINESS_REVIEW_MAESTRO_COMPOSITION,YES,PENDING_BUSINESS_REVIEW,PENDING,,,,
MAESTRO,365,,,0201001|0201001|1245001,,1245001,1,EXACT,"{""source"":""MAESTRO_GESTIÓN.xlsx:RENTABILIDAD_COSTOS"",""source_row"":365,""parent_code"":""0201001"",""component_slot"":""ART2"",""component_code"":""1245001"",""quantity"":""1"",""quantity_status"":""EXACT"",""is_combination_row"":""YES"",""family"":""Sofás Cama"",""model"":""TatamiSofa Con Futon Color"",""finish"":""-"",""measure"":""80x200x5,5"",""composition_label"":""2 Futones Color + 2 tatamis"",""product_name"":""2 Futones Color + 2 tatamis"",""status"":""ACTIVO"",""legacy_magento_id"":""0201001"",""legacy_ean"":"""",""combination_sku_exact"":""0201001|0201001|1245001"",""combination_key_status"":""EXACT""}",EXACT_SKU,1245001,BLOCKED,SUPPORTING_SOURCE,,,0201001|0201001|1245001,,1245001,NO,NO,NO,YES,1,COMBINATION_SKU_MISSING,"{""quantity_status"":""EXACT"",""physical_match_method"":""EXACT_SKU"",""parent_match_method"":""MISSING_WOO_SKU""}","Evidence row; correlate by combination_sku, component_sku and quantity.",MISSING_WOO_SKU,BLOCKED,BLOCKED,COMBINATION_SKU_MISSING,ACTIVE_SOURCE_COMPOSITION_WITHOUT_WOO_PARENT,ACTIVE_SOURCE_COMPOSITION_WITHOUT_WOO_PARENT,NO,YES,LOW,Exact 001A.0 evidence retained; no fuzzy identity.,UD-005,PENDING_BUSINESS_REVIEW_MAESTRO_COMPOSITION,YES,PENDING_BUSINESS_REVIEW,PENDING,,,,
MAESTRO,367,,,0502002|0724003,,0502002,1,EXACT,"{""source"":""MAESTRO_GESTIÓN.xlsx:RENTABILIDAD_COSTOS"",""source_row"":367,""parent_code"":""0502002"",""component_slot"":""ART1"",""component_code"":""0502002"",""quantity"":""1"",""quantity_status"":""EXACT"",""is_combination_row"":""YES"",""family"":""Sofás Cama"",""model"":""Vienna"",""finish"":""Natural"",""measure"":""140x200"",""composition_label"":""Estructura + futonAlg"",""product_name"":""Estructura + futonAlg"",""status"":""ACTIVO"",""legacy_magento_id"":""0502002"",""legacy_ean"":"""",""combination_sku_exact"":""0502002|0724003"",""combination_key_status"":""EXACT""}",EXACT_SKU,502002,BLOCKED,SUPPORTING_SOURCE,,,0502002|0724003,,502002,NO,NO,NO,YES,1,COMBINATION_SKU_MISSING,"{""quantity_status"":""EXACT"",""physical_match_method"":""EXACT_SKU"",""parent_match_method"":""MISSING_WOO_SKU""}","Evidence row; correlate by combination_sku, component_sku and quantity.",MISSING_WOO_SKU,BLOCKED,BLOCKED,COMBINATION_SKU_MISSING,ACTIVE_SOURCE_COMPOSITION_WITHOUT_WOO_PARENT,ACTIVE_SOURCE_COMPOSITION_WITHOUT_WOO_PARENT,NO,YES,LOW,Exact 001A.0 evidence retained; no fuzzy identity.,UD-005,PENDING_BUSINESS_REVIEW_MAESTRO_COMPOSITION,YES,PENDING_BUSINESS_REVIEW,PENDING,,,,
MAESTRO,367,,,0502002|0724003,,0724003,1,EXACT,"{""source"":""MAESTRO_GESTIÓN.xlsx:RENTABILIDAD_COSTOS"",""source_row"":367,""parent_code"":""0502002"",""component_slot"":""ART2"",""component_code"":""0724003"",""quantity"":""1"",""quantity_status"":""EXACT"",""is_combination_row"":""YES"",""family"":""Sofás Cama"",""model"":""Vienna"",""finish"":""Natural"",""measure"":""140x200"",""composition_label"":""Estructura + futonAlg"",""product_name"":""Estructura + futonAlg"",""status"":""ACTIVO"",""legacy_magento_id"":""0502002"",""legacy_ean"":"""",""combination_sku_exact"":""0502002|0724003"",""combination_key_status"":""EXACT""}",EXACT_SKU,724003,BLOCKED,SUPPORTING_SOURCE,,,0502002|0724003,,724003,NO,NO,NO,YES,1,COMBINATION_SKU_MISSING,"{""quantity_status"":""EXACT"",""physical_match_method"":""EXACT_SKU"",""parent_match_method"":""MISSING_WOO_SKU""}","Evidence row; correlate by combination_sku, component_sku and quantity.",MISSING_WOO_SKU,BLOCKED,BLOCKED,COMBINATION_SKU_MISSING,ACTIVE_SOURCE_COMPOSITION_WITHOUT_WOO_PARENT,ACTIVE_SOURCE_COMPOSITION_WITHOUT_WOO_PARENT,NO,YES,LOW,Exact 001A.0 evidence retained; no fuzzy identity.,UD-005,PENDING_BUSINESS_REVIEW_MAESTRO_COMPOSITION,YES,PENDING_BUSINESS_REVIEW,PENDING,,,,
MAESTRO,368,,,0502002|0724003|0608002,,0502002,1,EXACT,"{""source"":""MAESTRO_GESTIÓN.xlsx:RENTABILIDAD_COSTOS"",""source_row"":368,""parent_code"":""0502002"",""component_slot"":""ART1"",""component_code"":""0502002"",""quantity"":""1"",""quantity_status"":""EXACT"",""is_combination_row"":""YES"",""family"":""Sofás Cama"",""model"":""Vienna"",""finish"":""Natural"",""measure"":""140x200"",""composition_label"":""Estructura + futonAlg + funda_lisa"",""product_name"":""Estructura + futonAlg + funda_lisa"",""status"":""ACTIVO"",""legacy_magento_id"":""0502002"",""legacy_ean"":"""",""combination_sku_exact"":""0502002|0724003|0608002"",""combination_key_status"":""EXACT""}",EXACT_SKU,502002,BLOCKED,SUPPORTING_SOURCE,,,0502002|0724003|0608002,,502002,NO,NO,NO,YES,1,COMBINATION_SKU_MISSING,"{""quantity_status"":""EXACT"",""physical_match_method"":""EXACT_SKU"",""parent_match_method"":""MISSING_WOO_SKU""}","Evidence row; correlate by combination_sku, component_sku and quantity.",MISSING_WOO_SKU,BLOCKED,BLOCKED,COMBINATION_SKU_MISSING,ACTIVE_SOURCE_COMPOSITION_WITHOUT_WOO_PARENT,ACTIVE_SOURCE_COMPOSITION_WITHOUT_WOO_PARENT,NO,YES,LOW,Exact 001A.0 evidence retained; no fuzzy identity.,UD-005,PENDING_BUSINESS_REVIEW_MAESTRO_COMPOSITION,YES,PENDING_BUSINESS_REVIEW,PENDING,,,,
MAESTRO,368,,,0502002|0724003|0608002,,0608002,1,EXACT,"{""source"":""MAESTRO_GESTIÓN.xlsx:RENTABILIDAD_COSTOS"",""source_row"":368,""parent_code"":""0502002"",""component_slot"":""ART4"",""component_code"":""0608002"",""quantity"":""1"",""quantity_status"":""EXACT"",""is_combination_row"":""YES"",""family"":""Sofás Cama"",""model"":""Vienna"",""finish"":""Natural"",""measure"":""140x200"",""composition_label"":""Estructura + futonAlg + funda_lisa"",""product_name"":""Estructura + futonAlg + funda_lisa"",""status"":""ACTIVO"",""legacy_magento_id"":""0502002"",""legacy_ean"":"""",""combination_sku_exact"":""0502002|0724003|0608002"",""combination_key_status"":""EXACT""}",EXACT_SKU,608002,BLOCKED,SUPPORTING_SOURCE,,,0502002|0724003|0608002,,608002,NO,NO,NO,YES,1,COMBINATION_SKU_MISSING,"{""quantity_status"":""EXACT"",""physical_match_method"":""EXACT_SKU"",""parent_match_method"":""MISSING_WOO_SKU""}","Evidence row; correlate by combination_sku, component_sku and quantity.",MISSING_WOO_SKU,BLOCKED,BLOCKED,COMBINATION_SKU_MISSING,ACTIVE_SOURCE_COMPOSITION_WITHOUT_WOO_PARENT,ACTIVE_SOURCE_COMPOSITION_WITHOUT_WOO_PARENT,NO,YES,LOW,Exact 001A.0 evidence retained; no fuzzy identity.,UD-005,PENDING_BUSINESS_REVIEW_MAESTRO_COMPOSITION,YES,PENDING_BUSINESS_REVIEW,PENDING,,,,
MAESTRO,368,,,0502002|0724003|0608002,,0724003,1,EXACT,"{""source"":""MAESTRO_GESTIÓN.xlsx:RENTABILIDAD_COSTOS"",""source_row"":368,""parent_code"":""0502002"",""component_slot"":""ART2"",""component_code"":""0724003"",""quantity"":""1"",""quantity_status"":""EXACT"",""is_combination_row"":""YES"",""family"":""Sofás Cama"",""model"":""Vienna"",""finish"":""Natural"",""measure"":""140x200"",""composition_label"":""Estructura + futonAlg + funda_lisa"",""product_name"":""Estructura + futonAlg + funda_lisa"",""status"":""ACTIVO"",""legacy_magento_id"":""0502002"",""legacy_ean"":"""",""combination_sku_exact"":""0502002|0724003|0608002"",""combination_key_status"":""EXACT""}",EXACT_SKU,724003,BLOCKED,SUPPORTING_SOURCE,,,0502002|0724003|0608002,,724003,NO,NO,NO,YES,1,COMBINATION_SKU_MISSING,"{""quantity_status"":""EXACT"",""physical_match_method"":""EXACT_SKU"",""parent_match_method"":""MISSING_WOO_SKU""}","Evidence row; correlate by combination_sku, component_sku and quantity.",MISSING_WOO_SKU,BLOCKED,BLOCKED,COMBINATION_SKU_MISSING,ACTIVE_SOURCE_COMPOSITION_WITHOUT_WOO_PARENT,ACTIVE_SOURCE_COMPOSITION_WITHOUT_WOO_PARENT,NO,YES,LOW,Exact 001A.0 evidence retained; no fuzzy identity.,UD-005,PENDING_BUSINESS_REVIEW_MAESTRO_COMPOSITION,YES,PENDING_BUSINESS_REVIEW,PENDING,,,,
MAESTRO,369,,,0502002|0724003|0617002,,0502002,1,EXACT,"{""source"":""MAESTRO_GESTIÓN.xlsx:RENTABILIDAD_COSTOS"",""source_row"":369,""parent_code"":""0502002"",""component_slot"":""ART1"",""component_code"":""0502002"",""quantity"":""1"",""quantity_status"":""EXACT"",""is_combination_row"":""YES"",""family"":""Sofás Cama"",""model"":""Vienna"",""finish"":""Natural"",""measure"":""140x200"",""composition_label"":""Estructura + futonAlg + funda_GrisJaspeada"",""product_name"":""Estructura + futonAlg + funda_GrisJaspeada"",""status"":""ACTIVO"",""legacy_magento_id"":""0502002"",""legacy_ean"":"""",""combination_sku_exact"":""0502002|0724003|0617002"",""combination_key_status"":""EXACT""}",EXACT_SKU,502002,BLOCKED,SUPPORTING_SOURCE,,,0502002|0724003|0617002,,502002,NO,NO,NO,YES,1,COMBINATION_SKU_MISSING,"{""quantity_status"":""EXACT"",""physical_match_method"":""EXACT_SKU"",""parent_match_method"":""MISSING_WOO_SKU""}","Evidence row; correlate by combination_sku, component_sku and quantity.",MISSING_WOO_SKU,BLOCKED,BLOCKED,COMBINATION_SKU_MISSING,ACTIVE_SOURCE_COMPOSITION_WITHOUT_WOO_PARENT,ACTIVE_SOURCE_COMPOSITION_WITHOUT_WOO_PARENT,NO,YES,LOW,Exact 001A.0 evidence retained; no fuzzy identity.,UD-005,PENDING_BUSINESS_REVIEW_MAESTRO_COMPOSITION,YES,PENDING_BUSINESS_REVIEW,PENDING,,,,
MAESTRO,369,,,0502002|0724003|0617002,,0617002,1,EXACT,"{""source"":""MAESTRO_GESTIÓN.xlsx:RENTABILIDAD_COSTOS"",""source_row"":369,""parent_code"":""0502002"",""component_slot"":""ART4"",""component_code"":""0617002"",""quantity"":""1"",""quantity_status"":""EXACT"",""is_combination_row"":""YES"",""family"":""Sofás Cama"",""model"":""Vienna"",""finish"":""Natural"",""measure"":""140x200"",""composition_label"":""Estructura + futonAlg + funda_GrisJaspeada"",""product_name"":""Estructura + futonAlg + funda_GrisJaspeada"",""status"":""ACTIVO"",""legacy_magento_id"":""0502002"",""legacy_ean"":"""",""combination_sku_exact"":""0502002|0724003|0617002"",""combination_key_status"":""EXACT""}",EXACT_SKU,617002,BLOCKED,SUPPORTING_SOURCE,,,0502002|0724003|0617002,,617002,NO,NO,NO,YES,1,COMBINATION_SKU_MISSING,"{""quantity_status"":""EXACT"",""physical_match_method"":""EXACT_SKU"",""parent_match_method"":""MISSING_WOO_SKU""}","Evidence row; correlate by combination_sku, component_sku and quantity.",MISSING_WOO_SKU,BLOCKED,BLOCKED,COMBINATION_SKU_MISSING,ACTIVE_SOURCE_COMPOSITION_WITHOUT_WOO_PARENT,ACTIVE_SOURCE_COMPOSITION_WITHOUT_WOO_PARENT,NO,YES,LOW,Exact 001A.0 evidence retained; no fuzzy identity.,UD-005,PENDING_BUSINESS_REVIEW_MAESTRO_COMPOSITION,YES,PENDING_BUSINESS_REVIEW,PENDING,,,,
MAESTRO,369,,,0502002|0724003|0617002,,0724003,1,EXACT,"{""source"":""MAESTRO_GESTIÓN.xlsx:RENTABILIDAD_COSTOS"",""source_row"":369,""parent_code"":""0502002"",""component_slot"":""ART2"",""component_code"":""0724003"",""quantity"":""1"",""quantity_status"":""EXACT"",""is_combination_row"":""YES"",""family"":""Sofás Cama"",""model"":""Vienna"",""finish"":""Natural"",""measure"":""140x200"",""composition_label"":""Estructura + futonAlg + funda_GrisJaspeada"",""product_name"":""Estructura + futonAlg + funda_GrisJaspeada"",""status"":""ACTIVO"",""legacy_magento_id"":""0502002"",""legacy_ean"":"""",""combination_sku_exact"":""0502002|0724003|0617002"",""combination_key_status"":""EXACT""}",EXACT_SKU,724003,BLOCKED,SUPPORTING_SOURCE,,,0502002|0724003|0617002,,724003,NO,NO,NO,YES,1,COMBINATION_SKU_MISSING,"{""quantity_status"":""EXACT"",""physical_match_method"":""EXACT_SKU"",""parent_match_method"":""MISSING_WOO_SKU""}","Evidence row; correlate by combination_sku, component_sku and quantity.",MISSING_WOO_SKU,BLOCKED,BLOCKED,COMBINATION_SKU_MISSING,ACTIVE_SOURCE_COMPOSITION_WITHOUT_WOO_PARENT,ACTIVE_SOURCE_COMPOSITION_WITHOUT_WOO_PARENT,NO,YES,LOW,Exact 001A.0 evidence retained; no fuzzy identity.,UD-005,PENDING_BUSINESS_REVIEW_MAESTRO_COMPOSITION,YES,PENDING_BUSINESS_REVIEW,PENDING,,,,
MAESTRO,370,,,0502002|0728002,,0502002,1,EXACT,"{""source"":""MAESTRO_GESTIÓN.xlsx:RENTABILIDAD_COSTOS"",""source_row"":370,""parent_code"":""0502002"",""component_slot"":""ART1"",""component_code"":""0502002"",""quantity"":""1"",""quantity_status"":""EXACT"",""is_combination_row"":""YES"",""family"":""Sofás Cama"",""model"":""Vienna"",""finish"":""Natural"",""measure"":""140x200"",""composition_label"":""Estructura + futon 1 látex"",""product_name"":""Estructura + futon 1 látex"",""status"":""ACTIVO"",""legacy_magento_id"":""0502002"",""legacy_ean"":"""",""combination_sku_exact"":""0502002|0728002"",""combination_key_status"":""EXACT""}",EXACT_SKU,502002,BLOCKED,SUPPORTING_SOURCE,,,0502002|0728002,,502002,NO,NO,NO,YES,1,COMBINATION_SKU_MISSING,"{""quantity_status"":""EXACT"",""physical_match_method"":""EXACT_SKU"",""parent_match_method"":""MISSING_WOO_SKU""}","Evidence row; correlate by combination_sku, component_sku and quantity.",MISSING_WOO_SKU,BLOCKED,BLOCKED,COMBINATION_SKU_MISSING,ACTIVE_SOURCE_COMPOSITION_WITHOUT_WOO_PARENT,ACTIVE_SOURCE_COMPOSITION_WITHOUT_WOO_PARENT,NO,YES,LOW,Exact 001A.0 evidence retained; no fuzzy identity.,UD-005,PENDING_BUSINESS_REVIEW_MAESTRO_COMPOSITION,YES,PENDING_BUSINESS_REVIEW,PENDING,,,,
MAESTRO,370,,,0502002|0728002,,0728002,1,EXACT,"{""source"":""MAESTRO_GESTIÓN.xlsx:RENTABILIDAD_COSTOS"",""source_row"":370,""parent_code"":""0502002"",""component_slot"":""ART2"",""component_code"":""0728002"",""quantity"":""1"",""quantity_status"":""EXACT"",""is_combination_row"":""YES"",""family"":""Sofás Cama"",""model"":""Vienna"",""finish"":""Natural"",""measure"":""140x200"",""composition_label"":""Estructura + futon 1 látex"",""product_name"":""Estructura + futon 1 látex"",""status"":""ACTIVO"",""legacy_magento_id"":""0502002"",""legacy_ean"":"""",""combination_sku_exact"":""0502002|0728002"",""combination_key_status"":""EXACT""}",EXACT_SKU,728002,BLOCKED,SUPPORTING_SOURCE,,,0502002|0728002,,728002,NO,NO,NO,YES,1,COMBINATION_SKU_MISSING,"{""quantity_status"":""EXACT"",""physical_match_method"":""EXACT_SKU"",""parent_match_method"":""MISSING_WOO_SKU""}","Evidence row; correlate by combination_sku, component_sku and quantity.",MISSING_WOO_SKU,BLOCKED,BLOCKED,COMBINATION_SKU_MISSING,ACTIVE_SOURCE_COMPOSITION_WITHOUT_WOO_PARENT,ACTIVE_SOURCE_COMPOSITION_WITHOUT_WOO_PARENT,NO,YES,LOW,Exact 001A.0 evidence retained; no fuzzy identity.,UD-005,PENDING_BUSINESS_REVIEW_MAESTRO_COMPOSITION,YES,PENDING_BUSINESS_REVIEW,PENDING,,,,
MAESTRO,371,,,0502002|0728002|0608002,,0502002,1,EXACT,"{""source"":""MAESTRO_GESTIÓN.xlsx:RENTABILIDAD_COSTOS"",""source_row"":371,""parent_code"":""0502002"",""component_slot"":""ART1"",""component_code"":""0502002"",""quantity"":""1"",""quantity_status"":""EXACT"",""is_combination_row"":""YES"",""family"":""Sofás Cama"",""model"":""Vienna"",""finish"":""Natural"",""measure"":""140x200"",""composition_label"":""Estructura + futon 1 látex + funda_lisa"",""product_name"":""Estructura + futon 1 látex + funda_lisa"",""status"":""ACTIVO"",""legacy_magento_id"":""0502002"",""legacy_ean"":"""",""combination_sku_exact"":""0502002|0728002|0608002"",""combination_key_status"":""EXACT""}",EXACT_SKU,502002,BLOCKED,SUPPORTING_SOURCE,,,0502002|0728002|0608002,,502002,NO,NO,NO,YES,1,COMBINATION_SKU_MISSING,"{""quantity_status"":""EXACT"",""physical_match_method"":""EXACT_SKU"",""parent_match_method"":""MISSING_WOO_SKU""}","Evidence row; correlate by combination_sku, component_sku and quantity.",MISSING_WOO_SKU,BLOCKED,BLOCKED,COMBINATION_SKU_MISSING,ACTIVE_SOURCE_COMPOSITION_WITHOUT_WOO_PARENT,ACTIVE_SOURCE_COMPOSITION_WITHOUT_WOO_PARENT,NO,YES,LOW,Exact 001A.0 evidence retained; no fuzzy identity.,UD-005,PENDING_BUSINESS_REVIEW_MAESTRO_COMPOSITION,YES,PENDING_BUSINESS_REVIEW,PENDING,,,,
MAESTRO,371,,,0502002|0728002|0608002,,0608002,1,EXACT,"{""source"":""MAESTRO_GESTIÓN.xlsx:RENTABILIDAD_COSTOS"",""source_row"":371,""parent_code"":""0502002"",""component_slot"":""ART4"",""component_code"":""0608002"",""quantity"":""1"",""quantity_status"":""EXACT"",""is_combination_row"":""YES"",""family"":""Sofás Cama"",""model"":""Vienna"",""finish"":""Natural"",""measure"":""140x200"",""composition_label"":""Estructura + futon 1 látex + funda_lisa"",""product_name"":""Estructura + futon 1 látex + funda_lisa"",""status"":""ACTIVO"",""legacy_magento_id"":""0502002"",""legacy_ean"":"""",""combination_sku_exact"":""0502002|0728002|0608002"",""combination_key_status"":""EXACT""}",EXACT_SKU,608002,BLOCKED,SUPPORTING_SOURCE,,,0502002|0728002|0608002,,608002,NO,NO,NO,YES,1,COMBINATION_SKU_MISSING,"{""quantity_status"":""EXACT"",""physical_match_method"":""EXACT_SKU"",""parent_match_method"":""MISSING_WOO_SKU""}","Evidence row; correlate by combination_sku, component_sku and quantity.",MISSING_WOO_SKU,BLOCKED,BLOCKED,COMBINATION_SKU_MISSING,ACTIVE_SOURCE_COMPOSITION_WITHOUT_WOO_PARENT,ACTIVE_SOURCE_COMPOSITION_WITHOUT_WOO_PARENT,NO,YES,LOW,Exact 001A.0 evidence retained; no fuzzy identity.,UD-005,PENDING_BUSINESS_REVIEW_MAESTRO_COMPOSITION,YES,PENDING_BUSINESS_REVIEW,PENDING,,,,
MAESTRO,371,,,0502002|0728002|0608002,,0728002,1,EXACT,"{""source"":""MAESTRO_GESTIÓN.xlsx:RENTABILIDAD_COSTOS"",""source_row"":371,""parent_code"":""0502002"",""component_slot"":""ART2"",""component_code"":""0728002"",""quantity"":""1"",""quantity_status"":""EXACT"",""is_combination_row"":""YES"",""family"":""Sofás Cama"",""model"":""Vienna"",""finish"":""Natural"",""measure"":""140x200"",""composition_label"":""Estructura + futon 1 látex + funda_lisa"",""product_name"":""Estructura + futon 1 látex + funda_lisa"",""status"":""ACTIVO"",""legacy_magento_id"":""0502002"",""legacy_ean"":"""",""combination_sku_exact"":""0502002|0728002|0608002"",""combination_key_status"":""EXACT""}",EXACT_SKU,728002,BLOCKED,SUPPORTING_SOURCE,,,0502002|0728002|0608002,,728002,NO,NO,NO,YES,1,COMBINATION_SKU_MISSING,"{""quantity_status"":""EXACT"",""physical_match_method"":""EXACT_SKU"",""parent_match_method"":""MISSING_WOO_SKU""}","Evidence row; correlate by combination_sku, component_sku and quantity.",MISSING_WOO_SKU,BLOCKED,BLOCKED,COMBINATION_SKU_MISSING,ACTIVE_SOURCE_COMPOSITION_WITHOUT_WOO_PARENT,ACTIVE_SOURCE_COMPOSITION_WITHOUT_WOO_PARENT,NO,YES,LOW,Exact 001A.0 evidence retained; no fuzzy identity.,UD-005,PENDING_BUSINESS_REVIEW_MAESTRO_COMPOSITION,YES,PENDING_BUSINESS_REVIEW,PENDING,,,,
MAESTRO,372,,,0502002|0728002|0617002,,0502002,1,EXACT,"{""source"":""MAESTRO_GESTIÓN.xlsx:RENTABILIDAD_COSTOS"",""source_row"":372,""parent_code"":""0502002"",""component_slot"":""ART1"",""component_code"":""0502002"",""quantity"":""1"",""quantity_status"":""EXACT"",""is_combination_row"":""YES"",""family"":""Sofás Cama"",""model"":""Vienna"",""finish"":""Natural"",""measure"":""140x200"",""composition_label"":""Estructura + futon 1 látex + funda_GrisJaspeada"",""product_name"":""Estructura + futon 1 látex + funda GrisJaspeada"",""status"":""ACTIVO"",""legacy_magento_id"":""0502002"",""legacy_ean"":"""",""combination_sku_exact"":""0502002|0728002|0617002"",""combination_key_status"":""EXACT""}",EXACT_SKU,502002,BLOCKED,SUPPORTING_SOURCE,,,0502002|0728002|0617002,,502002,NO,NO,NO,YES,1,COMBINATION_SKU_MISSING,"{""quantity_status"":""EXACT"",""physical_match_method"":""EXACT_SKU"",""parent_match_method"":""MISSING_WOO_SKU""}","Evidence row; correlate by combination_sku, component_sku and quantity.",MISSING_WOO_SKU,BLOCKED,BLOCKED,COMBINATION_SKU_MISSING,ACTIVE_SOURCE_COMPOSITION_WITHOUT_WOO_PARENT,ACTIVE_SOURCE_COMPOSITION_WITHOUT_WOO_PARENT,NO,YES,LOW,Exact 001A.0 evidence retained; no fuzzy identity.,UD-005,PENDING_BUSINESS_REVIEW_MAESTRO_COMPOSITION,YES,PENDING_BUSINESS_REVIEW,PENDING,,,,
MAESTRO,372,,,0502002|0728002|0617002,,0617002,1,EXACT,"{""source"":""MAESTRO_GESTIÓN.xlsx:RENTABILIDAD_COSTOS"",""source_row"":372,""parent_code"":""0502002"",""component_slot"":""ART4"",""component_code"":""0617002"",""quantity"":""1"",""quantity_status"":""EXACT"",""is_combination_row"":""YES"",""family"":""Sofás Cama"",""model"":""Vienna"",""finish"":""Natural"",""measure"":""140x200"",""composition_label"":""Estructura + futon 1 látex + funda_GrisJaspeada"",""product_name"":""Estructura + futon 1 látex + funda GrisJaspeada"",""status"":""ACTIVO"",""legacy_magento_id"":""0502002"",""legacy_ean"":"""",""combination_sku_exact"":""0502002|0728002|0617002"",""combination_key_status"":""EXACT""}",EXACT_SKU,617002,BLOCKED,SUPPORTING_SOURCE,,,0502002|0728002|0617002,,617002,NO,NO,NO,YES,1,COMBINATION_SKU_MISSING,"{""quantity_status"":""EXACT"",""physical_match_method"":""EXACT_SKU"",""parent_match_method"":""MISSING_WOO_SKU""}","Evidence row; correlate by combination_sku, component_sku and quantity.",MISSING_WOO_SKU,BLOCKED,BLOCKED,COMBINATION_SKU_MISSING,ACTIVE_SOURCE_COMPOSITION_WITHOUT_WOO_PARENT,ACTIVE_SOURCE_COMPOSITION_WITHOUT_WOO_PARENT,NO,YES,LOW,Exact 001A.0 evidence retained; no fuzzy identity.,UD-005,PENDING_BUSINESS_REVIEW_MAESTRO_COMPOSITION,YES,PENDING_BUSINESS_REVIEW,PENDING,,,,
MAESTRO,372,,,0502002|0728002|0617002,,0728002,1,EXACT,"{""source"":""MAESTRO_GESTIÓN.xlsx:RENTABILIDAD_COSTOS"",""source_row"":372,""parent_code"":""0502002"",""component_slot"":""ART2"",""component_code"":""0728002"",""quantity"":""1"",""quantity_status"":""EXACT"",""is_combination_row"":""YES"",""family"":""Sofás Cama"",""model"":""Vienna"",""finish"":""Natural"",""measure"":""140x200"",""composition_label"":""Estructura + futon 1 látex + funda_GrisJaspeada"",""product_name"":""Estructura + futon 1 látex + funda GrisJaspeada"",""status"":""ACTIVO"",""legacy_magento_id"":""0502002"",""legacy_ean"":"""",""combination_sku_exact"":""0502002|0728002|0617002"",""combination_key_status"":""EXACT""}",EXACT_SKU,728002,BLOCKED,SUPPORTING_SOURCE,,,0502002|0728002|0617002,,728002,NO,NO,NO,YES,1,COMBINATION_SKU_MISSING,"{""quantity_status"":""EXACT"",""physical_match_method"":""EXACT_SKU"",""parent_match_method"":""MISSING_WOO_SKU""}","Evidence row; correlate by combination_sku, component_sku and quantity.",MISSING_WOO_SKU,BLOCKED,BLOCKED,COMBINATION_SKU_MISSING,ACTIVE_SOURCE_COMPOSITION_WITHOUT_WOO_PARENT,ACTIVE_SOURCE_COMPOSITION_WITHOUT_WOO_PARENT,NO,YES,LOW,Exact 001A.0 evidence retained; no fuzzy identity.,UD-005,PENDING_BUSINESS_REVIEW_MAESTRO_COMPOSITION,YES,PENDING_BUSINESS_REVIEW,PENDING,,,,
MAESTRO,373,,,0502002|0730002,,0502002,1,EXACT,"{""source"":""MAESTRO_GESTIÓN.xlsx:RENTABILIDAD_COSTOS"",""source_row"":373,""parent_code"":""0502002"",""component_slot"":""ART1"",""component_code"":""0502002"",""quantity"":""1"",""quantity_status"":""EXACT"",""is_combination_row"":""YES"",""family"":""Sofás Cama"",""model"":""Vienna"",""finish"":""Natural"",""measure"":""140x200"",""composition_label"":""Estructura + futon 2 látex"",""product_name"":""Estructura + futon 2 látex"",""status"":""ACTIVO"",""legacy_magento_id"":""0502002"",""legacy_ean"":"""",""combination_sku_exact"":""0502002|0730002"",""combination_key_status"":""EXACT""}",EXACT_SKU,502002,BLOCKED,SUPPORTING_SOURCE,,,0502002|0730002,,502002,NO,NO,NO,YES,1,COMBINATION_SKU_MISSING,"{""quantity_status"":""EXACT"",""physical_match_method"":""EXACT_SKU"",""parent_match_method"":""MISSING_WOO_SKU""}","Evidence row; correlate by combination_sku, component_sku and quantity.",MISSING_WOO_SKU,BLOCKED,BLOCKED,COMBINATION_SKU_MISSING,ACTIVE_SOURCE_COMPOSITION_WITHOUT_WOO_PARENT,ACTIVE_SOURCE_COMPOSITION_WITHOUT_WOO_PARENT,NO,YES,LOW,Exact 001A.0 evidence retained; no fuzzy identity.,UD-005,PENDING_BUSINESS_REVIEW_MAESTRO_COMPOSITION,YES,PENDING_BUSINESS_REVIEW,PENDING,,,,
MAESTRO,373,,,0502002|0730002,,0730002,1,EXACT,"{""source"":""MAESTRO_GESTIÓN.xlsx:RENTABILIDAD_COSTOS"",""source_row"":373,""parent_code"":""0502002"",""component_slot"":""ART2"",""component_code"":""0730002"",""quantity"":""1"",""quantity_status"":""EXACT"",""is_combination_row"":""YES"",""family"":""Sofás Cama"",""model"":""Vienna"",""finish"":""Natural"",""measure"":""140x200"",""composition_label"":""Estructura + futon 2 látex"",""product_name"":""Estructura + futon 2 látex"",""status"":""ACTIVO"",""legacy_magento_id"":""0502002"",""legacy_ean"":"""",""combination_sku_exact"":""0502002|0730002"",""combination_key_status"":""EXACT""}",EXACT_SKU,730002,BLOCKED,SUPPORTING_SOURCE,,,0502002|0730002,,730002,NO,NO,NO,YES,1,COMBINATION_SKU_MISSING,"{""quantity_status"":""EXACT"",""physical_match_method"":""EXACT_SKU"",""parent_match_method"":""MISSING_WOO_SKU""}","Evidence row; correlate by combination_sku, component_sku and quantity.",MISSING_WOO_SKU,BLOCKED,BLOCKED,COMBINATION_SKU_MISSING,ACTIVE_SOURCE_COMPOSITION_WITHOUT_WOO_PARENT,ACTIVE_SOURCE_COMPOSITION_WITHOUT_WOO_PARENT,NO,YES,LOW,Exact 001A.0 evidence retained; no fuzzy identity.,UD-005,PENDING_BUSINESS_REVIEW_MAESTRO_COMPOSITION,YES,PENDING_BUSINESS_REVIEW,PENDING,,,,
MAESTRO,374,,,0502002|0730002|0608002,,0502002,1,EXACT,"{""source"":""MAESTRO_GESTIÓN.xlsx:RENTABILIDAD_COSTOS"",""source_row"":374,""parent_code"":""0502002"",""component_slot"":""ART1"",""component_code"":""0502002"",""quantity"":""1"",""quantity_status"":""EXACT"",""is_combination_row"":""YES"",""family"":""Sofás Cama"",""model"":""Vienna"",""finish"":""Natural"",""measure"":""140x200"",""composition_label"":""Estructura + futon 2 látex + funda_lisa"",""product_name"":""Estructura + futon 2 látex + funda_lisa"",""status"":""ACTIVO"",""legacy_magento_id"":""0502002"",""legacy_ean"":"""",""combination_sku_exact"":""0502002|0730002|0608002"",""combination_key_status"":""EXACT""}",EXACT_SKU,502002,BLOCKED,SUPPORTING_SOURCE,,,0502002|0730002|0608002,,502002,NO,NO,NO,YES,1,COMBINATION_SKU_MISSING,"{""quantity_status"":""EXACT"",""physical_match_method"":""EXACT_SKU"",""parent_match_method"":""MISSING_WOO_SKU""}","Evidence row; correlate by combination_sku, component_sku and quantity.",MISSING_WOO_SKU,BLOCKED,BLOCKED,COMBINATION_SKU_MISSING,ACTIVE_SOURCE_COMPOSITION_WITHOUT_WOO_PARENT,ACTIVE_SOURCE_COMPOSITION_WITHOUT_WOO_PARENT,NO,YES,LOW,Exact 001A.0 evidence retained; no fuzzy identity.,UD-005,PENDING_BUSINESS_REVIEW_MAESTRO_COMPOSITION,YES,PENDING_BUSINESS_REVIEW,PENDING,,,,
MAESTRO,374,,,0502002|0730002|0608002,,0608002,1,EXACT,"{""source"":""MAESTRO_GESTIÓN.xlsx:RENTABILIDAD_COSTOS"",""source_row"":374,""parent_code"":""0502002"",""component_slot"":""ART4"",""component_code"":""0608002"",""quantity"":""1"",""quantity_status"":""EXACT"",""is_combination_row"":""YES"",""family"":""Sofás Cama"",""model"":""Vienna"",""finish"":""Natural"",""measure"":""140x200"",""composition_label"":""Estructura + futon 2 látex + funda_lisa"",""product_name"":""Estructura + futon 2 látex + funda_lisa"",""status"":""ACTIVO"",""legacy_magento_id"":""0502002"",""legacy_ean"":"""",""combination_sku_exact"":""0502002|0730002|0608002"",""combination_key_status"":""EXACT""}",EXACT_SKU,608002,BLOCKED,SUPPORTING_SOURCE,,,0502002|0730002|0608002,,608002,NO,NO,NO,YES,1,COMBINATION_SKU_MISSING,"{""quantity_status"":""EXACT"",""physical_match_method"":""EXACT_SKU"",""parent_match_method"":""MISSING_WOO_SKU""}","Evidence row; correlate by combination_sku, component_sku and quantity.",MISSING_WOO_SKU,BLOCKED,BLOCKED,COMBINATION_SKU_MISSING,ACTIVE_SOURCE_COMPOSITION_WITHOUT_WOO_PARENT,ACTIVE_SOURCE_COMPOSITION_WITHOUT_WOO_PARENT,NO,YES,LOW,Exact 001A.0 evidence retained; no fuzzy identity.,UD-005,PENDING_BUSINESS_REVIEW_MAESTRO_COMPOSITION,YES,PENDING_BUSINESS_REVIEW,PENDING,,,,
MAESTRO,374,,,0502002|0730002|0608002,,0730002,1,EXACT,"{""source"":""MAESTRO_GESTIÓN.xlsx:RENTABILIDAD_COSTOS"",""source_row"":374,""parent_code"":""0502002"",""component_slot"":""ART2"",""component_code"":""0730002"",""quantity"":""1"",""quantity_status"":""EXACT"",""is_combination_row"":""YES"",""family"":""Sofás Cama"",""model"":""Vienna"",""finish"":""Natural"",""measure"":""140x200"",""composition_label"":""Estructura + futon 2 látex + funda_lisa"",""product_name"":""Estructura + futon 2 látex + funda_lisa"",""status"":""ACTIVO"",""legacy_magento_id"":""0502002"",""legacy_ean"":"""",""combination_sku_exact"":""0502002|0730002|0608002"",""combination_key_status"":""EXACT""}",EXACT_SKU,730002,BLOCKED,SUPPORTING_SOURCE,,,0502002|0730002|0608002,,730002,NO,NO,NO,YES,1,COMBINATION_SKU_MISSING,"{""quantity_status"":""EXACT"",""physical_match_method"":""EXACT_SKU"",""parent_match_method"":""MISSING_WOO_SKU""}","Evidence row; correlate by combination_sku, component_sku and quantity.",MISSING_WOO_SKU,BLOCKED,BLOCKED,COMBINATION_SKU_MISSING,ACTIVE_SOURCE_COMPOSITION_WITHOUT_WOO_PARENT,ACTIVE_SOURCE_COMPOSITION_WITHOUT_WOO_PARENT,NO,YES,LOW,Exact 001A.0 evidence retained; no fuzzy identity.,UD-005,PENDING_BUSINESS_REVIEW_MAESTRO_COMPOSITION,YES,PENDING_BUSINESS_REVIEW,PENDING,,,,
MAESTRO,375,,,0502002|0730002|0617002,,0502002,1,EXACT,"{""source"":""MAESTRO_GESTIÓN.xlsx:RENTABILIDAD_COSTOS"",""source_row"":375,""parent_code"":""0502002"",""component_slot"":""ART1"",""component_code"":""0502002"",""quantity"":""1"",""quantity_status"":""EXACT"",""is_combination_row"":""YES"",""family"":""Sofás Cama"",""model"":""Vienna"",""finish"":""Natural"",""measure"":""140x200"",""composition_label"":""Estructura + futon 2 látex + funda_GrisJaspeada"",""product_name"":""Estructura + futon 2 látex + funda_GrisJaspeada"",""status"":""ACTIVO"",""legacy_magento_id"":""0502002"",""legacy_ean"":"""",""combination_sku_exact"":""0502002|0730002|0617002"",""combination_key_status"":""EXACT""}",EXACT_SKU,502002,BLOCKED,SUPPORTING_SOURCE,,,0502002|0730002|0617002,,502002,NO,NO,NO,YES,1,COMBINATION_SKU_MISSING,"{""quantity_status"":""EXACT"",""physical_match_method"":""EXACT_SKU"",""parent_match_method"":""MISSING_WOO_SKU""}","Evidence row; correlate by combination_sku, component_sku and quantity.",MISSING_WOO_SKU,BLOCKED,BLOCKED,COMBINATION_SKU_MISSING,ACTIVE_SOURCE_COMPOSITION_WITHOUT_WOO_PARENT,ACTIVE_SOURCE_COMPOSITION_WITHOUT_WOO_PARENT,NO,YES,LOW,Exact 001A.0 evidence retained; no fuzzy identity.,UD-005,PENDING_BUSINESS_REVIEW_MAESTRO_COMPOSITION,YES,PENDING_BUSINESS_REVIEW,PENDING,,,,
MAESTRO,375,,,0502002|0730002|0617002,,0617002,1,EXACT,"{""source"":""MAESTRO_GESTIÓN.xlsx:RENTABILIDAD_COSTOS"",""source_row"":375,""parent_code"":""0502002"",""component_slot"":""ART4"",""component_code"":""0617002"",""quantity"":""1"",""quantity_status"":""EXACT"",""is_combination_row"":""YES"",""family"":""Sofás Cama"",""model"":""Vienna"",""finish"":""Natural"",""measure"":""140x200"",""composition_label"":""Estructura + futon 2 látex + funda_GrisJaspeada"",""product_name"":""Estructura + futon 2 látex + funda_GrisJaspeada"",""status"":""ACTIVO"",""legacy_magento_id"":""0502002"",""legacy_ean"":"""",""combination_sku_exact"":""0502002|0730002|0617002"",""combination_key_status"":""EXACT""}",EXACT_SKU,617002,BLOCKED,SUPPORTING_SOURCE,,,0502002|0730002|0617002,,617002,NO,NO,NO,YES,1,COMBINATION_SKU_MISSING,"{""quantity_status"":""EXACT"",""physical_match_method"":""EXACT_SKU"",""parent_match_method"":""MISSING_WOO_SKU""}","Evidence row; correlate by combination_sku, component_sku and quantity.",MISSING_WOO_SKU,BLOCKED,BLOCKED,COMBINATION_SKU_MISSING,ACTIVE_SOURCE_COMPOSITION_WITHOUT_WOO_PARENT,ACTIVE_SOURCE_COMPOSITION_WITHOUT_WOO_PARENT,NO,YES,LOW,Exact 001A.0 evidence retained; no fuzzy identity.,UD-005,PENDING_BUSINESS_REVIEW_MAESTRO_COMPOSITION,YES,PENDING_BUSINESS_REVIEW,PENDING,,,,
MAESTRO,375,,,0502002|0730002|0617002,,0730002,1,EXACT,"{""source"":""MAESTRO_GESTIÓN.xlsx:RENTABILIDAD_COSTOS"",""source_row"":375,""parent_code"":""0502002"",""component_slot"":""ART2"",""component_code"":""0730002"",""quantity"":""1"",""quantity_status"":""EXACT"",""is_combination_row"":""YES"",""family"":""Sofás Cama"",""model"":""Vienna"",""finish"":""Natural"",""measure"":""140x200"",""composition_label"":""Estructura + futon 2 látex + funda_GrisJaspeada"",""product_name"":""Estructura + futon 2 látex + funda_GrisJaspeada"",""status"":""ACTIVO"",""legacy_magento_id"":""0502002"",""legacy_ean"":"""",""combination_sku_exact"":""0502002|0730002|0617002"",""combination_key_status"":""EXACT""}",EXACT_SKU,730002,BLOCKED,SUPPORTING_SOURCE,,,0502002|0730002|0617002,,730002,NO,NO,NO,YES,1,COMBINATION_SKU_MISSING,"{""quantity_status"":""EXACT"",""physical_match_method"":""EXACT_SKU"",""parent_match_method"":""MISSING_WOO_SKU""}","Evidence row; correlate by combination_sku, component_sku and quantity.",MISSING_WOO_SKU,BLOCKED,BLOCKED,COMBINATION_SKU_MISSING,ACTIVE_SOURCE_COMPOSITION_WITHOUT_WOO_PARENT,ACTIVE_SOURCE_COMPOSITION_WITHOUT_WOO_PARENT,NO,YES,LOW,Exact 001A.0 evidence retained; no fuzzy identity.,UD-005,PENDING_BUSINESS_REVIEW_MAESTRO_COMPOSITION,YES,PENDING_BUSINESS_REVIEW,PENDING,,,,
MAESTRO,376,,,0502002|1251006,,0502002,1,EXACT,"{""source"":""MAESTRO_GESTIÓN.xlsx:RENTABILIDAD_COSTOS"",""source_row"":376,""parent_code"":""0502002"",""component_slot"":""ART1"",""component_code"":""0502002"",""quantity"":""1"",""quantity_status"":""EXACT"",""is_combination_row"":""YES"",""family"":""Sofás Cama"",""model"":""Vienna"",""finish"":""Natural"",""measure"":""140x200"",""composition_label"":""Estructura + futonColor"",""product_name"":""Estructura + futonColor"",""status"":""ACTIVO"",""legacy_magento_id"":""0502002"",""legacy_ean"":"""",""combination_sku_exact"":""0502002|1251006"",""combination_key_status"":""EXACT""}",EXACT_SKU,502002,BLOCKED,SUPPORTING_SOURCE,,,0502002|1251006,,502002,NO,NO,NO,YES,1,COMBINATION_SKU_MISSING,"{""quantity_status"":""EXACT"",""physical_match_method"":""EXACT_SKU"",""parent_match_method"":""MISSING_WOO_SKU""}","Evidence row; correlate by combination_sku, component_sku and quantity.",MISSING_WOO_SKU,BLOCKED,BLOCKED,COMBINATION_SKU_MISSING,ACTIVE_SOURCE_COMPOSITION_WITHOUT_WOO_PARENT,ACTIVE_SOURCE_COMPOSITION_WITHOUT_WOO_PARENT,NO,YES,LOW,Exact 001A.0 evidence retained; no fuzzy identity.,UD-005,PENDING_BUSINESS_REVIEW_MAESTRO_COMPOSITION,YES,PENDING_BUSINESS_REVIEW,PENDING,,,,
MAESTRO,376,,,0502002|1251006,,1251006,1,EXACT,"{""source"":""MAESTRO_GESTIÓN.xlsx:RENTABILIDAD_COSTOS"",""source_row"":376,""parent_code"":""0502002"",""component_slot"":""ART2"",""component_code"":""1251006"",""quantity"":""1"",""quantity_status"":""EXACT"",""is_combination_row"":""YES"",""family"":""Sofás Cama"",""model"":""Vienna"",""finish"":""Natural"",""measure"":""140x200"",""composition_label"":""Estructura + futonColor"",""product_name"":""Estructura + futonColor"",""status"":""ACTIVO"",""legacy_magento_id"":""0502002"",""legacy_ean"":"""",""combination_sku_exact"":""0502002|1251006"",""combination_key_status"":""EXACT""}",EXACT_SKU,1251006,BLOCKED,SUPPORTING_SOURCE,,,0502002|1251006,,1251006,NO,NO,NO,YES,1,COMBINATION_SKU_MISSING,"{""quantity_status"":""EXACT"",""physical_match_method"":""EXACT_SKU"",""parent_match_method"":""MISSING_WOO_SKU""}","Evidence row; correlate by combination_sku, component_sku and quantity.",MISSING_WOO_SKU,BLOCKED,BLOCKED,COMBINATION_SKU_MISSING,ACTIVE_SOURCE_COMPOSITION_WITHOUT_WOO_PARENT,ACTIVE_SOURCE_COMPOSITION_WITHOUT_WOO_PARENT,NO,YES,LOW,Exact 001A.0 evidence retained; no fuzzy identity.,UD-005,PENDING_BUSINESS_REVIEW_MAESTRO_COMPOSITION,YES,PENDING_BUSINESS_REVIEW,PENDING,,,,
MAESTRO,377,,,0502002|1253003|0608002,,0502002,1,EXACT,"{""source"":""MAESTRO_GESTIÓN.xlsx:RENTABILIDAD_COSTOS"",""source_row"":377,""parent_code"":""0502002"",""component_slot"":""ART1"",""component_code"":""0502002"",""quantity"":""1"",""quantity_status"":""EXACT"",""is_combination_row"":""YES"",""family"":""Sofás Cama"",""model"":""Vienna"",""finish"":""Natural"",""measure"":""140x200"",""composition_label"":""Estructura + futonColor + funda_Lisa"",""product_name"":""Estructura + futonColor + funda_Lisa"",""status"":""ACTIVO"",""legacy_magento_id"":""0502002"",""legacy_ean"":"""",""combination_sku_exact"":""0502002|1253003|0608002"",""combination_key_status"":""EXACT""}",EXACT_SKU,502002,BLOCKED,SUPPORTING_SOURCE,,,0502002|1253003|0608002,,502002,NO,NO,NO,YES,1,COMBINATION_SKU_MISSING,"{""quantity_status"":""EXACT"",""physical_match_method"":""EXACT_SKU"",""parent_match_method"":""MISSING_WOO_SKU""}","Evidence row; correlate by combination_sku, component_sku and quantity.",MISSING_WOO_SKU,BLOCKED,BLOCKED,COMBINATION_SKU_MISSING,ACTIVE_SOURCE_COMPOSITION_WITHOUT_WOO_PARENT,ACTIVE_SOURCE_COMPOSITION_WITHOUT_WOO_PARENT,NO,YES,LOW,Exact 001A.0 evidence retained; no fuzzy identity.,UD-005,PENDING_BUSINESS_REVIEW_MAESTRO_COMPOSITION,YES,PENDING_BUSINESS_REVIEW,PENDING,,,,
MAESTRO,377,,,0502002|1253003|0608002,,0608002,1,EXACT,"{""source"":""MAESTRO_GESTIÓN.xlsx:RENTABILIDAD_COSTOS"",""source_row"":377,""parent_code"":""0502002"",""component_slot"":""ART4"",""component_code"":""0608002"",""quantity"":""1"",""quantity_status"":""EXACT"",""is_combination_row"":""YES"",""family"":""Sofás Cama"",""model"":""Vienna"",""finish"":""Natural"",""measure"":""140x200"",""composition_label"":""Estructura + futonColor + funda_Lisa"",""product_name"":""Estructura + futonColor + funda_Lisa"",""status"":""ACTIVO"",""legacy_magento_id"":""0502002"",""legacy_ean"":"""",""combination_sku_exact"":""0502002|1253003|0608002"",""combination_key_status"":""EXACT""}",EXACT_SKU,608002,BLOCKED,SUPPORTING_SOURCE,,,0502002|1253003|0608002,,608002,NO,NO,NO,YES,1,COMBINATION_SKU_MISSING,"{""quantity_status"":""EXACT"",""physical_match_method"":""EXACT_SKU"",""parent_match_method"":""MISSING_WOO_SKU""}","Evidence row; correlate by combination_sku, component_sku and quantity.",MISSING_WOO_SKU,BLOCKED,BLOCKED,COMBINATION_SKU_MISSING,ACTIVE_SOURCE_COMPOSITION_WITHOUT_WOO_PARENT,ACTIVE_SOURCE_COMPOSITION_WITHOUT_WOO_PARENT,NO,YES,LOW,Exact 001A.0 evidence retained; no fuzzy identity.,UD-005,PENDING_BUSINESS_REVIEW_MAESTRO_COMPOSITION,YES,PENDING_BUSINESS_REVIEW,PENDING,,,,
MAESTRO,377,,,0502002|1253003|0608002,,1253003,1,EXACT,"{""source"":""MAESTRO_GESTIÓN.xlsx:RENTABILIDAD_COSTOS"",""source_row"":377,""parent_code"":""0502002"",""component_slot"":""ART2"",""component_code"":""1253003"",""quantity"":""1"",""quantity_status"":""EXACT"",""is_combination_row"":""YES"",""family"":""Sofás Cama"",""model"":""Vienna"",""finish"":""Natural"",""measure"":""140x200"",""composition_label"":""Estructura + futonColor + funda_Lisa"",""product_name"":""Estructura + futonColor + funda_Lisa"",""status"":""ACTIVO"",""legacy_magento_id"":""0502002"",""legacy_ean"":"""",""combination_sku_exact"":""0502002|1253003|0608002"",""combination_key_status"":""EXACT""}",EXACT_SKU,1253003,BLOCKED,SUPPORTING_SOURCE,,,0502002|1253003|0608002,,1253003,NO,NO,NO,YES,1,COMBINATION_SKU_MISSING,"{""quantity_status"":""EXACT"",""physical_match_method"":""EXACT_SKU"",""parent_match_method"":""MISSING_WOO_SKU""}","Evidence row; correlate by combination_sku, component_sku and quantity.",MISSING_WOO_SKU,BLOCKED,BLOCKED,COMBINATION_SKU_MISSING,ACTIVE_SOURCE_COMPOSITION_WITHOUT_WOO_PARENT,ACTIVE_SOURCE_COMPOSITION_WITHOUT_WOO_PARENT,NO,YES,LOW,Exact 001A.0 evidence retained; no fuzzy identity.,UD-005,PENDING_BUSINESS_REVIEW_MAESTRO_COMPOSITION,YES,PENDING_BUSINESS_REVIEW,PENDING,,,,
MAESTRO,378,,,0502002|1251006|0617002,,0502002,1,EXACT,"{""source"":""MAESTRO_GESTIÓN.xlsx:RENTABILIDAD_COSTOS"",""source_row"":378,""parent_code"":""0502002"",""component_slot"":""ART1"",""component_code"":""0502002"",""quantity"":""1"",""quantity_status"":""EXACT"",""is_combination_row"":""YES"",""family"":""Sofás Cama"",""model"":""Vienna"",""finish"":""Natural"",""measure"":""140x200"",""composition_label"":""Estructura + futonColor + funda_GrisJaspeada"",""product_name"":""Estructura + futonColor + funda_GrisJaspeada"",""status"":""ACTIVO"",""legacy_magento_id"":""0502002"",""legacy_ean"":"""",""combination_sku_exact"":""0502002|1251006|0617002"",""combination_key_status"":""EXACT""}",EXACT_SKU,502002,BLOCKED,SUPPORTING_SOURCE,,,0502002|1251006|0617002,,502002,NO,NO,NO,YES,1,COMBINATION_SKU_MISSING,"{""quantity_status"":""EXACT"",""physical_match_method"":""EXACT_SKU"",""parent_match_method"":""MISSING_WOO_SKU""}","Evidence row; correlate by combination_sku, component_sku and quantity.",MISSING_WOO_SKU,BLOCKED,BLOCKED,COMBINATION_SKU_MISSING,ACTIVE_SOURCE_COMPOSITION_WITHOUT_WOO_PARENT,ACTIVE_SOURCE_COMPOSITION_WITHOUT_WOO_PARENT,NO,YES,LOW,Exact 001A.0 evidence retained; no fuzzy identity.,UD-005,PENDING_BUSINESS_REVIEW_MAESTRO_COMPOSITION,YES,PENDING_BUSINESS_REVIEW,PENDING,,,,
MAESTRO,378,,,0502002|1251006|0617002,,0617002,1,EXACT,"{""source"":""MAESTRO_GESTIÓN.xlsx:RENTABILIDAD_COSTOS"",""source_row"":378,""parent_code"":""0502002"",""component_slot"":""ART4"",""component_code"":""0617002"",""quantity"":""1"",""quantity_status"":""EXACT"",""is_combination_row"":""YES"",""family"":""Sofás Cama"",""model"":""Vienna"",""finish"":""Natural"",""measure"":""140x200"",""composition_label"":""Estructura + futonColor + funda_GrisJaspeada"",""product_name"":""Estructura + futonColor + funda_GrisJaspeada"",""status"":""ACTIVO"",""legacy_magento_id"":""0502002"",""legacy_ean"":"""",""combination_sku_exact"":""0502002|1251006|0617002"",""combination_key_status"":""EXACT""}",EXACT_SKU,617002,BLOCKED,SUPPORTING_SOURCE,,,0502002|1251006|0617002,,617002,NO,NO,NO,YES,1,COMBINATION_SKU_MISSING,"{""quantity_status"":""EXACT"",""physical_match_method"":""EXACT_SKU"",""parent_match_method"":""MISSING_WOO_SKU""}","Evidence row; correlate by combination_sku, component_sku and quantity.",MISSING_WOO_SKU,BLOCKED,BLOCKED,COMBINATION_SKU_MISSING,ACTIVE_SOURCE_COMPOSITION_WITHOUT_WOO_PARENT,ACTIVE_SOURCE_COMPOSITION_WITHOUT_WOO_PARENT,NO,YES,LOW,Exact 001A.0 evidence retained; no fuzzy identity.,UD-005,PENDING_BUSINESS_REVIEW_MAESTRO_COMPOSITION,YES,PENDING_BUSINESS_REVIEW,PENDING,,,,
MAESTRO,378,,,0502002|1251006|0617002,,1251006,1,EXACT,"{""source"":""MAESTRO_GESTIÓN.xlsx:RENTABILIDAD_COSTOS"",""source_row"":378,""parent_code"":""0502002"",""component_slot"":""ART2"",""component_code"":""1251006"",""quantity"":""1"",""quantity_status"":""EXACT"",""is_combination_row"":""YES"",""family"":""Sofás Cama"",""model"":""Vienna"",""finish"":""Natural"",""measure"":""140x200"",""composition_label"":""Estructura + futonColor + funda_GrisJaspeada"",""product_name"":""Estructura + futonColor + funda_GrisJaspeada"",""status"":""ACTIVO"",""legacy_magento_id"":""0502002"",""legacy_ean"":"""",""combination_sku_exact"":""0502002|1251006|0617002"",""combination_key_status"":""EXACT""}",EXACT_SKU,1251006,BLOCKED,SUPPORTING_SOURCE,,,0502002|1251006|0617002,,1251006,NO,NO,NO,YES,1,COMBINATION_SKU_MISSING,"{""quantity_status"":""EXACT"",""physical_match_method"":""EXACT_SKU"",""parent_match_method"":""MISSING_WOO_SKU""}","Evidence row; correlate by combination_sku, component_sku and quantity.",MISSING_WOO_SKU,BLOCKED,BLOCKED,COMBINATION_SKU_MISSING,ACTIVE_SOURCE_COMPOSITION_WITHOUT_WOO_PARENT,ACTIVE_SOURCE_COMPOSITION_WITHOUT_WOO_PARENT,NO,YES,LOW,Exact 001A.0 evidence retained; no fuzzy identity.,UD-005,PENDING_BUSINESS_REVIEW_MAESTRO_COMPOSITION,YES,PENDING_BUSINESS_REVIEW,PENDING,,,,
MAESTRO,389,,,0502012|1254005,,0502012,1,EXACT,"{""source"":""MAESTRO_GESTIÓN.xlsx:RENTABILIDAD_COSTOS"",""source_row"":389,""parent_code"":""0502012"",""component_slot"":""ART1"",""component_code"":""0502012"",""quantity"":""1"",""quantity_status"":""EXACT"",""is_combination_row"":""YES"",""family"":""Sofás Cama"",""model"":""Yokahoma"",""finish"":""Natural"",""measure"":""150x200"",""composition_label"":""Estructura + futonColor"",""product_name"":""Estructura + futonColor"",""status"":""ACTIVO"",""legacy_magento_id"":""0502012"",""legacy_ean"":"""",""combination_sku_exact"":""0502012|1254005"",""combination_key_status"":""EXACT""}",EXACT_SKU,502012,BLOCKED,SUPPORTING_SOURCE,,,0502012|1254005,,502012,NO,NO,NO,YES,1,COMBINATION_SKU_MISSING,"{""quantity_status"":""EXACT"",""physical_match_method"":""EXACT_SKU"",""parent_match_method"":""MISSING_WOO_SKU""}","Evidence row; correlate by combination_sku, component_sku and quantity.",MISSING_WOO_SKU,BLOCKED,BLOCKED,COMBINATION_SKU_MISSING,ACTIVE_SOURCE_COMPOSITION_WITHOUT_WOO_PARENT,ACTIVE_SOURCE_COMPOSITION_WITHOUT_WOO_PARENT,NO,YES,LOW,Exact 001A.0 evidence retained; no fuzzy identity.,UD-005,PENDING_BUSINESS_REVIEW_MAESTRO_COMPOSITION,YES,PENDING_BUSINESS_REVIEW,PENDING,,,,
MAESTRO,389,,,0502012|1254005,,1254005,1,EXACT,"{""source"":""MAESTRO_GESTIÓN.xlsx:RENTABILIDAD_COSTOS"",""source_row"":389,""parent_code"":""0502012"",""component_slot"":""ART2"",""component_code"":""1254005"",""quantity"":""1"",""quantity_status"":""EXACT"",""is_combination_row"":""YES"",""family"":""Sofás Cama"",""model"":""Yokahoma"",""finish"":""Natural"",""measure"":""150x200"",""composition_label"":""Estructura + futonColor"",""product_name"":""Estructura + futonColor"",""status"":""ACTIVO"",""legacy_magento_id"":""0502012"",""legacy_ean"":"""",""combination_sku_exact"":""0502012|1254005"",""combination_key_status"":""EXACT""}",EXACT_SKU,1254005,BLOCKED,SUPPORTING_SOURCE,,,0502012|1254005,,1254005,NO,NO,NO,YES,1,COMBINATION_SKU_MISSING,"{""quantity_status"":""EXACT"",""physical_match_method"":""EXACT_SKU"",""parent_match_method"":""MISSING_WOO_SKU""}","Evidence row; correlate by combination_sku, component_sku and quantity.",MISSING_WOO_SKU,BLOCKED,BLOCKED,COMBINATION_SKU_MISSING,ACTIVE_SOURCE_COMPOSITION_WITHOUT_WOO_PARENT,ACTIVE_SOURCE_COMPOSITION_WITHOUT_WOO_PARENT,NO,YES,LOW,Exact 001A.0 evidence retained; no fuzzy identity.,UD-005,PENDING_BUSINESS_REVIEW_MAESTRO_COMPOSITION,YES,PENDING_BUSINESS_REVIEW,PENDING,,,,
MAESTRO,390,,,0502012|1254005|0608004,,0502012,1,EXACT,"{""source"":""MAESTRO_GESTIÓN.xlsx:RENTABILIDAD_COSTOS"",""source_row"":390,""parent_code"":""0502012"",""component_slot"":""ART1"",""component_code"":""0502012"",""quantity"":""1"",""quantity_status"":""EXACT"",""is_combination_row"":""YES"",""family"":""Sofás Cama"",""model"":""Yokahoma"",""finish"":""Natural"",""measure"":""150x200"",""composition_label"":""Estructura + futoncolor + funda_Lisa"",""product_name"":""Estructura + futoncolor + funda_Lisa"",""status"":""ACTIVO"",""legacy_magento_id"":""0502012"",""legacy_ean"":"""",""combination_sku_exact"":""0502012|1254005|0608004"",""combination_key_status"":""EXACT""}",EXACT_SKU,502012,BLOCKED,SUPPORTING_SOURCE,,,0502012|1254005|0608004,,502012,NO,NO,NO,YES,1,COMBINATION_SKU_MISSING,"{""quantity_status"":""EXACT"",""physical_match_method"":""EXACT_SKU"",""parent_match_method"":""MISSING_WOO_SKU""}","Evidence row; correlate by combination_sku, component_sku and quantity.",MISSING_WOO_SKU,BLOCKED,BLOCKED,COMBINATION_SKU_MISSING,ACTIVE_SOURCE_COMPOSITION_WITHOUT_WOO_PARENT,ACTIVE_SOURCE_COMPOSITION_WITHOUT_WOO_PARENT,NO,YES,LOW,Exact 001A.0 evidence retained; no fuzzy identity.,UD-005,PENDING_BUSINESS_REVIEW_MAESTRO_COMPOSITION,YES,PENDING_BUSINESS_REVIEW,PENDING,,,,
MAESTRO,390,,,0502012|1254005|0608004,,0608004,1,EXACT,"{""source"":""MAESTRO_GESTIÓN.xlsx:RENTABILIDAD_COSTOS"",""source_row"":390,""parent_code"":""0502012"",""component_slot"":""ART4"",""component_code"":""0608004"",""quantity"":""1"",""quantity_status"":""EXACT"",""is_combination_row"":""YES"",""family"":""Sofás Cama"",""model"":""Yokahoma"",""finish"":""Natural"",""measure"":""150x200"",""composition_label"":""Estructura + futoncolor + funda_Lisa"",""product_name"":""Estructura + futoncolor + funda_Lisa"",""status"":""ACTIVO"",""legacy_magento_id"":""0502012"",""legacy_ean"":"""",""combination_sku_exact"":""0502012|1254005|0608004"",""combination_key_status"":""EXACT""}",EXACT_SKU,608004,BLOCKED,SUPPORTING_SOURCE,,,0502012|1254005|0608004,,608004,NO,NO,NO,YES,1,COMBINATION_SKU_MISSING,"{""quantity_status"":""EXACT"",""physical_match_method"":""EXACT_SKU"",""parent_match_method"":""MISSING_WOO_SKU""}","Evidence row; correlate by combination_sku, component_sku and quantity.",MISSING_WOO_SKU,BLOCKED,BLOCKED,COMBINATION_SKU_MISSING,ACTIVE_SOURCE_COMPOSITION_WITHOUT_WOO_PARENT,ACTIVE_SOURCE_COMPOSITION_WITHOUT_WOO_PARENT,NO,YES,LOW,Exact 001A.0 evidence retained; no fuzzy identity.,UD-005,PENDING_BUSINESS_REVIEW_MAESTRO_COMPOSITION,YES,PENDING_BUSINESS_REVIEW,PENDING,,,,
MAESTRO,390,,,0502012|1254005|0608004,,1254005,1,EXACT,"{""source"":""MAESTRO_GESTIÓN.xlsx:RENTABILIDAD_COSTOS"",""source_row"":390,""parent_code"":""0502012"",""component_slot"":""ART2"",""component_code"":""1254005"",""quantity"":""1"",""quantity_status"":""EXACT"",""is_combination_row"":""YES"",""family"":""Sofás Cama"",""model"":""Yokahoma"",""finish"":""Natural"",""measure"":""150x200"",""composition_label"":""Estructura + futoncolor + funda_Lisa"",""product_name"":""Estructura + futoncolor + funda_Lisa"",""status"":""ACTIVO"",""legacy_magento_id"":""0502012"",""legacy_ean"":"""",""combination_sku_exact"":""0502012|1254005|0608004"",""combination_key_status"":""EXACT""}",EXACT_SKU,1254005,BLOCKED,SUPPORTING_SOURCE,,,0502012|1254005|0608004,,1254005,NO,NO,NO,YES,1,COMBINATION_SKU_MISSING,"{""quantity_status"":""EXACT"",""physical_match_method"":""EXACT_SKU"",""parent_match_method"":""MISSING_WOO_SKU""}","Evidence row; correlate by combination_sku, component_sku and quantity.",MISSING_WOO_SKU,BLOCKED,BLOCKED,COMBINATION_SKU_MISSING,ACTIVE_SOURCE_COMPOSITION_WITHOUT_WOO_PARENT,ACTIVE_SOURCE_COMPOSITION_WITHOUT_WOO_PARENT,NO,YES,LOW,Exact 001A.0 evidence retained; no fuzzy identity.,UD-005,PENDING_BUSINESS_REVIEW_MAESTRO_COMPOSITION,YES,PENDING_BUSINESS_REVIEW,PENDING,,,,
MAESTRO,391,,,0502012|1254005|0617004,,0502012,1,EXACT,"{""source"":""MAESTRO_GESTIÓN.xlsx:RENTABILIDAD_COSTOS"",""source_row"":391,""parent_code"":""0502012"",""component_slot"":""ART1"",""component_code"":""0502012"",""quantity"":""1"",""quantity_status"":""EXACT"",""is_combination_row"":""YES"",""family"":""Sofás Cama"",""model"":""Yokahoma"",""finish"":""Natural"",""measure"":""150x200"",""composition_label"":""Estructura +futoncolor + funda_GrisJaspeada"",""product_name"":""Estructura + futonAlg + funda_GrisJaspeada"",""status"":""ACTIVO"",""legacy_magento_id"":""0502012"",""legacy_ean"":"""",""combination_sku_exact"":""0502012|1254005|0617004"",""combination_key_status"":""EXACT""}",EXACT_SKU,502012,BLOCKED,SUPPORTING_SOURCE,,,0502012|1254005|0617004,,502012,NO,NO,NO,YES,1,COMBINATION_SKU_MISSING,"{""quantity_status"":""EXACT"",""physical_match_method"":""EXACT_SKU"",""parent_match_method"":""MISSING_WOO_SKU""}","Evidence row; correlate by combination_sku, component_sku and quantity.",MISSING_WOO_SKU,BLOCKED,BLOCKED,COMBINATION_SKU_MISSING,ACTIVE_SOURCE_COMPOSITION_WITHOUT_WOO_PARENT,ACTIVE_SOURCE_COMPOSITION_WITHOUT_WOO_PARENT,NO,YES,LOW,Exact 001A.0 evidence retained; no fuzzy identity.,UD-005,PENDING_BUSINESS_REVIEW_MAESTRO_COMPOSITION,YES,PENDING_BUSINESS_REVIEW,PENDING,,,,
MAESTRO,391,,,0502012|1254005|0617004,,0617004,1,EXACT,"{""source"":""MAESTRO_GESTIÓN.xlsx:RENTABILIDAD_COSTOS"",""source_row"":391,""parent_code"":""0502012"",""component_slot"":""ART4"",""component_code"":""0617004"",""quantity"":""1"",""quantity_status"":""EXACT"",""is_combination_row"":""YES"",""family"":""Sofás Cama"",""model"":""Yokahoma"",""finish"":""Natural"",""measure"":""150x200"",""composition_label"":""Estructura +futoncolor + funda_GrisJaspeada"",""product_name"":""Estructura + futonAlg + funda_GrisJaspeada"",""status"":""ACTIVO"",""legacy_magento_id"":""0502012"",""legacy_ean"":"""",""combination_sku_exact"":""0502012|1254005|0617004"",""combination_key_status"":""EXACT""}",EXACT_SKU,617004,BLOCKED,SUPPORTING_SOURCE,,,0502012|1254005|0617004,,617004,NO,NO,NO,YES,1,COMBINATION_SKU_MISSING,"{""quantity_status"":""EXACT"",""physical_match_method"":""EXACT_SKU"",""parent_match_method"":""MISSING_WOO_SKU""}","Evidence row; correlate by combination_sku, component_sku and quantity.",MISSING_WOO_SKU,BLOCKED,BLOCKED,COMBINATION_SKU_MISSING,ACTIVE_SOURCE_COMPOSITION_WITHOUT_WOO_PARENT,ACTIVE_SOURCE_COMPOSITION_WITHOUT_WOO_PARENT,NO,YES,LOW,Exact 001A.0 evidence retained; no fuzzy identity.,UD-005,PENDING_BUSINESS_REVIEW_MAESTRO_COMPOSITION,YES,PENDING_BUSINESS_REVIEW,PENDING,,,,
MAESTRO,391,,,0502012|1254005|0617004,,1254005,1,EXACT,"{""source"":""MAESTRO_GESTIÓN.xlsx:RENTABILIDAD_COSTOS"",""source_row"":391,""parent_code"":""0502012"",""component_slot"":""ART2"",""component_code"":""1254005"",""quantity"":""1"",""quantity_status"":""EXACT"",""is_combination_row"":""YES"",""family"":""Sofás Cama"",""model"":""Yokahoma"",""finish"":""Natural"",""measure"":""150x200"",""composition_label"":""Estructura +futoncolor + funda_GrisJaspeada"",""product_name"":""Estructura + futonAlg + funda_GrisJaspeada"",""status"":""ACTIVO"",""legacy_magento_id"":""0502012"",""legacy_ean"":"""",""combination_sku_exact"":""0502012|1254005|0617004"",""combination_key_status"":""EXACT""}",EXACT_SKU,1254005,BLOCKED,SUPPORTING_SOURCE,,,0502012|1254005|0617004,,1254005,NO,NO,NO,YES,1,COMBINATION_SKU_MISSING,"{""quantity_status"":""EXACT"",""physical_match_method"":""EXACT_SKU"",""parent_match_method"":""MISSING_WOO_SKU""}","Evidence row; correlate by combination_sku, component_sku and quantity.",MISSING_WOO_SKU,BLOCKED,BLOCKED,COMBINATION_SKU_MISSING,ACTIVE_SOURCE_COMPOSITION_WITHOUT_WOO_PARENT,ACTIVE_SOURCE_COMPOSITION_WITHOUT_WOO_PARENT,NO,YES,LOW,Exact 001A.0 evidence retained; no fuzzy identity.,UD-005,PENDING_BUSINESS_REVIEW_MAESTRO_COMPOSITION,YES,PENDING_BUSINESS_REVIEW,PENDING,,,,
MAESTRO,402,,,0502012|1251006|1002004,,0502012,1,EXACT,"{""source"":""MAESTRO_GESTIÓN.xlsx:RENTABILIDAD_COSTOS"",""source_row"":402,""parent_code"":""0502012"",""component_slot"":""ART1"",""component_code"":""0502012"",""quantity"":""1"",""quantity_status"":""EXACT"",""is_combination_row"":""YES"",""family"":""Sofás Cama"",""model"":""Yokahoma"",""finish"":""Natural"",""measure"":""150x200"",""composition_label"":""Estructura + Cajón + futonColor"",""product_name"":""Estructura + Cajón + futonColor"",""status"":""ACTIVO"",""legacy_magento_id"":""0502012"",""legacy_ean"":"""",""combination_sku_exact"":""0502012|1251006|1002004"",""combination_key_status"":""EXACT""}",EXACT_SKU,502012,BLOCKED,SUPPORTING_SOURCE,,,0502012|1251006|1002004,,502012,NO,NO,NO,YES,1,COMBINATION_SKU_MISSING,"{""quantity_status"":""EXACT"",""physical_match_method"":""EXACT_SKU"",""parent_match_method"":""MISSING_WOO_SKU""}","Evidence row; correlate by combination_sku, component_sku and quantity.",MISSING_WOO_SKU,BLOCKED,BLOCKED,COMBINATION_SKU_MISSING,ACTIVE_SOURCE_COMPOSITION_WITHOUT_WOO_PARENT,ACTIVE_SOURCE_COMPOSITION_WITHOUT_WOO_PARENT,NO,YES,LOW,Exact 001A.0 evidence retained; no fuzzy identity.,UD-005,PENDING_BUSINESS_REVIEW_MAESTRO_COMPOSITION,YES,PENDING_BUSINESS_REVIEW,PENDING,,,,
MAESTRO,402,,,0502012|1251006|1002004,,1002004,1,EXACT,"{""source"":""MAESTRO_GESTIÓN.xlsx:RENTABILIDAD_COSTOS"",""source_row"":402,""parent_code"":""0502012"",""component_slot"":""ART3"",""component_code"":""1002004"",""quantity"":""1"",""quantity_status"":""EXACT"",""is_combination_row"":""YES"",""family"":""Sofás Cama"",""model"":""Yokahoma"",""finish"":""Natural"",""measure"":""150x200"",""composition_label"":""Estructura + Cajón + futonColor"",""product_name"":""Estructura + Cajón + futonColor"",""status"":""ACTIVO"",""legacy_magento_id"":""0502012"",""legacy_ean"":"""",""combination_sku_exact"":""0502012|1251006|1002004"",""combination_key_status"":""EXACT""}",EXACT_SKU,1002004,BLOCKED,SUPPORTING_SOURCE,,,0502012|1251006|1002004,,1002004,NO,NO,NO,YES,1,COMBINATION_SKU_MISSING,"{""quantity_status"":""EXACT"",""physical_match_method"":""EXACT_SKU"",""parent_match_method"":""MISSING_WOO_SKU""}","Evidence row; correlate by combination_sku, component_sku and quantity.",MISSING_WOO_SKU,BLOCKED,BLOCKED,COMBINATION_SKU_MISSING,ACTIVE_SOURCE_COMPOSITION_WITHOUT_WOO_PARENT,ACTIVE_SOURCE_COMPOSITION_WITHOUT_WOO_PARENT,NO,YES,LOW,Exact 001A.0 evidence retained; no fuzzy identity.,UD-005,PENDING_BUSINESS_REVIEW_MAESTRO_COMPOSITION,YES,PENDING_BUSINESS_REVIEW,PENDING,,,,
MAESTRO,402,,,0502012|1251006|1002004,,1251006,1,EXACT,"{""source"":""MAESTRO_GESTIÓN.xlsx:RENTABILIDAD_COSTOS"",""source_row"":402,""parent_code"":""0502012"",""component_slot"":""ART2"",""component_code"":""1251006"",""quantity"":""1"",""quantity_status"":""EXACT"",""is_combination_row"":""YES"",""family"":""Sofás Cama"",""model"":""Yokahoma"",""finish"":""Natural"",""measure"":""150x200"",""composition_label"":""Estructura + Cajón + futonColor"",""product_name"":""Estructura + Cajón + futonColor"",""status"":""ACTIVO"",""legacy_magento_id"":""0502012"",""legacy_ean"":"""",""combination_sku_exact"":""0502012|1251006|1002004"",""combination_key_status"":""EXACT""}",EXACT_SKU,1251006,BLOCKED,SUPPORTING_SOURCE,,,0502012|1251006|1002004,,1251006,NO,NO,NO,YES,1,COMBINATION_SKU_MISSING,"{""quantity_status"":""EXACT"",""physical_match_method"":""EXACT_SKU"",""parent_match_method"":""MISSING_WOO_SKU""}","Evidence row; correlate by combination_sku, component_sku and quantity.",MISSING_WOO_SKU,BLOCKED,BLOCKED,COMBINATION_SKU_MISSING,ACTIVE_SOURCE_COMPOSITION_WITHOUT_WOO_PARENT,ACTIVE_SOURCE_COMPOSITION_WITHOUT_WOO_PARENT,NO,YES,LOW,Exact 001A.0 evidence retained; no fuzzy identity.,UD-005,PENDING_BUSINESS_REVIEW_MAESTRO_COMPOSITION,YES,PENDING_BUSINESS_REVIEW,PENDING,,,,
MAESTRO,403,,,0502012|1254005|1002004|0608004,,0502012,1,EXACT,"{""source"":""MAESTRO_GESTIÓN.xlsx:RENTABILIDAD_COSTOS"",""source_row"":403,""parent_code"":""0502012"",""component_slot"":""ART1"",""component_code"":""0502012"",""quantity"":""1"",""quantity_status"":""EXACT"",""is_combination_row"":""YES"",""family"":""Sofás Cama"",""model"":""Yokahoma"",""finish"":""Natural"",""measure"":""150x200"",""composition_label"":""Estructura + Cajón + futonColor + funda_Lisa"",""product_name"":""Estructura + Cajón + futonColor + funda_Lisa"",""status"":""ACTIVO"",""legacy_magento_id"":""0502012"",""legacy_ean"":"""",""combination_sku_exact"":""0502012|1254005|1002004|0608004"",""combination_key_status"":""EXACT""}",EXACT_SKU,502012,BLOCKED,SUPPORTING_SOURCE,,,0502012|1254005|1002004|0608004,,502012,NO,NO,NO,YES,1,COMBINATION_SKU_MISSING,"{""quantity_status"":""EXACT"",""physical_match_method"":""EXACT_SKU"",""parent_match_method"":""MISSING_WOO_SKU""}","Evidence row; correlate by combination_sku, component_sku and quantity.",MISSING_WOO_SKU,BLOCKED,BLOCKED,COMBINATION_SKU_MISSING,ACTIVE_SOURCE_COMPOSITION_WITHOUT_WOO_PARENT,ACTIVE_SOURCE_COMPOSITION_WITHOUT_WOO_PARENT,NO,YES,LOW,Exact 001A.0 evidence retained; no fuzzy identity.,UD-005,PENDING_BUSINESS_REVIEW_MAESTRO_COMPOSITION,YES,PENDING_BUSINESS_REVIEW,PENDING,,,,
MAESTRO,403,,,0502012|1254005|1002004|0608004,,0608004,1,EXACT,"{""source"":""MAESTRO_GESTIÓN.xlsx:RENTABILIDAD_COSTOS"",""source_row"":403,""parent_code"":""0502012"",""component_slot"":""ART4"",""component_code"":""0608004"",""quantity"":""1"",""quantity_status"":""EXACT"",""is_combination_row"":""YES"",""family"":""Sofás Cama"",""model"":""Yokahoma"",""finish"":""Natural"",""measure"":""150x200"",""composition_label"":""Estructura + Cajón + futonColor + funda_Lisa"",""product_name"":""Estructura + Cajón + futonColor + funda_Lisa"",""status"":""ACTIVO"",""legacy_magento_id"":""0502012"",""legacy_ean"":"""",""combination_sku_exact"":""0502012|1254005|1002004|0608004"",""combination_key_status"":""EXACT""}",EXACT_SKU,608004,BLOCKED,SUPPORTING_SOURCE,,,0502012|1254005|1002004|0608004,,608004,NO,NO,NO,YES,1,COMBINATION_SKU_MISSING,"{""quantity_status"":""EXACT"",""physical_match_method"":""EXACT_SKU"",""parent_match_method"":""MISSING_WOO_SKU""}","Evidence row; correlate by combination_sku, component_sku and quantity.",MISSING_WOO_SKU,BLOCKED,BLOCKED,COMBINATION_SKU_MISSING,ACTIVE_SOURCE_COMPOSITION_WITHOUT_WOO_PARENT,ACTIVE_SOURCE_COMPOSITION_WITHOUT_WOO_PARENT,NO,YES,LOW,Exact 001A.0 evidence retained; no fuzzy identity.,UD-005,PENDING_BUSINESS_REVIEW_MAESTRO_COMPOSITION,YES,PENDING_BUSINESS_REVIEW,PENDING,,,,
MAESTRO,403,,,0502012|1254005|1002004|0608004,,1002004,1,EXACT,"{""source"":""MAESTRO_GESTIÓN.xlsx:RENTABILIDAD_COSTOS"",""source_row"":403,""parent_code"":""0502012"",""component_slot"":""ART3"",""component_code"":""1002004"",""quantity"":""1"",""quantity_status"":""EXACT"",""is_combination_row"":""YES"",""family"":""Sofás Cama"",""model"":""Yokahoma"",""finish"":""Natural"",""measure"":""150x200"",""composition_label"":""Estructura + Cajón + futonColor + funda_Lisa"",""product_name"":""Estructura + Cajón + futonColor + funda_Lisa"",""status"":""ACTIVO"",""legacy_magento_id"":""0502012"",""legacy_ean"":"""",""combination_sku_exact"":""0502012|1254005|1002004|0608004"",""combination_key_status"":""EXACT""}",EXACT_SKU,1002004,BLOCKED,SUPPORTING_SOURCE,,,0502012|1254005|1002004|0608004,,1002004,NO,NO,NO,YES,1,COMBINATION_SKU_MISSING,"{""quantity_status"":""EXACT"",""physical_match_method"":""EXACT_SKU"",""parent_match_method"":""MISSING_WOO_SKU""}","Evidence row; correlate by combination_sku, component_sku and quantity.",MISSING_WOO_SKU,BLOCKED,BLOCKED,COMBINATION_SKU_MISSING,ACTIVE_SOURCE_COMPOSITION_WITHOUT_WOO_PARENT,ACTIVE_SOURCE_COMPOSITION_WITHOUT_WOO_PARENT,NO,YES,LOW,Exact 001A.0 evidence retained; no fuzzy identity.,UD-005,PENDING_BUSINESS_REVIEW_MAESTRO_COMPOSITION,YES,PENDING_BUSINESS_REVIEW,PENDING,,,,
MAESTRO,403,,,0502012|1254005|1002004|0608004,,1254005,1,EXACT,"{""source"":""MAESTRO_GESTIÓN.xlsx:RENTABILIDAD_COSTOS"",""source_row"":403,""parent_code"":""0502012"",""component_slot"":""ART2"",""component_code"":""1254005"",""quantity"":""1"",""quantity_status"":""EXACT"",""is_combination_row"":""YES"",""family"":""Sofás Cama"",""model"":""Yokahoma"",""finish"":""Natural"",""measure"":""150x200"",""composition_label"":""Estructura + Cajón + futonColor + funda_Lisa"",""product_name"":""Estructura + Cajón + futonColor + funda_Lisa"",""status"":""ACTIVO"",""legacy_magento_id"":""0502012"",""legacy_ean"":"""",""combination_sku_exact"":""0502012|1254005|1002004|0608004"",""combination_key_status"":""EXACT""}",EXACT_SKU,1254005,BLOCKED,SUPPORTING_SOURCE,,,0502012|1254005|1002004|0608004,,1254005,NO,NO,NO,YES,1,COMBINATION_SKU_MISSING,"{""quantity_status"":""EXACT"",""physical_match_method"":""EXACT_SKU"",""parent_match_method"":""MISSING_WOO_SKU""}","Evidence row; correlate by combination_sku, component_sku and quantity.",MISSING_WOO_SKU,BLOCKED,BLOCKED,COMBINATION_SKU_MISSING,ACTIVE_SOURCE_COMPOSITION_WITHOUT_WOO_PARENT,ACTIVE_SOURCE_COMPOSITION_WITHOUT_WOO_PARENT,NO,YES,LOW,Exact 001A.0 evidence retained; no fuzzy identity.,UD-005,PENDING_BUSINESS_REVIEW_MAESTRO_COMPOSITION,YES,PENDING_BUSINESS_REVIEW,PENDING,,,,
MAESTRO,404,,,0502012|1254005|1002004|0617004,,0502012,1,EXACT,"{""source"":""MAESTRO_GESTIÓN.xlsx:RENTABILIDAD_COSTOS"",""source_row"":404,""parent_code"":""0502012"",""component_slot"":""ART1"",""component_code"":""0502012"",""quantity"":""1"",""quantity_status"":""EXACT"",""is_combination_row"":""YES"",""family"":""Sofás Cama"",""model"":""Yokahoma"",""finish"":""Natural"",""measure"":""150x200"",""composition_label"":""Estructura + Cajón + futonColor + funda_GrisJaspeada"",""product_name"":""Estructura + Cajón + futonColor + funda_GrisJaspeada"",""status"":""ACTIVO"",""legacy_magento_id"":""0502012"",""legacy_ean"":"""",""combination_sku_exact"":""0502012|1254005|1002004|0617004"",""combination_key_status"":""EXACT""}",EXACT_SKU,502012,BLOCKED,SUPPORTING_SOURCE,,,0502012|1254005|1002004|0617004,,502012,NO,NO,NO,YES,1,COMBINATION_SKU_MISSING,"{""quantity_status"":""EXACT"",""physical_match_method"":""EXACT_SKU"",""parent_match_method"":""MISSING_WOO_SKU""}","Evidence row; correlate by combination_sku, component_sku and quantity.",MISSING_WOO_SKU,BLOCKED,BLOCKED,COMBINATION_SKU_MISSING,ACTIVE_SOURCE_COMPOSITION_WITHOUT_WOO_PARENT,ACTIVE_SOURCE_COMPOSITION_WITHOUT_WOO_PARENT,NO,YES,LOW,Exact 001A.0 evidence retained; no fuzzy identity.,UD-005,PENDING_BUSINESS_REVIEW_MAESTRO_COMPOSITION,YES,PENDING_BUSINESS_REVIEW,PENDING,,,,
MAESTRO,404,,,0502012|1254005|1002004|0617004,,0617004,1,EXACT,"{""source"":""MAESTRO_GESTIÓN.xlsx:RENTABILIDAD_COSTOS"",""source_row"":404,""parent_code"":""0502012"",""component_slot"":""ART4"",""component_code"":""0617004"",""quantity"":""1"",""quantity_status"":""EXACT"",""is_combination_row"":""YES"",""family"":""Sofás Cama"",""model"":""Yokahoma"",""finish"":""Natural"",""measure"":""150x200"",""composition_label"":""Estructura + Cajón + futonColor + funda_GrisJaspeada"",""product_name"":""Estructura + Cajón + futonColor + funda_GrisJaspeada"",""status"":""ACTIVO"",""legacy_magento_id"":""0502012"",""legacy_ean"":"""",""combination_sku_exact"":""0502012|1254005|1002004|0617004"",""combination_key_status"":""EXACT""}",EXACT_SKU,617004,BLOCKED,SUPPORTING_SOURCE,,,0502012|1254005|1002004|0617004,,617004,NO,NO,NO,YES,1,COMBINATION_SKU_MISSING,"{""quantity_status"":""EXACT"",""physical_match_method"":""EXACT_SKU"",""parent_match_method"":""MISSING_WOO_SKU""}","Evidence row; correlate by combination_sku, component_sku and quantity.",MISSING_WOO_SKU,BLOCKED,BLOCKED,COMBINATION_SKU_MISSING,ACTIVE_SOURCE_COMPOSITION_WITHOUT_WOO_PARENT,ACTIVE_SOURCE_COMPOSITION_WITHOUT_WOO_PARENT,NO,YES,LOW,Exact 001A.0 evidence retained; no fuzzy identity.,UD-005,PENDING_BUSINESS_REVIEW_MAESTRO_COMPOSITION,YES,PENDING_BUSINESS_REVIEW,PENDING,,,,
MAESTRO,404,,,0502012|1254005|1002004|0617004,,1002004,1,EXACT,"{""source"":""MAESTRO_GESTIÓN.xlsx:RENTABILIDAD_COSTOS"",""source_row"":404,""parent_code"":""0502012"",""component_slot"":""ART3"",""component_code"":""1002004"",""quantity"":""1"",""quantity_status"":""EXACT"",""is_combination_row"":""YES"",""family"":""Sofás Cama"",""model"":""Yokahoma"",""finish"":""Natural"",""measure"":""150x200"",""composition_label"":""Estructura + Cajón + futonColor + funda_GrisJaspeada"",""product_name"":""Estructura + Cajón + futonColor + funda_GrisJaspeada"",""status"":""ACTIVO"",""legacy_magento_id"":""0502012"",""legacy_ean"":"""",""combination_sku_exact"":""0502012|1254005|1002004|0617004"",""combination_key_status"":""EXACT""}",EXACT_SKU,1002004,BLOCKED,SUPPORTING_SOURCE,,,0502012|1254005|1002004|0617004,,1002004,NO,NO,NO,YES,1,COMBINATION_SKU_MISSING,"{""quantity_status"":""EXACT"",""physical_match_method"":""EXACT_SKU"",""parent_match_method"":""MISSING_WOO_SKU""}","Evidence row; correlate by combination_sku, component_sku and quantity.",MISSING_WOO_SKU,BLOCKED,BLOCKED,COMBINATION_SKU_MISSING,ACTIVE_SOURCE_COMPOSITION_WITHOUT_WOO_PARENT,ACTIVE_SOURCE_COMPOSITION_WITHOUT_WOO_PARENT,NO,YES,LOW,Exact 001A.0 evidence retained; no fuzzy identity.,UD-005,PENDING_BUSINESS_REVIEW_MAESTRO_COMPOSITION,YES,PENDING_BUSINESS_REVIEW,PENDING,,,,
MAESTRO,404,,,0502012|1254005|1002004|0617004,,1254005,1,EXACT,"{""source"":""MAESTRO_GESTIÓN.xlsx:RENTABILIDAD_COSTOS"",""source_row"":404,""parent_code"":""0502012"",""component_slot"":""ART2"",""component_code"":""1254005"",""quantity"":""1"",""quantity_status"":""EXACT"",""is_combination_row"":""YES"",""family"":""Sofás Cama"",""model"":""Yokahoma"",""finish"":""Natural"",""measure"":""150x200"",""composition_label"":""Estructura + Cajón + futonColor + funda_GrisJaspeada"",""product_name"":""Estructura + Cajón + futonColor + funda_GrisJaspeada"",""status"":""ACTIVO"",""legacy_magento_id"":""0502012"",""legacy_ean"":"""",""combination_sku_exact"":""0502012|1254005|1002004|0617004"",""combination_key_status"":""EXACT""}",EXACT_SKU,1254005,BLOCKED,SUPPORTING_SOURCE,,,0502012|1254005|1002004|0617004,,1254005,NO,NO,NO,YES,1,COMBINATION_SKU_MISSING,"{""quantity_status"":""EXACT"",""physical_match_method"":""EXACT_SKU"",""parent_match_method"":""MISSING_WOO_SKU""}","Evidence row; correlate by combination_sku, component_sku and quantity.",MISSING_WOO_SKU,BLOCKED,BLOCKED,COMBINATION_SKU_MISSING,ACTIVE_SOURCE_COMPOSITION_WITHOUT_WOO_PARENT,ACTIVE_SOURCE_COMPOSITION_WITHOUT_WOO_PARENT,NO,YES,LOW,Exact 001A.0 evidence retained; no fuzzy identity.,UD-005,PENDING_BUSINESS_REVIEW_MAESTRO_COMPOSITION,YES,PENDING_BUSINESS_REVIEW,PENDING,,,,
MAESTRO,415,,,0504011|1251006,,0504011,1,EXACT,"{""source"":""MAESTRO_GESTIÓN.xlsx:RENTABILIDAD_COSTOS"",""source_row"":415,""parent_code"":""0504011"",""component_slot"":""ART1"",""component_code"":""0504011"",""quantity"":""1"",""quantity_status"":""EXACT"",""is_combination_row"":""YES"",""family"":""Sofás Cama"",""model"":""Zúrich"",""finish"":""Natural"",""measure"":""140x200"",""composition_label"":""Estructura + futonColor"",""product_name"":""Estructura + futonColor"",""status"":""ACTIVO"",""legacy_magento_id"":""0504011"",""legacy_ean"":"""",""combination_sku_exact"":""0504011|1251006"",""combination_key_status"":""EXACT""}",EXACT_SKU,504011,BLOCKED,SUPPORTING_SOURCE,,,0504011|1251006,,504011,NO,NO,NO,YES,1,COMBINATION_SKU_MISSING,"{""quantity_status"":""EXACT"",""physical_match_method"":""EXACT_SKU"",""parent_match_method"":""MISSING_WOO_SKU""}","Evidence row; correlate by combination_sku, component_sku and quantity.",MISSING_WOO_SKU,BLOCKED,BLOCKED,COMBINATION_SKU_MISSING,ACTIVE_SOURCE_COMPOSITION_WITHOUT_WOO_PARENT,ACTIVE_SOURCE_COMPOSITION_WITHOUT_WOO_PARENT,NO,YES,LOW,Exact 001A.0 evidence retained; no fuzzy identity.,UD-005,PENDING_BUSINESS_REVIEW_MAESTRO_COMPOSITION,YES,PENDING_BUSINESS_REVIEW,PENDING,,,,
MAESTRO,415,,,0504011|1251006,,1251006,1,EXACT,"{""source"":""MAESTRO_GESTIÓN.xlsx:RENTABILIDAD_COSTOS"",""source_row"":415,""parent_code"":""0504011"",""component_slot"":""ART2"",""component_code"":""1251006"",""quantity"":""1"",""quantity_status"":""EXACT"",""is_combination_row"":""YES"",""family"":""Sofás Cama"",""model"":""Zúrich"",""finish"":""Natural"",""measure"":""140x200"",""composition_label"":""Estructura + futonColor"",""product_name"":""Estructura + futonColor"",""status"":""ACTIVO"",""legacy_magento_id"":""0504011"",""legacy_ean"":"""",""combination_sku_exact"":""0504011|1251006"",""combination_key_status"":""EXACT""}",EXACT_SKU,1251006,BLOCKED,SUPPORTING_SOURCE,,,0504011|1251006,,1251006,NO,NO,NO,YES,1,COMBINATION_SKU_MISSING,"{""quantity_status"":""EXACT"",""physical_match_method"":""EXACT_SKU"",""parent_match_method"":""MISSING_WOO_SKU""}","Evidence row; correlate by combination_sku, component_sku and quantity.",MISSING_WOO_SKU,BLOCKED,BLOCKED,COMBINATION_SKU_MISSING,ACTIVE_SOURCE_COMPOSITION_WITHOUT_WOO_PARENT,ACTIVE_SOURCE_COMPOSITION_WITHOUT_WOO_PARENT,NO,YES,LOW,Exact 001A.0 evidence retained; no fuzzy identity.,UD-005,PENDING_BUSINESS_REVIEW_MAESTRO_COMPOSITION,YES,PENDING_BUSINESS_REVIEW,PENDING,,,,
MAESTRO,416,,,0504011|1254005|0608002,,0504011,1,EXACT,"{""source"":""MAESTRO_GESTIÓN.xlsx:RENTABILIDAD_COSTOS"",""source_row"":416,""parent_code"":""0504011"",""component_slot"":""ART1"",""component_code"":""0504011"",""quantity"":""1"",""quantity_status"":""EXACT"",""is_combination_row"":""YES"",""family"":""Sofás Cama"",""model"":""Zúrich"",""finish"":""Natural"",""measure"":""140x200"",""composition_label"":""Estructura + futonColor + funda_Lisa"",""product_name"":""Estructura + futonColor + funda_Lisa"",""status"":""ACTIVO"",""legacy_magento_id"":""0504011"",""legacy_ean"":"""",""combination_sku_exact"":""0504011|1254005|0608002"",""combination_key_status"":""EXACT""}",EXACT_SKU,504011,BLOCKED,SUPPORTING_SOURCE,,,0504011|1254005|0608002,,504011,NO,NO,NO,YES,1,COMBINATION_SKU_MISSING,"{""quantity_status"":""EXACT"",""physical_match_method"":""EXACT_SKU"",""parent_match_method"":""MISSING_WOO_SKU""}","Evidence row; correlate by combination_sku, component_sku and quantity.",MISSING_WOO_SKU,BLOCKED,BLOCKED,COMBINATION_SKU_MISSING,ACTIVE_SOURCE_COMPOSITION_WITHOUT_WOO_PARENT,ACTIVE_SOURCE_COMPOSITION_WITHOUT_WOO_PARENT,NO,YES,LOW,Exact 001A.0 evidence retained; no fuzzy identity.,UD-005,PENDING_BUSINESS_REVIEW_MAESTRO_COMPOSITION,YES,PENDING_BUSINESS_REVIEW,PENDING,,,,
MAESTRO,416,,,0504011|1254005|0608002,,0608002,1,EXACT,"{""source"":""MAESTRO_GESTIÓN.xlsx:RENTABILIDAD_COSTOS"",""source_row"":416,""parent_code"":""0504011"",""component_slot"":""ART4"",""component_code"":""0608002"",""quantity"":""1"",""quantity_status"":""EXACT"",""is_combination_row"":""YES"",""family"":""Sofás Cama"",""model"":""Zúrich"",""finish"":""Natural"",""measure"":""140x200"",""composition_label"":""Estructura + futonColor + funda_Lisa"",""product_name"":""Estructura + futonColor + funda_Lisa"",""status"":""ACTIVO"",""legacy_magento_id"":""0504011"",""legacy_ean"":"""",""combination_sku_exact"":""0504011|1254005|0608002"",""combination_key_status"":""EXACT""}",EXACT_SKU,608002,BLOCKED,SUPPORTING_SOURCE,,,0504011|1254005|0608002,,608002,NO,NO,NO,YES,1,COMBINATION_SKU_MISSING,"{""quantity_status"":""EXACT"",""physical_match_method"":""EXACT_SKU"",""parent_match_method"":""MISSING_WOO_SKU""}","Evidence row; correlate by combination_sku, component_sku and quantity.",MISSING_WOO_SKU,BLOCKED,BLOCKED,COMBINATION_SKU_MISSING,ACTIVE_SOURCE_COMPOSITION_WITHOUT_WOO_PARENT,ACTIVE_SOURCE_COMPOSITION_WITHOUT_WOO_PARENT,NO,YES,LOW,Exact 001A.0 evidence retained; no fuzzy identity.,UD-005,PENDING_BUSINESS_REVIEW_MAESTRO_COMPOSITION,YES,PENDING_BUSINESS_REVIEW,PENDING,,,,
MAESTRO,416,,,0504011|1254005|0608002,,1254005,1,EXACT,"{""source"":""MAESTRO_GESTIÓN.xlsx:RENTABILIDAD_COSTOS"",""source_row"":416,""parent_code"":""0504011"",""component_slot"":""ART2"",""component_code"":""1254005"",""quantity"":""1"",""quantity_status"":""EXACT"",""is_combination_row"":""YES"",""family"":""Sofás Cama"",""model"":""Zúrich"",""finish"":""Natural"",""measure"":""140x200"",""composition_label"":""Estructura + futonColor + funda_Lisa"",""product_name"":""Estructura + futonColor + funda_Lisa"",""status"":""ACTIVO"",""legacy_magento_id"":""0504011"",""legacy_ean"":"""",""combination_sku_exact"":""0504011|1254005|0608002"",""combination_key_status"":""EXACT""}",EXACT_SKU,1254005,BLOCKED,SUPPORTING_SOURCE,,,0504011|1254005|0608002,,1254005,NO,NO,NO,YES,1,COMBINATION_SKU_MISSING,"{""quantity_status"":""EXACT"",""physical_match_method"":""EXACT_SKU"",""parent_match_method"":""MISSING_WOO_SKU""}","Evidence row; correlate by combination_sku, component_sku and quantity.",MISSING_WOO_SKU,BLOCKED,BLOCKED,COMBINATION_SKU_MISSING,ACTIVE_SOURCE_COMPOSITION_WITHOUT_WOO_PARENT,ACTIVE_SOURCE_COMPOSITION_WITHOUT_WOO_PARENT,NO,YES,LOW,Exact 001A.0 evidence retained; no fuzzy identity.,UD-005,PENDING_BUSINESS_REVIEW_MAESTRO_COMPOSITION,YES,PENDING_BUSINESS_REVIEW,PENDING,,,,
MAESTRO,417,,,0504011|1251006|0617002,,0504011,1,EXACT,"{""source"":""MAESTRO_GESTIÓN.xlsx:RENTABILIDAD_COSTOS"",""source_row"":417,""parent_code"":""0504011"",""component_slot"":""ART1"",""component_code"":""0504011"",""quantity"":""1"",""quantity_status"":""EXACT"",""is_combination_row"":""YES"",""family"":""Sofás Cama"",""model"":""Zúrich"",""finish"":""Natural"",""measure"":""140x200"",""composition_label"":""Estructura + futonColor + funda_GrisJaspeada"",""product_name"":""Estructura + futonColor + funda_GrisJaspeada"",""status"":""ACTIVO"",""legacy_magento_id"":""0504011"",""legacy_ean"":"""",""combination_sku_exact"":""0504011|1251006|0617002"",""combination_key_status"":""EXACT""}",EXACT_SKU,504011,BLOCKED,SUPPORTING_SOURCE,,,0504011|1251006|0617002,,504011,NO,NO,NO,YES,1,COMBINATION_SKU_MISSING,"{""quantity_status"":""EXACT"",""physical_match_method"":""EXACT_SKU"",""parent_match_method"":""MISSING_WOO_SKU""}","Evidence row; correlate by combination_sku, component_sku and quantity.",MISSING_WOO_SKU,BLOCKED,BLOCKED,COMBINATION_SKU_MISSING,ACTIVE_SOURCE_COMPOSITION_WITHOUT_WOO_PARENT,ACTIVE_SOURCE_COMPOSITION_WITHOUT_WOO_PARENT,NO,YES,LOW,Exact 001A.0 evidence retained; no fuzzy identity.,UD-005,PENDING_BUSINESS_REVIEW_MAESTRO_COMPOSITION,YES,PENDING_BUSINESS_REVIEW,PENDING,,,,
MAESTRO,417,,,0504011|1251006|0617002,,0617002,1,EXACT,"{""source"":""MAESTRO_GESTIÓN.xlsx:RENTABILIDAD_COSTOS"",""source_row"":417,""parent_code"":""0504011"",""component_slot"":""ART4"",""component_code"":""0617002"",""quantity"":""1"",""quantity_status"":""EXACT"",""is_combination_row"":""YES"",""family"":""Sofás Cama"",""model"":""Zúrich"",""finish"":""Natural"",""measure"":""140x200"",""composition_label"":""Estructura + futonColor + funda_GrisJaspeada"",""product_name"":""Estructura + futonColor + funda_GrisJaspeada"",""status"":""ACTIVO"",""legacy_magento_id"":""0504011"",""legacy_ean"":"""",""combination_sku_exact"":""0504011|1251006|0617002"",""combination_key_status"":""EXACT""}",EXACT_SKU,617002,BLOCKED,SUPPORTING_SOURCE,,,0504011|1251006|0617002,,617002,NO,NO,NO,YES,1,COMBINATION_SKU_MISSING,"{""quantity_status"":""EXACT"",""physical_match_method"":""EXACT_SKU"",""parent_match_method"":""MISSING_WOO_SKU""}","Evidence row; correlate by combination_sku, component_sku and quantity.",MISSING_WOO_SKU,BLOCKED,BLOCKED,COMBINATION_SKU_MISSING,ACTIVE_SOURCE_COMPOSITION_WITHOUT_WOO_PARENT,ACTIVE_SOURCE_COMPOSITION_WITHOUT_WOO_PARENT,NO,YES,LOW,Exact 001A.0 evidence retained; no fuzzy identity.,UD-005,PENDING_BUSINESS_REVIEW_MAESTRO_COMPOSITION,YES,PENDING_BUSINESS_REVIEW,PENDING,,,,
MAESTRO,417,,,0504011|1251006|0617002,,1251006,1,EXACT,"{""source"":""MAESTRO_GESTIÓN.xlsx:RENTABILIDAD_COSTOS"",""source_row"":417,""parent_code"":""0504011"",""component_slot"":""ART2"",""component_code"":""1251006"",""quantity"":""1"",""quantity_status"":""EXACT"",""is_combination_row"":""YES"",""family"":""Sofás Cama"",""model"":""Zúrich"",""finish"":""Natural"",""measure"":""140x200"",""composition_label"":""Estructura + futonColor + funda_GrisJaspeada"",""product_name"":""Estructura + futonColor + funda_GrisJaspeada"",""status"":""ACTIVO"",""legacy_magento_id"":""0504011"",""legacy_ean"":"""",""combination_sku_exact"":""0504011|1251006|0617002"",""combination_key_status"":""EXACT""}",EXACT_SKU,1251006,BLOCKED,SUPPORTING_SOURCE,,,0504011|1251006|0617002,,1251006,NO,NO,NO,YES,1,COMBINATION_SKU_MISSING,"{""quantity_status"":""EXACT"",""physical_match_method"":""EXACT_SKU"",""parent_match_method"":""MISSING_WOO_SKU""}","Evidence row; correlate by combination_sku, component_sku and quantity.",MISSING_WOO_SKU,BLOCKED,BLOCKED,COMBINATION_SKU_MISSING,ACTIVE_SOURCE_COMPOSITION_WITHOUT_WOO_PARENT,ACTIVE_SOURCE_COMPOSITION_WITHOUT_WOO_PARENT,NO,YES,LOW,Exact 001A.0 evidence retained; no fuzzy identity.,UD-005,PENDING_BUSINESS_REVIEW_MAESTRO_COMPOSITION,YES,PENDING_BUSINESS_REVIEW,PENDING,,,,
MAESTRO,432,,,0201011|0813001,,0201011,1,EXACT,"{""source"":""MAESTRO_GESTIÓN.xlsx:RENTABILIDAD_COSTOS"",""source_row"":432,""parent_code"":""0201011"",""component_slot"":""ART1"",""component_code"":""0201011"",""quantity"":""1"",""quantity_status"":""EXACT"",""is_combination_row"":""YES"",""family"":""Tatamis"",""model"":""TatamPlegableFutónPortátl"",""finish"":""Naranja"",""measure"":""90x200x1,2"",""composition_label"":""TatamiPlegable + FutónPortátl"",""product_name"":""TatamPlegableFutónPortátl Naranja"",""status"":""ACTIVO"",""legacy_magento_id"":""0201011"",""legacy_ean"":"""",""combination_sku_exact"":""0201011|0813001"",""combination_key_status"":""EXACT""}",EXACT_SKU,201011,BLOCKED,SUPPORTING_SOURCE,,,0201011|0813001,,201011,NO,NO,NO,YES,1,COMBINATION_SKU_MISSING,"{""quantity_status"":""EXACT"",""physical_match_method"":""EXACT_SKU"",""parent_match_method"":""MISSING_WOO_SKU""}","Evidence row; correlate by combination_sku, component_sku and quantity.",MISSING_WOO_SKU,BLOCKED,BLOCKED,COMBINATION_SKU_MISSING,ACTIVE_SOURCE_COMPOSITION_WITHOUT_WOO_PARENT,ACTIVE_SOURCE_COMPOSITION_WITHOUT_WOO_PARENT,NO,YES,LOW,Exact 001A.0 evidence retained; no fuzzy identity.,UD-005,PENDING_BUSINESS_REVIEW_MAESTRO_COMPOSITION,YES,PENDING_BUSINESS_REVIEW,PENDING,,,,
MAESTRO,432,,,0201011|0813001,,0813001,1,EXACT,"{""source"":""MAESTRO_GESTIÓN.xlsx:RENTABILIDAD_COSTOS"",""source_row"":432,""parent_code"":""0201011"",""component_slot"":""ART2"",""component_code"":""0813001"",""quantity"":""1"",""quantity_status"":""EXACT"",""is_combination_row"":""YES"",""family"":""Tatamis"",""model"":""TatamPlegableFutónPortátl"",""finish"":""Naranja"",""measure"":""90x200x1,2"",""composition_label"":""TatamiPlegable + FutónPortátl"",""product_name"":""TatamPlegableFutónPortátl Naranja"",""status"":""ACTIVO"",""legacy_magento_id"":""0201011"",""legacy_ean"":"""",""combination_sku_exact"":""0201011|0813001"",""combination_key_status"":""EXACT""}",EXACT_SKU,813001,BLOCKED,SUPPORTING_SOURCE,,,0201011|0813001,,813001,NO,NO,NO,YES,1,COMBINATION_SKU_MISSING,"{""quantity_status"":""EXACT"",""physical_match_method"":""EXACT_SKU"",""parent_match_method"":""MISSING_WOO_SKU""}","Evidence row; correlate by combination_sku, component_sku and quantity.",MISSING_WOO_SKU,BLOCKED,BLOCKED,COMBINATION_SKU_MISSING,ACTIVE_SOURCE_COMPOSITION_WITHOUT_WOO_PARENT,ACTIVE_SOURCE_COMPOSITION_WITHOUT_WOO_PARENT,NO,YES,LOW,Exact 001A.0 evidence retained; no fuzzy identity.,UD-005,PENDING_BUSINESS_REVIEW_MAESTRO_COMPOSITION,YES,PENDING_BUSINESS_REVIEW,PENDING,,,,
MAESTRO,433,,,0201011|0814001,,0201011,1,EXACT,"{""source"":""MAESTRO_GESTIÓN.xlsx:RENTABILIDAD_COSTOS"",""source_row"":433,""parent_code"":""0201011"",""component_slot"":""ART1"",""component_code"":""0201011"",""quantity"":""1"",""quantity_status"":""EXACT"",""is_combination_row"":""YES"",""family"":""Tatamis"",""model"":""TatamPlegableFutónPortátl"",""finish"":""verde"",""measure"":""90x200x1,2"",""composition_label"":""TatamiPlegable + FutónPortátl"",""product_name"":""TatamPlegableFutónPortátl Verde"",""status"":""ACTIVO"",""legacy_magento_id"":""0201011"",""legacy_ean"":"""",""combination_sku_exact"":""0201011|0814001"",""combination_key_status"":""EXACT""}",EXACT_SKU,201011,BLOCKED,SUPPORTING_SOURCE,,,0201011|0814001,,201011,NO,NO,NO,YES,1,COMBINATION_SKU_MISSING,"{""quantity_status"":""EXACT"",""physical_match_method"":""EXACT_SKU"",""parent_match_method"":""MISSING_WOO_SKU""}","Evidence row; correlate by combination_sku, component_sku and quantity.",MISSING_WOO_SKU,BLOCKED,BLOCKED,COMBINATION_SKU_MISSING,ACTIVE_SOURCE_COMPOSITION_WITHOUT_WOO_PARENT,ACTIVE_SOURCE_COMPOSITION_WITHOUT_WOO_PARENT,NO,YES,LOW,Exact 001A.0 evidence retained; no fuzzy identity.,UD-005,PENDING_BUSINESS_REVIEW_MAESTRO_COMPOSITION,YES,PENDING_BUSINESS_REVIEW,PENDING,,,,
MAESTRO,433,,,0201011|0814001,,0814001,1,EXACT,"{""source"":""MAESTRO_GESTIÓN.xlsx:RENTABILIDAD_COSTOS"",""source_row"":433,""parent_code"":""0201011"",""component_slot"":""ART2"",""component_code"":""0814001"",""quantity"":""1"",""quantity_status"":""EXACT"",""is_combination_row"":""YES"",""family"":""Tatamis"",""model"":""TatamPlegableFutónPortátl"",""finish"":""verde"",""measure"":""90x200x1,2"",""composition_label"":""TatamiPlegable + FutónPortátl"",""product_name"":""TatamPlegableFutónPortátl Verde"",""status"":""ACTIVO"",""legacy_magento_id"":""0201011"",""legacy_ean"":"""",""combination_sku_exact"":""0201011|0814001"",""combination_key_status"":""EXACT""}",EXACT_SKU,814001,BLOCKED,SUPPORTING_SOURCE,,,0201011|0814001,,814001,NO,NO,NO,YES,1,COMBINATION_SKU_MISSING,"{""quantity_status"":""EXACT"",""physical_match_method"":""EXACT_SKU"",""parent_match_method"":""MISSING_WOO_SKU""}","Evidence row; correlate by combination_sku, component_sku and quantity.",MISSING_WOO_SKU,BLOCKED,BLOCKED,COMBINATION_SKU_MISSING,ACTIVE_SOURCE_COMPOSITION_WITHOUT_WOO_PARENT,ACTIVE_SOURCE_COMPOSITION_WITHOUT_WOO_PARENT,NO,YES,LOW,Exact 001A.0 evidence retained; no fuzzy identity.,UD-005,PENDING_BUSINESS_REVIEW_MAESTRO_COMPOSITION,YES,PENDING_BUSINESS_REVIEW,PENDING,,,,
MAESTRO,46,,,0201010|0201010|0726007,,0201010,2,EXACT,"{""source"":""MAESTRO_GESTIÓN.xlsx:RENTABILIDAD_COSTOS"",""source_row"":46,""parent_code"":""0201010"",""component_slot"":""ART1"",""component_code"":""0201010"",""quantity"":""2"",""quantity_status"":""EXACT"",""is_combination_row"":""YES"",""family"":""Combinación TatamisFuton"",""model"":""1 capa látex"",""finish"":""1 capa látex (90x200)"",""measure"":""100x200x5,5"",""composition_label"":""2 Tatamis + Futon 1 látex"",""product_name"":""Combinación 2 Tatamis (100X200) futón algodón 1 capa látex (90x200)"",""status"":""ACTIVO"",""legacy_magento_id"":""0201010"",""legacy_ean"":"""",""combination_sku_exact"":""0201010|0201010|0726007"",""combination_key_status"":""EXACT""}",EXACT_SKU,201010,BLOCKED,SUPPORTING_SOURCE,,,0201010|0201010|0726007,,201010,NO,NO,NO,YES,1,COMBINATION_SKU_MISSING,"{""quantity_status"":""EXACT"",""physical_match_method"":""EXACT_SKU"",""parent_match_method"":""MISSING_WOO_SKU""}","Evidence row; correlate by combination_sku, component_sku and quantity.",MISSING_WOO_SKU,BLOCKED,BLOCKED,COMBINATION_SKU_MISSING,ACTIVE_SOURCE_COMPOSITION_WITHOUT_WOO_PARENT,ACTIVE_SOURCE_COMPOSITION_WITHOUT_WOO_PARENT,NO,YES,LOW,Exact 001A.0 evidence retained; no fuzzy identity.,UD-005,PENDING_BUSINESS_REVIEW_MAESTRO_COMPOSITION,YES,PENDING_BUSINESS_REVIEW,PENDING,,,,
MAESTRO,46,,,0201010|0201010|0726007,,0726007,1,EXACT,"{""source"":""MAESTRO_GESTIÓN.xlsx:RENTABILIDAD_COSTOS"",""source_row"":46,""parent_code"":""0201010"",""component_slot"":""ART2"",""component_code"":""0726007"",""quantity"":""1"",""quantity_status"":""EXACT"",""is_combination_row"":""YES"",""family"":""Combinación TatamisFuton"",""model"":""1 capa látex"",""finish"":""1 capa látex (90x200)"",""measure"":""100x200x5,5"",""composition_label"":""2 Tatamis + Futon 1 látex"",""product_name"":""Combinación 2 Tatamis (100X200) futón algodón 1 capa látex (90x200)"",""status"":""ACTIVO"",""legacy_magento_id"":""0201010"",""legacy_ean"":"""",""combination_sku_exact"":""0201010|0201010|0726007"",""combination_key_status"":""EXACT""}",EXACT_SKU,726007,BLOCKED,SUPPORTING_SOURCE,,,0201010|0201010|0726007,,726007,NO,NO,NO,YES,1,COMBINATION_SKU_MISSING,"{""quantity_status"":""EXACT"",""physical_match_method"":""EXACT_SKU"",""parent_match_method"":""MISSING_WOO_SKU""}","Evidence row; correlate by combination_sku, component_sku and quantity.",MISSING_WOO_SKU,BLOCKED,BLOCKED,COMBINATION_SKU_MISSING,ACTIVE_SOURCE_COMPOSITION_WITHOUT_WOO_PARENT,ACTIVE_SOURCE_COMPOSITION_WITHOUT_WOO_PARENT,NO,YES,LOW,Exact 001A.0 evidence retained; no fuzzy identity.,UD-005,PENDING_BUSINESS_REVIEW_MAESTRO_COMPOSITION,YES,PENDING_BUSINESS_REVIEW,PENDING,,,,
WOO_SKU_COMPONENT_LIST,sku_component[1],11726,11716,0201001|0201001|1244001|1245001-1,,0201001,2,EXACT,SKU Woo literal: 0201001|0201001|1244001|1245001-1,EXACT_SKU,201001,EXACT,PRIMARY_WOO,11726,11716,0201001|0201001|1244001|1245001-1,"Negro, Rojo, Sin funda, Sin funda",201001,YES,NO,NO,NO,1,COMPOSITION_EXACT_WOO,,"Evidence row; correlate by combination_sku, component_sku and quantity.",,EXACT,EXACT,COMPOSITION_EXACT_WOO,COMPOSITION_EXACT_WOO,UNCHANGED_EXACT_EVIDENCE,YES,NO,HIGH,Exact 001A.0 evidence retained; no fuzzy identity.,TECH-001,UNRESOLVED_EXACT_EVIDENCE_OUTSIDE_BUSINESS_SCOPE,NO_RELATED_COMBINATION,PENDING_TECHNICAL_EVIDENCE,NOT_SUBMITTED_TECHNICAL,,,,
WOO_SKU_COMPONENT_LIST,sku_component[1],11723,11716,0201001|0201001|1244001|1249001-1,,0201001,2,EXACT,SKU Woo literal: 0201001|0201001|1244001|1249001-1,EXACT_SKU,201001,EXACT,PRIMARY_WOO,11723,11716,0201001|0201001|1244001|1249001-1,"Negro, Crudo, Sin funda, Sin funda",201001,YES,NO,NO,NO,1,COMPOSITION_EXACT_WOO,,"Evidence row; correlate by combination_sku, component_sku and quantity.",,EXACT,EXACT,COMPOSITION_EXACT_WOO,COMPOSITION_EXACT_WOO,UNCHANGED_EXACT_EVIDENCE,YES,NO,HIGH,Exact 001A.0 evidence retained; no fuzzy identity.,TECH-001,UNRESOLVED_EXACT_EVIDENCE_OUTSIDE_BUSINESS_SCOPE,NO_RELATED_COMBINATION,PENDING_TECHNICAL_EVIDENCE,NOT_SUBMITTED_TECHNICAL,,,,
WOO_SKU_COMPONENT_LIST,sku_component[1],11731,11716,0201001|0201001|1245001|1244001-1,,0201001,2,EXACT,SKU Woo literal: 0201001|0201001|1245001|1244001-1,EXACT_SKU,201001,EXACT,PRIMARY_WOO,11731,11716,0201001|0201001|1245001|1244001-1,"Rojo, Negro, Sin funda, Sin funda",201001,YES,NO,NO,NO,1,COMPOSITION_EXACT_WOO,,"Evidence row; correlate by combination_sku, component_sku and quantity.",,EXACT,EXACT,COMPOSITION_EXACT_WOO,COMPOSITION_EXACT_WOO,UNCHANGED_EXACT_EVIDENCE,YES,NO,HIGH,Exact 001A.0 evidence retained; no fuzzy identity.,TECH-001,UNRESOLVED_EXACT_EVIDENCE_OUTSIDE_BUSINESS_SCOPE,NO_RELATED_COMBINATION,PENDING_TECHNICAL_EVIDENCE,NOT_SUBMITTED_TECHNICAL,,,,
WOO_SKU_COMPONENT_LIST,sku_component[1],11718,11716,0201001|0201001|1245001|1245001-1,,0201001,2,EXACT,SKU Woo literal: 0201001|0201001|1245001|1245001-1,EXACT_SKU,201001,EXACT,PRIMARY_WOO,11718,11716,0201001|0201001|1245001|1245001-1,"Rojo, Rojo, Sin funda, Sin funda",201001,YES,NO,NO,NO,1,COMPOSITION_EXACT_WOO,,"Evidence row; correlate by combination_sku, component_sku and quantity.",,EXACT,EXACT,COMPOSITION_EXACT_WOO,COMPOSITION_EXACT_WOO,UNCHANGED_EXACT_EVIDENCE,YES,NO,HIGH,Exact 001A.0 evidence retained; no fuzzy identity.,TECH-001,UNRESOLVED_EXACT_EVIDENCE_OUTSIDE_BUSINESS_SCOPE,NO_RELATED_COMBINATION,PENDING_TECHNICAL_EVIDENCE,NOT_SUBMITTED_TECHNICAL,,,,
WOO_SKU_COMPONENT_LIST,sku_component[1],11729,11716,0201001|0201001|1245001|1249001-1,,0201001,2,EXACT,SKU Woo literal: 0201001|0201001|1245001|1249001-1,EXACT_SKU,201001,EXACT,PRIMARY_WOO,11729,11716,0201001|0201001|1245001|1249001-1,"Rojo, Crudo, Sin funda, Sin funda",201001,YES,NO,NO,NO,1,COMPOSITION_EXACT_WOO,,"Evidence row; correlate by combination_sku, component_sku and quantity.",,EXACT,EXACT,COMPOSITION_EXACT_WOO,COMPOSITION_EXACT_WOO,UNCHANGED_EXACT_EVIDENCE,YES,NO,HIGH,Exact 001A.0 evidence retained; no fuzzy identity.,TECH-001,UNRESOLVED_EXACT_EVIDENCE_OUTSIDE_BUSINESS_SCOPE,NO_RELATED_COMBINATION,PENDING_TECHNICAL_EVIDENCE,NOT_SUBMITTED_TECHNICAL,,,,
WOO_SKU_COMPONENT_LIST,sku_component[1],11719,11716,0201001|0201001|1249001|1244001-1,,0201001,2,EXACT,SKU Woo literal: 0201001|0201001|1249001|1244001-1,EXACT_SKU,201001,EXACT,PRIMARY_WOO,11719,11716,0201001|0201001|1249001|1244001-1,"Crudo, Negro, Sin funda, Sin funda",201001,YES,NO,NO,NO,1,COMPOSITION_EXACT_WOO,,"Evidence row; correlate by combination_sku, component_sku and quantity.",,EXACT,EXACT,COMPOSITION_EXACT_WOO,COMPOSITION_EXACT_WOO,UNCHANGED_EXACT_EVIDENCE,YES,NO,HIGH,Exact 001A.0 evidence retained; no fuzzy identity.,TECH-001,UNRESOLVED_EXACT_EVIDENCE_OUTSIDE_BUSINESS_SCOPE,NO_RELATED_COMBINATION,PENDING_TECHNICAL_EVIDENCE,NOT_SUBMITTED_TECHNICAL,,,,
WOO_SKU_COMPONENT_LIST,sku_component[1],11720,11716,0201001|0201001|1249001|1245001-1,,0201001,2,EXACT,SKU Woo literal: 0201001|0201001|1249001|1245001-1,EXACT_SKU,201001,EXACT,PRIMARY_WOO,11720,11716,0201001|0201001|1249001|1245001-1,"Crudo, Rojo, Sin funda, Sin funda",201001,YES,NO,NO,NO,1,COMPOSITION_EXACT_WOO,,"Evidence row; correlate by combination_sku, component_sku and quantity.",,EXACT,EXACT,COMPOSITION_EXACT_WOO,COMPOSITION_EXACT_WOO,UNCHANGED_EXACT_EVIDENCE,YES,NO,HIGH,Exact 001A.0 evidence retained; no fuzzy identity.,TECH-001,UNRESOLVED_EXACT_EVIDENCE_OUTSIDE_BUSINESS_SCOPE,NO_RELATED_COMBINATION,PENDING_TECHNICAL_EVIDENCE,NOT_SUBMITTED_TECHNICAL,,,,
WOO_SKU_COMPONENT_LIST,sku_component[1],11717,11716,0201001|0201001|1249001|1249001-1,,0201001,2,EXACT,SKU Woo literal: 0201001|0201001|1249001|1249001-1,EXACT_SKU,201001,EXACT,PRIMARY_WOO,11717,11716,0201001|0201001|1249001|1249001-1,"Crudo, Crudo, Sin funda, Sin funda",201001,YES,NO,NO,NO,1,COMPOSITION_EXACT_WOO,,"Evidence row; correlate by combination_sku, component_sku and quantity.",,EXACT,EXACT,COMPOSITION_EXACT_WOO,COMPOSITION_EXACT_WOO,UNCHANGED_EXACT_EVIDENCE,YES,NO,HIGH,Exact 001A.0 evidence retained; no fuzzy identity.,TECH-001,UNRESOLVED_EXACT_EVIDENCE_OUTSIDE_BUSINESS_SCOPE,NO_RELATED_COMBINATION,PENDING_TECHNICAL_EVIDENCE,NOT_SUBMITTED_TECHNICAL,,,,
WOO_SKU_COMPONENT_LIST,sku_component[1],4591,3658,0201001|0201001|1249001|1249001|0606011|0606011,,0201001,2,EXACT,SKU Woo literal: 0201001|0201001|1249001|1249001|0606011|0606011,EXACT_SKU,201001,EXACT,PRIMARY_WOO,4591,3658,0201001|0201001|1249001|1249001|0606011|0606011,"Crudo, Crudo, Granate, Granate",201001,YES,NO,NO,NO,1,COMPOSITION_EXACT_WOO,,"Evidence row; correlate by combination_sku, component_sku and quantity.",,EXACT,EXACT,COMPOSITION_EXACT_WOO,COMPOSITION_EXACT_WOO,UNCHANGED_EXACT_EVIDENCE,YES,NO,HIGH,Exact 001A.0 evidence retained; no fuzzy identity.,UD-001,PENDING_BUSINESS_REVIEW_PLACEHOLDER_011,NO_RELATED_COMBINATION,PENDING_BUSINESS_REVIEW,PENDING,,,,
WOO_SKU_COMPONENT_LIST,sku_component[1],11725,11716,0201001|0201001|1249001|1249001|0606011|0606011-1,,0201001,2,EXACT,SKU Woo literal: 0201001|0201001|1249001|1249001|0606011|0606011-1,EXACT_SKU,201001,EXACT,PRIMARY_WOO,11725,11716,0201001|0201001|1249001|1249001|0606011|0606011-1,"Crudo, Crudo, Granate, Granate",201001,YES,NO,NO,NO,1,COMPOSITION_EXACT_WOO,,"Evidence row; correlate by combination_sku, component_sku and quantity.",,EXACT,EXACT,COMPOSITION_EXACT_WOO,COMPOSITION_EXACT_WOO,UNCHANGED_EXACT_EVIDENCE,YES,NO,HIGH,Exact 001A.0 evidence retained; no fuzzy identity.,UD-001,PENDING_BUSINESS_REVIEW_PLACEHOLDER_011,NO_RELATED_COMBINATION,PENDING_BUSINESS_REVIEW,PENDING,,,,
WOO_SKU_COMPONENT_LIST,sku_component[1],4645,3658,0201001|0201001|1249001|1249001|0606011|0607011,,0201001,2,EXACT,SKU Woo literal: 0201001|0201001|1249001|1249001|0606011|0607011,EXACT_SKU,201001,EXACT,PRIMARY_WOO,4645,3658,0201001|0201001|1249001|1249001|0606011|0607011,"Crudo, Crudo, Granate, Rojo",201001,YES,NO,NO,NO,1,COMPOSITION_EXACT_WOO,,"Evidence row; correlate by combination_sku, component_sku and quantity.",,EXACT,EXACT,COMPOSITION_EXACT_WOO,COMPOSITION_EXACT_WOO,UNCHANGED_EXACT_EVIDENCE,YES,NO,HIGH,Exact 001A.0 evidence retained; no fuzzy identity.,UD-001,PENDING_BUSINESS_REVIEW_PLACEHOLDER_011,NO_RELATED_COMBINATION,PENDING_BUSINESS_REVIEW,PENDING,,,,
WOO_SKU_COMPONENT_LIST,sku_component[1],11750,11716,0201001|0201001|1249001|1249001|0606011|0607011-1,,0201001,2,EXACT,SKU Woo literal: 0201001|0201001|1249001|1249001|0606011|0607011-1,EXACT_SKU,201001,EXACT,PRIMARY_WOO,11750,11716,0201001|0201001|1249001|1249001|0606011|0607011-1,"Crudo, Crudo, Granate, Rojo",201001,YES,NO,NO,NO,1,COMPOSITION_EXACT_WOO,,"Evidence row; correlate by combination_sku, component_sku and quantity.",,EXACT,EXACT,COMPOSITION_EXACT_WOO,COMPOSITION_EXACT_WOO,UNCHANGED_EXACT_EVIDENCE,YES,NO,HIGH,Exact 001A.0 evidence retained; no fuzzy identity.,UD-001,PENDING_BUSINESS_REVIEW_PLACEHOLDER_011,NO_RELATED_COMBINATION,PENDING_BUSINESS_REVIEW,PENDING,,,,
WOO_SKU_COMPONENT_LIST,sku_component[1],4641,3658,0201001|0201001|1249001|1249001|0606011|0608011,,0201001,2,EXACT,SKU Woo literal: 0201001|0201001|1249001|1249001|0606011|0608011,EXACT_SKU,201001,EXACT,PRIMARY_WOO,4641,3658,0201001|0201001|1249001|1249001|0606011|0608011,"Crudo, Crudo, Granate, Crudo",201001,YES,NO,NO,NO,1,COMPOSITION_EXACT_WOO,,"Evidence row; correlate by combination_sku, component_sku and quantity.",,EXACT,EXACT,COMPOSITION_EXACT_WOO,COMPOSITION_EXACT_WOO,UNCHANGED_EXACT_EVIDENCE,YES,NO,HIGH,Exact 001A.0 evidence retained; no fuzzy identity.,UD-001,PENDING_BUSINESS_REVIEW_PLACEHOLDER_011,NO_RELATED_COMBINATION,PENDING_BUSINESS_REVIEW,PENDING,,,,
WOO_SKU_COMPONENT_LIST,sku_component[1],11748,11716,0201001|0201001|1249001|1249001|0606011|0608011-1,,0201001,2,EXACT,SKU Woo literal: 0201001|0201001|1249001|1249001|0606011|0608011-1,EXACT_SKU,201001,EXACT,PRIMARY_WOO,11748,11716,0201001|0201001|1249001|1249001|0606011|0608011-1,"Crudo, Crudo, Granate, Crudo",201001,YES,NO,NO,NO,1,COMPOSITION_EXACT_WOO,,"Evidence row; correlate by combination_sku, component_sku and quantity.",,EXACT,EXACT,COMPOSITION_EXACT_WOO,COMPOSITION_EXACT_WOO,UNCHANGED_EXACT_EVIDENCE,YES,NO,HIGH,Exact 001A.0 evidence retained; no fuzzy identity.,UD-001,PENDING_BUSINESS_REVIEW_PLACEHOLDER_011,NO_RELATED_COMBINATION,PENDING_BUSINESS_REVIEW,PENDING,,,,
WOO_SKU_COMPONENT_LIST,sku_component[1],4639,3658,0201001|0201001|1249001|1249001|0606011|0609011,,0201001,2,EXACT,SKU Woo literal: 0201001|0201001|1249001|1249001|0606011|0609011,EXACT_SKU,201001,EXACT,PRIMARY_WOO,4639,3658,0201001|0201001|1249001|1249001|0606011|0609011,"Crudo, Crudo, Granate, Azul",201001,YES,NO,NO,NO,1,COMPOSITION_EXACT_WOO,,"Evidence row; correlate by combination_sku, component_sku and quantity.",,EXACT,EXACT,COMPOSITION_EXACT_WOO,COMPOSITION_EXACT_WOO,UNCHANGED_EXACT_EVIDENCE,YES,NO,HIGH,Exact 001A.0 evidence retained; no fuzzy identity.,UD-001,PENDING_BUSINESS_REVIEW_PLACEHOLDER_011,NO_RELATED_COMBINATION,PENDING_BUSINESS_REVIEW,PENDING,,,,
WOO_SKU_COMPONENT_LIST,sku_component[1],11747,11716,0201001|0201001|1249001|1249001|0606011|0609011-1,,0201001,2,EXACT,SKU Woo literal: 0201001|0201001|1249001|1249001|0606011|0609011-1,EXACT_SKU,201001,EXACT,PRIMARY_WOO,11747,11716,0201001|0201001|1249001|1249001|0606011|0609011-1,"Crudo, Crudo, Granate, Azul",201001,YES,NO,NO,NO,1,COMPOSITION_EXACT_WOO,,"Evidence row; correlate by combination_sku, component_sku and quantity.",,EXACT,EXACT,COMPOSITION_EXACT_WOO,COMPOSITION_EXACT_WOO,UNCHANGED_EXACT_EVIDENCE,YES,NO,HIGH,Exact 001A.0 evidence retained; no fuzzy identity.,UD-001,PENDING_BUSINESS_REVIEW_PLACEHOLDER_011,NO_RELATED_COMBINATION,PENDING_BUSINESS_REVIEW,PENDING,,,,
WOO_SKU_COMPONENT_LIST,sku_component[1],4638,3658,0201001|0201001|1249001|1249001|0606011|0615011,,0201001,2,EXACT,SKU Woo literal: 0201001|0201001|1249001|1249001|0606011|0615011,EXACT_SKU,201001,EXACT,PRIMARY_WOO,4638,3658,0201001|0201001|1249001|1249001|0606011|0615011,"Crudo, Crudo, Granate, Amarillo",201001,YES,NO,NO,NO,1,COMPOSITION_EXACT_WOO,,"Evidence row; correlate by combination_sku, component_sku and quantity.",,EXACT,EXACT,COMPOSITION_EXACT_WOO,COMPOSITION_EXACT_WOO,UNCHANGED_EXACT_EVIDENCE,YES,NO,HIGH,Exact 001A.0 evidence retained; no fuzzy identity.,UD-001,PENDING_BUSINESS_REVIEW_PLACEHOLDER_011,NO_RELATED_COMBINATION,PENDING_BUSINESS_REVIEW,PENDING,,,,
WOO_SKU_COMPONENT_LIST,sku_component[1],11746,11716,0201001|0201001|1249001|1249001|0606011|0615011-1,,0201001,2,EXACT,SKU Woo literal: 0201001|0201001|1249001|1249001|0606011|0615011-1,EXACT_SKU,201001,EXACT,PRIMARY_WOO,11746,11716,0201001|0201001|1249001|1249001|0606011|0615011-1,"Crudo, Crudo, Granate, Amarillo",201001,YES,NO,NO,NO,1,COMPOSITION_EXACT_WOO,,"Evidence row; correlate by combination_sku, component_sku and quantity.",,EXACT,EXACT,COMPOSITION_EXACT_WOO,COMPOSITION_EXACT_WOO,UNCHANGED_EXACT_EVIDENCE,YES,NO,HIGH,Exact 001A.0 evidence retained; no fuzzy identity.,UD-001,PENDING_BUSINESS_REVIEW_PLACEHOLDER_011,NO_RELATED_COMBINATION,PENDING_BUSINESS_REVIEW,PENDING,,,,
WOO_SKU_COMPONENT_LIST,sku_component[1],4644,3658,0201001|0201001|1249001|1249001|0606011|0616011,,0201001,2,EXACT,SKU Woo literal: 0201001|0201001|1249001|1249001|0606011|0616011,EXACT_SKU,201001,EXACT,PRIMARY_WOO,4644,3658,0201001|0201001|1249001|1249001|0606011|0616011,"Crudo, Crudo, Granate, Negro",201001,YES,NO,NO,NO,1,COMPOSITION_EXACT_WOO,,"Evidence row; correlate by combination_sku, component_sku and quantity.",,EXACT,EXACT,COMPOSITION_EXACT_WOO,COMPOSITION_EXACT_WOO,UNCHANGED_EXACT_EVIDENCE,YES,NO,HIGH,Exact 001A.0 evidence retained; no fuzzy identity.,UD-001,PENDING_BUSINESS_REVIEW_PLACEHOLDER_011,NO_RELATED_COMBINATION,PENDING_BUSINESS_REVIEW,PENDING,,,,
WOO_SKU_COMPONENT_LIST,sku_component[1],11749,11716,0201001|0201001|1249001|1249001|0606011|0616011-1,,0201001,2,EXACT,SKU Woo literal: 0201001|0201001|1249001|1249001|0606011|0616011-1,EXACT_SKU,201001,EXACT,PRIMARY_WOO,11749,11716,0201001|0201001|1249001|1249001|0606011|0616011-1,"Crudo, Crudo, Granate, Negro",201001,YES,NO,NO,NO,1,COMPOSITION_EXACT_WOO,,"Evidence row; correlate by combination_sku, component_sku and quantity.",,EXACT,EXACT,COMPOSITION_EXACT_WOO,COMPOSITION_EXACT_WOO,UNCHANGED_EXACT_EVIDENCE,YES,NO,HIGH,Exact 001A.0 evidence retained; no fuzzy identity.,UD-001,PENDING_BUSINESS_REVIEW_PLACEHOLDER_011,NO_RELATED_COMBINATION,PENDING_BUSINESS_REVIEW,PENDING,,,,
WOO_SKU_COMPONENT_LIST,sku_component[1],4692,3658,0201001|0201001|1249001|1249001|0607011|0606011,,0201001,2,EXACT,SKU Woo literal: 0201001|0201001|1249001|1249001|0607011|0606011,EXACT_SKU,201001,EXACT,PRIMARY_WOO,4692,3658,0201001|0201001|1249001|1249001|0607011|0606011,"Crudo, Crudo, Rojo, Granate",201001,YES,NO,NO,NO,1,COMPOSITION_EXACT_WOO,,"Evidence row; correlate by combination_sku, component_sku and quantity.",,EXACT,EXACT,COMPOSITION_EXACT_WOO,COMPOSITION_EXACT_WOO,UNCHANGED_EXACT_EVIDENCE,YES,NO,HIGH,Exact 001A.0 evidence retained; no fuzzy identity.,UD-001,PENDING_BUSINESS_REVIEW_PLACEHOLDER_011,NO_RELATED_COMBINATION,PENDING_BUSINESS_REVIEW,PENDING,,,,
WOO_SKU_COMPONENT_LIST,sku_component[1],11759,11716,0201001|0201001|1249001|1249001|0607011|0606011-1,,0201001,2,EXACT,SKU Woo literal: 0201001|0201001|1249001|1249001|0607011|0606011-1,EXACT_SKU,201001,EXACT,PRIMARY_WOO,11759,11716,0201001|0201001|1249001|1249001|0607011|0606011-1,"Crudo, Crudo, Rojo, Granate",201001,YES,NO,NO,NO,1,COMPOSITION_EXACT_WOO,,"Evidence row; correlate by combination_sku, component_sku and quantity.",,EXACT,EXACT,COMPOSITION_EXACT_WOO,COMPOSITION_EXACT_WOO,UNCHANGED_EXACT_EVIDENCE,YES,NO,HIGH,Exact 001A.0 evidence retained; no fuzzy identity.,UD-001,PENDING_BUSINESS_REVIEW_PLACEHOLDER_011,NO_RELATED_COMBINATION,PENDING_BUSINESS_REVIEW,PENDING,,,,
WOO_SKU_COMPONENT_LIST,sku_component[1],4596,3658,0201001|0201001|1249001|1249001|0607011|0607011,,0201001,2,EXACT,SKU Woo literal: 0201001|0201001|1249001|1249001|0607011|0607011,EXACT_SKU,201001,EXACT,PRIMARY_WOO,4596,3658,0201001|0201001|1249001|1249001|0607011|0607011,"Crudo, Crudo, Rojo, Rojo",201001,YES,NO,NO,NO,1,COMPOSITION_EXACT_WOO,,"Evidence row; correlate by combination_sku, component_sku and quantity.",,EXACT,EXACT,COMPOSITION_EXACT_WOO,COMPOSITION_EXACT_WOO,UNCHANGED_EXACT_EVIDENCE,YES,NO,HIGH,Exact 001A.0 evidence retained; no fuzzy identity.,UD-001,PENDING_BUSINESS_REVIEW_PLACEHOLDER_011,NO_RELATED_COMBINATION,PENDING_BUSINESS_REVIEW,PENDING,,,,
WOO_SKU_COMPONENT_LIST,sku_component[1],11728,11716,0201001|0201001|1249001|1249001|0607011|0607011-1,,0201001,2,EXACT,SKU Woo literal: 0201001|0201001|1249001|1249001|0607011|0607011-1,EXACT_SKU,201001,EXACT,PRIMARY_WOO,11728,11716,0201001|0201001|1249001|1249001|0607011|0607011-1,"Crudo, Crudo, Rojo, Rojo",201001,YES,NO,NO,NO,1,COMPOSITION_EXACT_WOO,,"Evidence row; correlate by combination_sku, component_sku and quantity.",,EXACT,EXACT,COMPOSITION_EXACT_WOO,COMPOSITION_EXACT_WOO,UNCHANGED_EXACT_EVIDENCE,YES,NO,HIGH,Exact 001A.0 evidence retained; no fuzzy identity.,UD-001,PENDING_BUSINESS_REVIEW_PLACEHOLDER_011,NO_RELATED_COMBINATION,PENDING_BUSINESS_REVIEW,PENDING,,,,
WOO_SKU_COMPONENT_LIST,sku_component[1],4691,3658,0201001|0201001|1249001|1249001|0607011|0608011,,0201001,2,EXACT,SKU Woo literal: 0201001|0201001|1249001|1249001|0607011|0608011,EXACT_SKU,201001,EXACT,PRIMARY_WOO,4691,3658,0201001|0201001|1249001|1249001|0607011|0608011,"Crudo, Crudo, Rojo, Crudo",201001,YES,NO,NO,NO,1,COMPOSITION_EXACT_WOO,,"Evidence row; correlate by combination_sku, component_sku and quantity.",,EXACT,EXACT,COMPOSITION_EXACT_WOO,COMPOSITION_EXACT_WOO,UNCHANGED_EXACT_EVIDENCE,YES,NO,HIGH,Exact 001A.0 evidence retained; no fuzzy identity.,UD-001,PENDING_BUSINESS_REVIEW_PLACEHOLDER_011,NO_RELATED_COMBINATION,PENDING_BUSINESS_REVIEW,PENDING,,,,
WOO_SKU_COMPONENT_LIST,sku_component[1],11758,11716,0201001|0201001|1249001|1249001|0607011|0608011-1,,0201001,2,EXACT,SKU Woo literal: 0201001|0201001|1249001|1249001|0607011|0608011-1,EXACT_SKU,201001,EXACT,PRIMARY_WOO,11758,11716,0201001|0201001|1249001|1249001|0607011|0608011-1,"Crudo, Crudo, Rojo, Crudo",201001,YES,NO,NO,NO,1,COMPOSITION_EXACT_WOO,,"Evidence row; correlate by combination_sku, component_sku and quantity.",,EXACT,EXACT,COMPOSITION_EXACT_WOO,COMPOSITION_EXACT_WOO,UNCHANGED_EXACT_EVIDENCE,YES,NO,HIGH,Exact 001A.0 evidence retained; no fuzzy identity.,UD-001,PENDING_BUSINESS_REVIEW_PLACEHOLDER_011,NO_RELATED_COMBINATION,PENDING_BUSINESS_REVIEW,PENDING,,,,
WOO_SKU_COMPONENT_LIST,sku_component[1],4689,3658,0201001|0201001|1249001|1249001|0607011|0609011,,0201001,2,EXACT,SKU Woo literal: 0201001|0201001|1249001|1249001|0607011|0609011,EXACT_SKU,201001,EXACT,PRIMARY_WOO,4689,3658,0201001|0201001|1249001|1249001|0607011|0609011,"Crudo, Crudo, Rojo, Azul",201001,YES,NO,NO,NO,1,COMPOSITION_EXACT_WOO,,"Evidence row; correlate by combination_sku, component_sku and quantity.",,EXACT,EXACT,COMPOSITION_EXACT_WOO,COMPOSITION_EXACT_WOO,UNCHANGED_EXACT_EVIDENCE,YES,NO,HIGH,Exact 001A.0 evidence retained; no fuzzy identity.,UD-001,PENDING_BUSINESS_REVIEW_PLACEHOLDER_011,NO_RELATED_COMBINATION,PENDING_BUSINESS_REVIEW,PENDING,,,,
WOO_SKU_COMPONENT_LIST,sku_component[1],11757,11716,0201001|0201001|1249001|1249001|0607011|0609011-1,,0201001,2,EXACT,SKU Woo literal: 0201001|0201001|1249001|1249001|0607011|0609011-1,EXACT_SKU,201001,EXACT,PRIMARY_WOO,11757,11716,0201001|0201001|1249001|1249001|0607011|0609011-1,"Crudo, Crudo, Rojo, Azul",201001,YES,NO,NO,NO,1,COMPOSITION_EXACT_WOO,,"Evidence row; correlate by combination_sku, component_sku and quantity.",,EXACT,EXACT,COMPOSITION_EXACT_WOO,COMPOSITION_EXACT_WOO,UNCHANGED_EXACT_EVIDENCE,YES,NO,HIGH,Exact 001A.0 evidence retained; no fuzzy identity.,UD-001,PENDING_BUSINESS_REVIEW_PLACEHOLDER_011,NO_RELATED_COMBINATION,PENDING_BUSINESS_REVIEW,PENDING,,,,
WOO_SKU_COMPONENT_LIST,sku_component[1],4688,3658,0201001|0201001|1249001|1249001|0607011|0615011,,0201001,2,EXACT,SKU Woo literal: 0201001|0201001|1249001|1249001|0607011|0615011,EXACT_SKU,201001,EXACT,PRIMARY_WOO,4688,3658,0201001|0201001|1249001|1249001|0607011|0615011,"Crudo, Crudo, Rojo, Amarillo",201001,YES,NO,NO,NO,1,COMPOSITION_EXACT_WOO,,"Evidence row; correlate by combination_sku, component_sku and quantity.",,EXACT,EXACT,COMPOSITION_EXACT_WOO,COMPOSITION_EXACT_WOO,UNCHANGED_EXACT_EVIDENCE,YES,NO,HIGH,Exact 001A.0 evidence retained; no fuzzy identity.,UD-001,PENDING_BUSINESS_REVIEW_PLACEHOLDER_011,NO_RELATED_COMBINATION,PENDING_BUSINESS_REVIEW,PENDING,,,,
WOO_SKU_COMPONENT_LIST,sku_component[1],11756,11716,0201001|0201001|1249001|1249001|0607011|0615011-1,,0201001,2,EXACT,SKU Woo literal: 0201001|0201001|1249001|1249001|0607011|0615011-1,EXACT_SKU,201001,EXACT,PRIMARY_WOO,11756,11716,0201001|0201001|1249001|1249001|0607011|0615011-1,"Crudo, Crudo, Rojo, Amarillo",201001,YES,NO,NO,NO,1,COMPOSITION_EXACT_WOO,,"Evidence row; correlate by combination_sku, component_sku and quantity.",,EXACT,EXACT,COMPOSITION_EXACT_WOO,COMPOSITION_EXACT_WOO,UNCHANGED_EXACT_EVIDENCE,YES,NO,HIGH,Exact 001A.0 evidence retained; no fuzzy identity.,UD-001,PENDING_BUSINESS_REVIEW_PLACEHOLDER_011,NO_RELATED_COMBINATION,PENDING_BUSINESS_REVIEW,PENDING,,,,
WOO_SKU_COMPONENT_LIST,sku_component[1],4695,3658,0201001|0201001|1249001|1249001|0607011|0616011,,0201001,2,EXACT,SKU Woo literal: 0201001|0201001|1249001|1249001|0607011|0616011,EXACT_SKU,201001,EXACT,PRIMARY_WOO,4695,3658,0201001|0201001|1249001|1249001|0607011|0616011,"Crudo, Crudo, Rojo, Negro",201001,YES,NO,NO,NO,1,COMPOSITION_EXACT_WOO,,"Evidence row; correlate by combination_sku, component_sku and quantity.",,EXACT,EXACT,COMPOSITION_EXACT_WOO,COMPOSITION_EXACT_WOO,UNCHANGED_EXACT_EVIDENCE,YES,NO,HIGH,Exact 001A.0 evidence retained; no fuzzy identity.,UD-001,PENDING_BUSINESS_REVIEW_PLACEHOLDER_011,NO_RELATED_COMBINATION,PENDING_BUSINESS_REVIEW,PENDING,,,,
WOO_SKU_COMPONENT_LIST,sku_component[1],11760,11716,0201001|0201001|1249001|1249001|0607011|0616011-1,,0201001,2,EXACT,SKU Woo literal: 0201001|0201001|1249001|1249001|0607011|0616011-1,EXACT_SKU,201001,EXACT,PRIMARY_WOO,11760,11716,0201001|0201001|1249001|1249001|0607011|0616011-1,"Crudo, Crudo, Rojo, Negro",201001,YES,NO,NO,NO,1,COMPOSITION_EXACT_WOO,,"Evidence row; correlate by combination_sku, component_sku and quantity.",,EXACT,EXACT,COMPOSITION_EXACT_WOO,COMPOSITION_EXACT_WOO,UNCHANGED_EXACT_EVIDENCE,YES,NO,HIGH,Exact 001A.0 evidence retained; no fuzzy identity.,UD-001,PENDING_BUSINESS_REVIEW_PLACEHOLDER_011,NO_RELATED_COMBINATION,PENDING_BUSINESS_REVIEW,PENDING,,,,
WOO_SKU_COMPONENT_LIST,sku_component[1],4631,3658,0201001|0201001|1249001|1249001|0608011|0606011,,0201001,2,EXACT,SKU Woo literal: 0201001|0201001|1249001|1249001|0608011|0606011,EXACT_SKU,201001,EXACT,PRIMARY_WOO,4631,3658,0201001|0201001|1249001|1249001|0608011|0606011,"Crudo, Crudo, Crudo, Granate",201001,YES,NO,NO,NO,1,COMPOSITION_EXACT_WOO,,"Evidence row; correlate by combination_sku, component_sku and quantity.",,EXACT,EXACT,COMPOSITION_EXACT_WOO,COMPOSITION_EXACT_WOO,UNCHANGED_EXACT_EVIDENCE,YES,NO,HIGH,Exact 001A.0 evidence retained; no fuzzy identity.,UD-001,PENDING_BUSINESS_REVIEW_PLACEHOLDER_011,NO_RELATED_COMBINATION,PENDING_BUSINESS_REVIEW,PENDING,,,,
WOO_SKU_COMPONENT_LIST,sku_component[1],11743,11716,0201001|0201001|1249001|1249001|0608011|0606011-1,,0201001,2,EXACT,SKU Woo literal: 0201001|0201001|1249001|1249001|0608011|0606011-1,EXACT_SKU,201001,EXACT,PRIMARY_WOO,11743,11716,0201001|0201001|1249001|1249001|0608011|0606011-1,"Crudo, Crudo, Crudo, Granate",201001,YES,NO,NO,NO,1,COMPOSITION_EXACT_WOO,,"Evidence row; correlate by combination_sku, component_sku and quantity.",,EXACT,EXACT,COMPOSITION_EXACT_WOO,COMPOSITION_EXACT_WOO,UNCHANGED_EXACT_EVIDENCE,YES,NO,HIGH,Exact 001A.0 evidence retained; no fuzzy identity.,UD-001,PENDING_BUSINESS_REVIEW_PLACEHOLDER_011,NO_RELATED_COMBINATION,PENDING_BUSINESS_REVIEW,PENDING,,,,
WOO_SKU_COMPONENT_LIST,sku_component[1],4635,3658,0201001|0201001|1249001|1249001|0608011|0607011,,0201001,2,EXACT,SKU Woo literal: 0201001|0201001|1249001|1249001|0608011|0607011,EXACT_SKU,201001,EXACT,PRIMARY_WOO,4635,3658,0201001|0201001|1249001|1249001|0608011|0607011,"Crudo, Crudo, Crudo, Rojo",201001,YES,NO,NO,NO,1,COMPOSITION_EXACT_WOO,,"Evidence row; correlate by combination_sku, component_sku and quantity.",,EXACT,EXACT,COMPOSITION_EXACT_WOO,COMPOSITION_EXACT_WOO,UNCHANGED_EXACT_EVIDENCE,YES,NO,HIGH,Exact 001A.0 evidence retained; no fuzzy identity.,UD-001,PENDING_BUSINESS_REVIEW_PLACEHOLDER_011,NO_RELATED_COMBINATION,PENDING_BUSINESS_REVIEW,PENDING,,,,
WOO_SKU_COMPONENT_LIST,sku_component[1],11745,11716,0201001|0201001|1249001|1249001|0608011|0607011-1,,0201001,2,EXACT,SKU Woo literal: 0201001|0201001|1249001|1249001|0608011|0607011-1,EXACT_SKU,201001,EXACT,PRIMARY_WOO,11745,11716,0201001|0201001|1249001|1249001|0608011|0607011-1,"Crudo, Crudo, Crudo, Rojo",201001,YES,NO,NO,NO,1,COMPOSITION_EXACT_WOO,,"Evidence row; correlate by combination_sku, component_sku and quantity.",,EXACT,EXACT,COMPOSITION_EXACT_WOO,COMPOSITION_EXACT_WOO,UNCHANGED_EXACT_EVIDENCE,YES,NO,HIGH,Exact 001A.0 evidence retained; no fuzzy identity.,UD-001,PENDING_BUSINESS_REVIEW_PLACEHOLDER_011,NO_RELATED_COMBINATION,PENDING_BUSINESS_REVIEW,PENDING,,,,
WOO_SKU_COMPONENT_LIST,sku_component[1],11724,11716,0201001|0201001|1249001|1249001|0608011|0608011-1,,0201001,2,EXACT,SKU Woo literal: 0201001|0201001|1249001|1249001|0608011|0608011-1,EXACT_SKU,201001,EXACT,PRIMARY_WOO,11724,11716,0201001|0201001|1249001|1249001|0608011|0608011-1,"Crudo, Crudo, Crudo, Crudo",201001,YES,NO,NO,NO,1,COMPOSITION_EXACT_WOO,,"Evidence row; correlate by combination_sku, component_sku and quantity.",,EXACT,EXACT,COMPOSITION_EXACT_WOO,COMPOSITION_EXACT_WOO,UNCHANGED_EXACT_EVIDENCE,YES,NO,HIGH,Exact 001A.0 evidence retained; no fuzzy identity.,UD-001,PENDING_BUSINESS_REVIEW_PLACEHOLDER_011,NO_RELATED_COMBINATION,PENDING_BUSINESS_REVIEW,PENDING,,,,
WOO_SKU_COMPONENT_LIST,sku_component[1],4629,3658,0201001|0201001|1249001|1249001|0608011|0609011,,0201001,2,EXACT,SKU Woo literal: 0201001|0201001|1249001|1249001|0608011|0609011,EXACT_SKU,201001,EXACT,PRIMARY_WOO,4629,3658,0201001|0201001|1249001|1249001|0608011|0609011,"Crudo, Crudo, Crudo, Azul",201001,YES,NO,NO,NO,1,COMPOSITION_EXACT_WOO,,"Evidence row; correlate by combination_sku, component_sku and quantity.",,EXACT,EXACT,COMPOSITION_EXACT_WOO,COMPOSITION_EXACT_WOO,UNCHANGED_EXACT_EVIDENCE,YES,NO,HIGH,Exact 001A.0 evidence retained; no fuzzy identity.,UD-001,PENDING_BUSINESS_REVIEW_PLACEHOLDER_011,NO_RELATED_COMBINATION,PENDING_BUSINESS_REVIEW,PENDING,,,,
WOO_SKU_COMPONENT_LIST,sku_component[1],11742,11716,0201001|0201001|1249001|1249001|0608011|0609011-1,,0201001,2,EXACT,SKU Woo literal: 0201001|0201001|1249001|1249001|0608011|0609011-1,EXACT_SKU,201001,EXACT,PRIMARY_WOO,11742,11716,0201001|0201001|1249001|1249001|0608011|0609011-1,"Crudo, Crudo, Crudo, Azul",201001,YES,NO,NO,NO,1,COMPOSITION_EXACT_WOO,,"Evidence row; correlate by combination_sku, component_sku and quantity.",,EXACT,EXACT,COMPOSITION_EXACT_WOO,COMPOSITION_EXACT_WOO,UNCHANGED_EXACT_EVIDENCE,YES,NO,HIGH,Exact 001A.0 evidence retained; no fuzzy identity.,UD-001,PENDING_BUSINESS_REVIEW_PLACEHOLDER_011,NO_RELATED_COMBINATION,PENDING_BUSINESS_REVIEW,PENDING,,,,
WOO_SKU_COMPONENT_LIST,sku_component[1],11741,11716,0201001|0201001|1249001|1249001|0608011|0615011-1,,0201001,2,EXACT,SKU Woo literal: 0201001|0201001|1249001|1249001|0608011|0615011-1,EXACT_SKU,201001,EXACT,PRIMARY_WOO,11741,11716,0201001|0201001|1249001|1249001|0608011|0615011-1,"Crudo, Crudo, Crudo, Amarillo",201001,YES,NO,NO,NO,1,COMPOSITION_EXACT_WOO,,"Evidence row; correlate by combination_sku, component_sku and quantity.",,EXACT,EXACT,COMPOSITION_EXACT_WOO,COMPOSITION_EXACT_WOO,UNCHANGED_EXACT_EVIDENCE,YES,NO,HIGH,Exact 001A.0 evidence retained; no fuzzy identity.,UD-001,PENDING_BUSINESS_REVIEW_PLACEHOLDER_011,NO_RELATED_COMBINATION,PENDING_BUSINESS_REVIEW,PENDING,,,,
WOO_SKU_COMPONENT_LIST,sku_component[1],4634,3658,0201001|0201001|1249001|1249001|0608011|0616011,,0201001,2,EXACT,SKU Woo literal: 0201001|0201001|1249001|1249001|0608011|0616011,EXACT_SKU,201001,EXACT,PRIMARY_WOO,4634,3658,0201001|0201001|1249001|1249001|0608011|0616011,"Crudo, Crudo, Crudo, Negro",201001,YES,NO,NO,NO,1,COMPOSITION_EXACT_WOO,,"Evidence row; correlate by combination_sku, component_sku and quantity.",,EXACT,EXACT,COMPOSITION_EXACT_WOO,COMPOSITION_EXACT_WOO,UNCHANGED_EXACT_EVIDENCE,YES,NO,HIGH,Exact 001A.0 evidence retained; no fuzzy identity.,UD-001,PENDING_BUSINESS_REVIEW_PLACEHOLDER_011,NO_RELATED_COMBINATION,PENDING_BUSINESS_REVIEW,PENDING,,,,
WOO_SKU_COMPONENT_LIST,sku_component[1],11744,11716,0201001|0201001|1249001|1249001|0608011|0616011-1,,0201001,2,EXACT,SKU Woo literal: 0201001|0201001|1249001|1249001|0608011|0616011-1,EXACT_SKU,201001,EXACT,PRIMARY_WOO,11744,11716,0201001|0201001|1249001|1249001|0608011|0616011-1,"Crudo, Crudo, Crudo, Negro",201001,YES,NO,NO,NO,1,COMPOSITION_EXACT_WOO,,"Evidence row; correlate by combination_sku, component_sku and quantity.",,EXACT,EXACT,COMPOSITION_EXACT_WOO,COMPOSITION_EXACT_WOO,UNCHANGED_EXACT_EVIDENCE,YES,NO,HIGH,Exact 001A.0 evidence retained; no fuzzy identity.,UD-001,PENDING_BUSINESS_REVIEW_PLACEHOLDER_011,NO_RELATED_COMBINATION,PENDING_BUSINESS_REVIEW,PENDING,,,,
WOO_SKU_COMPONENT_LIST,sku_component[1],4611,3658,0201001|0201001|1249001|1249001|0609011|0606011,,0201001,2,EXACT,SKU Woo literal: 0201001|0201001|1249001|1249001|0609011|0606011,EXACT_SKU,201001,EXACT,PRIMARY_WOO,4611,3658,0201001|0201001|1249001|1249001|0609011|0606011,"Crudo, Crudo, Azul, Granate",201001,YES,NO,NO,NO,1,COMPOSITION_EXACT_WOO,,"Evidence row; correlate by combination_sku, component_sku and quantity.",,EXACT,EXACT,COMPOSITION_EXACT_WOO,COMPOSITION_EXACT_WOO,UNCHANGED_EXACT_EVIDENCE,YES,NO,HIGH,Exact 001A.0 evidence retained; no fuzzy identity.,UD-001,PENDING_BUSINESS_REVIEW_PLACEHOLDER_011,NO_RELATED_COMBINATION,PENDING_BUSINESS_REVIEW,PENDING,,,,
WOO_SKU_COMPONENT_LIST,sku_component[1],11738,11716,0201001|0201001|1249001|1249001|0609011|0606011-1,,0201001,2,EXACT,SKU Woo literal: 0201001|0201001|1249001|1249001|0609011|0606011-1,EXACT_SKU,201001,EXACT,PRIMARY_WOO,11738,11716,0201001|0201001|1249001|1249001|0609011|0606011-1,"Crudo, Crudo, Azul, Granate",201001,YES,NO,NO,NO,1,COMPOSITION_EXACT_WOO,,"Evidence row; correlate by combination_sku, component_sku and quantity.",,EXACT,EXACT,COMPOSITION_EXACT_WOO,COMPOSITION_EXACT_WOO,UNCHANGED_EXACT_EVIDENCE,YES,NO,HIGH,Exact 001A.0 evidence retained; no fuzzy identity.,UD-001,PENDING_BUSINESS_REVIEW_PLACEHOLDER_011,NO_RELATED_COMBINATION,PENDING_BUSINESS_REVIEW,PENDING,,,,
WOO_SKU_COMPONENT_LIST,sku_component[1],4615,3658,0201001|0201001|1249001|1249001|0609011|0607011,,0201001,2,EXACT,SKU Woo literal: 0201001|0201001|1249001|1249001|0609011|0607011,EXACT_SKU,201001,EXACT,PRIMARY_WOO,4615,3658,0201001|0201001|1249001|1249001|0609011|0607011,"Crudo, Crudo, Azul, Rojo",201001,YES,NO,NO,NO,1,COMPOSITION_EXACT_WOO,,"Evidence row; correlate by combination_sku, component_sku and quantity.",,EXACT,EXACT,COMPOSITION_EXACT_WOO,COMPOSITION_EXACT_WOO,UNCHANGED_EXACT_EVIDENCE,YES,NO,HIGH,Exact 001A.0 evidence retained; no fuzzy identity.,UD-001,PENDING_BUSINESS_REVIEW_PLACEHOLDER_011,NO_RELATED_COMBINATION,PENDING_BUSINESS_REVIEW,PENDING,,,,
WOO_SKU_COMPONENT_LIST,sku_component[1],11740,11716,0201001|0201001|1249001|1249001|0609011|0607011-1,,0201001,2,EXACT,SKU Woo literal: 0201001|0201001|1249001|1249001|0609011|0607011-1,EXACT_SKU,201001,EXACT,PRIMARY_WOO,11740,11716,0201001|0201001|1249001|1249001|0609011|0607011-1,"Crudo, Crudo, Azul, Rojo",201001,YES,NO,NO,NO,1,COMPOSITION_EXACT_WOO,,"Evidence row; correlate by combination_sku, component_sku and quantity.",,EXACT,EXACT,COMPOSITION_EXACT_WOO,COMPOSITION_EXACT_WOO,UNCHANGED_EXACT_EVIDENCE,YES,NO,HIGH,Exact 001A.0 evidence retained; no fuzzy identity.,UD-001,PENDING_BUSINESS_REVIEW_PLACEHOLDER_011,NO_RELATED_COMBINATION,PENDING_BUSINESS_REVIEW,PENDING,,,,
WOO_SKU_COMPONENT_LIST,sku_component[1],4610,3658,0201001|0201001|1249001|1249001|0609011|0608011,,0201001,2,EXACT,SKU Woo literal: 0201001|0201001|1249001|1249001|0609011|0608011,EXACT_SKU,201001,EXACT,PRIMARY_WOO,4610,3658,0201001|0201001|1249001|1249001|0609011|0608011,"Crudo, Crudo, Azul, Crudo",201001,YES,NO,NO,NO,1,COMPOSITION_EXACT_WOO,,"Evidence row; correlate by combination_sku, component_sku and quantity.",,EXACT,EXACT,COMPOSITION_EXACT_WOO,COMPOSITION_EXACT_WOO,UNCHANGED_EXACT_EVIDENCE,YES,NO,HIGH,Exact 001A.0 evidence retained; no fuzzy identity.,UD-001,PENDING_BUSINESS_REVIEW_PLACEHOLDER_011,NO_RELATED_COMBINATION,PENDING_BUSINESS_REVIEW,PENDING,,,,
WOO_SKU_COMPONENT_LIST,sku_component[1],11737,11716,0201001|0201001|1249001|1249001|0609011|0608011-1,,0201001,2,EXACT,SKU Woo literal: 0201001|0201001|1249001|1249001|0609011|0608011-1,EXACT_SKU,201001,EXACT,PRIMARY_WOO,11737,11716,0201001|0201001|1249001|1249001|0609011|0608011-1,"Crudo, Crudo, Azul, Crudo",201001,YES,NO,NO,NO,1,COMPOSITION_EXACT_WOO,,"Evidence row; correlate by combination_sku, component_sku and quantity.",,EXACT,EXACT,COMPOSITION_EXACT_WOO,COMPOSITION_EXACT_WOO,UNCHANGED_EXACT_EVIDENCE,YES,NO,HIGH,Exact 001A.0 evidence retained; no fuzzy identity.,UD-001,PENDING_BUSINESS_REVIEW_PLACEHOLDER_011,NO_RELATED_COMBINATION,PENDING_BUSINESS_REVIEW,PENDING,,,,
WOO_SKU_COMPONENT_LIST,sku_component[1],4588,3658,0201001|0201001|1249001|1249001|0609011|0609011,,0201001,2,EXACT,SKU Woo literal: 0201001|0201001|1249001|1249001|0609011|0609011,EXACT_SKU,201001,EXACT,PRIMARY_WOO,4588,3658,0201001|0201001|1249001|1249001|0609011|0609011,"Crudo, Crudo, Azul, Azul",201001,YES,NO,NO,NO,1,COMPOSITION_EXACT_WOO,,"Evidence row; correlate by combination_sku, component_sku and quantity.",,EXACT,EXACT,COMPOSITION_EXACT_WOO,COMPOSITION_EXACT_WOO,UNCHANGED_EXACT_EVIDENCE,YES,NO,HIGH,Exact 001A.0 evidence retained; no fuzzy identity.,UD-001,PENDING_BUSINESS_REVIEW_PLACEHOLDER_011,NO_RELATED_COMBINATION,PENDING_BUSINESS_REVIEW,PENDING,,,,
WOO_SKU_COMPONENT_LIST,sku_component[1],11722,11716,0201001|0201001|1249001|1249001|0609011|0609011-1,,0201001,2,EXACT,SKU Woo literal: 0201001|0201001|1249001|1249001|0609011|0609011-1,EXACT_SKU,201001,EXACT,PRIMARY_WOO,11722,11716,0201001|0201001|1249001|1249001|0609011|0609011-1,"Crudo, Crudo, Azul, Azul",201001,YES,NO,NO,NO,1,COMPOSITION_EXACT_WOO,,"Evidence row; correlate by combination_sku, component_sku and quantity.",,EXACT,EXACT,COMPOSITION_EXACT_WOO,COMPOSITION_EXACT_WOO,UNCHANGED_EXACT_EVIDENCE,YES,NO,HIGH,Exact 001A.0 evidence retained; no fuzzy identity.,UD-001,PENDING_BUSINESS_REVIEW_PLACEHOLDER_011,NO_RELATED_COMBINATION,PENDING_BUSINESS_REVIEW,PENDING,,,,
WOO_SKU_COMPONENT_LIST,sku_component[1],4608,3658,0201001|0201001|1249001|1249001|0609011|0615011,,0201001,2,EXACT,SKU Woo literal: 0201001|0201001|1249001|1249001|0609011|0615011,EXACT_SKU,201001,EXACT,PRIMARY_WOO,4608,3658,0201001|0201001|1249001|1249001|0609011|0615011,"Crudo, Crudo, Azul, Amarillo",201001,YES,NO,NO,NO,1,COMPOSITION_EXACT_WOO,,"Evidence row; correlate by combination_sku, component_sku and quantity.",,EXACT,EXACT,COMPOSITION_EXACT_WOO,COMPOSITION_EXACT_WOO,UNCHANGED_EXACT_EVIDENCE,YES,NO,HIGH,Exact 001A.0 evidence retained; no fuzzy identity.,UD-001,PENDING_BUSINESS_REVIEW_PLACEHOLDER_011,NO_RELATED_COMBINATION,PENDING_BUSINESS_REVIEW,PENDING,,,,
WOO_SKU_COMPONENT_LIST,sku_component[1],11736,11716,0201001|0201001|1249001|1249001|0609011|0615011-1,,0201001,2,EXACT,SKU Woo literal: 0201001|0201001|1249001|1249001|0609011|0615011-1,EXACT_SKU,201001,EXACT,PRIMARY_WOO,11736,11716,0201001|0201001|1249001|1249001|0609011|0615011-1,"Crudo, Crudo, Azul, Amarillo",201001,YES,NO,NO,NO,1,COMPOSITION_EXACT_WOO,,"Evidence row; correlate by combination_sku, component_sku and quantity.",,EXACT,EXACT,COMPOSITION_EXACT_WOO,COMPOSITION_EXACT_WOO,UNCHANGED_EXACT_EVIDENCE,YES,NO,HIGH,Exact 001A.0 evidence retained; no fuzzy identity.,UD-001,PENDING_BUSINESS_REVIEW_PLACEHOLDER_011,NO_RELATED_COMBINATION,PENDING_BUSINESS_REVIEW,PENDING,,,,
WOO_SKU_COMPONENT_LIST,sku_component[1],4614,3658,0201001|0201001|1249001|1249001|0609011|0616011,,0201001,2,EXACT,SKU Woo literal: 0201001|0201001|1249001|1249001|0609011|0616011,EXACT_SKU,201001,EXACT,PRIMARY_WOO,4614,3658,0201001|0201001|1249001|1249001|0609011|0616011,"Crudo, Crudo, Azul, Negro",201001,YES,NO,NO,NO,1,COMPOSITION_EXACT_WOO,,"Evidence row; correlate by combination_sku, component_sku and quantity.",,EXACT,EXACT,COMPOSITION_EXACT_WOO,COMPOSITION_EXACT_WOO,UNCHANGED_EXACT_EVIDENCE,YES,NO,HIGH,Exact 001A.0 evidence retained; no fuzzy identity.,UD-001,PENDING_BUSINESS_REVIEW_PLACEHOLDER_011,NO_RELATED_COMBINATION,PENDING_BUSINESS_REVIEW,PENDING,,,,
WOO_SKU_COMPONENT_LIST,sku_component[1],11739,11716,0201001|0201001|1249001|1249001|0609011|0616011-1,,0201001,2,EXACT,SKU Woo literal: 0201001|0201001|1249001|1249001|0609011|0616011-1,EXACT_SKU,201001,EXACT,PRIMARY_WOO,11739,11716,0201001|0201001|1249001|1249001|0609011|0616011-1,"Crudo, Crudo, Azul, Negro",201001,YES,NO,NO,NO,1,COMPOSITION_EXACT_WOO,,"Evidence row; correlate by combination_sku, component_sku and quantity.",,EXACT,EXACT,COMPOSITION_EXACT_WOO,COMPOSITION_EXACT_WOO,UNCHANGED_EXACT_EVIDENCE,YES,NO,HIGH,Exact 001A.0 evidence retained; no fuzzy identity.,UD-001,PENDING_BUSINESS_REVIEW_PLACEHOLDER_011,NO_RELATED_COMBINATION,PENDING_BUSINESS_REVIEW,PENDING,,,,
WOO_SKU_COMPONENT_LIST,sku_component[1],4601,3658,0201001|0201001|1249001|1249001|0615011|0606011,,0201001,2,EXACT,SKU Woo literal: 0201001|0201001|1249001|1249001|0615011|0606011,EXACT_SKU,201001,EXACT,PRIMARY_WOO,4601,3658,0201001|0201001|1249001|1249001|0615011|0606011,"Crudo, Crudo, Amarillo, Granate",201001,YES,NO,NO,NO,1,COMPOSITION_EXACT_WOO,,"Evidence row; correlate by combination_sku, component_sku and quantity.",,EXACT,EXACT,COMPOSITION_EXACT_WOO,COMPOSITION_EXACT_WOO,UNCHANGED_EXACT_EVIDENCE,YES,NO,HIGH,Exact 001A.0 evidence retained; no fuzzy identity.,UD-001,PENDING_BUSINESS_REVIEW_PLACEHOLDER_011,NO_RELATED_COMBINATION,PENDING_BUSINESS_REVIEW,PENDING,,,,
WOO_SKU_COMPONENT_LIST,sku_component[1],11733,11716,0201001|0201001|1249001|1249001|0615011|0606011-1,,0201001,2,EXACT,SKU Woo literal: 0201001|0201001|1249001|1249001|0615011|0606011-1,EXACT_SKU,201001,EXACT,PRIMARY_WOO,11733,11716,0201001|0201001|1249001|1249001|0615011|0606011-1,"Crudo, Crudo, Amarillo, Granate",201001,YES,NO,NO,NO,1,COMPOSITION_EXACT_WOO,,"Evidence row; correlate by combination_sku, component_sku and quantity.",,EXACT,EXACT,COMPOSITION_EXACT_WOO,COMPOSITION_EXACT_WOO,UNCHANGED_EXACT_EVIDENCE,YES,NO,HIGH,Exact 001A.0 evidence retained; no fuzzy identity.,UD-001,PENDING_BUSINESS_REVIEW_PLACEHOLDER_011,NO_RELATED_COMBINATION,PENDING_BUSINESS_REVIEW,PENDING,,,,
WOO_SKU_COMPONENT_LIST,sku_component[1],4605,3658,0201001|0201001|1249001|1249001|0615011|0607011,,0201001,2,EXACT,SKU Woo literal: 0201001|0201001|1249001|1249001|0615011|0607011,EXACT_SKU,201001,EXACT,PRIMARY_WOO,4605,3658,0201001|0201001|1249001|1249001|0615011|0607011,"Crudo, Crudo, Amarillo, Rojo",201001,YES,NO,NO,NO,1,COMPOSITION_EXACT_WOO,,"Evidence row; correlate by combination_sku, component_sku and quantity.",,EXACT,EXACT,COMPOSITION_EXACT_WOO,COMPOSITION_EXACT_WOO,UNCHANGED_EXACT_EVIDENCE,YES,NO,HIGH,Exact 001A.0 evidence retained; no fuzzy identity.,UD-001,PENDING_BUSINESS_REVIEW_PLACEHOLDER_011,NO_RELATED_COMBINATION,PENDING_BUSINESS_REVIEW,PENDING,,,,
WOO_SKU_COMPONENT_LIST,sku_component[1],11735,11716,0201001|0201001|1249001|1249001|0615011|0607011-1,,0201001,2,EXACT,SKU Woo literal: 0201001|0201001|1249001|1249001|0615011|0607011-1,EXACT_SKU,201001,EXACT,PRIMARY_WOO,11735,11716,0201001|0201001|1249001|1249001|0615011|0607011-1,"Crudo, Crudo, Amarillo, Rojo",201001,YES,NO,NO,NO,1,COMPOSITION_EXACT_WOO,,"Evidence row; correlate by combination_sku, component_sku and quantity.",,EXACT,EXACT,COMPOSITION_EXACT_WOO,COMPOSITION_EXACT_WOO,UNCHANGED_EXACT_EVIDENCE,YES,NO,HIGH,Exact 001A.0 evidence retained; no fuzzy identity.,UD-001,PENDING_BUSINESS_REVIEW_PLACEHOLDER_011,NO_RELATED_COMBINATION,PENDING_BUSINESS_REVIEW,PENDING,,,,
WOO_SKU_COMPONENT_LIST,sku_component[1],4600,3658,0201001|0201001|1249001|1249001|0615011|0608011,,0201001,2,EXACT,SKU Woo literal: 0201001|0201001|1249001|1249001|0615011|0608011,EXACT_SKU,201001,EXACT,PRIMARY_WOO,4600,3658,0201001|0201001|1249001|1249001|0615011|0608011,"Crudo, Crudo, Amarillo, Crudo",201001,YES,NO,NO,NO,1,COMPOSITION_EXACT_WOO,,"Evidence row; correlate by combination_sku, component_sku and quantity.",,EXACT,EXACT,COMPOSITION_EXACT_WOO,COMPOSITION_EXACT_WOO,UNCHANGED_EXACT_EVIDENCE,YES,NO,HIGH,Exact 001A.0 evidence retained; no fuzzy identity.,UD-001,PENDING_BUSINESS_REVIEW_PLACEHOLDER_011,NO_RELATED_COMBINATION,PENDING_BUSINESS_REVIEW,PENDING,,,,
WOO_SKU_COMPONENT_LIST,sku_component[1],11732,11716,0201001|0201001|1249001|1249001|0615011|0608011-1,,0201001,2,EXACT,SKU Woo literal: 0201001|0201001|1249001|1249001|0615011|0608011-1,EXACT_SKU,201001,EXACT,PRIMARY_WOO,11732,11716,0201001|0201001|1249001|1249001|0615011|0608011-1,"Crudo, Crudo, Amarillo, Crudo",201001,YES,NO,NO,NO,1,COMPOSITION_EXACT_WOO,,"Evidence row; correlate by combination_sku, component_sku and quantity.",,EXACT,EXACT,COMPOSITION_EXACT_WOO,COMPOSITION_EXACT_WOO,UNCHANGED_EXACT_EVIDENCE,YES,NO,HIGH,Exact 001A.0 evidence retained; no fuzzy identity.,UD-001,PENDING_BUSINESS_REVIEW_PLACEHOLDER_011,NO_RELATED_COMBINATION,PENDING_BUSINESS_REVIEW,PENDING,,,,
WOO_SKU_COMPONENT_LIST,sku_component[1],4598,3658,0201001|0201001|1249001|1249001|0615011|0609011,,0201001,2,EXACT,SKU Woo literal: 0201001|0201001|1249001|1249001|0615011|0609011,EXACT_SKU,201001,EXACT,PRIMARY_WOO,4598,3658,0201001|0201001|1249001|1249001|0615011|0609011,"Crudo, Crudo, Amarillo, Azul",201001,YES,NO,NO,NO,1,COMPOSITION_EXACT_WOO,,"Evidence row; correlate by combination_sku, component_sku and quantity.",,EXACT,EXACT,COMPOSITION_EXACT_WOO,COMPOSITION_EXACT_WOO,UNCHANGED_EXACT_EVIDENCE,YES,NO,HIGH,Exact 001A.0 evidence retained; no fuzzy identity.,UD-001,PENDING_BUSINESS_REVIEW_PLACEHOLDER_011,NO_RELATED_COMBINATION,PENDING_BUSINESS_REVIEW,PENDING,,,,
WOO_SKU_COMPONENT_LIST,sku_component[1],11730,11716,0201001|0201001|1249001|1249001|0615011|0609011-1,,0201001,2,EXACT,SKU Woo literal: 0201001|0201001|1249001|1249001|0615011|0609011-1,EXACT_SKU,201001,EXACT,PRIMARY_WOO,11730,11716,0201001|0201001|1249001|1249001|0615011|0609011-1,"Crudo, Crudo, Amarillo, Azul",201001,YES,NO,NO,NO,1,COMPOSITION_EXACT_WOO,,"Evidence row; correlate by combination_sku, component_sku and quantity.",,EXACT,EXACT,COMPOSITION_EXACT_WOO,COMPOSITION_EXACT_WOO,UNCHANGED_EXACT_EVIDENCE,YES,NO,HIGH,Exact 001A.0 evidence retained; no fuzzy identity.,UD-001,PENDING_BUSINESS_REVIEW_PLACEHOLDER_011,NO_RELATED_COMBINATION,PENDING_BUSINESS_REVIEW,PENDING,,,,
WOO_SKU_COMPONENT_LIST,sku_component[1],4587,3658,0201001|0201001|1249001|1249001|0615011|0615011,,0201001,2,EXACT,SKU Woo literal: 0201001|0201001|1249001|1249001|0615011|0615011,EXACT_SKU,201001,EXACT,PRIMARY_WOO,4587,3658,0201001|0201001|1249001|1249001|0615011|0615011,"Crudo, Crudo, Amarillo, Amarillo",201001,YES,NO,NO,NO,1,COMPOSITION_EXACT_WOO,,"Evidence row; correlate by combination_sku, component_sku and quantity.",,EXACT,EXACT,COMPOSITION_EXACT_WOO,COMPOSITION_EXACT_WOO,UNCHANGED_EXACT_EVIDENCE,YES,NO,HIGH,Exact 001A.0 evidence retained; no fuzzy identity.,UD-001,PENDING_BUSINESS_REVIEW_PLACEHOLDER_011,NO_RELATED_COMBINATION,PENDING_BUSINESS_REVIEW,PENDING,,,,
WOO_SKU_COMPONENT_LIST,sku_component[1],11721,11716,0201001|0201001|1249001|1249001|0615011|0615011-1,,0201001,2,EXACT,SKU Woo literal: 0201001|0201001|1249001|1249001|0615011|0615011-1,EXACT_SKU,201001,EXACT,PRIMARY_WOO,11721,11716,0201001|0201001|1249001|1249001|0615011|0615011-1,"Crudo, Crudo, Amarillo, Amarillo",201001,YES,NO,NO,NO,1,COMPOSITION_EXACT_WOO,,"Evidence row; correlate by combination_sku, component_sku and quantity.",,EXACT,EXACT,COMPOSITION_EXACT_WOO,COMPOSITION_EXACT_WOO,UNCHANGED_EXACT_EVIDENCE,YES,NO,HIGH,Exact 001A.0 evidence retained; no fuzzy identity.,UD-001,PENDING_BUSINESS_REVIEW_PLACEHOLDER_011,NO_RELATED_COMBINATION,PENDING_BUSINESS_REVIEW,PENDING,,,,
WOO_SKU_COMPONENT_LIST,sku_component[1],11734,11716,0201001|0201001|1249001|1249001|0615011|0616011-1,,0201001,2,EXACT,SKU Woo literal: 0201001|0201001|1249001|1249001|0615011|0616011-1,EXACT_SKU,201001,EXACT,PRIMARY_WOO,11734,11716,0201001|0201001|1249001|1249001|0615011|0616011-1,"Crudo, Crudo, Amarillo, Negro",201001,YES,NO,NO,NO,1,COMPOSITION_EXACT_WOO,,"Evidence row; correlate by combination_sku, component_sku and quantity.",,EXACT,EXACT,COMPOSITION_EXACT_WOO,COMPOSITION_EXACT_WOO,UNCHANGED_EXACT_EVIDENCE,YES,NO,HIGH,Exact 001A.0 evidence retained; no fuzzy identity.,UD-001,PENDING_BUSINESS_REVIEW_PLACEHOLDER_011,NO_RELATED_COMBINATION,PENDING_BUSINESS_REVIEW,PENDING,,,,
WOO_SKU_COMPONENT_LIST,sku_component[1],4672,3658,0201001|0201001|1249001|1249001|0616011|0606011,,0201001,2,EXACT,SKU Woo literal: 0201001|0201001|1249001|1249001|0616011|0606011,EXACT_SKU,201001,EXACT,PRIMARY_WOO,4672,3658,0201001|0201001|1249001|1249001|0616011|0606011,"Crudo, Crudo, Negro, Granate",201001,YES,NO,NO,NO,1,COMPOSITION_EXACT_WOO,,"Evidence row; correlate by combination_sku, component_sku and quantity.",,EXACT,EXACT,COMPOSITION_EXACT_WOO,COMPOSITION_EXACT_WOO,UNCHANGED_EXACT_EVIDENCE,YES,NO,HIGH,Exact 001A.0 evidence retained; no fuzzy identity.,UD-001,PENDING_BUSINESS_REVIEW_PLACEHOLDER_011,NO_RELATED_COMBINATION,PENDING_BUSINESS_REVIEW,PENDING,,,,
WOO_SKU_COMPONENT_LIST,sku_component[1],11754,11716,0201001|0201001|1249001|1249001|0616011|0606011-1,,0201001,2,EXACT,SKU Woo literal: 0201001|0201001|1249001|1249001|0616011|0606011-1,EXACT_SKU,201001,EXACT,PRIMARY_WOO,11754,11716,0201001|0201001|1249001|1249001|0616011|0606011-1,"Crudo, Crudo, Negro, Granate",201001,YES,NO,NO,NO,1,COMPOSITION_EXACT_WOO,,"Evidence row; correlate by combination_sku, component_sku and quantity.",,EXACT,EXACT,COMPOSITION_EXACT_WOO,COMPOSITION_EXACT_WOO,UNCHANGED_EXACT_EVIDENCE,YES,NO,HIGH,Exact 001A.0 evidence retained; no fuzzy identity.,UD-001,PENDING_BUSINESS_REVIEW_PLACEHOLDER_011,NO_RELATED_COMBINATION,PENDING_BUSINESS_REVIEW,PENDING,,,,
WOO_SKU_COMPONENT_LIST,sku_component[1],4675,3658,0201001|0201001|1249001|1249001|0616011|0607011,,0201001,2,EXACT,SKU Woo literal: 0201001|0201001|1249001|1249001|0616011|0607011,EXACT_SKU,201001,EXACT,PRIMARY_WOO,4675,3658,0201001|0201001|1249001|1249001|0616011|0607011,"Crudo, Crudo, Negro, Rojo",201001,YES,NO,NO,NO,1,COMPOSITION_EXACT_WOO,,"Evidence row; correlate by combination_sku, component_sku and quantity.",,EXACT,EXACT,COMPOSITION_EXACT_WOO,COMPOSITION_EXACT_WOO,UNCHANGED_EXACT_EVIDENCE,YES,NO,HIGH,Exact 001A.0 evidence retained; no fuzzy identity.,UD-001,PENDING_BUSINESS_REVIEW_PLACEHOLDER_011,NO_RELATED_COMBINATION,PENDING_BUSINESS_REVIEW,PENDING,,,,
WOO_SKU_COMPONENT_LIST,sku_component[1],11755,11716,0201001|0201001|1249001|1249001|0616011|0607011-1,,0201001,2,EXACT,SKU Woo literal: 0201001|0201001|1249001|1249001|0616011|0607011-1,EXACT_SKU,201001,EXACT,PRIMARY_WOO,11755,11716,0201001|0201001|1249001|1249001|0616011|0607011-1,"Crudo, Crudo, Negro, Rojo",201001,YES,NO,NO,NO,1,COMPOSITION_EXACT_WOO,,"Evidence row; correlate by combination_sku, component_sku and quantity.",,EXACT,EXACT,COMPOSITION_EXACT_WOO,COMPOSITION_EXACT_WOO,UNCHANGED_EXACT_EVIDENCE,YES,NO,HIGH,Exact 001A.0 evidence retained; no fuzzy identity.,UD-001,PENDING_BUSINESS_REVIEW_PLACEHOLDER_011,NO_RELATED_COMBINATION,PENDING_BUSINESS_REVIEW,PENDING,,,,
WOO_SKU_COMPONENT_LIST,sku_component[1],4671,3658,0201001|0201001|1249001|1249001|0616011|0608007,,0201001,2,EXACT,SKU Woo literal: 0201001|0201001|1249001|1249001|0616011|0608007,EXACT_SKU,201001,EXACT,PRIMARY_WOO,4671,3658,0201001|0201001|1249001|1249001|0616011|0608007,"Crudo, Crudo, Negro, Crudo",201001,YES,NO,NO,NO,1,COMPOSITION_EXACT_WOO,,"Evidence row; correlate by combination_sku, component_sku and quantity.",,EXACT,EXACT,COMPOSITION_EXACT_WOO,COMPOSITION_EXACT_WOO,UNCHANGED_EXACT_EVIDENCE,YES,NO,HIGH,Exact 001A.0 evidence retained; no fuzzy identity.,UD-001,PENDING_BUSINESS_REVIEW_PLACEHOLDER_011,NO_RELATED_COMBINATION,PENDING_BUSINESS_REVIEW,PENDING,,,,
WOO_SKU_COMPONENT_LIST,sku_component[1],11753,11716,0201001|0201001|1249001|1249001|0616011|0608011-1,,0201001,2,EXACT,SKU Woo literal: 0201001|0201001|1249001|1249001|0616011|0608011-1,EXACT_SKU,201001,EXACT,PRIMARY_WOO,11753,11716,0201001|0201001|1249001|1249001|0616011|0608011-1,"Crudo, Crudo, Negro, Crudo",201001,YES,NO,NO,NO,1,COMPOSITION_EXACT_WOO,,"Evidence row; correlate by combination_sku, component_sku and quantity.",,EXACT,EXACT,COMPOSITION_EXACT_WOO,COMPOSITION_EXACT_WOO,UNCHANGED_EXACT_EVIDENCE,YES,NO,HIGH,Exact 001A.0 evidence retained; no fuzzy identity.,UD-001,PENDING_BUSINESS_REVIEW_PLACEHOLDER_011,NO_RELATED_COMBINATION,PENDING_BUSINESS_REVIEW,PENDING,,,,
WOO_SKU_COMPONENT_LIST,sku_component[1],4669,3658,0201001|0201001|1249001|1249001|0616011|0609011,,0201001,2,EXACT,SKU Woo literal: 0201001|0201001|1249001|1249001|0616011|0609011,EXACT_SKU,201001,EXACT,PRIMARY_WOO,4669,3658,0201001|0201001|1249001|1249001|0616011|0609011,"Crudo, Crudo, Negro, Azul",201001,YES,NO,NO,NO,1,COMPOSITION_EXACT_WOO,,"Evidence row; correlate by combination_sku, component_sku and quantity.",,EXACT,EXACT,COMPOSITION_EXACT_WOO,COMPOSITION_EXACT_WOO,UNCHANGED_EXACT_EVIDENCE,YES,NO,HIGH,Exact 001A.0 evidence retained; no fuzzy identity.,UD-001,PENDING_BUSINESS_REVIEW_PLACEHOLDER_011,NO_RELATED_COMBINATION,PENDING_BUSINESS_REVIEW,PENDING,,,,
WOO_SKU_COMPONENT_LIST,sku_component[1],11752,11716,0201001|0201001|1249001|1249001|0616011|0609011-1,,0201001,2,EXACT,SKU Woo literal: 0201001|0201001|1249001|1249001|0616011|0609011-1,EXACT_SKU,201001,EXACT,PRIMARY_WOO,11752,11716,0201001|0201001|1249001|1249001|0616011|0609011-1,"Crudo, Crudo, Negro, Azul",201001,YES,NO,NO,NO,1,COMPOSITION_EXACT_WOO,,"Evidence row; correlate by combination_sku, component_sku and quantity.",,EXACT,EXACT,COMPOSITION_EXACT_WOO,COMPOSITION_EXACT_WOO,UNCHANGED_EXACT_EVIDENCE,YES,NO,HIGH,Exact 001A.0 evidence retained; no fuzzy identity.,UD-001,PENDING_BUSINESS_REVIEW_PLACEHOLDER_011,NO_RELATED_COMBINATION,PENDING_BUSINESS_REVIEW,PENDING,,,,
WOO_SKU_COMPONENT_LIST,sku_component[1],4668,3658,0201001|0201001|1249001|1249001|0616011|0615011,,0201001,2,EXACT,SKU Woo literal: 0201001|0201001|1249001|1249001|0616011|0615011,EXACT_SKU,201001,EXACT,PRIMARY_WOO,4668,3658,0201001|0201001|1249001|1249001|0616011|0615011,"Crudo, Crudo, Negro, Amarillo",201001,YES,NO,NO,NO,1,COMPOSITION_EXACT_WOO,,"Evidence row; correlate by combination_sku, component_sku and quantity.",,EXACT,EXACT,COMPOSITION_EXACT_WOO,COMPOSITION_EXACT_WOO,UNCHANGED_EXACT_EVIDENCE,YES,NO,HIGH,Exact 001A.0 evidence retained; no fuzzy identity.,UD-001,PENDING_BUSINESS_REVIEW_PLACEHOLDER_011,NO_RELATED_COMBINATION,PENDING_BUSINESS_REVIEW,PENDING,,,,
WOO_SKU_COMPONENT_LIST,sku_component[1],11751,11716,0201001|0201001|1249001|1249001|0616011|0615011-1,,0201001,2,EXACT,SKU Woo literal: 0201001|0201001|1249001|1249001|0616011|0615011-1,EXACT_SKU,201001,EXACT,PRIMARY_WOO,11751,11716,0201001|0201001|1249001|1249001|0616011|0615011-1,"Crudo, Crudo, Negro, Amarillo",201001,YES,NO,NO,NO,1,COMPOSITION_EXACT_WOO,,"Evidence row; correlate by combination_sku, component_sku and quantity.",,EXACT,EXACT,COMPOSITION_EXACT_WOO,COMPOSITION_EXACT_WOO,UNCHANGED_EXACT_EVIDENCE,YES,NO,HIGH,Exact 001A.0 evidence retained; no fuzzy identity.,UD-001,PENDING_BUSINESS_REVIEW_PLACEHOLDER_011,NO_RELATED_COMBINATION,PENDING_BUSINESS_REVIEW,PENDING,,,,
WOO_SKU_COMPONENT_LIST,sku_component[1],4594,3658,0201001|0201001|1249001|1249001|0616011|0616011,,0201001,2,EXACT,SKU Woo literal: 0201001|0201001|1249001|1249001|0616011|0616011,EXACT_SKU,201001,EXACT,PRIMARY_WOO,4594,3658,0201001|0201001|1249001|1249001|0616011|0616011,"Crudo, Crudo, Negro, Negro",201001,YES,NO,NO,NO,1,COMPOSITION_EXACT_WOO,,"Evidence row; correlate by combination_sku, component_sku and quantity.",,EXACT,EXACT,COMPOSITION_EXACT_WOO,COMPOSITION_EXACT_WOO,UNCHANGED_EXACT_EVIDENCE,YES,NO,HIGH,Exact 001A.0 evidence retained; no fuzzy identity.,UD-001,PENDING_BUSINESS_REVIEW_PLACEHOLDER_011,NO_RELATED_COMBINATION,PENDING_BUSINESS_REVIEW,PENDING,,,,
WOO_SKU_COMPONENT_LIST,sku_component[1],11727,11716,0201001|0201001|1249001|1249001|0616011|0616011-1,,0201001,2,EXACT,SKU Woo literal: 0201001|0201001|1249001|1249001|0616011|0616011-1,EXACT_SKU,201001,EXACT,PRIMARY_WOO,11727,11716,0201001|0201001|1249001|1249001|0616011|0616011-1,"Crudo, Crudo, Negro, Negro",201001,YES,NO,NO,NO,1,COMPOSITION_EXACT_WOO,,"Evidence row; correlate by combination_sku, component_sku and quantity.",,EXACT,EXACT,COMPOSITION_EXACT_WOO,COMPOSITION_EXACT_WOO,UNCHANGED_EXACT_EVIDENCE,YES,NO,HIGH,Exact 001A.0 evidence retained; no fuzzy identity.,UD-001,PENDING_BUSINESS_REVIEW_PLACEHOLDER_011,NO_RELATED_COMBINATION,PENDING_BUSINESS_REVIEW,PENDING,,,,
WOO_SKU_COMPONENT_LIST,sku_component[1],4604,3658,0201001|0201001|1249001|1249001|0619007|0616011,,0201001,2,EXACT,SKU Woo literal: 0201001|0201001|1249001|1249001|0619007|0616011,EXACT_SKU,201001,EXACT,PRIMARY_WOO,4604,3658,0201001|0201001|1249001|1249001|0619007|0616011,"Crudo, Crudo, Marrón, Negro",201001,YES,NO,NO,NO,1,COMPOSITION_EXACT_WOO,,"Evidence row; correlate by combination_sku, component_sku and quantity.",,EXACT,EXACT,COMPOSITION_EXACT_WOO,COMPOSITION_EXACT_WOO,UNCHANGED_EXACT_EVIDENCE,YES,NO,HIGH,Exact 001A.0 evidence retained; no fuzzy identity.,UD-001,PENDING_BUSINESS_REVIEW_PLACEHOLDER_011,NO_RELATED_COMBINATION,PENDING_BUSINESS_REVIEW,PENDING,,,,
WOO_SKU_COMPONENT_LIST,sku_component[1],7337,7332,0504011|0724003-1,,0504011,1,EXACT,SKU Woo literal: 0504011|0724003-1,EXACT_SKU,504011,EXACT,PRIMARY_WOO,7337,7332,0504011|0724003-1,"Futón de algodón, 140x200x14,5 cm, Sin funda",504011,YES,NO,NO,NO,1,COMPOSITION_EXACT_WOO,,"Evidence row; correlate by combination_sku, component_sku and quantity.",,EXACT,EXACT,COMPOSITION_EXACT_WOO,COMPOSITION_EXACT_WOO,UNCHANGED_EXACT_EVIDENCE,YES,NO,HIGH,Exact 001A.0 evidence retained; no fuzzy identity.,TECH-001,UNRESOLVED_EXACT_EVIDENCE_OUTSIDE_BUSINESS_SCOPE,NO_RELATED_COMBINATION,PENDING_TECHNICAL_EVIDENCE,NOT_SUBMITTED_TECHNICAL,,,,
WOO_SKU_COMPONENT_LIST,sku_component[1],7340,7332,0504011|0724003|0606002-1,,0504011,1,EXACT,SKU Woo literal: 0504011|0724003|0606002-1,EXACT_SKU,504011,EXACT,PRIMARY_WOO,7340,7332,0504011|0724003|0606002-1,"Futón de algodón, 140x200x14,5 cm, Granate",504011,YES,NO,NO,NO,1,COMPOSITION_EXACT_WOO,,"Evidence row; correlate by combination_sku, component_sku and quantity.",,EXACT,EXACT,COMPOSITION_EXACT_WOO,COMPOSITION_EXACT_WOO,UNCHANGED_EXACT_EVIDENCE,YES,NO,HIGH,Exact 001A.0 evidence retained; no fuzzy identity.,TECH-001,UNRESOLVED_EXACT_EVIDENCE_OUTSIDE_BUSINESS_SCOPE,NO_RELATED_COMBINATION,PENDING_TECHNICAL_EVIDENCE,NOT_SUBMITTED_TECHNICAL,,,,
WOO_SKU_COMPONENT_LIST,sku_component[1],7343,7332,0504011|0724003|0607002-1,,0504011,1,EXACT,SKU Woo literal: 0504011|0724003|0607002-1,EXACT_SKU,504011,EXACT,PRIMARY_WOO,7343,7332,0504011|0724003|0607002-1,"Futón de algodón, 140x200x14,5 cm, Rojo",504011,YES,NO,NO,NO,1,COMPOSITION_EXACT_WOO,,"Evidence row; correlate by combination_sku, component_sku and quantity.",,EXACT,EXACT,COMPOSITION_EXACT_WOO,COMPOSITION_EXACT_WOO,UNCHANGED_EXACT_EVIDENCE,YES,NO,HIGH,Exact 001A.0 evidence retained; no fuzzy identity.,TECH-001,UNRESOLVED_EXACT_EVIDENCE_OUTSIDE_BUSINESS_SCOPE,NO_RELATED_COMBINATION,PENDING_TECHNICAL_EVIDENCE,NOT_SUBMITTED_TECHNICAL,,,,
WOO_SKU_COMPONENT_LIST,sku_component[1],7339,7332,0504011|0724003|0608002-1,,0504011,1,EXACT,SKU Woo literal: 0504011|0724003|0608002-1,EXACT_SKU,504011,EXACT,PRIMARY_WOO,7339,7332,0504011|0724003|0608002-1,"Futón de algodón, 140x200x14,5 cm, Crudo",504011,YES,NO,NO,NO,1,COMPOSITION_EXACT_WOO,,"Evidence row; correlate by combination_sku, component_sku and quantity.",,EXACT,EXACT,COMPOSITION_EXACT_WOO,COMPOSITION_EXACT_WOO,UNCHANGED_EXACT_EVIDENCE,YES,NO,HIGH,Exact 001A.0 evidence retained; no fuzzy identity.,TECH-001,UNRESOLVED_EXACT_EVIDENCE_OUTSIDE_BUSINESS_SCOPE,NO_RELATED_COMBINATION,PENDING_TECHNICAL_EVIDENCE,NOT_SUBMITTED_TECHNICAL,,,,
WOO_SKU_COMPONENT_LIST,sku_component[1],7338,7332,0504011|0724003|0609002-1,,0504011,1,EXACT,SKU Woo literal: 0504011|0724003|0609002-1,EXACT_SKU,504011,EXACT,PRIMARY_WOO,7338,7332,0504011|0724003|0609002-1,"Futón de algodón, 140x200x14,5 cm, Azul",504011,YES,NO,NO,NO,1,COMPOSITION_EXACT_WOO,,"Evidence row; correlate by combination_sku, component_sku and quantity.",,EXACT,EXACT,COMPOSITION_EXACT_WOO,COMPOSITION_EXACT_WOO,UNCHANGED_EXACT_EVIDENCE,YES,NO,HIGH,Exact 001A.0 evidence retained; no fuzzy identity.,TECH-001,UNRESOLVED_EXACT_EVIDENCE_OUTSIDE_BUSINESS_SCOPE,NO_RELATED_COMBINATION,PENDING_TECHNICAL_EVIDENCE,NOT_SUBMITTED_TECHNICAL,,,,
WOO_SKU_COMPONENT_LIST,sku_component[1],7344,7332,0504011|0724003|0614002-1,,0504011,1,EXACT,SKU Woo literal: 0504011|0724003|0614002-1,EXACT_SKU,504011,EXACT,PRIMARY_WOO,7344,7332,0504011|0724003|0614002-1,"Futón de algodón, 140x200x14,5 cm, Verde",504011,YES,NO,NO,NO,1,COMPOSITION_EXACT_WOO,,"Evidence row; correlate by combination_sku, component_sku and quantity.",,EXACT,EXACT,COMPOSITION_EXACT_WOO,COMPOSITION_EXACT_WOO,UNCHANGED_EXACT_EVIDENCE,YES,NO,HIGH,Exact 001A.0 evidence retained; no fuzzy identity.,TECH-001,UNRESOLVED_EXACT_EVIDENCE_OUTSIDE_BUSINESS_SCOPE,NO_RELATED_COMBINATION,PENDING_TECHNICAL_EVIDENCE,NOT_SUBMITTED_TECHNICAL,,,,
WOO_SKU_COMPONENT_LIST,sku_component[1],7335,7332,0504011|0724003|0615002-1,,0504011,1,EXACT,SKU Woo literal: 0504011|0724003|0615002-1,EXACT_SKU,504011,EXACT,PRIMARY_WOO,7335,7332,0504011|0724003|0615002-1,"Futón de algodón, 140x200x14,5 cm, Amarillo",504011,YES,NO,NO,NO,1,COMPOSITION_EXACT_WOO,,"Evidence row; correlate by combination_sku, component_sku and quantity.",,EXACT,EXACT,COMPOSITION_EXACT_WOO,COMPOSITION_EXACT_WOO,UNCHANGED_EXACT_EVIDENCE,YES,NO,HIGH,Exact 001A.0 evidence retained; no fuzzy identity.,TECH-001,UNRESOLVED_EXACT_EVIDENCE_OUTSIDE_BUSINESS_SCOPE,NO_RELATED_COMBINATION,PENDING_TECHNICAL_EVIDENCE,NOT_SUBMITTED_TECHNICAL,,,,
WOO_SKU_COMPONENT_LIST,sku_component[1],7342,7332,0504011|0724003|0616002-1,,0504011,1,EXACT,SKU Woo literal: 0504011|0724003|0616002-1,EXACT_SKU,504011,EXACT,PRIMARY_WOO,7342,7332,0504011|0724003|0616002-1,"Futón de algodón, 140x200x14,5 cm, Negro",504011,YES,NO,NO,NO,1,COMPOSITION_EXACT_WOO,,"Evidence row; correlate by combination_sku, component_sku and quantity.",,EXACT,EXACT,COMPOSITION_EXACT_WOO,COMPOSITION_EXACT_WOO,UNCHANGED_EXACT_EVIDENCE,YES,NO,HIGH,Exact 001A.0 evidence retained; no fuzzy identity.,TECH-001,UNRESOLVED_EXACT_EVIDENCE_OUTSIDE_BUSINESS_SCOPE,NO_RELATED_COMBINATION,PENDING_TECHNICAL_EVIDENCE,NOT_SUBMITTED_TECHNICAL,,,,
WOO_SKU_COMPONENT_LIST,sku_component[1],7334,7332,0504011|0724003|0617002-1,,0504011,1,EXACT,SKU Woo literal: 0504011|0724003|0617002-1,EXACT_SKU,504011,EXACT,PRIMARY_WOO,7334,7332,0504011|0724003|0617002-1,"Futón de algodón, 140x200x14,5 cm, Gris jaspeado",504011,YES,NO,NO,NO,1,COMPOSITION_EXACT_WOO,,"Evidence row; correlate by combination_sku, component_sku and quantity.",,EXACT,EXACT,COMPOSITION_EXACT_WOO,COMPOSITION_EXACT_WOO,UNCHANGED_EXACT_EVIDENCE,YES,NO,HIGH,Exact 001A.0 evidence retained; no fuzzy identity.,TECH-001,UNRESOLVED_EXACT_EVIDENCE_OUTSIDE_BUSINESS_SCOPE,NO_RELATED_COMBINATION,PENDING_TECHNICAL_EVIDENCE,NOT_SUBMITTED_TECHNICAL,,,,
WOO_SKU_COMPONENT_LIST,sku_component[1],7333,7332,0504011|0724003|0619002-1,,0504011,1,EXACT,SKU Woo literal: 0504011|0724003|0619002-1,EXACT_SKU,504011,EXACT,PRIMARY_WOO,7333,7332,0504011|0724003|0619002-1,"Futón de algodón, 140x200x14,5 cm, Beige jaspeado",504011,YES,NO,NO,NO,1,COMPOSITION_EXACT_WOO,,"Evidence row; correlate by combination_sku, component_sku and quantity.",,EXACT,EXACT,COMPOSITION_EXACT_WOO,COMPOSITION_EXACT_WOO,UNCHANGED_EXACT_EVIDENCE,YES,NO,HIGH,Exact 001A.0 evidence retained; no fuzzy identity.,TECH-001,UNRESOLVED_EXACT_EVIDENCE_OUTSIDE_BUSINESS_SCOPE,NO_RELATED_COMBINATION,PENDING_TECHNICAL_EVIDENCE,NOT_SUBMITTED_TECHNICAL,,,,
WOO_SKU_COMPONENT_LIST,sku_component[1],7347,7332,0504011|0728002-1,,0504011,1,EXACT,SKU Woo literal: 0504011|0728002-1,EXACT_SKU,504011,EXACT,PRIMARY_WOO,7347,7332,0504011|0728002-1,"Futón con una capa de látex, 140x200x14,5 cm, Sin funda",504011,YES,NO,NO,NO,1,COMPOSITION_EXACT_WOO,,"Evidence row; correlate by combination_sku, component_sku and quantity.",,EXACT,EXACT,COMPOSITION_EXACT_WOO,COMPOSITION_EXACT_WOO,UNCHANGED_EXACT_EVIDENCE,YES,NO,HIGH,Exact 001A.0 evidence retained; no fuzzy identity.,TECH-001,UNRESOLVED_EXACT_EVIDENCE_OUTSIDE_BUSINESS_SCOPE,NO_RELATED_COMBINATION,PENDING_TECHNICAL_EVIDENCE,NOT_SUBMITTED_TECHNICAL,,,,
WOO_SKU_COMPONENT_LIST,sku_component[1],7351,7332,0504011|0728002|0606002-1,,0504011,1,EXACT,SKU Woo literal: 0504011|0728002|0606002-1,EXACT_SKU,504011,EXACT,PRIMARY_WOO,7351,7332,0504011|0728002|0606002-1,"Futón con una capa de látex, 140x200x14,5 cm, Granate",504011,YES,NO,NO,NO,1,COMPOSITION_EXACT_WOO,,"Evidence row; correlate by combination_sku, component_sku and quantity.",,EXACT,EXACT,COMPOSITION_EXACT_WOO,COMPOSITION_EXACT_WOO,UNCHANGED_EXACT_EVIDENCE,YES,NO,HIGH,Exact 001A.0 evidence retained; no fuzzy identity.,TECH-001,UNRESOLVED_EXACT_EVIDENCE_OUTSIDE_BUSINESS_SCOPE,NO_RELATED_COMBINATION,PENDING_TECHNICAL_EVIDENCE,NOT_SUBMITTED_TECHNICAL,,,,
WOO_SKU_COMPONENT_LIST,sku_component[1],7353,7332,0504011|0728002|0607002-1,,0504011,1,EXACT,SKU Woo literal: 0504011|0728002|0607002-1,EXACT_SKU,504011,EXACT,PRIMARY_WOO,7353,7332,0504011|0728002|0607002-1,"Futón con una capa de látex, 140x200x14,5 cm, Rojo",504011,YES,NO,NO,NO,1,COMPOSITION_EXACT_WOO,,"Evidence row; correlate by combination_sku, component_sku and quantity.",,EXACT,EXACT,COMPOSITION_EXACT_WOO,COMPOSITION_EXACT_WOO,UNCHANGED_EXACT_EVIDENCE,YES,NO,HIGH,Exact 001A.0 evidence retained; no fuzzy identity.,TECH-001,UNRESOLVED_EXACT_EVIDENCE_OUTSIDE_BUSINESS_SCOPE,NO_RELATED_COMBINATION,PENDING_TECHNICAL_EVIDENCE,NOT_SUBMITTED_TECHNICAL,,,,
WOO_SKU_COMPONENT_LIST,sku_component[1],7350,7332,0504011|0728002|0608002-1,,0504011,1,EXACT,SKU Woo literal: 0504011|0728002|0608002-1,EXACT_SKU,504011,EXACT,PRIMARY_WOO,7350,7332,0504011|0728002|0608002-1,"Futón con una capa de látex, 140x200x14,5 cm, Crudo",504011,YES,NO,NO,NO,1,COMPOSITION_EXACT_WOO,,"Evidence row; correlate by combination_sku, component_sku and quantity.",,EXACT,EXACT,COMPOSITION_EXACT_WOO,COMPOSITION_EXACT_WOO,UNCHANGED_EXACT_EVIDENCE,YES,NO,HIGH,Exact 001A.0 evidence retained; no fuzzy identity.,TECH-001,UNRESOLVED_EXACT_EVIDENCE_OUTSIDE_BUSINESS_SCOPE,NO_RELATED_COMBINATION,PENDING_TECHNICAL_EVIDENCE,NOT_SUBMITTED_TECHNICAL,,,,
WOO_SKU_COMPONENT_LIST,sku_component[1],7349,7332,0504011|0728002|0609002-1,,0504011,1,EXACT,SKU Woo literal: 0504011|0728002|0609002-1,EXACT_SKU,504011,EXACT,PRIMARY_WOO,7349,7332,0504011|0728002|0609002-1,"Futón con una capa de látex, 140x200x14,5 cm, Azul",504011,YES,NO,NO,NO,1,COMPOSITION_EXACT_WOO,,"Evidence row; correlate by combination_sku, component_sku and quantity.",,EXACT,EXACT,COMPOSITION_EXACT_WOO,COMPOSITION_EXACT_WOO,UNCHANGED_EXACT_EVIDENCE,YES,NO,HIGH,Exact 001A.0 evidence retained; no fuzzy identity.,TECH-001,UNRESOLVED_EXACT_EVIDENCE_OUTSIDE_BUSINESS_SCOPE,NO_RELATED_COMBINATION,PENDING_TECHNICAL_EVIDENCE,NOT_SUBMITTED_TECHNICAL,,,,
WOO_SKU_COMPONENT_LIST,sku_component[1],7354,7332,0504011|0728002|0614002-1,,0504011,1,EXACT,SKU Woo literal: 0504011|0728002|0614002-1,EXACT_SKU,504011,EXACT,PRIMARY_WOO,7354,7332,0504011|0728002|0614002-1,"Futón con una capa de látex, 140x200x14,5 cm, Verde",504011,YES,NO,NO,NO,1,COMPOSITION_EXACT_WOO,,"Evidence row; correlate by combination_sku, component_sku and quantity.",,EXACT,EXACT,COMPOSITION_EXACT_WOO,COMPOSITION_EXACT_WOO,UNCHANGED_EXACT_EVIDENCE,YES,NO,HIGH,Exact 001A.0 evidence retained; no fuzzy identity.,TECH-001,UNRESOLVED_EXACT_EVIDENCE_OUTSIDE_BUSINESS_SCOPE,NO_RELATED_COMBINATION,PENDING_TECHNICAL_EVIDENCE,NOT_SUBMITTED_TECHNICAL,,,,
WOO_SKU_COMPONENT_LIST,sku_component[1],7348,7332,0504011|0728002|0615002-1,,0504011,1,EXACT,SKU Woo literal: 0504011|0728002|0615002-1,EXACT_SKU,504011,EXACT,PRIMARY_WOO,7348,7332,0504011|0728002|0615002-1,"Futón con una capa de látex, 140x200x14,5 cm, Amarillo",504011,YES,NO,NO,NO,1,COMPOSITION_EXACT_WOO,,"Evidence row; correlate by combination_sku, component_sku and quantity.",,EXACT,EXACT,COMPOSITION_EXACT_WOO,COMPOSITION_EXACT_WOO,UNCHANGED_EXACT_EVIDENCE,YES,NO,HIGH,Exact 001A.0 evidence retained; no fuzzy identity.,TECH-001,UNRESOLVED_EXACT_EVIDENCE_OUTSIDE_BUSINESS_SCOPE,NO_RELATED_COMBINATION,PENDING_TECHNICAL_EVIDENCE,NOT_SUBMITTED_TECHNICAL,,,,
WOO_SKU_COMPONENT_LIST,sku_component[1],7352,7332,0504011|0728002|0616002-1,,0504011,1,EXACT,SKU Woo literal: 0504011|0728002|0616002-1,EXACT_SKU,504011,EXACT,PRIMARY_WOO,7352,7332,0504011|0728002|0616002-1,"Futón con una capa de látex, 140x200x14,5 cm, Negro",504011,YES,NO,NO,NO,1,COMPOSITION_EXACT_WOO,,"Evidence row; correlate by combination_sku, component_sku and quantity.",,EXACT,EXACT,COMPOSITION_EXACT_WOO,COMPOSITION_EXACT_WOO,UNCHANGED_EXACT_EVIDENCE,YES,NO,HIGH,Exact 001A.0 evidence retained; no fuzzy identity.,TECH-001,UNRESOLVED_EXACT_EVIDENCE_OUTSIDE_BUSINESS_SCOPE,NO_RELATED_COMBINATION,PENDING_TECHNICAL_EVIDENCE,NOT_SUBMITTED_TECHNICAL,,,,
WOO_SKU_COMPONENT_LIST,sku_component[1],7355,7332,0504011|0730002-1,,0504011,1,EXACT,SKU Woo literal: 0504011|0730002-1,EXACT_SKU,504011,EXACT,PRIMARY_WOO,7355,7332,0504011|0730002-1,"Futón con dos capas de látex, 140x200x14,5 cm, Sin funda",504011,YES,NO,NO,NO,1,COMPOSITION_EXACT_WOO,,"Evidence row; correlate by combination_sku, component_sku and quantity.",,EXACT,EXACT,COMPOSITION_EXACT_WOO,COMPOSITION_EXACT_WOO,UNCHANGED_EXACT_EVIDENCE,YES,NO,HIGH,Exact 001A.0 evidence retained; no fuzzy identity.,TECH-001,UNRESOLVED_EXACT_EVIDENCE_OUTSIDE_BUSINESS_SCOPE,NO_RELATED_COMBINATION,PENDING_TECHNICAL_EVIDENCE,NOT_SUBMITTED_TECHNICAL,,,,
WOO_SKU_COMPONENT_LIST,sku_component[1],7359,7332,0504011|0730002|0606002-1,,0504011,1,EXACT,SKU Woo literal: 0504011|0730002|0606002-1,EXACT_SKU,504011,EXACT,PRIMARY_WOO,7359,7332,0504011|0730002|0606002-1,"Futón con dos capas de látex, 140x200x14,5 cm, Granate",504011,YES,NO,NO,NO,1,COMPOSITION_EXACT_WOO,,"Evidence row; correlate by combination_sku, component_sku and quantity.",,EXACT,EXACT,COMPOSITION_EXACT_WOO,COMPOSITION_EXACT_WOO,UNCHANGED_EXACT_EVIDENCE,YES,NO,HIGH,Exact 001A.0 evidence retained; no fuzzy identity.,TECH-001,UNRESOLVED_EXACT_EVIDENCE_OUTSIDE_BUSINESS_SCOPE,NO_RELATED_COMBINATION,PENDING_TECHNICAL_EVIDENCE,NOT_SUBMITTED_TECHNICAL,,,,
WOO_SKU_COMPONENT_LIST,sku_component[1],7341,7332,0504011|0730002|0607002-1,,0504011,1,EXACT,SKU Woo literal: 0504011|0730002|0607002-1,EXACT_SKU,504011,EXACT,PRIMARY_WOO,7341,7332,0504011|0730002|0607002-1,"Futón con dos capas de látex, 140x200x14,5 cm, Rojo",504011,YES,NO,NO,NO,1,COMPOSITION_EXACT_WOO,,"Evidence row; correlate by combination_sku, component_sku and quantity.",,EXACT,EXACT,COMPOSITION_EXACT_WOO,COMPOSITION_EXACT_WOO,UNCHANGED_EXACT_EVIDENCE,YES,NO,HIGH,Exact 001A.0 evidence retained; no fuzzy identity.,TECH-001,UNRESOLVED_EXACT_EVIDENCE_OUTSIDE_BUSINESS_SCOPE,NO_RELATED_COMBINATION,PENDING_TECHNICAL_EVIDENCE,NOT_SUBMITTED_TECHNICAL,,,,
WOO_SKU_COMPONENT_LIST,sku_component[1],7358,7332,0504011|0730002|0608002-1,,0504011,1,EXACT,SKU Woo literal: 0504011|0730002|0608002-1,EXACT_SKU,504011,EXACT,PRIMARY_WOO,7358,7332,0504011|0730002|0608002-1,"Futón con dos capas de látex, 140x200x14,5 cm, Crudo",504011,YES,NO,NO,NO,1,COMPOSITION_EXACT_WOO,,"Evidence row; correlate by combination_sku, component_sku and quantity.",,EXACT,EXACT,COMPOSITION_EXACT_WOO,COMPOSITION_EXACT_WOO,UNCHANGED_EXACT_EVIDENCE,YES,NO,HIGH,Exact 001A.0 evidence retained; no fuzzy identity.,TECH-001,UNRESOLVED_EXACT_EVIDENCE_OUTSIDE_BUSINESS_SCOPE,NO_RELATED_COMBINATION,PENDING_TECHNICAL_EVIDENCE,NOT_SUBMITTED_TECHNICAL,,,,
WOO_SKU_COMPONENT_LIST,sku_component[1],7357,7332,0504011|0730002|0609002-1,,0504011,1,EXACT,SKU Woo literal: 0504011|0730002|0609002-1,EXACT_SKU,504011,EXACT,PRIMARY_WOO,7357,7332,0504011|0730002|0609002-1,"Futón con dos capas de látex, 140x200x14,5 cm, Azul",504011,YES,NO,NO,NO,1,COMPOSITION_EXACT_WOO,,"Evidence row; correlate by combination_sku, component_sku and quantity.",,EXACT,EXACT,COMPOSITION_EXACT_WOO,COMPOSITION_EXACT_WOO,UNCHANGED_EXACT_EVIDENCE,YES,NO,HIGH,Exact 001A.0 evidence retained; no fuzzy identity.,TECH-001,UNRESOLVED_EXACT_EVIDENCE_OUTSIDE_BUSINESS_SCOPE,NO_RELATED_COMBINATION,PENDING_TECHNICAL_EVIDENCE,NOT_SUBMITTED_TECHNICAL,,,,
WOO_SKU_COMPONENT_LIST,sku_component[1],7336,7332,0504011|0730002|0614002-1,,0504011,1,EXACT,SKU Woo literal: 0504011|0730002|0614002-1,EXACT_SKU,504011,EXACT,PRIMARY_WOO,7336,7332,0504011|0730002|0614002-1,"Futón con dos capas de látex, 140x200x14,5 cm, Verde",504011,YES,NO,NO,NO,1,COMPOSITION_EXACT_WOO,,"Evidence row; correlate by combination_sku, component_sku and quantity.",,EXACT,EXACT,COMPOSITION_EXACT_WOO,COMPOSITION_EXACT_WOO,UNCHANGED_EXACT_EVIDENCE,YES,NO,HIGH,Exact 001A.0 evidence retained; no fuzzy identity.,TECH-001,UNRESOLVED_EXACT_EVIDENCE_OUTSIDE_BUSINESS_SCOPE,NO_RELATED_COMBINATION,PENDING_TECHNICAL_EVIDENCE,NOT_SUBMITTED_TECHNICAL,,,,
WOO_SKU_COMPONENT_LIST,sku_component[1],7356,7332,0504011|0730002|0615002-1,,0504011,1,EXACT,SKU Woo literal: 0504011|0730002|0615002-1,EXACT_SKU,504011,EXACT,PRIMARY_WOO,7356,7332,0504011|0730002|0615002-1,"Futón con dos capas de látex, 140x200x14,5 cm, Amarillo",504011,YES,NO,NO,NO,1,COMPOSITION_EXACT_WOO,,"Evidence row; correlate by combination_sku, component_sku and quantity.",,EXACT,EXACT,COMPOSITION_EXACT_WOO,COMPOSITION_EXACT_WOO,UNCHANGED_EXACT_EVIDENCE,YES,NO,HIGH,Exact 001A.0 evidence retained; no fuzzy identity.,TECH-001,UNRESOLVED_EXACT_EVIDENCE_OUTSIDE_BUSINESS_SCOPE,NO_RELATED_COMBINATION,PENDING_TECHNICAL_EVIDENCE,NOT_SUBMITTED_TECHNICAL,,,,
WOO_SKU_COMPONENT_LIST,sku_component[1],7360,7332,0504011|0730002|0616002-1,,0504011,1,EXACT,SKU Woo literal: 0504011|0730002|0616002-1,EXACT_SKU,504011,EXACT,PRIMARY_WOO,7360,7332,0504011|0730002|0616002-1,"Futón con dos capas de látex, 140x200x14,5 cm, Negro",504011,YES,NO,NO,NO,1,COMPOSITION_EXACT_WOO,,"Evidence row; correlate by combination_sku, component_sku and quantity.",,EXACT,EXACT,COMPOSITION_EXACT_WOO,COMPOSITION_EXACT_WOO,UNCHANGED_EXACT_EVIDENCE,YES,NO,HIGH,Exact 001A.0 evidence retained; no fuzzy identity.,TECH-001,UNRESOLVED_EXACT_EVIDENCE_OUTSIDE_BUSINESS_SCOPE,NO_RELATED_COMBINATION,PENDING_TECHNICAL_EVIDENCE,NOT_SUBMITTED_TECHNICAL,,,,
WOO_SKU_COMPONENT_LIST,sku_component[1],7346,7332,0504011|0730002|0617002-1,,0504011,1,EXACT,SKU Woo literal: 0504011|0730002|0617002-1,EXACT_SKU,504011,EXACT,PRIMARY_WOO,7346,7332,0504011|0730002|0617002-1,"Futón con dos capas de látex, 140x200x14,5 cm, Gris jaspeado",504011,YES,NO,NO,NO,1,COMPOSITION_EXACT_WOO,,"Evidence row; correlate by combination_sku, component_sku and quantity.",,EXACT,EXACT,COMPOSITION_EXACT_WOO,COMPOSITION_EXACT_WOO,UNCHANGED_EXACT_EVIDENCE,YES,NO,HIGH,Exact 001A.0 evidence retained; no fuzzy identity.,TECH-001,UNRESOLVED_EXACT_EVIDENCE_OUTSIDE_BUSINESS_SCOPE,NO_RELATED_COMBINATION,PENDING_TECHNICAL_EVIDENCE,NOT_SUBMITTED_TECHNICAL,,,,
WOO_SKU_COMPONENT_LIST,sku_component[1],7345,7332,0504011|0730002|0619002-1,,0504011,1,EXACT,SKU Woo literal: 0504011|0730002|0619002-1,EXACT_SKU,504011,EXACT,PRIMARY_WOO,7345,7332,0504011|0730002|0619002-1,"Futón con dos capas de látex, 140x200x14,5 cm, Beige jaspeado",504011,YES,NO,NO,NO,1,COMPOSITION_EXACT_WOO,,"Evidence row; correlate by combination_sku, component_sku and quantity.",,EXACT,EXACT,COMPOSITION_EXACT_WOO,COMPOSITION_EXACT_WOO,UNCHANGED_EXACT_EVIDENCE,YES,NO,HIGH,Exact 001A.0 evidence retained; no fuzzy identity.,TECH-001,UNRESOLVED_EXACT_EVIDENCE_OUTSIDE_BUSINESS_SCOPE,NO_RELATED_COMBINATION,PENDING_TECHNICAL_EVIDENCE,NOT_SUBMITTED_TECHNICAL,,,,
WOO_SKU_COMPONENT_LIST,sku_component[1],7369,7332,0504011|1251006-1,,0504011,1,EXACT,SKU Woo literal: 0504011|1251006-1,EXACT_SKU,504011,EXACT,PRIMARY_WOO,7369,7332,0504011|1251006-1,"futon-de-algodon-de-colores-de-dos-plazas-140x200x14-cm-violeta, Sin funda",504011,YES,NO,NO,NO,1,COMPOSITION_EXACT_WOO,,"Evidence row; correlate by combination_sku, component_sku and quantity.",,EXACT,EXACT,COMPOSITION_EXACT_WOO,COMPOSITION_EXACT_WOO,UNCHANGED_EXACT_EVIDENCE,YES,NO,HIGH,Exact 001A.0 evidence retained; no fuzzy identity.,TECH-001,UNRESOLVED_EXACT_EVIDENCE_OUTSIDE_BUSINESS_SCOPE,NO_RELATED_COMBINATION,PENDING_TECHNICAL_EVIDENCE,NOT_SUBMITTED_TECHNICAL,,,,
WOO_SKU_COMPONENT_LIST,sku_component[1],7373,7332,0504011|1251006|0606002-1,,0504011,1,EXACT,SKU Woo literal: 0504011|1251006|0606002-1,EXACT_SKU,504011,EXACT,PRIMARY_WOO,7373,7332,0504011|1251006|0606002-1,"futon-de-algodon-de-colores-de-dos-plazas-140x200x14-cm-violeta, Granate",504011,YES,NO,NO,NO,1,COMPOSITION_EXACT_WOO,,"Evidence row; correlate by combination_sku, component_sku and quantity.",,EXACT,EXACT,COMPOSITION_EXACT_WOO,COMPOSITION_EXACT_WOO,UNCHANGED_EXACT_EVIDENCE,YES,NO,HIGH,Exact 001A.0 evidence retained; no fuzzy identity.,TECH-001,UNRESOLVED_EXACT_EVIDENCE_OUTSIDE_BUSINESS_SCOPE,NO_RELATED_COMBINATION,PENDING_TECHNICAL_EVIDENCE,NOT_SUBMITTED_TECHNICAL,,,,
WOO_SKU_COMPONENT_LIST,sku_component[1],7375,7332,0504011|1251006|0607002-1,,0504011,1,EXACT,SKU Woo literal: 0504011|1251006|0607002-1,EXACT_SKU,504011,EXACT,PRIMARY_WOO,7375,7332,0504011|1251006|0607002-1,"futon-de-algodon-de-colores-de-dos-plazas-140x200x14-cm-violeta, Rojo",504011,YES,NO,NO,NO,1,COMPOSITION_EXACT_WOO,,"Evidence row; correlate by combination_sku, component_sku and quantity.",,EXACT,EXACT,COMPOSITION_EXACT_WOO,COMPOSITION_EXACT_WOO,UNCHANGED_EXACT_EVIDENCE,YES,NO,HIGH,Exact 001A.0 evidence retained; no fuzzy identity.,TECH-001,UNRESOLVED_EXACT_EVIDENCE_OUTSIDE_BUSINESS_SCOPE,NO_RELATED_COMBINATION,PENDING_TECHNICAL_EVIDENCE,NOT_SUBMITTED_TECHNICAL,,,,
WOO_SKU_COMPONENT_LIST,sku_component[1],7372,7332,0504011|1251006|0608002-1,,0504011,1,EXACT,SKU Woo literal: 0504011|1251006|0608002-1,EXACT_SKU,504011,EXACT,PRIMARY_WOO,7372,7332,0504011|1251006|0608002-1,"futon-de-algodon-de-colores-de-dos-plazas-140x200x14-cm-violeta, Crudo",504011,YES,NO,NO,NO,1,COMPOSITION_EXACT_WOO,,"Evidence row; correlate by combination_sku, component_sku and quantity.",,EXACT,EXACT,COMPOSITION_EXACT_WOO,COMPOSITION_EXACT_WOO,UNCHANGED_EXACT_EVIDENCE,YES,NO,HIGH,Exact 001A.0 evidence retained; no fuzzy identity.,TECH-001,UNRESOLVED_EXACT_EVIDENCE_OUTSIDE_BUSINESS_SCOPE,NO_RELATED_COMBINATION,PENDING_TECHNICAL_EVIDENCE,NOT_SUBMITTED_TECHNICAL,,,,
WOO_SKU_COMPONENT_LIST,sku_component[1],7371,7332,0504011|1251006|0609002-1,,0504011,1,EXACT,SKU Woo literal: 0504011|1251006|0609002-1,EXACT_SKU,504011,EXACT,PRIMARY_WOO,7371,7332,0504011|1251006|0609002-1,"futon-de-algodon-de-colores-de-dos-plazas-140x200x14-cm-violeta, Azul",504011,YES,NO,NO,NO,1,COMPOSITION_EXACT_WOO,,"Evidence row; correlate by combination_sku, component_sku and quantity.",,EXACT,EXACT,COMPOSITION_EXACT_WOO,COMPOSITION_EXACT_WOO,UNCHANGED_EXACT_EVIDENCE,YES,NO,HIGH,Exact 001A.0 evidence retained; no fuzzy identity.,TECH-001,UNRESOLVED_EXACT_EVIDENCE_OUTSIDE_BUSINESS_SCOPE,NO_RELATED_COMBINATION,PENDING_TECHNICAL_EVIDENCE,NOT_SUBMITTED_TECHNICAL,,,,
WOO_SKU_COMPONENT_LIST,sku_component[1],7376,7332,0504011|1251006|0614002-1,,0504011,1,EXACT,SKU Woo literal: 0504011|1251006|0614002-1,EXACT_SKU,504011,EXACT,PRIMARY_WOO,7376,7332,0504011|1251006|0614002-1,"futon-de-algodon-de-colores-de-dos-plazas-140x200x14-cm-violeta, Verde",504011,YES,NO,NO,NO,1,COMPOSITION_EXACT_WOO,,"Evidence row; correlate by combination_sku, component_sku and quantity.",,EXACT,EXACT,COMPOSITION_EXACT_WOO,COMPOSITION_EXACT_WOO,UNCHANGED_EXACT_EVIDENCE,YES,NO,HIGH,Exact 001A.0 evidence retained; no fuzzy identity.,TECH-001,UNRESOLVED_EXACT_EVIDENCE_OUTSIDE_BUSINESS_SCOPE,NO_RELATED_COMBINATION,PENDING_TECHNICAL_EVIDENCE,NOT_SUBMITTED_TECHNICAL,,,,
WOO_SKU_COMPONENT_LIST,sku_component[1],7370,7332,0504011|1251006|0615002-1,,0504011,1,EXACT,SKU Woo literal: 0504011|1251006|0615002-1,EXACT_SKU,504011,EXACT,PRIMARY_WOO,7370,7332,0504011|1251006|0615002-1,"futon-de-algodon-de-colores-de-dos-plazas-140x200x14-cm-violeta, Amarillo",504011,YES,NO,NO,NO,1,COMPOSITION_EXACT_WOO,,"Evidence row; correlate by combination_sku, component_sku and quantity.",,EXACT,EXACT,COMPOSITION_EXACT_WOO,COMPOSITION_EXACT_WOO,UNCHANGED_EXACT_EVIDENCE,YES,NO,HIGH,Exact 001A.0 evidence retained; no fuzzy identity.,TECH-001,UNRESOLVED_EXACT_EVIDENCE_OUTSIDE_BUSINESS_SCOPE,NO_RELATED_COMBINATION,PENDING_TECHNICAL_EVIDENCE,NOT_SUBMITTED_TECHNICAL,,,,
WOO_SKU_COMPONENT_LIST,sku_component[1],7374,7332,0504011|1251006|0616002-1,,0504011,1,EXACT,SKU Woo literal: 0504011|1251006|0616002-1,EXACT_SKU,504011,EXACT,PRIMARY_WOO,7374,7332,0504011|1251006|0616002-1,"futon-de-algodon-de-colores-de-dos-plazas-140x200x14-cm-violeta, Negro",504011,YES,NO,NO,NO,1,COMPOSITION_EXACT_WOO,,"Evidence row; correlate by combination_sku, component_sku and quantity.",,EXACT,EXACT,COMPOSITION_EXACT_WOO,COMPOSITION_EXACT_WOO,UNCHANGED_EXACT_EVIDENCE,YES,NO,HIGH,Exact 001A.0 evidence retained; no fuzzy identity.,TECH-001,UNRESOLVED_EXACT_EVIDENCE_OUTSIDE_BUSINESS_SCOPE,NO_RELATED_COMBINATION,PENDING_TECHNICAL_EVIDENCE,NOT_SUBMITTED_TECHNICAL,,,,
WOO_SKU_COMPONENT_LIST,sku_component[1],7385,7332,0504011|1252005-1,,0504011,1,EXACT,SKU Woo literal: 0504011|1252005-1,EXACT_SKU,504011,EXACT,PRIMARY_WOO,7385,7332,0504011|1252005-1,"futon-de-algodon-de-colores-de-dos-plazas-140x200x14-cm-verde, Sin funda",504011,YES,NO,NO,NO,1,COMPOSITION_EXACT_WOO,,"Evidence row; correlate by combination_sku, component_sku and quantity.",,EXACT,EXACT,COMPOSITION_EXACT_WOO,COMPOSITION_EXACT_WOO,UNCHANGED_EXACT_EVIDENCE,YES,NO,HIGH,Exact 001A.0 evidence retained; no fuzzy identity.,TECH-001,UNRESOLVED_EXACT_EVIDENCE_OUTSIDE_BUSINESS_SCOPE,NO_RELATED_COMBINATION,PENDING_TECHNICAL_EVIDENCE,NOT_SUBMITTED_TECHNICAL,,,,
WOO_SKU_COMPONENT_LIST,sku_component[1],7389,7332,0504011|1252005|0606002-1,,0504011,1,EXACT,SKU Woo literal: 0504011|1252005|0606002-1,EXACT_SKU,504011,EXACT,PRIMARY_WOO,7389,7332,0504011|1252005|0606002-1,"futon-de-algodon-de-colores-de-dos-plazas-140x200x14-cm-verde, Granate",504011,YES,NO,NO,NO,1,COMPOSITION_EXACT_WOO,,"Evidence row; correlate by combination_sku, component_sku and quantity.",,EXACT,EXACT,COMPOSITION_EXACT_WOO,COMPOSITION_EXACT_WOO,UNCHANGED_EXACT_EVIDENCE,YES,NO,HIGH,Exact 001A.0 evidence retained; no fuzzy identity.,TECH-001,UNRESOLVED_EXACT_EVIDENCE_OUTSIDE_BUSINESS_SCOPE,NO_RELATED_COMBINATION,PENDING_TECHNICAL_EVIDENCE,NOT_SUBMITTED_TECHNICAL,,,,
WOO_SKU_COMPONENT_LIST,sku_component[1],7391,7332,0504011|1252005|0607002-1,,0504011,1,EXACT,SKU Woo literal: 0504011|1252005|0607002-1,EXACT_SKU,504011,EXACT,PRIMARY_WOO,7391,7332,0504011|1252005|0607002-1,"futon-de-algodon-de-colores-de-dos-plazas-140x200x14-cm-verde, Rojo",504011,YES,NO,NO,NO,1,COMPOSITION_EXACT_WOO,,"Evidence row; correlate by combination_sku, component_sku and quantity.",,EXACT,EXACT,COMPOSITION_EXACT_WOO,COMPOSITION_EXACT_WOO,UNCHANGED_EXACT_EVIDENCE,YES,NO,HIGH,Exact 001A.0 evidence retained; no fuzzy identity.,TECH-001,UNRESOLVED_EXACT_EVIDENCE_OUTSIDE_BUSINESS_SCOPE,NO_RELATED_COMBINATION,PENDING_TECHNICAL_EVIDENCE,NOT_SUBMITTED_TECHNICAL,,,,
WOO_SKU_COMPONENT_LIST,sku_component[1],7388,7332,0504011|1252005|0608002-1,,0504011,1,EXACT,SKU Woo literal: 0504011|1252005|0608002-1,EXACT_SKU,504011,EXACT,PRIMARY_WOO,7388,7332,0504011|1252005|0608002-1,"futon-de-algodon-de-colores-de-dos-plazas-140x200x14-cm-verde, Crudo",504011,YES,NO,NO,NO,1,COMPOSITION_EXACT_WOO,,"Evidence row; correlate by combination_sku, component_sku and quantity.",,EXACT,EXACT,COMPOSITION_EXACT_WOO,COMPOSITION_EXACT_WOO,UNCHANGED_EXACT_EVIDENCE,YES,NO,HIGH,Exact 001A.0 evidence retained; no fuzzy identity.,TECH-001,UNRESOLVED_EXACT_EVIDENCE_OUTSIDE_BUSINESS_SCOPE,NO_RELATED_COMBINATION,PENDING_TECHNICAL_EVIDENCE,NOT_SUBMITTED_TECHNICAL,,,,
WOO_SKU_COMPONENT_LIST,sku_component[1],7387,7332,0504011|1252005|0609002-1,,0504011,1,EXACT,SKU Woo literal: 0504011|1252005|0609002-1,EXACT_SKU,504011,EXACT,PRIMARY_WOO,7387,7332,0504011|1252005|0609002-1,"futon-de-algodon-de-colores-de-dos-plazas-140x200x14-cm-verde, Azul",504011,YES,NO,NO,NO,1,COMPOSITION_EXACT_WOO,,"Evidence row; correlate by combination_sku, component_sku and quantity.",,EXACT,EXACT,COMPOSITION_EXACT_WOO,COMPOSITION_EXACT_WOO,UNCHANGED_EXACT_EVIDENCE,YES,NO,HIGH,Exact 001A.0 evidence retained; no fuzzy identity.,TECH-001,UNRESOLVED_EXACT_EVIDENCE_OUTSIDE_BUSINESS_SCOPE,NO_RELATED_COMBINATION,PENDING_TECHNICAL_EVIDENCE,NOT_SUBMITTED_TECHNICAL,,,,
WOO_SKU_COMPONENT_LIST,sku_component[1],7392,7332,0504011|1252005|0614002-1,,0504011,1,EXACT,SKU Woo literal: 0504011|1252005|0614002-1,EXACT_SKU,504011,EXACT,PRIMARY_WOO,7392,7332,0504011|1252005|0614002-1,"futon-de-algodon-de-colores-de-dos-plazas-140x200x14-cm-verde, Verde",504011,YES,NO,NO,NO,1,COMPOSITION_EXACT_WOO,,"Evidence row; correlate by combination_sku, component_sku and quantity.",,EXACT,EXACT,COMPOSITION_EXACT_WOO,COMPOSITION_EXACT_WOO,UNCHANGED_EXACT_EVIDENCE,YES,NO,HIGH,Exact 001A.0 evidence retained; no fuzzy identity.,TECH-001,UNRESOLVED_EXACT_EVIDENCE_OUTSIDE_BUSINESS_SCOPE,NO_RELATED_COMBINATION,PENDING_TECHNICAL_EVIDENCE,NOT_SUBMITTED_TECHNICAL,,,,
WOO_SKU_COMPONENT_LIST,sku_component[1],7386,7332,0504011|1252005|0615002-1,,0504011,1,EXACT,SKU Woo literal: 0504011|1252005|0615002-1,EXACT_SKU,504011,EXACT,PRIMARY_WOO,7386,7332,0504011|1252005|0615002-1,"futon-de-algodon-de-colores-de-dos-plazas-140x200x14-cm-verde, Amarillo",504011,YES,NO,NO,NO,1,COMPOSITION_EXACT_WOO,,"Evidence row; correlate by combination_sku, component_sku and quantity.",,EXACT,EXACT,COMPOSITION_EXACT_WOO,COMPOSITION_EXACT_WOO,UNCHANGED_EXACT_EVIDENCE,YES,NO,HIGH,Exact 001A.0 evidence retained; no fuzzy identity.,TECH-001,UNRESOLVED_EXACT_EVIDENCE_OUTSIDE_BUSINESS_SCOPE,NO_RELATED_COMBINATION,PENDING_TECHNICAL_EVIDENCE,NOT_SUBMITTED_TECHNICAL,,,,
WOO_SKU_COMPONENT_LIST,sku_component[1],7390,7332,0504011|1252005|0616002-1,,0504011,1,EXACT,SKU Woo literal: 0504011|1252005|0616002-1,EXACT_SKU,504011,EXACT,PRIMARY_WOO,7390,7332,0504011|1252005|0616002-1,"futon-de-algodon-de-colores-de-dos-plazas-140x200x14-cm-verde, Negro",504011,YES,NO,NO,NO,1,COMPOSITION_EXACT_WOO,,"Evidence row; correlate by combination_sku, component_sku and quantity.",,EXACT,EXACT,COMPOSITION_EXACT_WOO,COMPOSITION_EXACT_WOO,UNCHANGED_EXACT_EVIDENCE,YES,NO,HIGH,Exact 001A.0 evidence retained; no fuzzy identity.,TECH-001,UNRESOLVED_EXACT_EVIDENCE_OUTSIDE_BUSINESS_SCOPE,NO_RELATED_COMBINATION,PENDING_TECHNICAL_EVIDENCE,NOT_SUBMITTED_TECHNICAL,,,,
WOO_SKU_COMPONENT_LIST,sku_component[1],7361,7332,0504011|1253003-1,,0504011,1,EXACT,SKU Woo literal: 0504011|1253003-1,EXACT_SKU,504011,EXACT,PRIMARY_WOO,7361,7332,0504011|1253003-1,"Futón de algodón de colores de dos plazas, 140x200x14,5 cm, Gris oscuro, Sin funda",504011,YES,NO,NO,NO,1,COMPOSITION_EXACT_WOO,,"Evidence row; correlate by combination_sku, component_sku and quantity.",,EXACT,EXACT,COMPOSITION_EXACT_WOO,COMPOSITION_EXACT_WOO,UNCHANGED_EXACT_EVIDENCE,YES,NO,HIGH,Exact 001A.0 evidence retained; no fuzzy identity.,TECH-001,UNRESOLVED_EXACT_EVIDENCE_OUTSIDE_BUSINESS_SCOPE,NO_RELATED_COMBINATION,PENDING_TECHNICAL_EVIDENCE,NOT_SUBMITTED_TECHNICAL,,,,
WOO_SKU_COMPONENT_LIST,sku_component[1],7365,7332,0504011|1253003|0606002-1,,0504011,1,EXACT,SKU Woo literal: 0504011|1253003|0606002-1,EXACT_SKU,504011,EXACT,PRIMARY_WOO,7365,7332,0504011|1253003|0606002-1,"Futón de algodón de colores de dos plazas, 140x200x14,5 cm, Gris oscuro, Granate",504011,YES,NO,NO,NO,1,COMPOSITION_EXACT_WOO,,"Evidence row; correlate by combination_sku, component_sku and quantity.",,EXACT,EXACT,COMPOSITION_EXACT_WOO,COMPOSITION_EXACT_WOO,UNCHANGED_EXACT_EVIDENCE,YES,NO,HIGH,Exact 001A.0 evidence retained; no fuzzy identity.,TECH-001,UNRESOLVED_EXACT_EVIDENCE_OUTSIDE_BUSINESS_SCOPE,NO_RELATED_COMBINATION,PENDING_TECHNICAL_EVIDENCE,NOT_SUBMITTED_TECHNICAL,,,,
WOO_SKU_COMPONENT_LIST,sku_component[1],7367,7332,0504011|1253003|0607002-1,,0504011,1,EXACT,SKU Woo literal: 0504011|1253003|0607002-1,EXACT_SKU,504011,EXACT,PRIMARY_WOO,7367,7332,0504011|1253003|0607002-1,"Futón de algodón de colores de dos plazas, 140x200x14,5 cm, Gris oscuro, Rojo",504011,YES,NO,NO,NO,1,COMPOSITION_EXACT_WOO,,"Evidence row; correlate by combination_sku, component_sku and quantity.",,EXACT,EXACT,COMPOSITION_EXACT_WOO,COMPOSITION_EXACT_WOO,UNCHANGED_EXACT_EVIDENCE,YES,NO,HIGH,Exact 001A.0 evidence retained; no fuzzy identity.,TECH-001,UNRESOLVED_EXACT_EVIDENCE_OUTSIDE_BUSINESS_SCOPE,NO_RELATED_COMBINATION,PENDING_TECHNICAL_EVIDENCE,NOT_SUBMITTED_TECHNICAL,,,,
WOO_SKU_COMPONENT_LIST,sku_component[1],7364,7332,0504011|1253003|0608002-1,,0504011,1,EXACT,SKU Woo literal: 0504011|1253003|0608002-1,EXACT_SKU,504011,EXACT,PRIMARY_WOO,7364,7332,0504011|1253003|0608002-1,"Futón de algodón de colores de dos plazas, 140x200x14,5 cm, Gris oscuro, Crudo",504011,YES,NO,NO,NO,1,COMPOSITION_EXACT_WOO,,"Evidence row; correlate by combination_sku, component_sku and quantity.",,EXACT,EXACT,COMPOSITION_EXACT_WOO,COMPOSITION_EXACT_WOO,UNCHANGED_EXACT_EVIDENCE,YES,NO,HIGH,Exact 001A.0 evidence retained; no fuzzy identity.,TECH-001,UNRESOLVED_EXACT_EVIDENCE_OUTSIDE_BUSINESS_SCOPE,NO_RELATED_COMBINATION,PENDING_TECHNICAL_EVIDENCE,NOT_SUBMITTED_TECHNICAL,,,,
WOO_SKU_COMPONENT_LIST,sku_component[1],7363,7332,0504011|1253003|0609002-1,,0504011,1,EXACT,SKU Woo literal: 0504011|1253003|0609002-1,EXACT_SKU,504011,EXACT,PRIMARY_WOO,7363,7332,0504011|1253003|0609002-1,"Futón de algodón de colores de dos plazas, 140x200x14,5 cm, Gris oscuro, Azul",504011,YES,NO,NO,NO,1,COMPOSITION_EXACT_WOO,,"Evidence row; correlate by combination_sku, component_sku and quantity.",,EXACT,EXACT,COMPOSITION_EXACT_WOO,COMPOSITION_EXACT_WOO,UNCHANGED_EXACT_EVIDENCE,YES,NO,HIGH,Exact 001A.0 evidence retained; no fuzzy identity.,TECH-001,UNRESOLVED_EXACT_EVIDENCE_OUTSIDE_BUSINESS_SCOPE,NO_RELATED_COMBINATION,PENDING_TECHNICAL_EVIDENCE,NOT_SUBMITTED_TECHNICAL,,,,
WOO_SKU_COMPONENT_LIST,sku_component[1],7368,7332,0504011|1253003|0614002-1,,0504011,1,EXACT,SKU Woo literal: 0504011|1253003|0614002-1,EXACT_SKU,504011,EXACT,PRIMARY_WOO,7368,7332,0504011|1253003|0614002-1,"Futón de algodón de colores de dos plazas, 140x200x14,5 cm, Gris oscuro, Verde",504011,YES,NO,NO,NO,1,COMPOSITION_EXACT_WOO,,"Evidence row; correlate by combination_sku, component_sku and quantity.",,EXACT,EXACT,COMPOSITION_EXACT_WOO,COMPOSITION_EXACT_WOO,UNCHANGED_EXACT_EVIDENCE,YES,NO,HIGH,Exact 001A.0 evidence retained; no fuzzy identity.,TECH-001,UNRESOLVED_EXACT_EVIDENCE_OUTSIDE_BUSINESS_SCOPE,NO_RELATED_COMBINATION,PENDING_TECHNICAL_EVIDENCE,NOT_SUBMITTED_TECHNICAL,,,,
WOO_SKU_COMPONENT_LIST,sku_component[1],7362,7332,0504011|1253003|0615002-1,,0504011,1,EXACT,SKU Woo literal: 0504011|1253003|0615002-1,EXACT_SKU,504011,EXACT,PRIMARY_WOO,7362,7332,0504011|1253003|0615002-1,"Futón de algodón de colores de dos plazas, 140x200x14,5 cm, Gris oscuro, Amarillo",504011,YES,NO,NO,NO,1,COMPOSITION_EXACT_WOO,,"Evidence row; correlate by combination_sku, component_sku and quantity.",,EXACT,EXACT,COMPOSITION_EXACT_WOO,COMPOSITION_EXACT_WOO,UNCHANGED_EXACT_EVIDENCE,YES,NO,HIGH,Exact 001A.0 evidence retained; no fuzzy identity.,TECH-001,UNRESOLVED_EXACT_EVIDENCE_OUTSIDE_BUSINESS_SCOPE,NO_RELATED_COMBINATION,PENDING_TECHNICAL_EVIDENCE,NOT_SUBMITTED_TECHNICAL,,,,
WOO_SKU_COMPONENT_LIST,sku_component[1],7366,7332,0504011|1253003|0616002-1,,0504011,1,EXACT,SKU Woo literal: 0504011|1253003|0616002-1,EXACT_SKU,504011,EXACT,PRIMARY_WOO,7366,7332,0504011|1253003|0616002-1,"Futón de algodón de colores de dos plazas, 140x200x14,5 cm, Gris oscuro, Negro",504011,YES,NO,NO,NO,1,COMPOSITION_EXACT_WOO,,"Evidence row; correlate by combination_sku, component_sku and quantity.",,EXACT,EXACT,COMPOSITION_EXACT_WOO,COMPOSITION_EXACT_WOO,UNCHANGED_EXACT_EVIDENCE,YES,NO,HIGH,Exact 001A.0 evidence retained; no fuzzy identity.,TECH-001,UNRESOLVED_EXACT_EVIDENCE_OUTSIDE_BUSINESS_SCOPE,NO_RELATED_COMBINATION,PENDING_TECHNICAL_EVIDENCE,NOT_SUBMITTED_TECHNICAL,,,,
WOO_SKU_COMPONENT_LIST,sku_component[1],7377,7332,0504011|1254005-1,,0504011,1,EXACT,SKU Woo literal: 0504011|1254005-1,EXACT_SKU,504011,EXACT,PRIMARY_WOO,7377,7332,0504011|1254005-1,"Futón de algodón de colores de dos plazas, 140x200x14,5 cm, Rojo, Sin funda",504011,YES,NO,NO,NO,1,COMPOSITION_EXACT_WOO,,"Evidence row; correlate by combination_sku, component_sku and quantity.",,EXACT,EXACT,COMPOSITION_EXACT_WOO,COMPOSITION_EXACT_WOO,UNCHANGED_EXACT_EVIDENCE,YES,NO,HIGH,Exact 001A.0 evidence retained; no fuzzy identity.,TECH-001,UNRESOLVED_EXACT_EVIDENCE_OUTSIDE_BUSINESS_SCOPE,NO_RELATED_COMBINATION,PENDING_TECHNICAL_EVIDENCE,NOT_SUBMITTED_TECHNICAL,,,,
WOO_SKU_COMPONENT_LIST,sku_component[1],7381,7332,0504011|1254005|0606002-1,,0504011,1,EXACT,SKU Woo literal: 0504011|1254005|0606002-1,EXACT_SKU,504011,EXACT,PRIMARY_WOO,7381,7332,0504011|1254005|0606002-1,"Futón de algodón de colores de dos plazas, 140x200x14,5 cm, Rojo, Granate",504011,YES,NO,NO,NO,1,COMPOSITION_EXACT_WOO,,"Evidence row; correlate by combination_sku, component_sku and quantity.",,EXACT,EXACT,COMPOSITION_EXACT_WOO,COMPOSITION_EXACT_WOO,UNCHANGED_EXACT_EVIDENCE,YES,NO,HIGH,Exact 001A.0 evidence retained; no fuzzy identity.,TECH-001,UNRESOLVED_EXACT_EVIDENCE_OUTSIDE_BUSINESS_SCOPE,NO_RELATED_COMBINATION,PENDING_TECHNICAL_EVIDENCE,NOT_SUBMITTED_TECHNICAL,,,,
WOO_SKU_COMPONENT_LIST,sku_component[1],7383,7332,0504011|1254005|0607002-1,,0504011,1,EXACT,SKU Woo literal: 0504011|1254005|0607002-1,EXACT_SKU,504011,EXACT,PRIMARY_WOO,7383,7332,0504011|1254005|0607002-1,"Futón de algodón de colores de dos plazas, 140x200x14,5 cm, Rojo, Rojo",504011,YES,NO,NO,NO,1,COMPOSITION_EXACT_WOO,,"Evidence row; correlate by combination_sku, component_sku and quantity.",,EXACT,EXACT,COMPOSITION_EXACT_WOO,COMPOSITION_EXACT_WOO,UNCHANGED_EXACT_EVIDENCE,YES,NO,HIGH,Exact 001A.0 evidence retained; no fuzzy identity.,TECH-001,UNRESOLVED_EXACT_EVIDENCE_OUTSIDE_BUSINESS_SCOPE,NO_RELATED_COMBINATION,PENDING_TECHNICAL_EVIDENCE,NOT_SUBMITTED_TECHNICAL,,,,
WOO_SKU_COMPONENT_LIST,sku_component[1],7380,7332,0504011|1254005|0608002-1,,0504011,1,EXACT,SKU Woo literal: 0504011|1254005|0608002-1,EXACT_SKU,504011,EXACT,PRIMARY_WOO,7380,7332,0504011|1254005|0608002-1,"Futón de algodón de colores de dos plazas, 140x200x14,5 cm, Rojo, Crudo",504011,YES,NO,NO,NO,1,COMPOSITION_EXACT_WOO,,"Evidence row; correlate by combination_sku, component_sku and quantity.",,EXACT,EXACT,COMPOSITION_EXACT_WOO,COMPOSITION_EXACT_WOO,UNCHANGED_EXACT_EVIDENCE,YES,NO,HIGH,Exact 001A.0 evidence retained; no fuzzy identity.,TECH-001,UNRESOLVED_EXACT_EVIDENCE_OUTSIDE_BUSINESS_SCOPE,NO_RELATED_COMBINATION,PENDING_TECHNICAL_EVIDENCE,NOT_SUBMITTED_TECHNICAL,,,,
WOO_SKU_COMPONENT_LIST,sku_component[1],7379,7332,0504011|1254005|0609002-1,,0504011,1,EXACT,SKU Woo literal: 0504011|1254005|0609002-1,EXACT_SKU,504011,EXACT,PRIMARY_WOO,7379,7332,0504011|1254005|0609002-1,"Futón de algodón de colores de dos plazas, 140x200x14,5 cm, Rojo, Azul",504011,YES,NO,NO,NO,1,COMPOSITION_EXACT_WOO,,"Evidence row; correlate by combination_sku, component_sku and quantity.",,EXACT,EXACT,COMPOSITION_EXACT_WOO,COMPOSITION_EXACT_WOO,UNCHANGED_EXACT_EVIDENCE,YES,NO,HIGH,Exact 001A.0 evidence retained; no fuzzy identity.,TECH-001,UNRESOLVED_EXACT_EVIDENCE_OUTSIDE_BUSINESS_SCOPE,NO_RELATED_COMBINATION,PENDING_TECHNICAL_EVIDENCE,NOT_SUBMITTED_TECHNICAL,,,,
WOO_SKU_COMPONENT_LIST,sku_component[1],7384,7332,0504011|1254005|0614002-1,,0504011,1,EXACT,SKU Woo literal: 0504011|1254005|0614002-1,EXACT_SKU,504011,EXACT,PRIMARY_WOO,7384,7332,0504011|1254005|0614002-1,"Futón de algodón de colores de dos plazas, 140x200x14,5 cm, Rojo, Verde",504011,YES,NO,NO,NO,1,COMPOSITION_EXACT_WOO,,"Evidence row; correlate by combination_sku, component_sku and quantity.",,EXACT,EXACT,COMPOSITION_EXACT_WOO,COMPOSITION_EXACT_WOO,UNCHANGED_EXACT_EVIDENCE,YES,NO,HIGH,Exact 001A.0 evidence retained; no fuzzy identity.,TECH-001,UNRESOLVED_EXACT_EVIDENCE_OUTSIDE_BUSINESS_SCOPE,NO_RELATED_COMBINATION,PENDING_TECHNICAL_EVIDENCE,NOT_SUBMITTED_TECHNICAL,,,,
WOO_SKU_COMPONENT_LIST,sku_component[1],7378,7332,0504011|1254005|0615002-1,,0504011,1,EXACT,SKU Woo literal: 0504011|1254005|0615002-1,EXACT_SKU,504011,EXACT,PRIMARY_WOO,7378,7332,0504011|1254005|0615002-1,"Futón de algodón de colores de dos plazas, 140x200x14,5 cm, Rojo, Amarillo",504011,YES,NO,NO,NO,1,COMPOSITION_EXACT_WOO,,"Evidence row; correlate by combination_sku, component_sku and quantity.",,EXACT,EXACT,COMPOSITION_EXACT_WOO,COMPOSITION_EXACT_WOO,UNCHANGED_EXACT_EVIDENCE,YES,NO,HIGH,Exact 001A.0 evidence retained; no fuzzy identity.,TECH-001,UNRESOLVED_EXACT_EVIDENCE_OUTSIDE_BUSINESS_SCOPE,NO_RELATED_COMBINATION,PENDING_TECHNICAL_EVIDENCE,NOT_SUBMITTED_TECHNICAL,,,,
WOO_SKU_COMPONENT_LIST,sku_component[1],7382,7332,0504011|1254005|0616002-1,,0504011,1,EXACT,SKU Woo literal: 0504011|1254005|0616002-1,EXACT_SKU,504011,EXACT,PRIMARY_WOO,7382,7332,0504011|1254005|0616002-1,"Futón de algodón de colores de dos plazas, 140x200x14,5 cm, Rojo, Negro",504011,YES,NO,NO,NO,1,COMPOSITION_EXACT_WOO,,"Evidence row; correlate by combination_sku, component_sku and quantity.",,EXACT,EXACT,COMPOSITION_EXACT_WOO,COMPOSITION_EXACT_WOO,UNCHANGED_EXACT_EVIDENCE,YES,NO,HIGH,Exact 001A.0 evidence retained; no fuzzy identity.,TECH-001,UNRESOLVED_EXACT_EVIDENCE_OUTSIDE_BUSINESS_SCOPE,NO_RELATED_COMBINATION,PENDING_TECHNICAL_EVIDENCE,NOT_SUBMITTED_TECHNICAL,,,,
WOO_SKU_COMPONENT_LIST,sku_component[1],9455,3647,0504012|0724003|01619002,,0504012,1,EXACT,SKU Woo literal: 0504012|0724003|01619002,EXACT_SKU,504012,EXACT,PRIMARY_WOO,9455,3647,0504012|0724003|01619002,"Futón de algodón, 140x200x14,5 cm, Beige jaspeado",504012,YES,NO,NO,NO,1,COMPOSITION_EXACT_WOO,,"Evidence row; correlate by combination_sku, component_sku and quantity.",,EXACT,EXACT,COMPOSITION_EXACT_WOO,COMPOSITION_EXACT_WOO,UNCHANGED_EXACT_EVIDENCE,YES,NO,HIGH,Exact 001A.0 evidence retained; no fuzzy identity.,UD-002,PENDING_BUSINESS_REVIEW_MALFORMED_SKU,NO_RELATED_COMBINATION,PENDING_BUSINESS_REVIEW,PENDING,,,,
WOO_SKU_COMPONENT_LIST,sku_component[1],11478,11468,0727007A|0607007A,,0727007A,1,EXACT,SKU Woo literal: 0727007A|0607007A,NO_EXACT_WOO_SKU_FULL,,BLOCKED,PRIMARY_WOO,11478,11468,0727007A|0607007A,"13 cm, 4 cm, 80x200x13 cm, Crudo",,YES,NO,NO,NO,1,COMPONENT_SKU_NOT_FOUND,"{""quantity_status"":""EXACT"",""physical_match_method"":""MISSING_PHYSICAL_SKU"",""parent_match_method"":""""}","Evidence row; correlate by combination_sku, component_sku and quantity.",,BLOCKED,BLOCKED,COMPONENT_SKU_NOT_FOUND,SUFFIXED_ITEM_NOT_FOUND,EXACT_FULL_SKU_NO_SUFFIX_NORMALIZATION,YES,YES,LOW,Exact 001A.0 evidence retained; no fuzzy identity.,TECH-001,UNRESOLVED_EXACT_EVIDENCE_OUTSIDE_BUSINESS_SCOPE,YES_NONEXACT,PENDING_TECHNICAL_EVIDENCE,NOT_SUBMITTED_TECHNICAL,,SUFFIXED_ITEM_NOT_FOUND,INFORMATIONAL_ONLY_NEVER_MATCHED,No exact Woo node for full SKU 0727007A; base candidate ignored.
WOO_SKU_COMPONENT_LIST,sku_component[1],11658,11657,1244001A|0607007A,,1244001A,1,EXACT,SKU Woo literal: 1244001A|0607007A,NO_EXACT_WOO_SKU_FULL,,BLOCKED,PRIMARY_WOO,11658,11657,1244001A|0607007A,Negro,,YES,NO,NO,NO,1,COMPONENT_SKU_NOT_FOUND,"{""quantity_status"":""EXACT"",""physical_match_method"":""MISSING_PHYSICAL_SKU"",""parent_match_method"":""""}","Evidence row; correlate by combination_sku, component_sku and quantity.",,BLOCKED,BLOCKED,COMPONENT_SKU_NOT_FOUND,SUFFIXED_ITEM_NOT_FOUND,EXACT_FULL_SKU_NO_SUFFIX_NORMALIZATION,YES,YES,LOW,Exact 001A.0 evidence retained; no fuzzy identity.,TECH-001,UNRESOLVED_EXACT_EVIDENCE_OUTSIDE_BUSINESS_SCOPE,YES_NONEXACT,PENDING_TECHNICAL_EVIDENCE,NOT_SUBMITTED_TECHNICAL,,SUFFIXED_ITEM_NOT_FOUND,INFORMATIONAL_ONLY_NEVER_MATCHED,No exact Woo node for full SKU 1244001A; base candidate ignored.
WOO_SKU_COMPONENT_LIST,sku_component[1],11656,11655,1245001A|0609007B,,1245001A,1,EXACT,SKU Woo literal: 1245001A|0609007B,NO_EXACT_WOO_SKU_FULL,,BLOCKED,PRIMARY_WOO,11656,11655,1245001A|0609007B,Rojo,,YES,NO,NO,NO,1,COMPONENT_SKU_NOT_FOUND,"{""quantity_status"":""EXACT"",""physical_match_method"":""MISSING_PHYSICAL_SKU"",""parent_match_method"":""""}","Evidence row; correlate by combination_sku, component_sku and quantity.",,BLOCKED,BLOCKED,COMPONENT_SKU_NOT_FOUND,SUFFIXED_ITEM_NOT_FOUND,EXACT_FULL_SKU_NO_SUFFIX_NORMALIZATION,YES,YES,LOW,Exact 001A.0 evidence retained; no fuzzy identity.,TECH-001,UNRESOLVED_EXACT_EVIDENCE_OUTSIDE_BUSINESS_SCOPE,YES_NONEXACT,PENDING_TECHNICAL_EVIDENCE,NOT_SUBMITTED_TECHNICAL,,SUFFIXED_ITEM_NOT_FOUND,INFORMATIONAL_ONLY_NEVER_MATCHED,No exact Woo node for full SKU 1245001A; base candidate ignored.
WOO_SKU_COMPONENT_LIST,sku_component[2],11726,11716,0201001|0201001|1244001|1245001-1,,1244001,1,EXACT,SKU Woo literal: 0201001|0201001|1244001|1245001-1,EXACT_SKU,1244001,EXACT,PRIMARY_WOO,11726,11716,0201001|0201001|1244001|1245001-1,"Negro, Rojo, Sin funda, Sin funda",1244001,YES,NO,NO,NO,1,COMPOSITION_EXACT_WOO,,"Evidence row; correlate by combination_sku, component_sku and quantity.",,EXACT,EXACT,COMPOSITION_EXACT_WOO,COMPOSITION_EXACT_WOO,UNCHANGED_EXACT_EVIDENCE,YES,NO,HIGH,Exact 001A.0 evidence retained; no fuzzy identity.,TECH-001,UNRESOLVED_EXACT_EVIDENCE_OUTSIDE_BUSINESS_SCOPE,NO_RELATED_COMBINATION,PENDING_TECHNICAL_EVIDENCE,NOT_SUBMITTED_TECHNICAL,,,,
WOO_SKU_COMPONENT_LIST,sku_component[2],11723,11716,0201001|0201001|1244001|1249001-1,,1244001,1,EXACT,SKU Woo literal: 0201001|0201001|1244001|1249001-1,EXACT_SKU,1244001,EXACT,PRIMARY_WOO,11723,11716,0201001|0201001|1244001|1249001-1,"Negro, Crudo, Sin funda, Sin funda",1244001,YES,NO,NO,NO,1,COMPOSITION_EXACT_WOO,,"Evidence row; correlate by combination_sku, component_sku and quantity.",,EXACT,EXACT,COMPOSITION_EXACT_WOO,COMPOSITION_EXACT_WOO,UNCHANGED_EXACT_EVIDENCE,YES,NO,HIGH,Exact 001A.0 evidence retained; no fuzzy identity.,TECH-001,UNRESOLVED_EXACT_EVIDENCE_OUTSIDE_BUSINESS_SCOPE,NO_RELATED_COMBINATION,PENDING_TECHNICAL_EVIDENCE,NOT_SUBMITTED_TECHNICAL,,,,
WOO_SKU_COMPONENT_LIST,sku_component[2],11731,11716,0201001|0201001|1245001|1244001-1,,1245001,1,EXACT,SKU Woo literal: 0201001|0201001|1245001|1244001-1,EXACT_SKU,1245001,EXACT,PRIMARY_WOO,11731,11716,0201001|0201001|1245001|1244001-1,"Rojo, Negro, Sin funda, Sin funda",1245001,YES,NO,NO,NO,1,COMPOSITION_EXACT_WOO,,"Evidence row; correlate by combination_sku, component_sku and quantity.",,EXACT,EXACT,COMPOSITION_EXACT_WOO,COMPOSITION_COMPONENT_ONLY,PHYSICAL_COMPONENT_WITHOUT_STANDALONE_WOO,YES,NO,HIGH,Exact 001A.0 evidence retained; no fuzzy identity.,TECH-001,UNRESOLVED_EXACT_EVIDENCE_OUTSIDE_BUSINESS_SCOPE,NO_RELATED_COMBINATION,PENDING_TECHNICAL_EVIDENCE,NOT_SUBMITTED_TECHNICAL,,,,
WOO_SKU_COMPONENT_LIST,sku_component[2],11718,11716,0201001|0201001|1245001|1245001-1,,1245001,1,EXACT,SKU Woo literal: 0201001|0201001|1245001|1245001-1,EXACT_SKU,1245001,EXACT,PRIMARY_WOO,11718,11716,0201001|0201001|1245001|1245001-1,"Rojo, Rojo, Sin funda, Sin funda",1245001,YES,NO,NO,NO,1,COMPOSITION_EXACT_WOO,,"Evidence row; correlate by combination_sku, component_sku and quantity.",,EXACT,EXACT,COMPOSITION_EXACT_WOO,COMPOSITION_COMPONENT_ONLY,PHYSICAL_COMPONENT_WITHOUT_STANDALONE_WOO,YES,NO,HIGH,Exact 001A.0 evidence retained; no fuzzy identity.,TECH-001,UNRESOLVED_EXACT_EVIDENCE_OUTSIDE_BUSINESS_SCOPE,NO_RELATED_COMBINATION,PENDING_TECHNICAL_EVIDENCE,NOT_SUBMITTED_TECHNICAL,,,,
WOO_SKU_COMPONENT_LIST,sku_component[2],11729,11716,0201001|0201001|1245001|1249001-1,,1245001,1,EXACT,SKU Woo literal: 0201001|0201001|1245001|1249001-1,EXACT_SKU,1245001,EXACT,PRIMARY_WOO,11729,11716,0201001|0201001|1245001|1249001-1,"Rojo, Crudo, Sin funda, Sin funda",1245001,YES,NO,NO,NO,1,COMPOSITION_EXACT_WOO,,"Evidence row; correlate by combination_sku, component_sku and quantity.",,EXACT,EXACT,COMPOSITION_EXACT_WOO,COMPOSITION_COMPONENT_ONLY,PHYSICAL_COMPONENT_WITHOUT_STANDALONE_WOO,YES,NO,HIGH,Exact 001A.0 evidence retained; no fuzzy identity.,TECH-001,UNRESOLVED_EXACT_EVIDENCE_OUTSIDE_BUSINESS_SCOPE,NO_RELATED_COMBINATION,PENDING_TECHNICAL_EVIDENCE,NOT_SUBMITTED_TECHNICAL,,,,
WOO_SKU_COMPONENT_LIST,sku_component[2],11719,11716,0201001|0201001|1249001|1244001-1,,1249001,1,EXACT,SKU Woo literal: 0201001|0201001|1249001|1244001-1,EXACT_SKU,1249001,EXACT,PRIMARY_WOO,11719,11716,0201001|0201001|1249001|1244001-1,"Crudo, Negro, Sin funda, Sin funda",1249001,YES,NO,NO,NO,1,COMPOSITION_EXACT_WOO,,"Evidence row; correlate by combination_sku, component_sku and quantity.",,EXACT,EXACT,COMPOSITION_EXACT_WOO,COMPOSITION_EXACT_WOO,UNCHANGED_EXACT_EVIDENCE,YES,NO,HIGH,Exact 001A.0 evidence retained; no fuzzy identity.,TECH-001,UNRESOLVED_EXACT_EVIDENCE_OUTSIDE_BUSINESS_SCOPE,NO_RELATED_COMBINATION,PENDING_TECHNICAL_EVIDENCE,NOT_SUBMITTED_TECHNICAL,,,,
WOO_SKU_COMPONENT_LIST,sku_component[2],11720,11716,0201001|0201001|1249001|1245001-1,,1249001,1,EXACT,SKU Woo literal: 0201001|0201001|1249001|1245001-1,EXACT_SKU,1249001,EXACT,PRIMARY_WOO,11720,11716,0201001|0201001|1249001|1245001-1,"Crudo, Rojo, Sin funda, Sin funda",1249001,YES,NO,NO,NO,1,COMPOSITION_EXACT_WOO,,"Evidence row; correlate by combination_sku, component_sku and quantity.",,EXACT,EXACT,COMPOSITION_EXACT_WOO,COMPOSITION_EXACT_WOO,UNCHANGED_EXACT_EVIDENCE,YES,NO,HIGH,Exact 001A.0 evidence retained; no fuzzy identity.,TECH-001,UNRESOLVED_EXACT_EVIDENCE_OUTSIDE_BUSINESS_SCOPE,NO_RELATED_COMBINATION,PENDING_TECHNICAL_EVIDENCE,NOT_SUBMITTED_TECHNICAL,,,,
WOO_SKU_COMPONENT_LIST,sku_component[2],11717,11716,0201001|0201001|1249001|1249001-1,,1249001,1,EXACT,SKU Woo literal: 0201001|0201001|1249001|1249001-1,EXACT_SKU,1249001,EXACT,PRIMARY_WOO,11717,11716,0201001|0201001|1249001|1249001-1,"Crudo, Crudo, Sin funda, Sin funda",1249001,YES,NO,NO,NO,1,COMPOSITION_EXACT_WOO,,"Evidence row; correlate by combination_sku, component_sku and quantity.",,EXACT,EXACT,COMPOSITION_EXACT_WOO,COMPOSITION_EXACT_WOO,UNCHANGED_EXACT_EVIDENCE,YES,NO,HIGH,Exact 001A.0 evidence retained; no fuzzy identity.,TECH-001,UNRESOLVED_EXACT_EVIDENCE_OUTSIDE_BUSINESS_SCOPE,NO_RELATED_COMBINATION,PENDING_TECHNICAL_EVIDENCE,NOT_SUBMITTED_TECHNICAL,,,,
WOO_SKU_COMPONENT_LIST,sku_component[2],4591,3658,0201001|0201001|1249001|1249001|0606011|0606011,,1249001,2,EXACT,SKU Woo literal: 0201001|0201001|1249001|1249001|0606011|0606011,EXACT_SKU,1249001,EXACT,PRIMARY_WOO,4591,3658,0201001|0201001|1249001|1249001|0606011|0606011,"Crudo, Crudo, Granate, Granate",1249001,YES,NO,NO,NO,1,COMPOSITION_EXACT_WOO,,"Evidence row; correlate by combination_sku, component_sku and quantity.",,EXACT,EXACT,COMPOSITION_EXACT_WOO,COMPOSITION_EXACT_WOO,UNCHANGED_EXACT_EVIDENCE,YES,NO,HIGH,Exact 001A.0 evidence retained; no fuzzy identity.,UD-001,PENDING_BUSINESS_REVIEW_PLACEHOLDER_011,NO_RELATED_COMBINATION,PENDING_BUSINESS_REVIEW,PENDING,,,,
WOO_SKU_COMPONENT_LIST,sku_component[2],11725,11716,0201001|0201001|1249001|1249001|0606011|0606011-1,,1249001,2,EXACT,SKU Woo literal: 0201001|0201001|1249001|1249001|0606011|0606011-1,EXACT_SKU,1249001,EXACT,PRIMARY_WOO,11725,11716,0201001|0201001|1249001|1249001|0606011|0606011-1,"Crudo, Crudo, Granate, Granate",1249001,YES,NO,NO,NO,1,COMPOSITION_EXACT_WOO,,"Evidence row; correlate by combination_sku, component_sku and quantity.",,EXACT,EXACT,COMPOSITION_EXACT_WOO,COMPOSITION_EXACT_WOO,UNCHANGED_EXACT_EVIDENCE,YES,NO,HIGH,Exact 001A.0 evidence retained; no fuzzy identity.,UD-001,PENDING_BUSINESS_REVIEW_PLACEHOLDER_011,NO_RELATED_COMBINATION,PENDING_BUSINESS_REVIEW,PENDING,,,,
WOO_SKU_COMPONENT_LIST,sku_component[2],4645,3658,0201001|0201001|1249001|1249001|0606011|0607011,,1249001,2,EXACT,SKU Woo literal: 0201001|0201001|1249001|1249001|0606011|0607011,EXACT_SKU,1249001,EXACT,PRIMARY_WOO,4645,3658,0201001|0201001|1249001|1249001|0606011|0607011,"Crudo, Crudo, Granate, Rojo",1249001,YES,NO,NO,NO,1,COMPOSITION_EXACT_WOO,,"Evidence row; correlate by combination_sku, component_sku and quantity.",,EXACT,EXACT,COMPOSITION_EXACT_WOO,COMPOSITION_EXACT_WOO,UNCHANGED_EXACT_EVIDENCE,YES,NO,HIGH,Exact 001A.0 evidence retained; no fuzzy identity.,UD-001,PENDING_BUSINESS_REVIEW_PLACEHOLDER_011,NO_RELATED_COMBINATION,PENDING_BUSINESS_REVIEW,PENDING,,,,
WOO_SKU_COMPONENT_LIST,sku_component[2],11750,11716,0201001|0201001|1249001|1249001|0606011|0607011-1,,1249001,2,EXACT,SKU Woo literal: 0201001|0201001|1249001|1249001|0606011|0607011-1,EXACT_SKU,1249001,EXACT,PRIMARY_WOO,11750,11716,0201001|0201001|1249001|1249001|0606011|0607011-1,"Crudo, Crudo, Granate, Rojo",1249001,YES,NO,NO,NO,1,COMPOSITION_EXACT_WOO,,"Evidence row; correlate by combination_sku, component_sku and quantity.",,EXACT,EXACT,COMPOSITION_EXACT_WOO,COMPOSITION_EXACT_WOO,UNCHANGED_EXACT_EVIDENCE,YES,NO,HIGH,Exact 001A.0 evidence retained; no fuzzy identity.,UD-001,PENDING_BUSINESS_REVIEW_PLACEHOLDER_011,NO_RELATED_COMBINATION,PENDING_BUSINESS_REVIEW,PENDING,,,,
WOO_SKU_COMPONENT_LIST,sku_component[2],4641,3658,0201001|0201001|1249001|1249001|0606011|0608011,,1249001,2,EXACT,SKU Woo literal: 0201001|0201001|1249001|1249001|0606011|0608011,EXACT_SKU,1249001,EXACT,PRIMARY_WOO,4641,3658,0201001|0201001|1249001|1249001|0606011|0608011,"Crudo, Crudo, Granate, Crudo",1249001,YES,NO,NO,NO,1,COMPOSITION_EXACT_WOO,,"Evidence row; correlate by combination_sku, component_sku and quantity.",,EXACT,EXACT,COMPOSITION_EXACT_WOO,COMPOSITION_EXACT_WOO,UNCHANGED_EXACT_EVIDENCE,YES,NO,HIGH,Exact 001A.0 evidence retained; no fuzzy identity.,UD-001,PENDING_BUSINESS_REVIEW_PLACEHOLDER_011,NO_RELATED_COMBINATION,PENDING_BUSINESS_REVIEW,PENDING,,,,
WOO_SKU_COMPONENT_LIST,sku_component[2],11748,11716,0201001|0201001|1249001|1249001|0606011|0608011-1,,1249001,2,EXACT,SKU Woo literal: 0201001|0201001|1249001|1249001|0606011|0608011-1,EXACT_SKU,1249001,EXACT,PRIMARY_WOO,11748,11716,0201001|0201001|1249001|1249001|0606011|0608011-1,"Crudo, Crudo, Granate, Crudo",1249001,YES,NO,NO,NO,1,COMPOSITION_EXACT_WOO,,"Evidence row; correlate by combination_sku, component_sku and quantity.",,EXACT,EXACT,COMPOSITION_EXACT_WOO,COMPOSITION_EXACT_WOO,UNCHANGED_EXACT_EVIDENCE,YES,NO,HIGH,Exact 001A.0 evidence retained; no fuzzy identity.,UD-001,PENDING_BUSINESS_REVIEW_PLACEHOLDER_011,NO_RELATED_COMBINATION,PENDING_BUSINESS_REVIEW,PENDING,,,,
WOO_SKU_COMPONENT_LIST,sku_component[2],4639,3658,0201001|0201001|1249001|1249001|0606011|0609011,,1249001,2,EXACT,SKU Woo literal: 0201001|0201001|1249001|1249001|0606011|0609011,EXACT_SKU,1249001,EXACT,PRIMARY_WOO,4639,3658,0201001|0201001|1249001|1249001|0606011|0609011,"Crudo, Crudo, Granate, Azul",1249001,YES,NO,NO,NO,1,COMPOSITION_EXACT_WOO,,"Evidence row; correlate by combination_sku, component_sku and quantity.",,EXACT,EXACT,COMPOSITION_EXACT_WOO,COMPOSITION_EXACT_WOO,UNCHANGED_EXACT_EVIDENCE,YES,NO,HIGH,Exact 001A.0 evidence retained; no fuzzy identity.,UD-001,PENDING_BUSINESS_REVIEW_PLACEHOLDER_011,NO_RELATED_COMBINATION,PENDING_BUSINESS_REVIEW,PENDING,,,,
WOO_SKU_COMPONENT_LIST,sku_component[2],11747,11716,0201001|0201001|1249001|1249001|0606011|0609011-1,,1249001,2,EXACT,SKU Woo literal: 0201001|0201001|1249001|1249001|0606011|0609011-1,EXACT_SKU,1249001,EXACT,PRIMARY_WOO,11747,11716,0201001|0201001|1249001|1249001|0606011|0609011-1,"Crudo, Crudo, Granate, Azul",1249001,YES,NO,NO,NO,1,COMPOSITION_EXACT_WOO,,"Evidence row; correlate by combination_sku, component_sku and quantity.",,EXACT,EXACT,COMPOSITION_EXACT_WOO,COMPOSITION_EXACT_WOO,UNCHANGED_EXACT_EVIDENCE,YES,NO,HIGH,Exact 001A.0 evidence retained; no fuzzy identity.,UD-001,PENDING_BUSINESS_REVIEW_PLACEHOLDER_011,NO_RELATED_COMBINATION,PENDING_BUSINESS_REVIEW,PENDING,,,,
WOO_SKU_COMPONENT_LIST,sku_component[2],4638,3658,0201001|0201001|1249001|1249001|0606011|0615011,,1249001,2,EXACT,SKU Woo literal: 0201001|0201001|1249001|1249001|0606011|0615011,EXACT_SKU,1249001,EXACT,PRIMARY_WOO,4638,3658,0201001|0201001|1249001|1249001|0606011|0615011,"Crudo, Crudo, Granate, Amarillo",1249001,YES,NO,NO,NO,1,COMPOSITION_EXACT_WOO,,"Evidence row; correlate by combination_sku, component_sku and quantity.",,EXACT,EXACT,COMPOSITION_EXACT_WOO,COMPOSITION_EXACT_WOO,UNCHANGED_EXACT_EVIDENCE,YES,NO,HIGH,Exact 001A.0 evidence retained; no fuzzy identity.,UD-001,PENDING_BUSINESS_REVIEW_PLACEHOLDER_011,NO_RELATED_COMBINATION,PENDING_BUSINESS_REVIEW,PENDING,,,,
WOO_SKU_COMPONENT_LIST,sku_component[2],11746,11716,0201001|0201001|1249001|1249001|0606011|0615011-1,,1249001,2,EXACT,SKU Woo literal: 0201001|0201001|1249001|1249001|0606011|0615011-1,EXACT_SKU,1249001,EXACT,PRIMARY_WOO,11746,11716,0201001|0201001|1249001|1249001|0606011|0615011-1,"Crudo, Crudo, Granate, Amarillo",1249001,YES,NO,NO,NO,1,COMPOSITION_EXACT_WOO,,"Evidence row; correlate by combination_sku, component_sku and quantity.",,EXACT,EXACT,COMPOSITION_EXACT_WOO,COMPOSITION_EXACT_WOO,UNCHANGED_EXACT_EVIDENCE,YES,NO,HIGH,Exact 001A.0 evidence retained; no fuzzy identity.,UD-001,PENDING_BUSINESS_REVIEW_PLACEHOLDER_011,NO_RELATED_COMBINATION,PENDING_BUSINESS_REVIEW,PENDING,,,,
WOO_SKU_COMPONENT_LIST,sku_component[2],4644,3658,0201001|0201001|1249001|1249001|0606011|0616011,,1249001,2,EXACT,SKU Woo literal: 0201001|0201001|1249001|1249001|0606011|0616011,EXACT_SKU,1249001,EXACT,PRIMARY_WOO,4644,3658,0201001|0201001|1249001|1249001|0606011|0616011,"Crudo, Crudo, Granate, Negro",1249001,YES,NO,NO,NO,1,COMPOSITION_EXACT_WOO,,"Evidence row; correlate by combination_sku, component_sku and quantity.",,EXACT,EXACT,COMPOSITION_EXACT_WOO,COMPOSITION_EXACT_WOO,UNCHANGED_EXACT_EVIDENCE,YES,NO,HIGH,Exact 001A.0 evidence retained; no fuzzy identity.,UD-001,PENDING_BUSINESS_REVIEW_PLACEHOLDER_011,NO_RELATED_COMBINATION,PENDING_BUSINESS_REVIEW,PENDING,,,,
WOO_SKU_COMPONENT_LIST,sku_component[2],11749,11716,0201001|0201001|1249001|1249001|0606011|0616011-1,,1249001,2,EXACT,SKU Woo literal: 0201001|0201001|1249001|1249001|0606011|0616011-1,EXACT_SKU,1249001,EXACT,PRIMARY_WOO,11749,11716,0201001|0201001|1249001|1249001|0606011|0616011-1,"Crudo, Crudo, Granate, Negro",1249001,YES,NO,NO,NO,1,COMPOSITION_EXACT_WOO,,"Evidence row; correlate by combination_sku, component_sku and quantity.",,EXACT,EXACT,COMPOSITION_EXACT_WOO,COMPOSITION_EXACT_WOO,UNCHANGED_EXACT_EVIDENCE,YES,NO,HIGH,Exact 001A.0 evidence retained; no fuzzy identity.,UD-001,PENDING_BUSINESS_REVIEW_PLACEHOLDER_011,NO_RELATED_COMBINATION,PENDING_BUSINESS_REVIEW,PENDING,,,,
WOO_SKU_COMPONENT_LIST,sku_component[2],4692,3658,0201001|0201001|1249001|1249001|0607011|0606011,,1249001,2,EXACT,SKU Woo literal: 0201001|0201001|1249001|1249001|0607011|0606011,EXACT_SKU,1249001,EXACT,PRIMARY_WOO,4692,3658,0201001|0201001|1249001|1249001|0607011|0606011,"Crudo, Crudo, Rojo, Granate",1249001,YES,NO,NO,NO,1,COMPOSITION_EXACT_WOO,,"Evidence row; correlate by combination_sku, component_sku and quantity.",,EXACT,EXACT,COMPOSITION_EXACT_WOO,COMPOSITION_EXACT_WOO,UNCHANGED_EXACT_EVIDENCE,YES,NO,HIGH,Exact 001A.0 evidence retained; no fuzzy identity.,UD-001,PENDING_BUSINESS_REVIEW_PLACEHOLDER_011,NO_RELATED_COMBINATION,PENDING_BUSINESS_REVIEW,PENDING,,,,
WOO_SKU_COMPONENT_LIST,sku_component[2],11759,11716,0201001|0201001|1249001|1249001|0607011|0606011-1,,1249001,2,EXACT,SKU Woo literal: 0201001|0201001|1249001|1249001|0607011|0606011-1,EXACT_SKU,1249001,EXACT,PRIMARY_WOO,11759,11716,0201001|0201001|1249001|1249001|0607011|0606011-1,"Crudo, Crudo, Rojo, Granate",1249001,YES,NO,NO,NO,1,COMPOSITION_EXACT_WOO,,"Evidence row; correlate by combination_sku, component_sku and quantity.",,EXACT,EXACT,COMPOSITION_EXACT_WOO,COMPOSITION_EXACT_WOO,UNCHANGED_EXACT_EVIDENCE,YES,NO,HIGH,Exact 001A.0 evidence retained; no fuzzy identity.,UD-001,PENDING_BUSINESS_REVIEW_PLACEHOLDER_011,NO_RELATED_COMBINATION,PENDING_BUSINESS_REVIEW,PENDING,,,,
WOO_SKU_COMPONENT_LIST,sku_component[2],4596,3658,0201001|0201001|1249001|1249001|0607011|0607011,,1249001,2,EXACT,SKU Woo literal: 0201001|0201001|1249001|1249001|0607011|0607011,EXACT_SKU,1249001,EXACT,PRIMARY_WOO,4596,3658,0201001|0201001|1249001|1249001|0607011|0607011,"Crudo, Crudo, Rojo, Rojo",1249001,YES,NO,NO,NO,1,COMPOSITION_EXACT_WOO,,"Evidence row; correlate by combination_sku, component_sku and quantity.",,EXACT,EXACT,COMPOSITION_EXACT_WOO,COMPOSITION_EXACT_WOO,UNCHANGED_EXACT_EVIDENCE,YES,NO,HIGH,Exact 001A.0 evidence retained; no fuzzy identity.,UD-001,PENDING_BUSINESS_REVIEW_PLACEHOLDER_011,NO_RELATED_COMBINATION,PENDING_BUSINESS_REVIEW,PENDING,,,,
WOO_SKU_COMPONENT_LIST,sku_component[2],11728,11716,0201001|0201001|1249001|1249001|0607011|0607011-1,,1249001,2,EXACT,SKU Woo literal: 0201001|0201001|1249001|1249001|0607011|0607011-1,EXACT_SKU,1249001,EXACT,PRIMARY_WOO,11728,11716,0201001|0201001|1249001|1249001|0607011|0607011-1,"Crudo, Crudo, Rojo, Rojo",1249001,YES,NO,NO,NO,1,COMPOSITION_EXACT_WOO,,"Evidence row; correlate by combination_sku, component_sku and quantity.",,EXACT,EXACT,COMPOSITION_EXACT_WOO,COMPOSITION_EXACT_WOO,UNCHANGED_EXACT_EVIDENCE,YES,NO,HIGH,Exact 001A.0 evidence retained; no fuzzy identity.,UD-001,PENDING_BUSINESS_REVIEW_PLACEHOLDER_011,NO_RELATED_COMBINATION,PENDING_BUSINESS_REVIEW,PENDING,,,,
WOO_SKU_COMPONENT_LIST,sku_component[2],4691,3658,0201001|0201001|1249001|1249001|0607011|0608011,,1249001,2,EXACT,SKU Woo literal: 0201001|0201001|1249001|1249001|0607011|0608011,EXACT_SKU,1249001,EXACT,PRIMARY_WOO,4691,3658,0201001|0201001|1249001|1249001|0607011|0608011,"Crudo, Crudo, Rojo, Crudo",1249001,YES,NO,NO,NO,1,COMPOSITION_EXACT_WOO,,"Evidence row; correlate by combination_sku, component_sku and quantity.",,EXACT,EXACT,COMPOSITION_EXACT_WOO,COMPOSITION_EXACT_WOO,UNCHANGED_EXACT_EVIDENCE,YES,NO,HIGH,Exact 001A.0 evidence retained; no fuzzy identity.,UD-001,PENDING_BUSINESS_REVIEW_PLACEHOLDER_011,NO_RELATED_COMBINATION,PENDING_BUSINESS_REVIEW,PENDING,,,,
WOO_SKU_COMPONENT_LIST,sku_component[2],11758,11716,0201001|0201001|1249001|1249001|0607011|0608011-1,,1249001,2,EXACT,SKU Woo literal: 0201001|0201001|1249001|1249001|0607011|0608011-1,EXACT_SKU,1249001,EXACT,PRIMARY_WOO,11758,11716,0201001|0201001|1249001|1249001|0607011|0608011-1,"Crudo, Crudo, Rojo, Crudo",1249001,YES,NO,NO,NO,1,COMPOSITION_EXACT_WOO,,"Evidence row; correlate by combination_sku, component_sku and quantity.",,EXACT,EXACT,COMPOSITION_EXACT_WOO,COMPOSITION_EXACT_WOO,UNCHANGED_EXACT_EVIDENCE,YES,NO,HIGH,Exact 001A.0 evidence retained; no fuzzy identity.,UD-001,PENDING_BUSINESS_REVIEW_PLACEHOLDER_011,NO_RELATED_COMBINATION,PENDING_BUSINESS_REVIEW,PENDING,,,,
WOO_SKU_COMPONENT_LIST,sku_component[2],4689,3658,0201001|0201001|1249001|1249001|0607011|0609011,,1249001,2,EXACT,SKU Woo literal: 0201001|0201001|1249001|1249001|0607011|0609011,EXACT_SKU,1249001,EXACT,PRIMARY_WOO,4689,3658,0201001|0201001|1249001|1249001|0607011|0609011,"Crudo, Crudo, Rojo, Azul",1249001,YES,NO,NO,NO,1,COMPOSITION_EXACT_WOO,,"Evidence row; correlate by combination_sku, component_sku and quantity.",,EXACT,EXACT,COMPOSITION_EXACT_WOO,COMPOSITION_EXACT_WOO,UNCHANGED_EXACT_EVIDENCE,YES,NO,HIGH,Exact 001A.0 evidence retained; no fuzzy identity.,UD-001,PENDING_BUSINESS_REVIEW_PLACEHOLDER_011,NO_RELATED_COMBINATION,PENDING_BUSINESS_REVIEW,PENDING,,,,
WOO_SKU_COMPONENT_LIST,sku_component[2],11757,11716,0201001|0201001|1249001|1249001|0607011|0609011-1,,1249001,2,EXACT,SKU Woo literal: 0201001|0201001|1249001|1249001|0607011|0609011-1,EXACT_SKU,1249001,EXACT,PRIMARY_WOO,11757,11716,0201001|0201001|1249001|1249001|0607011|0609011-1,"Crudo, Crudo, Rojo, Azul",1249001,YES,NO,NO,NO,1,COMPOSITION_EXACT_WOO,,"Evidence row; correlate by combination_sku, component_sku and quantity.",,EXACT,EXACT,COMPOSITION_EXACT_WOO,COMPOSITION_EXACT_WOO,UNCHANGED_EXACT_EVIDENCE,YES,NO,HIGH,Exact 001A.0 evidence retained; no fuzzy identity.,UD-001,PENDING_BUSINESS_REVIEW_PLACEHOLDER_011,NO_RELATED_COMBINATION,PENDING_BUSINESS_REVIEW,PENDING,,,,
WOO_SKU_COMPONENT_LIST,sku_component[2],4688,3658,0201001|0201001|1249001|1249001|0607011|0615011,,1249001,2,EXACT,SKU Woo literal: 0201001|0201001|1249001|1249001|0607011|0615011,EXACT_SKU,1249001,EXACT,PRIMARY_WOO,4688,3658,0201001|0201001|1249001|1249001|0607011|0615011,"Crudo, Crudo, Rojo, Amarillo",1249001,YES,NO,NO,NO,1,COMPOSITION_EXACT_WOO,,"Evidence row; correlate by combination_sku, component_sku and quantity.",,EXACT,EXACT,COMPOSITION_EXACT_WOO,COMPOSITION_EXACT_WOO,UNCHANGED_EXACT_EVIDENCE,YES,NO,HIGH,Exact 001A.0 evidence retained; no fuzzy identity.,UD-001,PENDING_BUSINESS_REVIEW_PLACEHOLDER_011,NO_RELATED_COMBINATION,PENDING_BUSINESS_REVIEW,PENDING,,,,
WOO_SKU_COMPONENT_LIST,sku_component[2],11756,11716,0201001|0201001|1249001|1249001|0607011|0615011-1,,1249001,2,EXACT,SKU Woo literal: 0201001|0201001|1249001|1249001|0607011|0615011-1,EXACT_SKU,1249001,EXACT,PRIMARY_WOO,11756,11716,0201001|0201001|1249001|1249001|0607011|0615011-1,"Crudo, Crudo, Rojo, Amarillo",1249001,YES,NO,NO,NO,1,COMPOSITION_EXACT_WOO,,"Evidence row; correlate by combination_sku, component_sku and quantity.",,EXACT,EXACT,COMPOSITION_EXACT_WOO,COMPOSITION_EXACT_WOO,UNCHANGED_EXACT_EVIDENCE,YES,NO,HIGH,Exact 001A.0 evidence retained; no fuzzy identity.,UD-001,PENDING_BUSINESS_REVIEW_PLACEHOLDER_011,NO_RELATED_COMBINATION,PENDING_BUSINESS_REVIEW,PENDING,,,,
WOO_SKU_COMPONENT_LIST,sku_component[2],4695,3658,0201001|0201001|1249001|1249001|0607011|0616011,,1249001,2,EXACT,SKU Woo literal: 0201001|0201001|1249001|1249001|0607011|0616011,EXACT_SKU,1249001,EXACT,PRIMARY_WOO,4695,3658,0201001|0201001|1249001|1249001|0607011|0616011,"Crudo, Crudo, Rojo, Negro",1249001,YES,NO,NO,NO,1,COMPOSITION_EXACT_WOO,,"Evidence row; correlate by combination_sku, component_sku and quantity.",,EXACT,EXACT,COMPOSITION_EXACT_WOO,COMPOSITION_EXACT_WOO,UNCHANGED_EXACT_EVIDENCE,YES,NO,HIGH,Exact 001A.0 evidence retained; no fuzzy identity.,UD-001,PENDING_BUSINESS_REVIEW_PLACEHOLDER_011,NO_RELATED_COMBINATION,PENDING_BUSINESS_REVIEW,PENDING,,,,
WOO_SKU_COMPONENT_LIST,sku_component[2],11760,11716,0201001|0201001|1249001|1249001|0607011|0616011-1,,1249001,2,EXACT,SKU Woo literal: 0201001|0201001|1249001|1249001|0607011|0616011-1,EXACT_SKU,1249001,EXACT,PRIMARY_WOO,11760,11716,0201001|0201001|1249001|1249001|0607011|0616011-1,"Crudo, Crudo, Rojo, Negro",1249001,YES,NO,NO,NO,1,COMPOSITION_EXACT_WOO,,"Evidence row; correlate by combination_sku, component_sku and quantity.",,EXACT,EXACT,COMPOSITION_EXACT_WOO,COMPOSITION_EXACT_WOO,UNCHANGED_EXACT_EVIDENCE,YES,NO,HIGH,Exact 001A.0 evidence retained; no fuzzy identity.,UD-001,PENDING_BUSINESS_REVIEW_PLACEHOLDER_011,NO_RELATED_COMBINATION,PENDING_BUSINESS_REVIEW,PENDING,,,,
WOO_SKU_COMPONENT_LIST,sku_component[2],4631,3658,0201001|0201001|1249001|1249001|0608011|0606011,,1249001,2,EXACT,SKU Woo literal: 0201001|0201001|1249001|1249001|0608011|0606011,EXACT_SKU,1249001,EXACT,PRIMARY_WOO,4631,3658,0201001|0201001|1249001|1249001|0608011|0606011,"Crudo, Crudo, Crudo, Granate",1249001,YES,NO,NO,NO,1,COMPOSITION_EXACT_WOO,,"Evidence row; correlate by combination_sku, component_sku and quantity.",,EXACT,EXACT,COMPOSITION_EXACT_WOO,COMPOSITION_EXACT_WOO,UNCHANGED_EXACT_EVIDENCE,YES,NO,HIGH,Exact 001A.0 evidence retained; no fuzzy identity.,UD-001,PENDING_BUSINESS_REVIEW_PLACEHOLDER_011,NO_RELATED_COMBINATION,PENDING_BUSINESS_REVIEW,PENDING,,,,
WOO_SKU_COMPONENT_LIST,sku_component[2],11743,11716,0201001|0201001|1249001|1249001|0608011|0606011-1,,1249001,2,EXACT,SKU Woo literal: 0201001|0201001|1249001|1249001|0608011|0606011-1,EXACT_SKU,1249001,EXACT,PRIMARY_WOO,11743,11716,0201001|0201001|1249001|1249001|0608011|0606011-1,"Crudo, Crudo, Crudo, Granate",1249001,YES,NO,NO,NO,1,COMPOSITION_EXACT_WOO,,"Evidence row; correlate by combination_sku, component_sku and quantity.",,EXACT,EXACT,COMPOSITION_EXACT_WOO,COMPOSITION_EXACT_WOO,UNCHANGED_EXACT_EVIDENCE,YES,NO,HIGH,Exact 001A.0 evidence retained; no fuzzy identity.,UD-001,PENDING_BUSINESS_REVIEW_PLACEHOLDER_011,NO_RELATED_COMBINATION,PENDING_BUSINESS_REVIEW,PENDING,,,,
WOO_SKU_COMPONENT_LIST,sku_component[2],4635,3658,0201001|0201001|1249001|1249001|0608011|0607011,,1249001,2,EXACT,SKU Woo literal: 0201001|0201001|1249001|1249001|0608011|0607011,EXACT_SKU,1249001,EXACT,PRIMARY_WOO,4635,3658,0201001|0201001|1249001|1249001|0608011|0607011,"Crudo, Crudo, Crudo, Rojo",1249001,YES,NO,NO,NO,1,COMPOSITION_EXACT_WOO,,"Evidence row; correlate by combination_sku, component_sku and quantity.",,EXACT,EXACT,COMPOSITION_EXACT_WOO,COMPOSITION_EXACT_WOO,UNCHANGED_EXACT_EVIDENCE,YES,NO,HIGH,Exact 001A.0 evidence retained; no fuzzy identity.,UD-001,PENDING_BUSINESS_REVIEW_PLACEHOLDER_011,NO_RELATED_COMBINATION,PENDING_BUSINESS_REVIEW,PENDING,,,,
WOO_SKU_COMPONENT_LIST,sku_component[2],11745,11716,0201001|0201001|1249001|1249001|0608011|0607011-1,,1249001,2,EXACT,SKU Woo literal: 0201001|0201001|1249001|1249001|0608011|0607011-1,EXACT_SKU,1249001,EXACT,PRIMARY_WOO,11745,11716,0201001|0201001|1249001|1249001|0608011|0607011-1,"Crudo, Crudo, Crudo, Rojo",1249001,YES,NO,NO,NO,1,COMPOSITION_EXACT_WOO,,"Evidence row; correlate by combination_sku, component_sku and quantity.",,EXACT,EXACT,COMPOSITION_EXACT_WOO,COMPOSITION_EXACT_WOO,UNCHANGED_EXACT_EVIDENCE,YES,NO,HIGH,Exact 001A.0 evidence retained; no fuzzy identity.,UD-001,PENDING_BUSINESS_REVIEW_PLACEHOLDER_011,NO_RELATED_COMBINATION,PENDING_BUSINESS_REVIEW,PENDING,,,,
WOO_SKU_COMPONENT_LIST,sku_component[2],11724,11716,0201001|0201001|1249001|1249001|0608011|0608011-1,,1249001,2,EXACT,SKU Woo literal: 0201001|0201001|1249001|1249001|0608011|0608011-1,EXACT_SKU,1249001,EXACT,PRIMARY_WOO,11724,11716,0201001|0201001|1249001|1249001|0608011|0608011-1,"Crudo, Crudo, Crudo, Crudo",1249001,YES,NO,NO,NO,1,COMPOSITION_EXACT_WOO,,"Evidence row; correlate by combination_sku, component_sku and quantity.",,EXACT,EXACT,COMPOSITION_EXACT_WOO,COMPOSITION_EXACT_WOO,UNCHANGED_EXACT_EVIDENCE,YES,NO,HIGH,Exact 001A.0 evidence retained; no fuzzy identity.,UD-001,PENDING_BUSINESS_REVIEW_PLACEHOLDER_011,NO_RELATED_COMBINATION,PENDING_BUSINESS_REVIEW,PENDING,,,,
WOO_SKU_COMPONENT_LIST,sku_component[2],4629,3658,0201001|0201001|1249001|1249001|0608011|0609011,,1249001,2,EXACT,SKU Woo literal: 0201001|0201001|1249001|1249001|0608011|0609011,EXACT_SKU,1249001,EXACT,PRIMARY_WOO,4629,3658,0201001|0201001|1249001|1249001|0608011|0609011,"Crudo, Crudo, Crudo, Azul",1249001,YES,NO,NO,NO,1,COMPOSITION_EXACT_WOO,,"Evidence row; correlate by combination_sku, component_sku and quantity.",,EXACT,EXACT,COMPOSITION_EXACT_WOO,COMPOSITION_EXACT_WOO,UNCHANGED_EXACT_EVIDENCE,YES,NO,HIGH,Exact 001A.0 evidence retained; no fuzzy identity.,UD-001,PENDING_BUSINESS_REVIEW_PLACEHOLDER_011,NO_RELATED_COMBINATION,PENDING_BUSINESS_REVIEW,PENDING,,,,
WOO_SKU_COMPONENT_LIST,sku_component[2],11742,11716,0201001|0201001|1249001|1249001|0608011|0609011-1,,1249001,2,EXACT,SKU Woo literal: 0201001|0201001|1249001|1249001|0608011|0609011-1,EXACT_SKU,1249001,EXACT,PRIMARY_WOO,11742,11716,0201001|0201001|1249001|1249001|0608011|0609011-1,"Crudo, Crudo, Crudo, Azul",1249001,YES,NO,NO,NO,1,COMPOSITION_EXACT_WOO,,"Evidence row; correlate by combination_sku, component_sku and quantity.",,EXACT,EXACT,COMPOSITION_EXACT_WOO,COMPOSITION_EXACT_WOO,UNCHANGED_EXACT_EVIDENCE,YES,NO,HIGH,Exact 001A.0 evidence retained; no fuzzy identity.,UD-001,PENDING_BUSINESS_REVIEW_PLACEHOLDER_011,NO_RELATED_COMBINATION,PENDING_BUSINESS_REVIEW,PENDING,,,,
WOO_SKU_COMPONENT_LIST,sku_component[2],11741,11716,0201001|0201001|1249001|1249001|0608011|0615011-1,,1249001,2,EXACT,SKU Woo literal: 0201001|0201001|1249001|1249001|0608011|0615011-1,EXACT_SKU,1249001,EXACT,PRIMARY_WOO,11741,11716,0201001|0201001|1249001|1249001|0608011|0615011-1,"Crudo, Crudo, Crudo, Amarillo",1249001,YES,NO,NO,NO,1,COMPOSITION_EXACT_WOO,,"Evidence row; correlate by combination_sku, component_sku and quantity.",,EXACT,EXACT,COMPOSITION_EXACT_WOO,COMPOSITION_EXACT_WOO,UNCHANGED_EXACT_EVIDENCE,YES,NO,HIGH,Exact 001A.0 evidence retained; no fuzzy identity.,UD-001,PENDING_BUSINESS_REVIEW_PLACEHOLDER_011,NO_RELATED_COMBINATION,PENDING_BUSINESS_REVIEW,PENDING,,,,
WOO_SKU_COMPONENT_LIST,sku_component[2],4634,3658,0201001|0201001|1249001|1249001|0608011|0616011,,1249001,2,EXACT,SKU Woo literal: 0201001|0201001|1249001|1249001|0608011|0616011,EXACT_SKU,1249001,EXACT,PRIMARY_WOO,4634,3658,0201001|0201001|1249001|1249001|0608011|0616011,"Crudo, Crudo, Crudo, Negro",1249001,YES,NO,NO,NO,1,COMPOSITION_EXACT_WOO,,"Evidence row; correlate by combination_sku, component_sku and quantity.",,EXACT,EXACT,COMPOSITION_EXACT_WOO,COMPOSITION_EXACT_WOO,UNCHANGED_EXACT_EVIDENCE,YES,NO,HIGH,Exact 001A.0 evidence retained; no fuzzy identity.,UD-001,PENDING_BUSINESS_REVIEW_PLACEHOLDER_011,NO_RELATED_COMBINATION,PENDING_BUSINESS_REVIEW,PENDING,,,,
WOO_SKU_COMPONENT_LIST,sku_component[2],11744,11716,0201001|0201001|1249001|1249001|0608011|0616011-1,,1249001,2,EXACT,SKU Woo literal: 0201001|0201001|1249001|1249001|0608011|0616011-1,EXACT_SKU,1249001,EXACT,PRIMARY_WOO,11744,11716,0201001|0201001|1249001|1249001|0608011|0616011-1,"Crudo, Crudo, Crudo, Negro",1249001,YES,NO,NO,NO,1,COMPOSITION_EXACT_WOO,,"Evidence row; correlate by combination_sku, component_sku and quantity.",,EXACT,EXACT,COMPOSITION_EXACT_WOO,COMPOSITION_EXACT_WOO,UNCHANGED_EXACT_EVIDENCE,YES,NO,HIGH,Exact 001A.0 evidence retained; no fuzzy identity.,UD-001,PENDING_BUSINESS_REVIEW_PLACEHOLDER_011,NO_RELATED_COMBINATION,PENDING_BUSINESS_REVIEW,PENDING,,,,
WOO_SKU_COMPONENT_LIST,sku_component[2],4611,3658,0201001|0201001|1249001|1249001|0609011|0606011,,1249001,2,EXACT,SKU Woo literal: 0201001|0201001|1249001|1249001|0609011|0606011,EXACT_SKU,1249001,EXACT,PRIMARY_WOO,4611,3658,0201001|0201001|1249001|1249001|0609011|0606011,"Crudo, Crudo, Azul, Granate",1249001,YES,NO,NO,NO,1,COMPOSITION_EXACT_WOO,,"Evidence row; correlate by combination_sku, component_sku and quantity.",,EXACT,EXACT,COMPOSITION_EXACT_WOO,COMPOSITION_EXACT_WOO,UNCHANGED_EXACT_EVIDENCE,YES,NO,HIGH,Exact 001A.0 evidence retained; no fuzzy identity.,UD-001,PENDING_BUSINESS_REVIEW_PLACEHOLDER_011,NO_RELATED_COMBINATION,PENDING_BUSINESS_REVIEW,PENDING,,,,
WOO_SKU_COMPONENT_LIST,sku_component[2],11738,11716,0201001|0201001|1249001|1249001|0609011|0606011-1,,1249001,2,EXACT,SKU Woo literal: 0201001|0201001|1249001|1249001|0609011|0606011-1,EXACT_SKU,1249001,EXACT,PRIMARY_WOO,11738,11716,0201001|0201001|1249001|1249001|0609011|0606011-1,"Crudo, Crudo, Azul, Granate",1249001,YES,NO,NO,NO,1,COMPOSITION_EXACT_WOO,,"Evidence row; correlate by combination_sku, component_sku and quantity.",,EXACT,EXACT,COMPOSITION_EXACT_WOO,COMPOSITION_EXACT_WOO,UNCHANGED_EXACT_EVIDENCE,YES,NO,HIGH,Exact 001A.0 evidence retained; no fuzzy identity.,UD-001,PENDING_BUSINESS_REVIEW_PLACEHOLDER_011,NO_RELATED_COMBINATION,PENDING_BUSINESS_REVIEW,PENDING,,,,
WOO_SKU_COMPONENT_LIST,sku_component[2],4615,3658,0201001|0201001|1249001|1249001|0609011|0607011,,1249001,2,EXACT,SKU Woo literal: 0201001|0201001|1249001|1249001|0609011|0607011,EXACT_SKU,1249001,EXACT,PRIMARY_WOO,4615,3658,0201001|0201001|1249001|1249001|0609011|0607011,"Crudo, Crudo, Azul, Rojo",1249001,YES,NO,NO,NO,1,COMPOSITION_EXACT_WOO,,"Evidence row; correlate by combination_sku, component_sku and quantity.",,EXACT,EXACT,COMPOSITION_EXACT_WOO,COMPOSITION_EXACT_WOO,UNCHANGED_EXACT_EVIDENCE,YES,NO,HIGH,Exact 001A.0 evidence retained; no fuzzy identity.,UD-001,PENDING_BUSINESS_REVIEW_PLACEHOLDER_011,NO_RELATED_COMBINATION,PENDING_BUSINESS_REVIEW,PENDING,,,,
WOO_SKU_COMPONENT_LIST,sku_component[2],11740,11716,0201001|0201001|1249001|1249001|0609011|0607011-1,,1249001,2,EXACT,SKU Woo literal: 0201001|0201001|1249001|1249001|0609011|0607011-1,EXACT_SKU,1249001,EXACT,PRIMARY_WOO,11740,11716,0201001|0201001|1249001|1249001|0609011|0607011-1,"Crudo, Crudo, Azul, Rojo",1249001,YES,NO,NO,NO,1,COMPOSITION_EXACT_WOO,,"Evidence row; correlate by combination_sku, component_sku and quantity.",,EXACT,EXACT,COMPOSITION_EXACT_WOO,COMPOSITION_EXACT_WOO,UNCHANGED_EXACT_EVIDENCE,YES,NO,HIGH,Exact 001A.0 evidence retained; no fuzzy identity.,UD-001,PENDING_BUSINESS_REVIEW_PLACEHOLDER_011,NO_RELATED_COMBINATION,PENDING_BUSINESS_REVIEW,PENDING,,,,
WOO_SKU_COMPONENT_LIST,sku_component[2],4610,3658,0201001|0201001|1249001|1249001|0609011|0608011,,1249001,2,EXACT,SKU Woo literal: 0201001|0201001|1249001|1249001|0609011|0608011,EXACT_SKU,1249001,EXACT,PRIMARY_WOO,4610,3658,0201001|0201001|1249001|1249001|0609011|0608011,"Crudo, Crudo, Azul, Crudo",1249001,YES,NO,NO,NO,1,COMPOSITION_EXACT_WOO,,"Evidence row; correlate by combination_sku, component_sku and quantity.",,EXACT,EXACT,COMPOSITION_EXACT_WOO,COMPOSITION_EXACT_WOO,UNCHANGED_EXACT_EVIDENCE,YES,NO,HIGH,Exact 001A.0 evidence retained; no fuzzy identity.,UD-001,PENDING_BUSINESS_REVIEW_PLACEHOLDER_011,NO_RELATED_COMBINATION,PENDING_BUSINESS_REVIEW,PENDING,,,,
WOO_SKU_COMPONENT_LIST,sku_component[2],11737,11716,0201001|0201001|1249001|1249001|0609011|0608011-1,,1249001,2,EXACT,SKU Woo literal: 0201001|0201001|1249001|1249001|0609011|0608011-1,EXACT_SKU,1249001,EXACT,PRIMARY_WOO,11737,11716,0201001|0201001|1249001|1249001|0609011|0608011-1,"Crudo, Crudo, Azul, Crudo",1249001,YES,NO,NO,NO,1,COMPOSITION_EXACT_WOO,,"Evidence row; correlate by combination_sku, component_sku and quantity.",,EXACT,EXACT,COMPOSITION_EXACT_WOO,COMPOSITION_EXACT_WOO,UNCHANGED_EXACT_EVIDENCE,YES,NO,HIGH,Exact 001A.0 evidence retained; no fuzzy identity.,UD-001,PENDING_BUSINESS_REVIEW_PLACEHOLDER_011,NO_RELATED_COMBINATION,PENDING_BUSINESS_REVIEW,PENDING,,,,
WOO_SKU_COMPONENT_LIST,sku_component[2],4588,3658,0201001|0201001|1249001|1249001|0609011|0609011,,1249001,2,EXACT,SKU Woo literal: 0201001|0201001|1249001|1249001|0609011|0609011,EXACT_SKU,1249001,EXACT,PRIMARY_WOO,4588,3658,0201001|0201001|1249001|1249001|0609011|0609011,"Crudo, Crudo, Azul, Azul",1249001,YES,NO,NO,NO,1,COMPOSITION_EXACT_WOO,,"Evidence row; correlate by combination_sku, component_sku and quantity.",,EXACT,EXACT,COMPOSITION_EXACT_WOO,COMPOSITION_EXACT_WOO,UNCHANGED_EXACT_EVIDENCE,YES,NO,HIGH,Exact 001A.0 evidence retained; no fuzzy identity.,UD-001,PENDING_BUSINESS_REVIEW_PLACEHOLDER_011,NO_RELATED_COMBINATION,PENDING_BUSINESS_REVIEW,PENDING,,,,
WOO_SKU_COMPONENT_LIST,sku_component[2],11722,11716,0201001|0201001|1249001|1249001|0609011|0609011-1,,1249001,2,EXACT,SKU Woo literal: 0201001|0201001|1249001|1249001|0609011|0609011-1,EXACT_SKU,1249001,EXACT,PRIMARY_WOO,11722,11716,0201001|0201001|1249001|1249001|0609011|0609011-1,"Crudo, Crudo, Azul, Azul",1249001,YES,NO,NO,NO,1,COMPOSITION_EXACT_WOO,,"Evidence row; correlate by combination_sku, component_sku and quantity.",,EXACT,EXACT,COMPOSITION_EXACT_WOO,COMPOSITION_EXACT_WOO,UNCHANGED_EXACT_EVIDENCE,YES,NO,HIGH,Exact 001A.0 evidence retained; no fuzzy identity.,UD-001,PENDING_BUSINESS_REVIEW_PLACEHOLDER_011,NO_RELATED_COMBINATION,PENDING_BUSINESS_REVIEW,PENDING,,,,
WOO_SKU_COMPONENT_LIST,sku_component[2],4608,3658,0201001|0201001|1249001|1249001|0609011|0615011,,1249001,2,EXACT,SKU Woo literal: 0201001|0201001|1249001|1249001|0609011|0615011,EXACT_SKU,1249001,EXACT,PRIMARY_WOO,4608,3658,0201001|0201001|1249001|1249001|0609011|0615011,"Crudo, Crudo, Azul, Amarillo",1249001,YES,NO,NO,NO,1,COMPOSITION_EXACT_WOO,,"Evidence row; correlate by combination_sku, component_sku and quantity.",,EXACT,EXACT,COMPOSITION_EXACT_WOO,COMPOSITION_EXACT_WOO,UNCHANGED_EXACT_EVIDENCE,YES,NO,HIGH,Exact 001A.0 evidence retained; no fuzzy identity.,UD-001,PENDING_BUSINESS_REVIEW_PLACEHOLDER_011,NO_RELATED_COMBINATION,PENDING_BUSINESS_REVIEW,PENDING,,,,
WOO_SKU_COMPONENT_LIST,sku_component[2],11736,11716,0201001|0201001|1249001|1249001|0609011|0615011-1,,1249001,2,EXACT,SKU Woo literal: 0201001|0201001|1249001|1249001|0609011|0615011-1,EXACT_SKU,1249001,EXACT,PRIMARY_WOO,11736,11716,0201001|0201001|1249001|1249001|0609011|0615011-1,"Crudo, Crudo, Azul, Amarillo",1249001,YES,NO,NO,NO,1,COMPOSITION_EXACT_WOO,,"Evidence row; correlate by combination_sku, component_sku and quantity.",,EXACT,EXACT,COMPOSITION_EXACT_WOO,COMPOSITION_EXACT_WOO,UNCHANGED_EXACT_EVIDENCE,YES,NO,HIGH,Exact 001A.0 evidence retained; no fuzzy identity.,UD-001,PENDING_BUSINESS_REVIEW_PLACEHOLDER_011,NO_RELATED_COMBINATION,PENDING_BUSINESS_REVIEW,PENDING,,,,
WOO_SKU_COMPONENT_LIST,sku_component[2],4614,3658,0201001|0201001|1249001|1249001|0609011|0616011,,1249001,2,EXACT,SKU Woo literal: 0201001|0201001|1249001|1249001|0609011|0616011,EXACT_SKU,1249001,EXACT,PRIMARY_WOO,4614,3658,0201001|0201001|1249001|1249001|0609011|0616011,"Crudo, Crudo, Azul, Negro",1249001,YES,NO,NO,NO,1,COMPOSITION_EXACT_WOO,,"Evidence row; correlate by combination_sku, component_sku and quantity.",,EXACT,EXACT,COMPOSITION_EXACT_WOO,COMPOSITION_EXACT_WOO,UNCHANGED_EXACT_EVIDENCE,YES,NO,HIGH,Exact 001A.0 evidence retained; no fuzzy identity.,UD-001,PENDING_BUSINESS_REVIEW_PLACEHOLDER_011,NO_RELATED_COMBINATION,PENDING_BUSINESS_REVIEW,PENDING,,,,
WOO_SKU_COMPONENT_LIST,sku_component[2],11739,11716,0201001|0201001|1249001|1249001|0609011|0616011-1,,1249001,2,EXACT,SKU Woo literal: 0201001|0201001|1249001|1249001|0609011|0616011-1,EXACT_SKU,1249001,EXACT,PRIMARY_WOO,11739,11716,0201001|0201001|1249001|1249001|0609011|0616011-1,"Crudo, Crudo, Azul, Negro",1249001,YES,NO,NO,NO,1,COMPOSITION_EXACT_WOO,,"Evidence row; correlate by combination_sku, component_sku and quantity.",,EXACT,EXACT,COMPOSITION_EXACT_WOO,COMPOSITION_EXACT_WOO,UNCHANGED_EXACT_EVIDENCE,YES,NO,HIGH,Exact 001A.0 evidence retained; no fuzzy identity.,UD-001,PENDING_BUSINESS_REVIEW_PLACEHOLDER_011,NO_RELATED_COMBINATION,PENDING_BUSINESS_REVIEW,PENDING,,,,
WOO_SKU_COMPONENT_LIST,sku_component[2],4601,3658,0201001|0201001|1249001|1249001|0615011|0606011,,1249001,2,EXACT,SKU Woo literal: 0201001|0201001|1249001|1249001|0615011|0606011,EXACT_SKU,1249001,EXACT,PRIMARY_WOO,4601,3658,0201001|0201001|1249001|1249001|0615011|0606011,"Crudo, Crudo, Amarillo, Granate",1249001,YES,NO,NO,NO,1,COMPOSITION_EXACT_WOO,,"Evidence row; correlate by combination_sku, component_sku and quantity.",,EXACT,EXACT,COMPOSITION_EXACT_WOO,COMPOSITION_EXACT_WOO,UNCHANGED_EXACT_EVIDENCE,YES,NO,HIGH,Exact 001A.0 evidence retained; no fuzzy identity.,UD-001,PENDING_BUSINESS_REVIEW_PLACEHOLDER_011,NO_RELATED_COMBINATION,PENDING_BUSINESS_REVIEW,PENDING,,,,
WOO_SKU_COMPONENT_LIST,sku_component[2],11733,11716,0201001|0201001|1249001|1249001|0615011|0606011-1,,1249001,2,EXACT,SKU Woo literal: 0201001|0201001|1249001|1249001|0615011|0606011-1,EXACT_SKU,1249001,EXACT,PRIMARY_WOO,11733,11716,0201001|0201001|1249001|1249001|0615011|0606011-1,"Crudo, Crudo, Amarillo, Granate",1249001,YES,NO,NO,NO,1,COMPOSITION_EXACT_WOO,,"Evidence row; correlate by combination_sku, component_sku and quantity.",,EXACT,EXACT,COMPOSITION_EXACT_WOO,COMPOSITION_EXACT_WOO,UNCHANGED_EXACT_EVIDENCE,YES,NO,HIGH,Exact 001A.0 evidence retained; no fuzzy identity.,UD-001,PENDING_BUSINESS_REVIEW_PLACEHOLDER_011,NO_RELATED_COMBINATION,PENDING_BUSINESS_REVIEW,PENDING,,,,
WOO_SKU_COMPONENT_LIST,sku_component[2],4605,3658,0201001|0201001|1249001|1249001|0615011|0607011,,1249001,2,EXACT,SKU Woo literal: 0201001|0201001|1249001|1249001|0615011|0607011,EXACT_SKU,1249001,EXACT,PRIMARY_WOO,4605,3658,0201001|0201001|1249001|1249001|0615011|0607011,"Crudo, Crudo, Amarillo, Rojo",1249001,YES,NO,NO,NO,1,COMPOSITION_EXACT_WOO,,"Evidence row; correlate by combination_sku, component_sku and quantity.",,EXACT,EXACT,COMPOSITION_EXACT_WOO,COMPOSITION_EXACT_WOO,UNCHANGED_EXACT_EVIDENCE,YES,NO,HIGH,Exact 001A.0 evidence retained; no fuzzy identity.,UD-001,PENDING_BUSINESS_REVIEW_PLACEHOLDER_011,NO_RELATED_COMBINATION,PENDING_BUSINESS_REVIEW,PENDING,,,,
WOO_SKU_COMPONENT_LIST,sku_component[2],11735,11716,0201001|0201001|1249001|1249001|0615011|0607011-1,,1249001,2,EXACT,SKU Woo literal: 0201001|0201001|1249001|1249001|0615011|0607011-1,EXACT_SKU,1249001,EXACT,PRIMARY_WOO,11735,11716,0201001|0201001|1249001|1249001|0615011|0607011-1,"Crudo, Crudo, Amarillo, Rojo",1249001,YES,NO,NO,NO,1,COMPOSITION_EXACT_WOO,,"Evidence row; correlate by combination_sku, component_sku and quantity.",,EXACT,EXACT,COMPOSITION_EXACT_WOO,COMPOSITION_EXACT_WOO,UNCHANGED_EXACT_EVIDENCE,YES,NO,HIGH,Exact 001A.0 evidence retained; no fuzzy identity.,UD-001,PENDING_BUSINESS_REVIEW_PLACEHOLDER_011,NO_RELATED_COMBINATION,PENDING_BUSINESS_REVIEW,PENDING,,,,
WOO_SKU_COMPONENT_LIST,sku_component[2],4600,3658,0201001|0201001|1249001|1249001|0615011|0608011,,1249001,2,EXACT,SKU Woo literal: 0201001|0201001|1249001|1249001|0615011|0608011,EXACT_SKU,1249001,EXACT,PRIMARY_WOO,4600,3658,0201001|0201001|1249001|1249001|0615011|0608011,"Crudo, Crudo, Amarillo, Crudo",1249001,YES,NO,NO,NO,1,COMPOSITION_EXACT_WOO,,"Evidence row; correlate by combination_sku, component_sku and quantity.",,EXACT,EXACT,COMPOSITION_EXACT_WOO,COMPOSITION_EXACT_WOO,UNCHANGED_EXACT_EVIDENCE,YES,NO,HIGH,Exact 001A.0 evidence retained; no fuzzy identity.,UD-001,PENDING_BUSINESS_REVIEW_PLACEHOLDER_011,NO_RELATED_COMBINATION,PENDING_BUSINESS_REVIEW,PENDING,,,,
WOO_SKU_COMPONENT_LIST,sku_component[2],11732,11716,0201001|0201001|1249001|1249001|0615011|0608011-1,,1249001,2,EXACT,SKU Woo literal: 0201001|0201001|1249001|1249001|0615011|0608011-1,EXACT_SKU,1249001,EXACT,PRIMARY_WOO,11732,11716,0201001|0201001|1249001|1249001|0615011|0608011-1,"Crudo, Crudo, Amarillo, Crudo",1249001,YES,NO,NO,NO,1,COMPOSITION_EXACT_WOO,,"Evidence row; correlate by combination_sku, component_sku and quantity.",,EXACT,EXACT,COMPOSITION_EXACT_WOO,COMPOSITION_EXACT_WOO,UNCHANGED_EXACT_EVIDENCE,YES,NO,HIGH,Exact 001A.0 evidence retained; no fuzzy identity.,UD-001,PENDING_BUSINESS_REVIEW_PLACEHOLDER_011,NO_RELATED_COMBINATION,PENDING_BUSINESS_REVIEW,PENDING,,,,
WOO_SKU_COMPONENT_LIST,sku_component[2],4598,3658,0201001|0201001|1249001|1249001|0615011|0609011,,1249001,2,EXACT,SKU Woo literal: 0201001|0201001|1249001|1249001|0615011|0609011,EXACT_SKU,1249001,EXACT,PRIMARY_WOO,4598,3658,0201001|0201001|1249001|1249001|0615011|0609011,"Crudo, Crudo, Amarillo, Azul",1249001,YES,NO,NO,NO,1,COMPOSITION_EXACT_WOO,,"Evidence row; correlate by combination_sku, component_sku and quantity.",,EXACT,EXACT,COMPOSITION_EXACT_WOO,COMPOSITION_EXACT_WOO,UNCHANGED_EXACT_EVIDENCE,YES,NO,HIGH,Exact 001A.0 evidence retained; no fuzzy identity.,UD-001,PENDING_BUSINESS_REVIEW_PLACEHOLDER_011,NO_RELATED_COMBINATION,PENDING_BUSINESS_REVIEW,PENDING,,,,
WOO_SKU_COMPONENT_LIST,sku_component[2],11730,11716,0201001|0201001|1249001|1249001|0615011|0609011-1,,1249001,2,EXACT,SKU Woo literal: 0201001|0201001|1249001|1249001|0615011|0609011-1,EXACT_SKU,1249001,EXACT,PRIMARY_WOO,11730,11716,0201001|0201001|1249001|1249001|0615011|0609011-1,"Crudo, Crudo, Amarillo, Azul",1249001,YES,NO,NO,NO,1,COMPOSITION_EXACT_WOO,,"Evidence row; correlate by combination_sku, component_sku and quantity.",,EXACT,EXACT,COMPOSITION_EXACT_WOO,COMPOSITION_EXACT_WOO,UNCHANGED_EXACT_EVIDENCE,YES,NO,HIGH,Exact 001A.0 evidence retained; no fuzzy identity.,UD-001,PENDING_BUSINESS_REVIEW_PLACEHOLDER_011,NO_RELATED_COMBINATION,PENDING_BUSINESS_REVIEW,PENDING,,,,
WOO_SKU_COMPONENT_LIST,sku_component[2],4587,3658,0201001|0201001|1249001|1249001|0615011|0615011,,1249001,2,EXACT,SKU Woo literal: 0201001|0201001|1249001|1249001|0615011|0615011,EXACT_SKU,1249001,EXACT,PRIMARY_WOO,4587,3658,0201001|0201001|1249001|1249001|0615011|0615011,"Crudo, Crudo, Amarillo, Amarillo",1249001,YES,NO,NO,NO,1,COMPOSITION_EXACT_WOO,,"Evidence row; correlate by combination_sku, component_sku and quantity.",,EXACT,EXACT,COMPOSITION_EXACT_WOO,COMPOSITION_EXACT_WOO,UNCHANGED_EXACT_EVIDENCE,YES,NO,HIGH,Exact 001A.0 evidence retained; no fuzzy identity.,UD-001,PENDING_BUSINESS_REVIEW_PLACEHOLDER_011,NO_RELATED_COMBINATION,PENDING_BUSINESS_REVIEW,PENDING,,,,
WOO_SKU_COMPONENT_LIST,sku_component[2],11721,11716,0201001|0201001|1249001|1249001|0615011|0615011-1,,1249001,2,EXACT,SKU Woo literal: 0201001|0201001|1249001|1249001|0615011|0615011-1,EXACT_SKU,1249001,EXACT,PRIMARY_WOO,11721,11716,0201001|0201001|1249001|1249001|0615011|0615011-1,"Crudo, Crudo, Amarillo, Amarillo",1249001,YES,NO,NO,NO,1,COMPOSITION_EXACT_WOO,,"Evidence row; correlate by combination_sku, component_sku and quantity.",,EXACT,EXACT,COMPOSITION_EXACT_WOO,COMPOSITION_EXACT_WOO,UNCHANGED_EXACT_EVIDENCE,YES,NO,HIGH,Exact 001A.0 evidence retained; no fuzzy identity.,UD-001,PENDING_BUSINESS_REVIEW_PLACEHOLDER_011,NO_RELATED_COMBINATION,PENDING_BUSINESS_REVIEW,PENDING,,,,
WOO_SKU_COMPONENT_LIST,sku_component[2],11734,11716,0201001|0201001|1249001|1249001|0615011|0616011-1,,1249001,2,EXACT,SKU Woo literal: 0201001|0201001|1249001|1249001|0615011|0616011-1,EXACT_SKU,1249001,EXACT,PRIMARY_WOO,11734,11716,0201001|0201001|1249001|1249001|0615011|0616011-1,"Crudo, Crudo, Amarillo, Negro",1249001,YES,NO,NO,NO,1,COMPOSITION_EXACT_WOO,,"Evidence row; correlate by combination_sku, component_sku and quantity.",,EXACT,EXACT,COMPOSITION_EXACT_WOO,COMPOSITION_EXACT_WOO,UNCHANGED_EXACT_EVIDENCE,YES,NO,HIGH,Exact 001A.0 evidence retained; no fuzzy identity.,UD-001,PENDING_BUSINESS_REVIEW_PLACEHOLDER_011,NO_RELATED_COMBINATION,PENDING_BUSINESS_REVIEW,PENDING,,,,
WOO_SKU_COMPONENT_LIST,sku_component[2],4672,3658,0201001|0201001|1249001|1249001|0616011|0606011,,1249001,2,EXACT,SKU Woo literal: 0201001|0201001|1249001|1249001|0616011|0606011,EXACT_SKU,1249001,EXACT,PRIMARY_WOO,4672,3658,0201001|0201001|1249001|1249001|0616011|0606011,"Crudo, Crudo, Negro, Granate",1249001,YES,NO,NO,NO,1,COMPOSITION_EXACT_WOO,,"Evidence row; correlate by combination_sku, component_sku and quantity.",,EXACT,EXACT,COMPOSITION_EXACT_WOO,COMPOSITION_EXACT_WOO,UNCHANGED_EXACT_EVIDENCE,YES,NO,HIGH,Exact 001A.0 evidence retained; no fuzzy identity.,UD-001,PENDING_BUSINESS_REVIEW_PLACEHOLDER_011,NO_RELATED_COMBINATION,PENDING_BUSINESS_REVIEW,PENDING,,,,
WOO_SKU_COMPONENT_LIST,sku_component[2],11754,11716,0201001|0201001|1249001|1249001|0616011|0606011-1,,1249001,2,EXACT,SKU Woo literal: 0201001|0201001|1249001|1249001|0616011|0606011-1,EXACT_SKU,1249001,EXACT,PRIMARY_WOO,11754,11716,0201001|0201001|1249001|1249001|0616011|0606011-1,"Crudo, Crudo, Negro, Granate",1249001,YES,NO,NO,NO,1,COMPOSITION_EXACT_WOO,,"Evidence row; correlate by combination_sku, component_sku and quantity.",,EXACT,EXACT,COMPOSITION_EXACT_WOO,COMPOSITION_EXACT_WOO,UNCHANGED_EXACT_EVIDENCE,YES,NO,HIGH,Exact 001A.0 evidence retained; no fuzzy identity.,UD-001,PENDING_BUSINESS_REVIEW_PLACEHOLDER_011,NO_RELATED_COMBINATION,PENDING_BUSINESS_REVIEW,PENDING,,,,
WOO_SKU_COMPONENT_LIST,sku_component[2],4675,3658,0201001|0201001|1249001|1249001|0616011|0607011,,1249001,2,EXACT,SKU Woo literal: 0201001|0201001|1249001|1249001|0616011|0607011,EXACT_SKU,1249001,EXACT,PRIMARY_WOO,4675,3658,0201001|0201001|1249001|1249001|0616011|0607011,"Crudo, Crudo, Negro, Rojo",1249001,YES,NO,NO,NO,1,COMPOSITION_EXACT_WOO,,"Evidence row; correlate by combination_sku, component_sku and quantity.",,EXACT,EXACT,COMPOSITION_EXACT_WOO,COMPOSITION_EXACT_WOO,UNCHANGED_EXACT_EVIDENCE,YES,NO,HIGH,Exact 001A.0 evidence retained; no fuzzy identity.,UD-001,PENDING_BUSINESS_REVIEW_PLACEHOLDER_011,NO_RELATED_COMBINATION,PENDING_BUSINESS_REVIEW,PENDING,,,,
WOO_SKU_COMPONENT_LIST,sku_component[2],11755,11716,0201001|0201001|1249001|1249001|0616011|0607011-1,,1249001,2,EXACT,SKU Woo literal: 0201001|0201001|1249001|1249001|0616011|0607011-1,EXACT_SKU,1249001,EXACT,PRIMARY_WOO,11755,11716,0201001|0201001|1249001|1249001|0616011|0607011-1,"Crudo, Crudo, Negro, Rojo",1249001,YES,NO,NO,NO,1,COMPOSITION_EXACT_WOO,,"Evidence row; correlate by combination_sku, component_sku and quantity.",,EXACT,EXACT,COMPOSITION_EXACT_WOO,COMPOSITION_EXACT_WOO,UNCHANGED_EXACT_EVIDENCE,YES,NO,HIGH,Exact 001A.0 evidence retained; no fuzzy identity.,UD-001,PENDING_BUSINESS_REVIEW_PLACEHOLDER_011,NO_RELATED_COMBINATION,PENDING_BUSINESS_REVIEW,PENDING,,,,
WOO_SKU_COMPONENT_LIST,sku_component[2],4671,3658,0201001|0201001|1249001|1249001|0616011|0608007,,1249001,2,EXACT,SKU Woo literal: 0201001|0201001|1249001|1249001|0616011|0608007,EXACT_SKU,1249001,EXACT,PRIMARY_WOO,4671,3658,0201001|0201001|1249001|1249001|0616011|0608007,"Crudo, Crudo, Negro, Crudo",1249001,YES,NO,NO,NO,1,COMPOSITION_EXACT_WOO,,"Evidence row; correlate by combination_sku, component_sku and quantity.",,EXACT,EXACT,COMPOSITION_EXACT_WOO,COMPOSITION_EXACT_WOO,UNCHANGED_EXACT_EVIDENCE,YES,NO,HIGH,Exact 001A.0 evidence retained; no fuzzy identity.,UD-001,PENDING_BUSINESS_REVIEW_PLACEHOLDER_011,NO_RELATED_COMBINATION,PENDING_BUSINESS_REVIEW,PENDING,,,,
WOO_SKU_COMPONENT_LIST,sku_component[2],11753,11716,0201001|0201001|1249001|1249001|0616011|0608011-1,,1249001,2,EXACT,SKU Woo literal: 0201001|0201001|1249001|1249001|0616011|0608011-1,EXACT_SKU,1249001,EXACT,PRIMARY_WOO,11753,11716,0201001|0201001|1249001|1249001|0616011|0608011-1,"Crudo, Crudo, Negro, Crudo",1249001,YES,NO,NO,NO,1,COMPOSITION_EXACT_WOO,,"Evidence row; correlate by combination_sku, component_sku and quantity.",,EXACT,EXACT,COMPOSITION_EXACT_WOO,COMPOSITION_EXACT_WOO,UNCHANGED_EXACT_EVIDENCE,YES,NO,HIGH,Exact 001A.0 evidence retained; no fuzzy identity.,UD-001,PENDING_BUSINESS_REVIEW_PLACEHOLDER_011,NO_RELATED_COMBINATION,PENDING_BUSINESS_REVIEW,PENDING,,,,
WOO_SKU_COMPONENT_LIST,sku_component[2],4669,3658,0201001|0201001|1249001|1249001|0616011|0609011,,1249001,2,EXACT,SKU Woo literal: 0201001|0201001|1249001|1249001|0616011|0609011,EXACT_SKU,1249001,EXACT,PRIMARY_WOO,4669,3658,0201001|0201001|1249001|1249001|0616011|0609011,"Crudo, Crudo, Negro, Azul",1249001,YES,NO,NO,NO,1,COMPOSITION_EXACT_WOO,,"Evidence row; correlate by combination_sku, component_sku and quantity.",,EXACT,EXACT,COMPOSITION_EXACT_WOO,COMPOSITION_EXACT_WOO,UNCHANGED_EXACT_EVIDENCE,YES,NO,HIGH,Exact 001A.0 evidence retained; no fuzzy identity.,UD-001,PENDING_BUSINESS_REVIEW_PLACEHOLDER_011,NO_RELATED_COMBINATION,PENDING_BUSINESS_REVIEW,PENDING,,,,
WOO_SKU_COMPONENT_LIST,sku_component[2],11752,11716,0201001|0201001|1249001|1249001|0616011|0609011-1,,1249001,2,EXACT,SKU Woo literal: 0201001|0201001|1249001|1249001|0616011|0609011-1,EXACT_SKU,1249001,EXACT,PRIMARY_WOO,11752,11716,0201001|0201001|1249001|1249001|0616011|0609011-1,"Crudo, Crudo, Negro, Azul",1249001,YES,NO,NO,NO,1,COMPOSITION_EXACT_WOO,,"Evidence row; correlate by combination_sku, component_sku and quantity.",,EXACT,EXACT,COMPOSITION_EXACT_WOO,COMPOSITION_EXACT_WOO,UNCHANGED_EXACT_EVIDENCE,YES,NO,HIGH,Exact 001A.0 evidence retained; no fuzzy identity.,UD-001,PENDING_BUSINESS_REVIEW_PLACEHOLDER_011,NO_RELATED_COMBINATION,PENDING_BUSINESS_REVIEW,PENDING,,,,
WOO_SKU_COMPONENT_LIST,sku_component[2],4668,3658,0201001|0201001|1249001|1249001|0616011|0615011,,1249001,2,EXACT,SKU Woo literal: 0201001|0201001|1249001|1249001|0616011|0615011,EXACT_SKU,1249001,EXACT,PRIMARY_WOO,4668,3658,0201001|0201001|1249001|1249001|0616011|0615011,"Crudo, Crudo, Negro, Amarillo",1249001,YES,NO,NO,NO,1,COMPOSITION_EXACT_WOO,,"Evidence row; correlate by combination_sku, component_sku and quantity.",,EXACT,EXACT,COMPOSITION_EXACT_WOO,COMPOSITION_EXACT_WOO,UNCHANGED_EXACT_EVIDENCE,YES,NO,HIGH,Exact 001A.0 evidence retained; no fuzzy identity.,UD-001,PENDING_BUSINESS_REVIEW_PLACEHOLDER_011,NO_RELATED_COMBINATION,PENDING_BUSINESS_REVIEW,PENDING,,,,
WOO_SKU_COMPONENT_LIST,sku_component[2],11751,11716,0201001|0201001|1249001|1249001|0616011|0615011-1,,1249001,2,EXACT,SKU Woo literal: 0201001|0201001|1249001|1249001|0616011|0615011-1,EXACT_SKU,1249001,EXACT,PRIMARY_WOO,11751,11716,0201001|0201001|1249001|1249001|0616011|0615011-1,"Crudo, Crudo, Negro, Amarillo",1249001,YES,NO,NO,NO,1,COMPOSITION_EXACT_WOO,,"Evidence row; correlate by combination_sku, component_sku and quantity.",,EXACT,EXACT,COMPOSITION_EXACT_WOO,COMPOSITION_EXACT_WOO,UNCHANGED_EXACT_EVIDENCE,YES,NO,HIGH,Exact 001A.0 evidence retained; no fuzzy identity.,UD-001,PENDING_BUSINESS_REVIEW_PLACEHOLDER_011,NO_RELATED_COMBINATION,PENDING_BUSINESS_REVIEW,PENDING,,,,
WOO_SKU_COMPONENT_LIST,sku_component[2],4594,3658,0201001|0201001|1249001|1249001|0616011|0616011,,1249001,2,EXACT,SKU Woo literal: 0201001|0201001|1249001|1249001|0616011|0616011,EXACT_SKU,1249001,EXACT,PRIMARY_WOO,4594,3658,0201001|0201001|1249001|1249001|0616011|0616011,"Crudo, Crudo, Negro, Negro",1249001,YES,NO,NO,NO,1,COMPOSITION_EXACT_WOO,,"Evidence row; correlate by combination_sku, component_sku and quantity.",,EXACT,EXACT,COMPOSITION_EXACT_WOO,COMPOSITION_EXACT_WOO,UNCHANGED_EXACT_EVIDENCE,YES,NO,HIGH,Exact 001A.0 evidence retained; no fuzzy identity.,UD-001,PENDING_BUSINESS_REVIEW_PLACEHOLDER_011,NO_RELATED_COMBINATION,PENDING_BUSINESS_REVIEW,PENDING,,,,
WOO_SKU_COMPONENT_LIST,sku_component[2],11727,11716,0201001|0201001|1249001|1249001|0616011|0616011-1,,1249001,2,EXACT,SKU Woo literal: 0201001|0201001|1249001|1249001|0616011|0616011-1,EXACT_SKU,1249001,EXACT,PRIMARY_WOO,11727,11716,0201001|0201001|1249001|1249001|0616011|0616011-1,"Crudo, Crudo, Negro, Negro",1249001,YES,NO,NO,NO,1,COMPOSITION_EXACT_WOO,,"Evidence row; correlate by combination_sku, component_sku and quantity.",,EXACT,EXACT,COMPOSITION_EXACT_WOO,COMPOSITION_EXACT_WOO,UNCHANGED_EXACT_EVIDENCE,YES,NO,HIGH,Exact 001A.0 evidence retained; no fuzzy identity.,UD-001,PENDING_BUSINESS_REVIEW_PLACEHOLDER_011,NO_RELATED_COMBINATION,PENDING_BUSINESS_REVIEW,PENDING,,,,
WOO_SKU_COMPONENT_LIST,sku_component[2],4604,3658,0201001|0201001|1249001|1249001|0619007|0616011,,1249001,2,EXACT,SKU Woo literal: 0201001|0201001|1249001|1249001|0619007|0616011,EXACT_SKU,1249001,EXACT,PRIMARY_WOO,4604,3658,0201001|0201001|1249001|1249001|0619007|0616011,"Crudo, Crudo, Marrón, Negro",1249001,YES,NO,NO,NO,1,COMPOSITION_EXACT_WOO,,"Evidence row; correlate by combination_sku, component_sku and quantity.",,EXACT,EXACT,COMPOSITION_EXACT_WOO,COMPOSITION_EXACT_WOO,UNCHANGED_EXACT_EVIDENCE,YES,NO,HIGH,Exact 001A.0 evidence retained; no fuzzy identity.,UD-001,PENDING_BUSINESS_REVIEW_PLACEHOLDER_011,NO_RELATED_COMBINATION,PENDING_BUSINESS_REVIEW,PENDING,,,,
WOO_SKU_COMPONENT_LIST,sku_component[2],7337,7332,0504011|0724003-1,,0724003-1,1,EXACT,SKU Woo literal: 0504011|0724003-1,NO_EXACT_WOO_SKU_FULL,,BLOCKED,PRIMARY_WOO,7337,7332,0504011|0724003-1,"Futón de algodón, 140x200x14,5 cm, Sin funda",,YES,NO,NO,NO,1,COMPONENT_SKU_NOT_FOUND,"{""quantity_status"":""EXACT"",""physical_match_method"":""MISSING_PHYSICAL_SKU"",""parent_match_method"":""""}","Evidence row; correlate by combination_sku, component_sku and quantity.",,BLOCKED,BLOCKED,COMPONENT_SKU_NOT_FOUND,SUFFIXED_ITEM_NOT_FOUND,EXACT_FULL_SKU_NO_SUFFIX_NORMALIZATION,YES,YES,LOW,Exact 001A.0 evidence retained; no fuzzy identity.,TECH-001,UNRESOLVED_EXACT_EVIDENCE_OUTSIDE_BUSINESS_SCOPE,YES_NONEXACT,PENDING_TECHNICAL_EVIDENCE,NOT_SUBMITTED_TECHNICAL,,SUFFIXED_ITEM_NOT_FOUND,INFORMATIONAL_ONLY_NEVER_MATCHED,No exact Woo node for full SKU 0724003-1; base candidate ignored.
WOO_SKU_COMPONENT_LIST,sku_component[2],7340,7332,0504011|0724003|0606002-1,,0724003,1,EXACT,SKU Woo literal: 0504011|0724003|0606002-1,EXACT_SKU,724003,EXACT,PRIMARY_WOO,7340,7332,0504011|0724003|0606002-1,"Futón de algodón, 140x200x14,5 cm, Granate",724003,YES,NO,NO,NO,1,COMPOSITION_EXACT_WOO,,"Evidence row; correlate by combination_sku, component_sku and quantity.",,EXACT,EXACT,COMPOSITION_EXACT_WOO,COMPOSITION_EXACT_WOO,UNCHANGED_EXACT_EVIDENCE,YES,NO,HIGH,Exact 001A.0 evidence retained; no fuzzy identity.,TECH-001,UNRESOLVED_EXACT_EVIDENCE_OUTSIDE_BUSINESS_SCOPE,NO_RELATED_COMBINATION,PENDING_TECHNICAL_EVIDENCE,NOT_SUBMITTED_TECHNICAL,,,,
WOO_SKU_COMPONENT_LIST,sku_component[2],7343,7332,0504011|0724003|0607002-1,,0724003,1,EXACT,SKU Woo literal: 0504011|0724003|0607002-1,EXACT_SKU,724003,EXACT,PRIMARY_WOO,7343,7332,0504011|0724003|0607002-1,"Futón de algodón, 140x200x14,5 cm, Rojo",724003,YES,NO,NO,NO,1,COMPOSITION_EXACT_WOO,,"Evidence row; correlate by combination_sku, component_sku and quantity.",,EXACT,EXACT,COMPOSITION_EXACT_WOO,COMPOSITION_EXACT_WOO,UNCHANGED_EXACT_EVIDENCE,YES,NO,HIGH,Exact 001A.0 evidence retained; no fuzzy identity.,TECH-001,UNRESOLVED_EXACT_EVIDENCE_OUTSIDE_BUSINESS_SCOPE,NO_RELATED_COMBINATION,PENDING_TECHNICAL_EVIDENCE,NOT_SUBMITTED_TECHNICAL,,,,
WOO_SKU_COMPONENT_LIST,sku_component[2],7339,7332,0504011|0724003|0608002-1,,0724003,1,EXACT,SKU Woo literal: 0504011|0724003|0608002-1,EXACT_SKU,724003,EXACT,PRIMARY_WOO,7339,7332,0504011|0724003|0608002-1,"Futón de algodón, 140x200x14,5 cm, Crudo",724003,YES,NO,NO,NO,1,COMPOSITION_EXACT_WOO,,"Evidence row; correlate by combination_sku, component_sku and quantity.",,EXACT,EXACT,COMPOSITION_EXACT_WOO,COMPOSITION_EXACT_WOO,UNCHANGED_EXACT_EVIDENCE,YES,NO,HIGH,Exact 001A.0 evidence retained; no fuzzy identity.,TECH-001,UNRESOLVED_EXACT_EVIDENCE_OUTSIDE_BUSINESS_SCOPE,NO_RELATED_COMBINATION,PENDING_TECHNICAL_EVIDENCE,NOT_SUBMITTED_TECHNICAL,,,,
WOO_SKU_COMPONENT_LIST,sku_component[2],7338,7332,0504011|0724003|0609002-1,,0724003,1,EXACT,SKU Woo literal: 0504011|0724003|0609002-1,EXACT_SKU,724003,EXACT,PRIMARY_WOO,7338,7332,0504011|0724003|0609002-1,"Futón de algodón, 140x200x14,5 cm, Azul",724003,YES,NO,NO,NO,1,COMPOSITION_EXACT_WOO,,"Evidence row; correlate by combination_sku, component_sku and quantity.",,EXACT,EXACT,COMPOSITION_EXACT_WOO,COMPOSITION_EXACT_WOO,UNCHANGED_EXACT_EVIDENCE,YES,NO,HIGH,Exact 001A.0 evidence retained; no fuzzy identity.,TECH-001,UNRESOLVED_EXACT_EVIDENCE_OUTSIDE_BUSINESS_SCOPE,NO_RELATED_COMBINATION,PENDING_TECHNICAL_EVIDENCE,NOT_SUBMITTED_TECHNICAL,,,,
WOO_SKU_COMPONENT_LIST,sku_component[2],7344,7332,0504011|0724003|0614002-1,,0724003,1,EXACT,SKU Woo literal: 0504011|0724003|0614002-1,EXACT_SKU,724003,EXACT,PRIMARY_WOO,7344,7332,0504011|0724003|0614002-1,"Futón de algodón, 140x200x14,5 cm, Verde",724003,YES,NO,NO,NO,1,COMPOSITION_EXACT_WOO,,"Evidence row; correlate by combination_sku, component_sku and quantity.",,EXACT,EXACT,COMPOSITION_EXACT_WOO,COMPOSITION_EXACT_WOO,UNCHANGED_EXACT_EVIDENCE,YES,NO,HIGH,Exact 001A.0 evidence retained; no fuzzy identity.,TECH-001,UNRESOLVED_EXACT_EVIDENCE_OUTSIDE_BUSINESS_SCOPE,NO_RELATED_COMBINATION,PENDING_TECHNICAL_EVIDENCE,NOT_SUBMITTED_TECHNICAL,,,,
WOO_SKU_COMPONENT_LIST,sku_component[2],7335,7332,0504011|0724003|0615002-1,,0724003,1,EXACT,SKU Woo literal: 0504011|0724003|0615002-1,EXACT_SKU,724003,EXACT,PRIMARY_WOO,7335,7332,0504011|0724003|0615002-1,"Futón de algodón, 140x200x14,5 cm, Amarillo",724003,YES,NO,NO,NO,1,COMPOSITION_EXACT_WOO,,"Evidence row; correlate by combination_sku, component_sku and quantity.",,EXACT,EXACT,COMPOSITION_EXACT_WOO,COMPOSITION_EXACT_WOO,UNCHANGED_EXACT_EVIDENCE,YES,NO,HIGH,Exact 001A.0 evidence retained; no fuzzy identity.,TECH-001,UNRESOLVED_EXACT_EVIDENCE_OUTSIDE_BUSINESS_SCOPE,NO_RELATED_COMBINATION,PENDING_TECHNICAL_EVIDENCE,NOT_SUBMITTED_TECHNICAL,,,,
WOO_SKU_COMPONENT_LIST,sku_component[2],7342,7332,0504011|0724003|0616002-1,,0724003,1,EXACT,SKU Woo literal: 0504011|0724003|0616002-1,EXACT_SKU,724003,EXACT,PRIMARY_WOO,7342,7332,0504011|0724003|0616002-1,"Futón de algodón, 140x200x14,5 cm, Negro",724003,YES,NO,NO,NO,1,COMPOSITION_EXACT_WOO,,"Evidence row; correlate by combination_sku, component_sku and quantity.",,EXACT,EXACT,COMPOSITION_EXACT_WOO,COMPOSITION_EXACT_WOO,UNCHANGED_EXACT_EVIDENCE,YES,NO,HIGH,Exact 001A.0 evidence retained; no fuzzy identity.,TECH-001,UNRESOLVED_EXACT_EVIDENCE_OUTSIDE_BUSINESS_SCOPE,NO_RELATED_COMBINATION,PENDING_TECHNICAL_EVIDENCE,NOT_SUBMITTED_TECHNICAL,,,,
WOO_SKU_COMPONENT_LIST,sku_component[2],7334,7332,0504011|0724003|0617002-1,,0724003,1,EXACT,SKU Woo literal: 0504011|0724003|0617002-1,EXACT_SKU,724003,EXACT,PRIMARY_WOO,7334,7332,0504011|0724003|0617002-1,"Futón de algodón, 140x200x14,5 cm, Gris jaspeado",724003,YES,NO,NO,NO,1,COMPOSITION_EXACT_WOO,,"Evidence row; correlate by combination_sku, component_sku and quantity.",,EXACT,EXACT,COMPOSITION_EXACT_WOO,COMPOSITION_EXACT_WOO,UNCHANGED_EXACT_EVIDENCE,YES,NO,HIGH,Exact 001A.0 evidence retained; no fuzzy identity.,TECH-001,UNRESOLVED_EXACT_EVIDENCE_OUTSIDE_BUSINESS_SCOPE,NO_RELATED_COMBINATION,PENDING_TECHNICAL_EVIDENCE,NOT_SUBMITTED_TECHNICAL,,,,
WOO_SKU_COMPONENT_LIST,sku_component[2],7333,7332,0504011|0724003|0619002-1,,0724003,1,EXACT,SKU Woo literal: 0504011|0724003|0619002-1,EXACT_SKU,724003,EXACT,PRIMARY_WOO,7333,7332,0504011|0724003|0619002-1,"Futón de algodón, 140x200x14,5 cm, Beige jaspeado",724003,YES,NO,NO,NO,1,COMPOSITION_EXACT_WOO,,"Evidence row; correlate by combination_sku, component_sku and quantity.",,EXACT,EXACT,COMPOSITION_EXACT_WOO,COMPOSITION_EXACT_WOO,UNCHANGED_EXACT_EVIDENCE,YES,NO,HIGH,Exact 001A.0 evidence retained; no fuzzy identity.,TECH-001,UNRESOLVED_EXACT_EVIDENCE_OUTSIDE_BUSINESS_SCOPE,NO_RELATED_COMBINATION,PENDING_TECHNICAL_EVIDENCE,NOT_SUBMITTED_TECHNICAL,,,,
WOO_SKU_COMPONENT_LIST,sku_component[2],7347,7332,0504011|0728002-1,,0728002-1,1,EXACT,SKU Woo literal: 0504011|0728002-1,NO_EXACT_WOO_SKU_FULL,,BLOCKED,PRIMARY_WOO,7347,7332,0504011|0728002-1,"Futón con una capa de látex, 140x200x14,5 cm, Sin funda",,YES,NO,NO,NO,1,COMPONENT_SKU_NOT_FOUND,"{""quantity_status"":""EXACT"",""physical_match_method"":""MISSING_PHYSICAL_SKU"",""parent_match_method"":""""}","Evidence row; correlate by combination_sku, component_sku and quantity.",,BLOCKED,BLOCKED,COMPONENT_SKU_NOT_FOUND,SUFFIXED_ITEM_NOT_FOUND,EXACT_FULL_SKU_NO_SUFFIX_NORMALIZATION,YES,YES,LOW,Exact 001A.0 evidence retained; no fuzzy identity.,TECH-001,UNRESOLVED_EXACT_EVIDENCE_OUTSIDE_BUSINESS_SCOPE,YES_NONEXACT,PENDING_TECHNICAL_EVIDENCE,NOT_SUBMITTED_TECHNICAL,,SUFFIXED_ITEM_NOT_FOUND,INFORMATIONAL_ONLY_NEVER_MATCHED,No exact Woo node for full SKU 0728002-1; base candidate ignored.
WOO_SKU_COMPONENT_LIST,sku_component[2],7351,7332,0504011|0728002|0606002-1,,0728002,1,EXACT,SKU Woo literal: 0504011|0728002|0606002-1,EXACT_SKU,728002,EXACT,PRIMARY_WOO,7351,7332,0504011|0728002|0606002-1,"Futón con una capa de látex, 140x200x14,5 cm, Granate",728002,YES,NO,NO,NO,1,COMPOSITION_EXACT_WOO,,"Evidence row; correlate by combination_sku, component_sku and quantity.",,EXACT,EXACT,COMPOSITION_EXACT_WOO,COMPOSITION_EXACT_WOO,UNCHANGED_EXACT_EVIDENCE,YES,NO,HIGH,Exact 001A.0 evidence retained; no fuzzy identity.,TECH-001,UNRESOLVED_EXACT_EVIDENCE_OUTSIDE_BUSINESS_SCOPE,NO_RELATED_COMBINATION,PENDING_TECHNICAL_EVIDENCE,NOT_SUBMITTED_TECHNICAL,,,,
WOO_SKU_COMPONENT_LIST,sku_component[2],7353,7332,0504011|0728002|0607002-1,,0728002,1,EXACT,SKU Woo literal: 0504011|0728002|0607002-1,EXACT_SKU,728002,EXACT,PRIMARY_WOO,7353,7332,0504011|0728002|0607002-1,"Futón con una capa de látex, 140x200x14,5 cm, Rojo",728002,YES,NO,NO,NO,1,COMPOSITION_EXACT_WOO,,"Evidence row; correlate by combination_sku, component_sku and quantity.",,EXACT,EXACT,COMPOSITION_EXACT_WOO,COMPOSITION_EXACT_WOO,UNCHANGED_EXACT_EVIDENCE,YES,NO,HIGH,Exact 001A.0 evidence retained; no fuzzy identity.,TECH-001,UNRESOLVED_EXACT_EVIDENCE_OUTSIDE_BUSINESS_SCOPE,NO_RELATED_COMBINATION,PENDING_TECHNICAL_EVIDENCE,NOT_SUBMITTED_TECHNICAL,,,,
WOO_SKU_COMPONENT_LIST,sku_component[2],7350,7332,0504011|0728002|0608002-1,,0728002,1,EXACT,SKU Woo literal: 0504011|0728002|0608002-1,EXACT_SKU,728002,EXACT,PRIMARY_WOO,7350,7332,0504011|0728002|0608002-1,"Futón con una capa de látex, 140x200x14,5 cm, Crudo",728002,YES,NO,NO,NO,1,COMPOSITION_EXACT_WOO,,"Evidence row; correlate by combination_sku, component_sku and quantity.",,EXACT,EXACT,COMPOSITION_EXACT_WOO,COMPOSITION_EXACT_WOO,UNCHANGED_EXACT_EVIDENCE,YES,NO,HIGH,Exact 001A.0 evidence retained; no fuzzy identity.,TECH-001,UNRESOLVED_EXACT_EVIDENCE_OUTSIDE_BUSINESS_SCOPE,NO_RELATED_COMBINATION,PENDING_TECHNICAL_EVIDENCE,NOT_SUBMITTED_TECHNICAL,,,,
WOO_SKU_COMPONENT_LIST,sku_component[2],7349,7332,0504011|0728002|0609002-1,,0728002,1,EXACT,SKU Woo literal: 0504011|0728002|0609002-1,EXACT_SKU,728002,EXACT,PRIMARY_WOO,7349,7332,0504011|0728002|0609002-1,"Futón con una capa de látex, 140x200x14,5 cm, Azul",728002,YES,NO,NO,NO,1,COMPOSITION_EXACT_WOO,,"Evidence row; correlate by combination_sku, component_sku and quantity.",,EXACT,EXACT,COMPOSITION_EXACT_WOO,COMPOSITION_EXACT_WOO,UNCHANGED_EXACT_EVIDENCE,YES,NO,HIGH,Exact 001A.0 evidence retained; no fuzzy identity.,TECH-001,UNRESOLVED_EXACT_EVIDENCE_OUTSIDE_BUSINESS_SCOPE,NO_RELATED_COMBINATION,PENDING_TECHNICAL_EVIDENCE,NOT_SUBMITTED_TECHNICAL,,,,
WOO_SKU_COMPONENT_LIST,sku_component[2],7354,7332,0504011|0728002|0614002-1,,0728002,1,EXACT,SKU Woo literal: 0504011|0728002|0614002-1,EXACT_SKU,728002,EXACT,PRIMARY_WOO,7354,7332,0504011|0728002|0614002-1,"Futón con una capa de látex, 140x200x14,5 cm, Verde",728002,YES,NO,NO,NO,1,COMPOSITION_EXACT_WOO,,"Evidence row; correlate by combination_sku, component_sku and quantity.",,EXACT,EXACT,COMPOSITION_EXACT_WOO,COMPOSITION_EXACT_WOO,UNCHANGED_EXACT_EVIDENCE,YES,NO,HIGH,Exact 001A.0 evidence retained; no fuzzy identity.,TECH-001,UNRESOLVED_EXACT_EVIDENCE_OUTSIDE_BUSINESS_SCOPE,NO_RELATED_COMBINATION,PENDING_TECHNICAL_EVIDENCE,NOT_SUBMITTED_TECHNICAL,,,,
WOO_SKU_COMPONENT_LIST,sku_component[2],7348,7332,0504011|0728002|0615002-1,,0728002,1,EXACT,SKU Woo literal: 0504011|0728002|0615002-1,EXACT_SKU,728002,EXACT,PRIMARY_WOO,7348,7332,0504011|0728002|0615002-1,"Futón con una capa de látex, 140x200x14,5 cm, Amarillo",728002,YES,NO,NO,NO,1,COMPOSITION_EXACT_WOO,,"Evidence row; correlate by combination_sku, component_sku and quantity.",,EXACT,EXACT,COMPOSITION_EXACT_WOO,COMPOSITION_EXACT_WOO,UNCHANGED_EXACT_EVIDENCE,YES,NO,HIGH,Exact 001A.0 evidence retained; no fuzzy identity.,TECH-001,UNRESOLVED_EXACT_EVIDENCE_OUTSIDE_BUSINESS_SCOPE,NO_RELATED_COMBINATION,PENDING_TECHNICAL_EVIDENCE,NOT_SUBMITTED_TECHNICAL,,,,
WOO_SKU_COMPONENT_LIST,sku_component[2],7352,7332,0504011|0728002|0616002-1,,0728002,1,EXACT,SKU Woo literal: 0504011|0728002|0616002-1,EXACT_SKU,728002,EXACT,PRIMARY_WOO,7352,7332,0504011|0728002|0616002-1,"Futón con una capa de látex, 140x200x14,5 cm, Negro",728002,YES,NO,NO,NO,1,COMPOSITION_EXACT_WOO,,"Evidence row; correlate by combination_sku, component_sku and quantity.",,EXACT,EXACT,COMPOSITION_EXACT_WOO,COMPOSITION_EXACT_WOO,UNCHANGED_EXACT_EVIDENCE,YES,NO,HIGH,Exact 001A.0 evidence retained; no fuzzy identity.,TECH-001,UNRESOLVED_EXACT_EVIDENCE_OUTSIDE_BUSINESS_SCOPE,NO_RELATED_COMBINATION,PENDING_TECHNICAL_EVIDENCE,NOT_SUBMITTED_TECHNICAL,,,,
WOO_SKU_COMPONENT_LIST,sku_component[2],7355,7332,0504011|0730002-1,,0730002-1,1,EXACT,SKU Woo literal: 0504011|0730002-1,NO_EXACT_WOO_SKU_FULL,,BLOCKED,PRIMARY_WOO,7355,7332,0504011|0730002-1,"Futón con dos capas de látex, 140x200x14,5 cm, Sin funda",,YES,NO,NO,NO,1,COMPONENT_SKU_NOT_FOUND,"{""quantity_status"":""EXACT"",""physical_match_method"":""MISSING_PHYSICAL_SKU"",""parent_match_method"":""""}","Evidence row; correlate by combination_sku, component_sku and quantity.",,BLOCKED,BLOCKED,COMPONENT_SKU_NOT_FOUND,SUFFIXED_ITEM_NOT_FOUND,EXACT_FULL_SKU_NO_SUFFIX_NORMALIZATION,YES,YES,LOW,Exact 001A.0 evidence retained; no fuzzy identity.,TECH-001,UNRESOLVED_EXACT_EVIDENCE_OUTSIDE_BUSINESS_SCOPE,YES_NONEXACT,PENDING_TECHNICAL_EVIDENCE,NOT_SUBMITTED_TECHNICAL,,SUFFIXED_ITEM_NOT_FOUND,INFORMATIONAL_ONLY_NEVER_MATCHED,No exact Woo node for full SKU 0730002-1; base candidate ignored.
WOO_SKU_COMPONENT_LIST,sku_component[2],7359,7332,0504011|0730002|0606002-1,,0730002,1,EXACT,SKU Woo literal: 0504011|0730002|0606002-1,EXACT_SKU,730002,EXACT,PRIMARY_WOO,7359,7332,0504011|0730002|0606002-1,"Futón con dos capas de látex, 140x200x14,5 cm, Granate",730002,YES,NO,NO,NO,1,COMPOSITION_EXACT_WOO,,"Evidence row; correlate by combination_sku, component_sku and quantity.",,EXACT,EXACT,COMPOSITION_EXACT_WOO,COMPOSITION_EXACT_WOO,UNCHANGED_EXACT_EVIDENCE,YES,NO,HIGH,Exact 001A.0 evidence retained; no fuzzy identity.,TECH-001,UNRESOLVED_EXACT_EVIDENCE_OUTSIDE_BUSINESS_SCOPE,NO_RELATED_COMBINATION,PENDING_TECHNICAL_EVIDENCE,NOT_SUBMITTED_TECHNICAL,,,,
WOO_SKU_COMPONENT_LIST,sku_component[2],7341,7332,0504011|0730002|0607002-1,,0730002,1,EXACT,SKU Woo literal: 0504011|0730002|0607002-1,EXACT_SKU,730002,EXACT,PRIMARY_WOO,7341,7332,0504011|0730002|0607002-1,"Futón con dos capas de látex, 140x200x14,5 cm, Rojo",730002,YES,NO,NO,NO,1,COMPOSITION_EXACT_WOO,,"Evidence row; correlate by combination_sku, component_sku and quantity.",,EXACT,EXACT,COMPOSITION_EXACT_WOO,COMPOSITION_EXACT_WOO,UNCHANGED_EXACT_EVIDENCE,YES,NO,HIGH,Exact 001A.0 evidence retained; no fuzzy identity.,TECH-001,UNRESOLVED_EXACT_EVIDENCE_OUTSIDE_BUSINESS_SCOPE,NO_RELATED_COMBINATION,PENDING_TECHNICAL_EVIDENCE,NOT_SUBMITTED_TECHNICAL,,,,
WOO_SKU_COMPONENT_LIST,sku_component[2],7358,7332,0504011|0730002|0608002-1,,0730002,1,EXACT,SKU Woo literal: 0504011|0730002|0608002-1,EXACT_SKU,730002,EXACT,PRIMARY_WOO,7358,7332,0504011|0730002|0608002-1,"Futón con dos capas de látex, 140x200x14,5 cm, Crudo",730002,YES,NO,NO,NO,1,COMPOSITION_EXACT_WOO,,"Evidence row; correlate by combination_sku, component_sku and quantity.",,EXACT,EXACT,COMPOSITION_EXACT_WOO,COMPOSITION_EXACT_WOO,UNCHANGED_EXACT_EVIDENCE,YES,NO,HIGH,Exact 001A.0 evidence retained; no fuzzy identity.,TECH-001,UNRESOLVED_EXACT_EVIDENCE_OUTSIDE_BUSINESS_SCOPE,NO_RELATED_COMBINATION,PENDING_TECHNICAL_EVIDENCE,NOT_SUBMITTED_TECHNICAL,,,,
WOO_SKU_COMPONENT_LIST,sku_component[2],7357,7332,0504011|0730002|0609002-1,,0730002,1,EXACT,SKU Woo literal: 0504011|0730002|0609002-1,EXACT_SKU,730002,EXACT,PRIMARY_WOO,7357,7332,0504011|0730002|0609002-1,"Futón con dos capas de látex, 140x200x14,5 cm, Azul",730002,YES,NO,NO,NO,1,COMPOSITION_EXACT_WOO,,"Evidence row; correlate by combination_sku, component_sku and quantity.",,EXACT,EXACT,COMPOSITION_EXACT_WOO,COMPOSITION_EXACT_WOO,UNCHANGED_EXACT_EVIDENCE,YES,NO,HIGH,Exact 001A.0 evidence retained; no fuzzy identity.,TECH-001,UNRESOLVED_EXACT_EVIDENCE_OUTSIDE_BUSINESS_SCOPE,NO_RELATED_COMBINATION,PENDING_TECHNICAL_EVIDENCE,NOT_SUBMITTED_TECHNICAL,,,,
WOO_SKU_COMPONENT_LIST,sku_component[2],7336,7332,0504011|0730002|0614002-1,,0730002,1,EXACT,SKU Woo literal: 0504011|0730002|0614002-1,EXACT_SKU,730002,EXACT,PRIMARY_WOO,7336,7332,0504011|0730002|0614002-1,"Futón con dos capas de látex, 140x200x14,5 cm, Verde",730002,YES,NO,NO,NO,1,COMPOSITION_EXACT_WOO,,"Evidence row; correlate by combination_sku, component_sku and quantity.",,EXACT,EXACT,COMPOSITION_EXACT_WOO,COMPOSITION_EXACT_WOO,UNCHANGED_EXACT_EVIDENCE,YES,NO,HIGH,Exact 001A.0 evidence retained; no fuzzy identity.,TECH-001,UNRESOLVED_EXACT_EVIDENCE_OUTSIDE_BUSINESS_SCOPE,NO_RELATED_COMBINATION,PENDING_TECHNICAL_EVIDENCE,NOT_SUBMITTED_TECHNICAL,,,,
WOO_SKU_COMPONENT_LIST,sku_component[2],7356,7332,0504011|0730002|0615002-1,,0730002,1,EXACT,SKU Woo literal: 0504011|0730002|0615002-1,EXACT_SKU,730002,EXACT,PRIMARY_WOO,7356,7332,0504011|0730002|0615002-1,"Futón con dos capas de látex, 140x200x14,5 cm, Amarillo",730002,YES,NO,NO,NO,1,COMPOSITION_EXACT_WOO,,"Evidence row; correlate by combination_sku, component_sku and quantity.",,EXACT,EXACT,COMPOSITION_EXACT_WOO,COMPOSITION_EXACT_WOO,UNCHANGED_EXACT_EVIDENCE,YES,NO,HIGH,Exact 001A.0 evidence retained; no fuzzy identity.,TECH-001,UNRESOLVED_EXACT_EVIDENCE_OUTSIDE_BUSINESS_SCOPE,NO_RELATED_COMBINATION,PENDING_TECHNICAL_EVIDENCE,NOT_SUBMITTED_TECHNICAL,,,,
WOO_SKU_COMPONENT_LIST,sku_component[2],7360,7332,0504011|0730002|0616002-1,,0730002,1,EXACT,SKU Woo literal: 0504011|0730002|0616002-1,EXACT_SKU,730002,EXACT,PRIMARY_WOO,7360,7332,0504011|0730002|0616002-1,"Futón con dos capas de látex, 140x200x14,5 cm, Negro",730002,YES,NO,NO,NO,1,COMPOSITION_EXACT_WOO,,"Evidence row; correlate by combination_sku, component_sku and quantity.",,EXACT,EXACT,COMPOSITION_EXACT_WOO,COMPOSITION_EXACT_WOO,UNCHANGED_EXACT_EVIDENCE,YES,NO,HIGH,Exact 001A.0 evidence retained; no fuzzy identity.,TECH-001,UNRESOLVED_EXACT_EVIDENCE_OUTSIDE_BUSINESS_SCOPE,NO_RELATED_COMBINATION,PENDING_TECHNICAL_EVIDENCE,NOT_SUBMITTED_TECHNICAL,,,,
WOO_SKU_COMPONENT_LIST,sku_component[2],7346,7332,0504011|0730002|0617002-1,,0730002,1,EXACT,SKU Woo literal: 0504011|0730002|0617002-1,EXACT_SKU,730002,EXACT,PRIMARY_WOO,7346,7332,0504011|0730002|0617002-1,"Futón con dos capas de látex, 140x200x14,5 cm, Gris jaspeado",730002,YES,NO,NO,NO,1,COMPOSITION_EXACT_WOO,,"Evidence row; correlate by combination_sku, component_sku and quantity.",,EXACT,EXACT,COMPOSITION_EXACT_WOO,COMPOSITION_EXACT_WOO,UNCHANGED_EXACT_EVIDENCE,YES,NO,HIGH,Exact 001A.0 evidence retained; no fuzzy identity.,TECH-001,UNRESOLVED_EXACT_EVIDENCE_OUTSIDE_BUSINESS_SCOPE,NO_RELATED_COMBINATION,PENDING_TECHNICAL_EVIDENCE,NOT_SUBMITTED_TECHNICAL,,,,
WOO_SKU_COMPONENT_LIST,sku_component[2],7345,7332,0504011|0730002|0619002-1,,0730002,1,EXACT,SKU Woo literal: 0504011|0730002|0619002-1,EXACT_SKU,730002,EXACT,PRIMARY_WOO,7345,7332,0504011|0730002|0619002-1,"Futón con dos capas de látex, 140x200x14,5 cm, Beige jaspeado",730002,YES,NO,NO,NO,1,COMPOSITION_EXACT_WOO,,"Evidence row; correlate by combination_sku, component_sku and quantity.",,EXACT,EXACT,COMPOSITION_EXACT_WOO,COMPOSITION_EXACT_WOO,UNCHANGED_EXACT_EVIDENCE,YES,NO,HIGH,Exact 001A.0 evidence retained; no fuzzy identity.,TECH-001,UNRESOLVED_EXACT_EVIDENCE_OUTSIDE_BUSINESS_SCOPE,NO_RELATED_COMBINATION,PENDING_TECHNICAL_EVIDENCE,NOT_SUBMITTED_TECHNICAL,,,,
WOO_SKU_COMPONENT_LIST,sku_component[2],7369,7332,0504011|1251006-1,,1251006-1,1,EXACT,SKU Woo literal: 0504011|1251006-1,NO_EXACT_WOO_SKU_FULL,,BLOCKED,PRIMARY_WOO,7369,7332,0504011|1251006-1,"futon-de-algodon-de-colores-de-dos-plazas-140x200x14-cm-violeta, Sin funda",,YES,NO,NO,NO,1,COMPONENT_SKU_NOT_FOUND,"{""quantity_status"":""EXACT"",""physical_match_method"":""MISSING_PHYSICAL_SKU"",""parent_match_method"":""""}","Evidence row; correlate by combination_sku, component_sku and quantity.",,BLOCKED,BLOCKED,COMPONENT_SKU_NOT_FOUND,SUFFIXED_ITEM_NOT_FOUND,EXACT_FULL_SKU_NO_SUFFIX_NORMALIZATION,YES,YES,LOW,Exact 001A.0 evidence retained; no fuzzy identity.,TECH-001,UNRESOLVED_EXACT_EVIDENCE_OUTSIDE_BUSINESS_SCOPE,YES_NONEXACT,PENDING_TECHNICAL_EVIDENCE,NOT_SUBMITTED_TECHNICAL,,SUFFIXED_ITEM_NOT_FOUND,INFORMATIONAL_ONLY_NEVER_MATCHED,No exact Woo node for full SKU 1251006-1; base candidate ignored.
WOO_SKU_COMPONENT_LIST,sku_component[2],7373,7332,0504011|1251006|0606002-1,,1251006,1,EXACT,SKU Woo literal: 0504011|1251006|0606002-1,EXACT_SKU,1251006,EXACT,PRIMARY_WOO,7373,7332,0504011|1251006|0606002-1,"futon-de-algodon-de-colores-de-dos-plazas-140x200x14-cm-violeta, Granate",1251006,YES,NO,NO,NO,1,COMPOSITION_EXACT_WOO,,"Evidence row; correlate by combination_sku, component_sku and quantity.",,EXACT,EXACT,COMPOSITION_EXACT_WOO,COMPOSITION_COMPONENT_ONLY,PHYSICAL_COMPONENT_WITHOUT_STANDALONE_WOO,YES,NO,HIGH,Exact 001A.0 evidence retained; no fuzzy identity.,TECH-001,UNRESOLVED_EXACT_EVIDENCE_OUTSIDE_BUSINESS_SCOPE,NO_RELATED_COMBINATION,PENDING_TECHNICAL_EVIDENCE,NOT_SUBMITTED_TECHNICAL,,,,
WOO_SKU_COMPONENT_LIST,sku_component[2],7375,7332,0504011|1251006|0607002-1,,1251006,1,EXACT,SKU Woo literal: 0504011|1251006|0607002-1,EXACT_SKU,1251006,EXACT,PRIMARY_WOO,7375,7332,0504011|1251006|0607002-1,"futon-de-algodon-de-colores-de-dos-plazas-140x200x14-cm-violeta, Rojo",1251006,YES,NO,NO,NO,1,COMPOSITION_EXACT_WOO,,"Evidence row; correlate by combination_sku, component_sku and quantity.",,EXACT,EXACT,COMPOSITION_EXACT_WOO,COMPOSITION_COMPONENT_ONLY,PHYSICAL_COMPONENT_WITHOUT_STANDALONE_WOO,YES,NO,HIGH,Exact 001A.0 evidence retained; no fuzzy identity.,TECH-001,UNRESOLVED_EXACT_EVIDENCE_OUTSIDE_BUSINESS_SCOPE,NO_RELATED_COMBINATION,PENDING_TECHNICAL_EVIDENCE,NOT_SUBMITTED_TECHNICAL,,,,
WOO_SKU_COMPONENT_LIST,sku_component[2],7372,7332,0504011|1251006|0608002-1,,1251006,1,EXACT,SKU Woo literal: 0504011|1251006|0608002-1,EXACT_SKU,1251006,EXACT,PRIMARY_WOO,7372,7332,0504011|1251006|0608002-1,"futon-de-algodon-de-colores-de-dos-plazas-140x200x14-cm-violeta, Crudo",1251006,YES,NO,NO,NO,1,COMPOSITION_EXACT_WOO,,"Evidence row; correlate by combination_sku, component_sku and quantity.",,EXACT,EXACT,COMPOSITION_EXACT_WOO,COMPOSITION_COMPONENT_ONLY,PHYSICAL_COMPONENT_WITHOUT_STANDALONE_WOO,YES,NO,HIGH,Exact 001A.0 evidence retained; no fuzzy identity.,TECH-001,UNRESOLVED_EXACT_EVIDENCE_OUTSIDE_BUSINESS_SCOPE,NO_RELATED_COMBINATION,PENDING_TECHNICAL_EVIDENCE,NOT_SUBMITTED_TECHNICAL,,,,
WOO_SKU_COMPONENT_LIST,sku_component[2],7371,7332,0504011|1251006|0609002-1,,1251006,1,EXACT,SKU Woo literal: 0504011|1251006|0609002-1,EXACT_SKU,1251006,EXACT,PRIMARY_WOO,7371,7332,0504011|1251006|0609002-1,"futon-de-algodon-de-colores-de-dos-plazas-140x200x14-cm-violeta, Azul",1251006,YES,NO,NO,NO,1,COMPOSITION_EXACT_WOO,,"Evidence row; correlate by combination_sku, component_sku and quantity.",,EXACT,EXACT,COMPOSITION_EXACT_WOO,COMPOSITION_COMPONENT_ONLY,PHYSICAL_COMPONENT_WITHOUT_STANDALONE_WOO,YES,NO,HIGH,Exact 001A.0 evidence retained; no fuzzy identity.,TECH-001,UNRESOLVED_EXACT_EVIDENCE_OUTSIDE_BUSINESS_SCOPE,NO_RELATED_COMBINATION,PENDING_TECHNICAL_EVIDENCE,NOT_SUBMITTED_TECHNICAL,,,,
WOO_SKU_COMPONENT_LIST,sku_component[2],7376,7332,0504011|1251006|0614002-1,,1251006,1,EXACT,SKU Woo literal: 0504011|1251006|0614002-1,EXACT_SKU,1251006,EXACT,PRIMARY_WOO,7376,7332,0504011|1251006|0614002-1,"futon-de-algodon-de-colores-de-dos-plazas-140x200x14-cm-violeta, Verde",1251006,YES,NO,NO,NO,1,COMPOSITION_EXACT_WOO,,"Evidence row; correlate by combination_sku, component_sku and quantity.",,EXACT,EXACT,COMPOSITION_EXACT_WOO,COMPOSITION_COMPONENT_ONLY,PHYSICAL_COMPONENT_WITHOUT_STANDALONE_WOO,YES,NO,HIGH,Exact 001A.0 evidence retained; no fuzzy identity.,TECH-001,UNRESOLVED_EXACT_EVIDENCE_OUTSIDE_BUSINESS_SCOPE,NO_RELATED_COMBINATION,PENDING_TECHNICAL_EVIDENCE,NOT_SUBMITTED_TECHNICAL,,,,
WOO_SKU_COMPONENT_LIST,sku_component[2],7370,7332,0504011|1251006|0615002-1,,1251006,1,EXACT,SKU Woo literal: 0504011|1251006|0615002-1,EXACT_SKU,1251006,EXACT,PRIMARY_WOO,7370,7332,0504011|1251006|0615002-1,"futon-de-algodon-de-colores-de-dos-plazas-140x200x14-cm-violeta, Amarillo",1251006,YES,NO,NO,NO,1,COMPOSITION_EXACT_WOO,,"Evidence row; correlate by combination_sku, component_sku and quantity.",,EXACT,EXACT,COMPOSITION_EXACT_WOO,COMPOSITION_COMPONENT_ONLY,PHYSICAL_COMPONENT_WITHOUT_STANDALONE_WOO,YES,NO,HIGH,Exact 001A.0 evidence retained; no fuzzy identity.,TECH-001,UNRESOLVED_EXACT_EVIDENCE_OUTSIDE_BUSINESS_SCOPE,NO_RELATED_COMBINATION,PENDING_TECHNICAL_EVIDENCE,NOT_SUBMITTED_TECHNICAL,,,,
WOO_SKU_COMPONENT_LIST,sku_component[2],7374,7332,0504011|1251006|0616002-1,,1251006,1,EXACT,SKU Woo literal: 0504011|1251006|0616002-1,EXACT_SKU,1251006,EXACT,PRIMARY_WOO,7374,7332,0504011|1251006|0616002-1,"futon-de-algodon-de-colores-de-dos-plazas-140x200x14-cm-violeta, Negro",1251006,YES,NO,NO,NO,1,COMPOSITION_EXACT_WOO,,"Evidence row; correlate by combination_sku, component_sku and quantity.",,EXACT,EXACT,COMPOSITION_EXACT_WOO,COMPOSITION_COMPONENT_ONLY,PHYSICAL_COMPONENT_WITHOUT_STANDALONE_WOO,YES,NO,HIGH,Exact 001A.0 evidence retained; no fuzzy identity.,TECH-001,UNRESOLVED_EXACT_EVIDENCE_OUTSIDE_BUSINESS_SCOPE,NO_RELATED_COMBINATION,PENDING_TECHNICAL_EVIDENCE,NOT_SUBMITTED_TECHNICAL,,,,
WOO_SKU_COMPONENT_LIST,sku_component[2],7385,7332,0504011|1252005-1,,1252005-1,1,EXACT,SKU Woo literal: 0504011|1252005-1,NO_EXACT_WOO_SKU_FULL,,BLOCKED,PRIMARY_WOO,7385,7332,0504011|1252005-1,"futon-de-algodon-de-colores-de-dos-plazas-140x200x14-cm-verde, Sin funda",,YES,NO,NO,NO,1,COMPONENT_SKU_NOT_FOUND,"{""quantity_status"":""EXACT"",""physical_match_method"":""MISSING_PHYSICAL_SKU"",""parent_match_method"":""""}","Evidence row; correlate by combination_sku, component_sku and quantity.",,BLOCKED,BLOCKED,COMPONENT_SKU_NOT_FOUND,SUFFIXED_ITEM_NOT_FOUND,EXACT_FULL_SKU_NO_SUFFIX_NORMALIZATION,YES,YES,LOW,Exact 001A.0 evidence retained; no fuzzy identity.,TECH-001,UNRESOLVED_EXACT_EVIDENCE_OUTSIDE_BUSINESS_SCOPE,YES_NONEXACT,PENDING_TECHNICAL_EVIDENCE,NOT_SUBMITTED_TECHNICAL,,SUFFIXED_ITEM_NOT_FOUND,INFORMATIONAL_ONLY_NEVER_MATCHED,No exact Woo node for full SKU 1252005-1; base candidate ignored.
WOO_SKU_COMPONENT_LIST,sku_component[2],7389,7332,0504011|1252005|0606002-1,,1252005,1,EXACT,SKU Woo literal: 0504011|1252005|0606002-1,EXACT_SKU,1252005,EXACT,PRIMARY_WOO,7389,7332,0504011|1252005|0606002-1,"futon-de-algodon-de-colores-de-dos-plazas-140x200x14-cm-verde, Granate",1252005,YES,NO,NO,NO,1,COMPOSITION_EXACT_WOO,,"Evidence row; correlate by combination_sku, component_sku and quantity.",,EXACT,EXACT,COMPOSITION_EXACT_WOO,COMPOSITION_COMPONENT_ONLY,PHYSICAL_COMPONENT_WITHOUT_STANDALONE_WOO,YES,NO,HIGH,Exact 001A.0 evidence retained; no fuzzy identity.,TECH-001,UNRESOLVED_EXACT_EVIDENCE_OUTSIDE_BUSINESS_SCOPE,NO_RELATED_COMBINATION,PENDING_TECHNICAL_EVIDENCE,NOT_SUBMITTED_TECHNICAL,,,,
WOO_SKU_COMPONENT_LIST,sku_component[2],7391,7332,0504011|1252005|0607002-1,,1252005,1,EXACT,SKU Woo literal: 0504011|1252005|0607002-1,EXACT_SKU,1252005,EXACT,PRIMARY_WOO,7391,7332,0504011|1252005|0607002-1,"futon-de-algodon-de-colores-de-dos-plazas-140x200x14-cm-verde, Rojo",1252005,YES,NO,NO,NO,1,COMPOSITION_EXACT_WOO,,"Evidence row; correlate by combination_sku, component_sku and quantity.",,EXACT,EXACT,COMPOSITION_EXACT_WOO,COMPOSITION_COMPONENT_ONLY,PHYSICAL_COMPONENT_WITHOUT_STANDALONE_WOO,YES,NO,HIGH,Exact 001A.0 evidence retained; no fuzzy identity.,TECH-001,UNRESOLVED_EXACT_EVIDENCE_OUTSIDE_BUSINESS_SCOPE,NO_RELATED_COMBINATION,PENDING_TECHNICAL_EVIDENCE,NOT_SUBMITTED_TECHNICAL,,,,
WOO_SKU_COMPONENT_LIST,sku_component[2],7388,7332,0504011|1252005|0608002-1,,1252005,1,EXACT,SKU Woo literal: 0504011|1252005|0608002-1,EXACT_SKU,1252005,EXACT,PRIMARY_WOO,7388,7332,0504011|1252005|0608002-1,"futon-de-algodon-de-colores-de-dos-plazas-140x200x14-cm-verde, Crudo",1252005,YES,NO,NO,NO,1,COMPOSITION_EXACT_WOO,,"Evidence row; correlate by combination_sku, component_sku and quantity.",,EXACT,EXACT,COMPOSITION_EXACT_WOO,COMPOSITION_COMPONENT_ONLY,PHYSICAL_COMPONENT_WITHOUT_STANDALONE_WOO,YES,NO,HIGH,Exact 001A.0 evidence retained; no fuzzy identity.,TECH-001,UNRESOLVED_EXACT_EVIDENCE_OUTSIDE_BUSINESS_SCOPE,NO_RELATED_COMBINATION,PENDING_TECHNICAL_EVIDENCE,NOT_SUBMITTED_TECHNICAL,,,,
WOO_SKU_COMPONENT_LIST,sku_component[2],7387,7332,0504011|1252005|0609002-1,,1252005,1,EXACT,SKU Woo literal: 0504011|1252005|0609002-1,EXACT_SKU,1252005,EXACT,PRIMARY_WOO,7387,7332,0504011|1252005|0609002-1,"futon-de-algodon-de-colores-de-dos-plazas-140x200x14-cm-verde, Azul",1252005,YES,NO,NO,NO,1,COMPOSITION_EXACT_WOO,,"Evidence row; correlate by combination_sku, component_sku and quantity.",,EXACT,EXACT,COMPOSITION_EXACT_WOO,COMPOSITION_COMPONENT_ONLY,PHYSICAL_COMPONENT_WITHOUT_STANDALONE_WOO,YES,NO,HIGH,Exact 001A.0 evidence retained; no fuzzy identity.,TECH-001,UNRESOLVED_EXACT_EVIDENCE_OUTSIDE_BUSINESS_SCOPE,NO_RELATED_COMBINATION,PENDING_TECHNICAL_EVIDENCE,NOT_SUBMITTED_TECHNICAL,,,,
WOO_SKU_COMPONENT_LIST,sku_component[2],7392,7332,0504011|1252005|0614002-1,,1252005,1,EXACT,SKU Woo literal: 0504011|1252005|0614002-1,EXACT_SKU,1252005,EXACT,PRIMARY_WOO,7392,7332,0504011|1252005|0614002-1,"futon-de-algodon-de-colores-de-dos-plazas-140x200x14-cm-verde, Verde",1252005,YES,NO,NO,NO,1,COMPOSITION_EXACT_WOO,,"Evidence row; correlate by combination_sku, component_sku and quantity.",,EXACT,EXACT,COMPOSITION_EXACT_WOO,COMPOSITION_COMPONENT_ONLY,PHYSICAL_COMPONENT_WITHOUT_STANDALONE_WOO,YES,NO,HIGH,Exact 001A.0 evidence retained; no fuzzy identity.,TECH-001,UNRESOLVED_EXACT_EVIDENCE_OUTSIDE_BUSINESS_SCOPE,NO_RELATED_COMBINATION,PENDING_TECHNICAL_EVIDENCE,NOT_SUBMITTED_TECHNICAL,,,,
WOO_SKU_COMPONENT_LIST,sku_component[2],7386,7332,0504011|1252005|0615002-1,,1252005,1,EXACT,SKU Woo literal: 0504011|1252005|0615002-1,EXACT_SKU,1252005,EXACT,PRIMARY_WOO,7386,7332,0504011|1252005|0615002-1,"futon-de-algodon-de-colores-de-dos-plazas-140x200x14-cm-verde, Amarillo",1252005,YES,NO,NO,NO,1,COMPOSITION_EXACT_WOO,,"Evidence row; correlate by combination_sku, component_sku and quantity.",,EXACT,EXACT,COMPOSITION_EXACT_WOO,COMPOSITION_COMPONENT_ONLY,PHYSICAL_COMPONENT_WITHOUT_STANDALONE_WOO,YES,NO,HIGH,Exact 001A.0 evidence retained; no fuzzy identity.,TECH-001,UNRESOLVED_EXACT_EVIDENCE_OUTSIDE_BUSINESS_SCOPE,NO_RELATED_COMBINATION,PENDING_TECHNICAL_EVIDENCE,NOT_SUBMITTED_TECHNICAL,,,,
WOO_SKU_COMPONENT_LIST,sku_component[2],7390,7332,0504011|1252005|0616002-1,,1252005,1,EXACT,SKU Woo literal: 0504011|1252005|0616002-1,EXACT_SKU,1252005,EXACT,PRIMARY_WOO,7390,7332,0504011|1252005|0616002-1,"futon-de-algodon-de-colores-de-dos-plazas-140x200x14-cm-verde, Negro",1252005,YES,NO,NO,NO,1,COMPOSITION_EXACT_WOO,,"Evidence row; correlate by combination_sku, component_sku and quantity.",,EXACT,EXACT,COMPOSITION_EXACT_WOO,COMPOSITION_COMPONENT_ONLY,PHYSICAL_COMPONENT_WITHOUT_STANDALONE_WOO,YES,NO,HIGH,Exact 001A.0 evidence retained; no fuzzy identity.,TECH-001,UNRESOLVED_EXACT_EVIDENCE_OUTSIDE_BUSINESS_SCOPE,NO_RELATED_COMBINATION,PENDING_TECHNICAL_EVIDENCE,NOT_SUBMITTED_TECHNICAL,,,,
WOO_SKU_COMPONENT_LIST,sku_component[2],7361,7332,0504011|1253003-1,,1253003-1,1,EXACT,SKU Woo literal: 0504011|1253003-1,NO_EXACT_WOO_SKU_FULL,,BLOCKED,PRIMARY_WOO,7361,7332,0504011|1253003-1,"Futón de algodón de colores de dos plazas, 140x200x14,5 cm, Gris oscuro, Sin funda",,YES,NO,NO,NO,1,COMPONENT_SKU_NOT_FOUND,"{""quantity_status"":""EXACT"",""physical_match_method"":""MISSING_PHYSICAL_SKU"",""parent_match_method"":""""}","Evidence row; correlate by combination_sku, component_sku and quantity.",,BLOCKED,BLOCKED,COMPONENT_SKU_NOT_FOUND,SUFFIXED_ITEM_NOT_FOUND,EXACT_FULL_SKU_NO_SUFFIX_NORMALIZATION,YES,YES,LOW,Exact 001A.0 evidence retained; no fuzzy identity.,TECH-001,UNRESOLVED_EXACT_EVIDENCE_OUTSIDE_BUSINESS_SCOPE,YES_NONEXACT,PENDING_TECHNICAL_EVIDENCE,NOT_SUBMITTED_TECHNICAL,,SUFFIXED_ITEM_NOT_FOUND,INFORMATIONAL_ONLY_NEVER_MATCHED,No exact Woo node for full SKU 1253003-1; base candidate ignored.
WOO_SKU_COMPONENT_LIST,sku_component[2],7365,7332,0504011|1253003|0606002-1,,1253003,1,EXACT,SKU Woo literal: 0504011|1253003|0606002-1,EXACT_SKU,1253003,EXACT,PRIMARY_WOO,7365,7332,0504011|1253003|0606002-1,"Futón de algodón de colores de dos plazas, 140x200x14,5 cm, Gris oscuro, Granate",1253003,YES,NO,NO,NO,1,COMPOSITION_EXACT_WOO,,"Evidence row; correlate by combination_sku, component_sku and quantity.",,EXACT,EXACT,COMPOSITION_EXACT_WOO,COMPOSITION_EXACT_WOO,UNCHANGED_EXACT_EVIDENCE,YES,NO,HIGH,Exact 001A.0 evidence retained; no fuzzy identity.,TECH-001,UNRESOLVED_EXACT_EVIDENCE_OUTSIDE_BUSINESS_SCOPE,NO_RELATED_COMBINATION,PENDING_TECHNICAL_EVIDENCE,NOT_SUBMITTED_TECHNICAL,,,,
WOO_SKU_COMPONENT_LIST,sku_component[2],7367,7332,0504011|1253003|0607002-1,,1253003,1,EXACT,SKU Woo literal: 0504011|1253003|0607002-1,EXACT_SKU,1253003,EXACT,PRIMARY_WOO,7367,7332,0504011|1253003|0607002-1,"Futón de algodón de colores de dos plazas, 140x200x14,5 cm, Gris oscuro, Rojo",1253003,YES,NO,NO,NO,1,COMPOSITION_EXACT_WOO,,"Evidence row; correlate by combination_sku, component_sku and quantity.",,EXACT,EXACT,COMPOSITION_EXACT_WOO,COMPOSITION_EXACT_WOO,UNCHANGED_EXACT_EVIDENCE,YES,NO,HIGH,Exact 001A.0 evidence retained; no fuzzy identity.,TECH-001,UNRESOLVED_EXACT_EVIDENCE_OUTSIDE_BUSINESS_SCOPE,NO_RELATED_COMBINATION,PENDING_TECHNICAL_EVIDENCE,NOT_SUBMITTED_TECHNICAL,,,,
WOO_SKU_COMPONENT_LIST,sku_component[2],7364,7332,0504011|1253003|0608002-1,,1253003,1,EXACT,SKU Woo literal: 0504011|1253003|0608002-1,EXACT_SKU,1253003,EXACT,PRIMARY_WOO,7364,7332,0504011|1253003|0608002-1,"Futón de algodón de colores de dos plazas, 140x200x14,5 cm, Gris oscuro, Crudo",1253003,YES,NO,NO,NO,1,COMPOSITION_EXACT_WOO,,"Evidence row; correlate by combination_sku, component_sku and quantity.",,EXACT,EXACT,COMPOSITION_EXACT_WOO,COMPOSITION_EXACT_WOO,UNCHANGED_EXACT_EVIDENCE,YES,NO,HIGH,Exact 001A.0 evidence retained; no fuzzy identity.,TECH-001,UNRESOLVED_EXACT_EVIDENCE_OUTSIDE_BUSINESS_SCOPE,NO_RELATED_COMBINATION,PENDING_TECHNICAL_EVIDENCE,NOT_SUBMITTED_TECHNICAL,,,,
WOO_SKU_COMPONENT_LIST,sku_component[2],7363,7332,0504011|1253003|0609002-1,,1253003,1,EXACT,SKU Woo literal: 0504011|1253003|0609002-1,EXACT_SKU,1253003,EXACT,PRIMARY_WOO,7363,7332,0504011|1253003|0609002-1,"Futón de algodón de colores de dos plazas, 140x200x14,5 cm, Gris oscuro, Azul",1253003,YES,NO,NO,NO,1,COMPOSITION_EXACT_WOO,,"Evidence row; correlate by combination_sku, component_sku and quantity.",,EXACT,EXACT,COMPOSITION_EXACT_WOO,COMPOSITION_EXACT_WOO,UNCHANGED_EXACT_EVIDENCE,YES,NO,HIGH,Exact 001A.0 evidence retained; no fuzzy identity.,TECH-001,UNRESOLVED_EXACT_EVIDENCE_OUTSIDE_BUSINESS_SCOPE,NO_RELATED_COMBINATION,PENDING_TECHNICAL_EVIDENCE,NOT_SUBMITTED_TECHNICAL,,,,
WOO_SKU_COMPONENT_LIST,sku_component[2],7368,7332,0504011|1253003|0614002-1,,1253003,1,EXACT,SKU Woo literal: 0504011|1253003|0614002-1,EXACT_SKU,1253003,EXACT,PRIMARY_WOO,7368,7332,0504011|1253003|0614002-1,"Futón de algodón de colores de dos plazas, 140x200x14,5 cm, Gris oscuro, Verde",1253003,YES,NO,NO,NO,1,COMPOSITION_EXACT_WOO,,"Evidence row; correlate by combination_sku, component_sku and quantity.",,EXACT,EXACT,COMPOSITION_EXACT_WOO,COMPOSITION_EXACT_WOO,UNCHANGED_EXACT_EVIDENCE,YES,NO,HIGH,Exact 001A.0 evidence retained; no fuzzy identity.,TECH-001,UNRESOLVED_EXACT_EVIDENCE_OUTSIDE_BUSINESS_SCOPE,NO_RELATED_COMBINATION,PENDING_TECHNICAL_EVIDENCE,NOT_SUBMITTED_TECHNICAL,,,,
WOO_SKU_COMPONENT_LIST,sku_component[2],7362,7332,0504011|1253003|0615002-1,,1253003,1,EXACT,SKU Woo literal: 0504011|1253003|0615002-1,EXACT_SKU,1253003,EXACT,PRIMARY_WOO,7362,7332,0504011|1253003|0615002-1,"Futón de algodón de colores de dos plazas, 140x200x14,5 cm, Gris oscuro, Amarillo",1253003,YES,NO,NO,NO,1,COMPOSITION_EXACT_WOO,,"Evidence row; correlate by combination_sku, component_sku and quantity.",,EXACT,EXACT,COMPOSITION_EXACT_WOO,COMPOSITION_EXACT_WOO,UNCHANGED_EXACT_EVIDENCE,YES,NO,HIGH,Exact 001A.0 evidence retained; no fuzzy identity.,TECH-001,UNRESOLVED_EXACT_EVIDENCE_OUTSIDE_BUSINESS_SCOPE,NO_RELATED_COMBINATION,PENDING_TECHNICAL_EVIDENCE,NOT_SUBMITTED_TECHNICAL,,,,
WOO_SKU_COMPONENT_LIST,sku_component[2],7366,7332,0504011|1253003|0616002-1,,1253003,1,EXACT,SKU Woo literal: 0504011|1253003|0616002-1,EXACT_SKU,1253003,EXACT,PRIMARY_WOO,7366,7332,0504011|1253003|0616002-1,"Futón de algodón de colores de dos plazas, 140x200x14,5 cm, Gris oscuro, Negro",1253003,YES,NO,NO,NO,1,COMPOSITION_EXACT_WOO,,"Evidence row; correlate by combination_sku, component_sku and quantity.",,EXACT,EXACT,COMPOSITION_EXACT_WOO,COMPOSITION_EXACT_WOO,UNCHANGED_EXACT_EVIDENCE,YES,NO,HIGH,Exact 001A.0 evidence retained; no fuzzy identity.,TECH-001,UNRESOLVED_EXACT_EVIDENCE_OUTSIDE_BUSINESS_SCOPE,NO_RELATED_COMBINATION,PENDING_TECHNICAL_EVIDENCE,NOT_SUBMITTED_TECHNICAL,,,,
WOO_SKU_COMPONENT_LIST,sku_component[2],7377,7332,0504011|1254005-1,,1254005-1,1,EXACT,SKU Woo literal: 0504011|1254005-1,NO_EXACT_WOO_SKU_FULL,,BLOCKED,PRIMARY_WOO,7377,7332,0504011|1254005-1,"Futón de algodón de colores de dos plazas, 140x200x14,5 cm, Rojo, Sin funda",,YES,NO,NO,NO,1,COMPONENT_SKU_NOT_FOUND,"{""quantity_status"":""EXACT"",""physical_match_method"":""MISSING_PHYSICAL_SKU"",""parent_match_method"":""""}","Evidence row; correlate by combination_sku, component_sku and quantity.",,BLOCKED,BLOCKED,COMPONENT_SKU_NOT_FOUND,SUFFIXED_ITEM_NOT_FOUND,EXACT_FULL_SKU_NO_SUFFIX_NORMALIZATION,YES,YES,LOW,Exact 001A.0 evidence retained; no fuzzy identity.,TECH-001,UNRESOLVED_EXACT_EVIDENCE_OUTSIDE_BUSINESS_SCOPE,YES_NONEXACT,PENDING_TECHNICAL_EVIDENCE,NOT_SUBMITTED_TECHNICAL,,SUFFIXED_ITEM_NOT_FOUND,INFORMATIONAL_ONLY_NEVER_MATCHED,No exact Woo node for full SKU 1254005-1; base candidate ignored.
WOO_SKU_COMPONENT_LIST,sku_component[2],7381,7332,0504011|1254005|0606002-1,,1254005,1,EXACT,SKU Woo literal: 0504011|1254005|0606002-1,EXACT_SKU,1254005,EXACT,PRIMARY_WOO,7381,7332,0504011|1254005|0606002-1,"Futón de algodón de colores de dos plazas, 140x200x14,5 cm, Rojo, Granate",1254005,YES,NO,NO,NO,1,COMPOSITION_EXACT_WOO,,"Evidence row; correlate by combination_sku, component_sku and quantity.",,EXACT,EXACT,COMPOSITION_EXACT_WOO,COMPOSITION_EXACT_WOO,UNCHANGED_EXACT_EVIDENCE,YES,NO,HIGH,Exact 001A.0 evidence retained; no fuzzy identity.,TECH-001,UNRESOLVED_EXACT_EVIDENCE_OUTSIDE_BUSINESS_SCOPE,NO_RELATED_COMBINATION,PENDING_TECHNICAL_EVIDENCE,NOT_SUBMITTED_TECHNICAL,,,,
WOO_SKU_COMPONENT_LIST,sku_component[2],7383,7332,0504011|1254005|0607002-1,,1254005,1,EXACT,SKU Woo literal: 0504011|1254005|0607002-1,EXACT_SKU,1254005,EXACT,PRIMARY_WOO,7383,7332,0504011|1254005|0607002-1,"Futón de algodón de colores de dos plazas, 140x200x14,5 cm, Rojo, Rojo",1254005,YES,NO,NO,NO,1,COMPOSITION_EXACT_WOO,,"Evidence row; correlate by combination_sku, component_sku and quantity.",,EXACT,EXACT,COMPOSITION_EXACT_WOO,COMPOSITION_EXACT_WOO,UNCHANGED_EXACT_EVIDENCE,YES,NO,HIGH,Exact 001A.0 evidence retained; no fuzzy identity.,TECH-001,UNRESOLVED_EXACT_EVIDENCE_OUTSIDE_BUSINESS_SCOPE,NO_RELATED_COMBINATION,PENDING_TECHNICAL_EVIDENCE,NOT_SUBMITTED_TECHNICAL,,,,
WOO_SKU_COMPONENT_LIST,sku_component[2],7380,7332,0504011|1254005|0608002-1,,1254005,1,EXACT,SKU Woo literal: 0504011|1254005|0608002-1,EXACT_SKU,1254005,EXACT,PRIMARY_WOO,7380,7332,0504011|1254005|0608002-1,"Futón de algodón de colores de dos plazas, 140x200x14,5 cm, Rojo, Crudo",1254005,YES,NO,NO,NO,1,COMPOSITION_EXACT_WOO,,"Evidence row; correlate by combination_sku, component_sku and quantity.",,EXACT,EXACT,COMPOSITION_EXACT_WOO,COMPOSITION_EXACT_WOO,UNCHANGED_EXACT_EVIDENCE,YES,NO,HIGH,Exact 001A.0 evidence retained; no fuzzy identity.,TECH-001,UNRESOLVED_EXACT_EVIDENCE_OUTSIDE_BUSINESS_SCOPE,NO_RELATED_COMBINATION,PENDING_TECHNICAL_EVIDENCE,NOT_SUBMITTED_TECHNICAL,,,,
WOO_SKU_COMPONENT_LIST,sku_component[2],7379,7332,0504011|1254005|0609002-1,,1254005,1,EXACT,SKU Woo literal: 0504011|1254005|0609002-1,EXACT_SKU,1254005,EXACT,PRIMARY_WOO,7379,7332,0504011|1254005|0609002-1,"Futón de algodón de colores de dos plazas, 140x200x14,5 cm, Rojo, Azul",1254005,YES,NO,NO,NO,1,COMPOSITION_EXACT_WOO,,"Evidence row; correlate by combination_sku, component_sku and quantity.",,EXACT,EXACT,COMPOSITION_EXACT_WOO,COMPOSITION_EXACT_WOO,UNCHANGED_EXACT_EVIDENCE,YES,NO,HIGH,Exact 001A.0 evidence retained; no fuzzy identity.,TECH-001,UNRESOLVED_EXACT_EVIDENCE_OUTSIDE_BUSINESS_SCOPE,NO_RELATED_COMBINATION,PENDING_TECHNICAL_EVIDENCE,NOT_SUBMITTED_TECHNICAL,,,,
WOO_SKU_COMPONENT_LIST,sku_component[2],7384,7332,0504011|1254005|0614002-1,,1254005,1,EXACT,SKU Woo literal: 0504011|1254005|0614002-1,EXACT_SKU,1254005,EXACT,PRIMARY_WOO,7384,7332,0504011|1254005|0614002-1,"Futón de algodón de colores de dos plazas, 140x200x14,5 cm, Rojo, Verde",1254005,YES,NO,NO,NO,1,COMPOSITION_EXACT_WOO,,"Evidence row; correlate by combination_sku, component_sku and quantity.",,EXACT,EXACT,COMPOSITION_EXACT_WOO,COMPOSITION_EXACT_WOO,UNCHANGED_EXACT_EVIDENCE,YES,NO,HIGH,Exact 001A.0 evidence retained; no fuzzy identity.,TECH-001,UNRESOLVED_EXACT_EVIDENCE_OUTSIDE_BUSINESS_SCOPE,NO_RELATED_COMBINATION,PENDING_TECHNICAL_EVIDENCE,NOT_SUBMITTED_TECHNICAL,,,,
WOO_SKU_COMPONENT_LIST,sku_component[2],7378,7332,0504011|1254005|0615002-1,,1254005,1,EXACT,SKU Woo literal: 0504011|1254005|0615002-1,EXACT_SKU,1254005,EXACT,PRIMARY_WOO,7378,7332,0504011|1254005|0615002-1,"Futón de algodón de colores de dos plazas, 140x200x14,5 cm, Rojo, Amarillo",1254005,YES,NO,NO,NO,1,COMPOSITION_EXACT_WOO,,"Evidence row; correlate by combination_sku, component_sku and quantity.",,EXACT,EXACT,COMPOSITION_EXACT_WOO,COMPOSITION_EXACT_WOO,UNCHANGED_EXACT_EVIDENCE,YES,NO,HIGH,Exact 001A.0 evidence retained; no fuzzy identity.,TECH-001,UNRESOLVED_EXACT_EVIDENCE_OUTSIDE_BUSINESS_SCOPE,NO_RELATED_COMBINATION,PENDING_TECHNICAL_EVIDENCE,NOT_SUBMITTED_TECHNICAL,,,,
WOO_SKU_COMPONENT_LIST,sku_component[2],7382,7332,0504011|1254005|0616002-1,,1254005,1,EXACT,SKU Woo literal: 0504011|1254005|0616002-1,EXACT_SKU,1254005,EXACT,PRIMARY_WOO,7382,7332,0504011|1254005|0616002-1,"Futón de algodón de colores de dos plazas, 140x200x14,5 cm, Rojo, Negro",1254005,YES,NO,NO,NO,1,COMPOSITION_EXACT_WOO,,"Evidence row; correlate by combination_sku, component_sku and quantity.",,EXACT,EXACT,COMPOSITION_EXACT_WOO,COMPOSITION_EXACT_WOO,UNCHANGED_EXACT_EVIDENCE,YES,NO,HIGH,Exact 001A.0 evidence retained; no fuzzy identity.,TECH-001,UNRESOLVED_EXACT_EVIDENCE_OUTSIDE_BUSINESS_SCOPE,NO_RELATED_COMBINATION,PENDING_TECHNICAL_EVIDENCE,NOT_SUBMITTED_TECHNICAL,,,,
WOO_SKU_COMPONENT_LIST,sku_component[2],9455,3647,0504012|0724003|01619002,,0724003,1,EXACT,SKU Woo literal: 0504012|0724003|01619002,EXACT_SKU,724003,EXACT,PRIMARY_WOO,9455,3647,0504012|0724003|01619002,"Futón de algodón, 140x200x14,5 cm, Beige jaspeado",724003,YES,NO,NO,NO,1,COMPOSITION_EXACT_WOO,,"Evidence row; correlate by combination_sku, component_sku and quantity.",,EXACT,EXACT,COMPOSITION_EXACT_WOO,COMPOSITION_EXACT_WOO,UNCHANGED_EXACT_EVIDENCE,YES,NO,HIGH,Exact 001A.0 evidence retained; no fuzzy identity.,UD-002,PENDING_BUSINESS_REVIEW_MALFORMED_SKU,NO_RELATED_COMBINATION,PENDING_BUSINESS_REVIEW,PENDING,,,,
WOO_SKU_COMPONENT_LIST,sku_component[2],11478,11468,0727007A|0607007A,11638,0607007A,1,EXACT,SKU Woo literal: 0727007A|0607007A,EXACT_WOO_SKU_FULL,,BLOCKED,PRIMARY_WOO,11478,11468,0727007A|0607007A,"13 cm, 4 cm, 80x200x13 cm, Crudo",,YES,NO,NO,NO,1,COMPONENT_SKU_NOT_FOUND,"{""quantity_status"":""EXACT"",""physical_match_method"":""MISSING_PHYSICAL_SKU"",""parent_match_method"":""""}","Evidence row; correlate by combination_sku, component_sku and quantity.",,BLOCKED,EXACT,COMPONENT_SKU_NOT_FOUND,COMPOSITION_EXACT_WOO_FULL_SKU,EXACT_FULL_SKU_NO_SUFFIX_NORMALIZATION,YES,NO,HIGH,003B.3 alias 0607007A -> item_id 607007,TECH-001,UNRESOLVED_EXACT_EVIDENCE_OUTSIDE_BUSINESS_SCOPE,NO_RELATED_COMBINATION,PENDING_TECHNICAL_EVIDENCE,NOT_SUBMITTED_TECHNICAL,woo:11638,SUFFIXED_ITEM_EXACT_WOO,INFORMATIONAL_ONLY_NEVER_MATCHED,Exact full SKU 0607007A -> Woo 11638; no suffix stripping.
WOO_SKU_COMPONENT_LIST,sku_component[2],11658,11657,1244001A|0607007A,11638,0607007A,1,EXACT,SKU Woo literal: 1244001A|0607007A,EXACT_WOO_SKU_FULL,,BLOCKED,PRIMARY_WOO,11658,11657,1244001A|0607007A,Negro,,YES,NO,NO,NO,1,COMPONENT_SKU_NOT_FOUND,"{""quantity_status"":""EXACT"",""physical_match_method"":""MISSING_PHYSICAL_SKU"",""parent_match_method"":""""}","Evidence row; correlate by combination_sku, component_sku and quantity.",,BLOCKED,EXACT,COMPONENT_SKU_NOT_FOUND,COMPOSITION_EXACT_WOO_FULL_SKU,EXACT_FULL_SKU_NO_SUFFIX_NORMALIZATION,YES,NO,HIGH,003B.3 alias 0607007A -> item_id 607007,TECH-001,UNRESOLVED_EXACT_EVIDENCE_OUTSIDE_BUSINESS_SCOPE,NO_RELATED_COMBINATION,PENDING_TECHNICAL_EVIDENCE,NOT_SUBMITTED_TECHNICAL,woo:11638,SUFFIXED_ITEM_EXACT_WOO,INFORMATIONAL_ONLY_NEVER_MATCHED,Exact full SKU 0607007A -> Woo 11638; no suffix stripping.
WOO_SKU_COMPONENT_LIST,sku_component[2],11656,11655,1245001A|0609007B,10035,0609007B,1,EXACT,SKU Woo literal: 1245001A|0609007B,EXACT_WOO_SKU_FULL,,BLOCKED,PRIMARY_WOO,11656,11655,1245001A|0609007B,Rojo,,YES,NO,NO,NO,1,COMPONENT_SKU_NOT_FOUND,"{""quantity_status"":""EXACT"",""physical_match_method"":""MISSING_PHYSICAL_SKU"",""parent_match_method"":""""}","Evidence row; correlate by combination_sku, component_sku and quantity.",,BLOCKED,EXACT,COMPONENT_SKU_NOT_FOUND,COMPOSITION_EXACT_WOO_FULL_SKU,EXACT_FULL_SKU_NO_SUFFIX_NORMALIZATION,YES,NO,HIGH,Exact 001A.0 evidence retained; no fuzzy identity.,TECH-001,UNRESOLVED_EXACT_EVIDENCE_OUTSIDE_BUSINESS_SCOPE,NO_RELATED_COMBINATION,PENDING_TECHNICAL_EVIDENCE,NOT_SUBMITTED_TECHNICAL,woo:10035,SUFFIXED_ITEM_EXACT_WOO,INFORMATIONAL_ONLY_NEVER_MATCHED,Exact full SKU 0609007B -> Woo 10035; no suffix stripping.
WOO_SKU_COMPONENT_LIST,sku_component[3],11726,11716,0201001|0201001|1244001|1245001-1,,1245001-1,1,EXACT,SKU Woo literal: 0201001|0201001|1244001|1245001-1,NO_EXACT_WOO_SKU_FULL,,BLOCKED,PRIMARY_WOO,11726,11716,0201001|0201001|1244001|1245001-1,"Negro, Rojo, Sin funda, Sin funda",,YES,NO,NO,NO,1,COMPONENT_SKU_NOT_FOUND,"{""quantity_status"":""EXACT"",""physical_match_method"":""MISSING_PHYSICAL_SKU"",""parent_match_method"":""""}","Evidence row; correlate by combination_sku, component_sku and quantity.",,BLOCKED,BLOCKED,COMPONENT_SKU_NOT_FOUND,SUFFIXED_ITEM_NOT_FOUND,EXACT_FULL_SKU_NO_SUFFIX_NORMALIZATION,YES,YES,LOW,Exact 001A.0 evidence retained; no fuzzy identity.,TECH-001,UNRESOLVED_EXACT_EVIDENCE_OUTSIDE_BUSINESS_SCOPE,YES_NONEXACT,PENDING_TECHNICAL_EVIDENCE,NOT_SUBMITTED_TECHNICAL,,SUFFIXED_ITEM_NOT_FOUND,INFORMATIONAL_ONLY_NEVER_MATCHED,No exact Woo node for full SKU 1245001-1; base candidate ignored.
WOO_SKU_COMPONENT_LIST,sku_component[3],11723,11716,0201001|0201001|1244001|1249001-1,,1249001-1,1,EXACT,SKU Woo literal: 0201001|0201001|1244001|1249001-1,NO_EXACT_WOO_SKU_FULL,,BLOCKED,PRIMARY_WOO,11723,11716,0201001|0201001|1244001|1249001-1,"Negro, Crudo, Sin funda, Sin funda",,YES,NO,NO,NO,1,COMPONENT_SKU_NOT_FOUND,"{""quantity_status"":""EXACT"",""physical_match_method"":""MISSING_PHYSICAL_SKU"",""parent_match_method"":""""}","Evidence row; correlate by combination_sku, component_sku and quantity.",,BLOCKED,BLOCKED,COMPONENT_SKU_NOT_FOUND,SUFFIXED_ITEM_NOT_FOUND,EXACT_FULL_SKU_NO_SUFFIX_NORMALIZATION,YES,YES,LOW,Exact 001A.0 evidence retained; no fuzzy identity.,TECH-001,UNRESOLVED_EXACT_EVIDENCE_OUTSIDE_BUSINESS_SCOPE,YES_NONEXACT,PENDING_TECHNICAL_EVIDENCE,NOT_SUBMITTED_TECHNICAL,,SUFFIXED_ITEM_NOT_FOUND,INFORMATIONAL_ONLY_NEVER_MATCHED,No exact Woo node for full SKU 1249001-1; base candidate ignored.
WOO_SKU_COMPONENT_LIST,sku_component[3],11731,11716,0201001|0201001|1245001|1244001-1,,1244001-1,1,EXACT,SKU Woo literal: 0201001|0201001|1245001|1244001-1,NO_EXACT_WOO_SKU_FULL,,BLOCKED,PRIMARY_WOO,11731,11716,0201001|0201001|1245001|1244001-1,"Rojo, Negro, Sin funda, Sin funda",,YES,NO,NO,NO,1,COMPONENT_SKU_NOT_FOUND,"{""quantity_status"":""EXACT"",""physical_match_method"":""MISSING_PHYSICAL_SKU"",""parent_match_method"":""""}","Evidence row; correlate by combination_sku, component_sku and quantity.",,BLOCKED,BLOCKED,COMPONENT_SKU_NOT_FOUND,SUFFIXED_ITEM_NOT_FOUND,EXACT_FULL_SKU_NO_SUFFIX_NORMALIZATION,YES,YES,LOW,Exact 001A.0 evidence retained; no fuzzy identity.,TECH-001,UNRESOLVED_EXACT_EVIDENCE_OUTSIDE_BUSINESS_SCOPE,YES_NONEXACT,PENDING_TECHNICAL_EVIDENCE,NOT_SUBMITTED_TECHNICAL,,SUFFIXED_ITEM_NOT_FOUND,INFORMATIONAL_ONLY_NEVER_MATCHED,No exact Woo node for full SKU 1244001-1; base candidate ignored.
WOO_SKU_COMPONENT_LIST,sku_component[3],11718,11716,0201001|0201001|1245001|1245001-1,,1245001-1,1,EXACT,SKU Woo literal: 0201001|0201001|1245001|1245001-1,NO_EXACT_WOO_SKU_FULL,,BLOCKED,PRIMARY_WOO,11718,11716,0201001|0201001|1245001|1245001-1,"Rojo, Rojo, Sin funda, Sin funda",,YES,NO,NO,NO,1,COMPONENT_SKU_NOT_FOUND,"{""quantity_status"":""EXACT"",""physical_match_method"":""MISSING_PHYSICAL_SKU"",""parent_match_method"":""""}","Evidence row; correlate by combination_sku, component_sku and quantity.",,BLOCKED,BLOCKED,COMPONENT_SKU_NOT_FOUND,SUFFIXED_ITEM_NOT_FOUND,EXACT_FULL_SKU_NO_SUFFIX_NORMALIZATION,YES,YES,LOW,Exact 001A.0 evidence retained; no fuzzy identity.,TECH-001,UNRESOLVED_EXACT_EVIDENCE_OUTSIDE_BUSINESS_SCOPE,YES_NONEXACT,PENDING_TECHNICAL_EVIDENCE,NOT_SUBMITTED_TECHNICAL,,SUFFIXED_ITEM_NOT_FOUND,INFORMATIONAL_ONLY_NEVER_MATCHED,No exact Woo node for full SKU 1245001-1; base candidate ignored.
WOO_SKU_COMPONENT_LIST,sku_component[3],11729,11716,0201001|0201001|1245001|1249001-1,,1249001-1,1,EXACT,SKU Woo literal: 0201001|0201001|1245001|1249001-1,NO_EXACT_WOO_SKU_FULL,,BLOCKED,PRIMARY_WOO,11729,11716,0201001|0201001|1245001|1249001-1,"Rojo, Crudo, Sin funda, Sin funda",,YES,NO,NO,NO,1,COMPONENT_SKU_NOT_FOUND,"{""quantity_status"":""EXACT"",""physical_match_method"":""MISSING_PHYSICAL_SKU"",""parent_match_method"":""""}","Evidence row; correlate by combination_sku, component_sku and quantity.",,BLOCKED,BLOCKED,COMPONENT_SKU_NOT_FOUND,SUFFIXED_ITEM_NOT_FOUND,EXACT_FULL_SKU_NO_SUFFIX_NORMALIZATION,YES,YES,LOW,Exact 001A.0 evidence retained; no fuzzy identity.,TECH-001,UNRESOLVED_EXACT_EVIDENCE_OUTSIDE_BUSINESS_SCOPE,YES_NONEXACT,PENDING_TECHNICAL_EVIDENCE,NOT_SUBMITTED_TECHNICAL,,SUFFIXED_ITEM_NOT_FOUND,INFORMATIONAL_ONLY_NEVER_MATCHED,No exact Woo node for full SKU 1249001-1; base candidate ignored.
WOO_SKU_COMPONENT_LIST,sku_component[3],11719,11716,0201001|0201001|1249001|1244001-1,,1244001-1,1,EXACT,SKU Woo literal: 0201001|0201001|1249001|1244001-1,NO_EXACT_WOO_SKU_FULL,,BLOCKED,PRIMARY_WOO,11719,11716,0201001|0201001|1249001|1244001-1,"Crudo, Negro, Sin funda, Sin funda",,YES,NO,NO,NO,1,COMPONENT_SKU_NOT_FOUND,"{""quantity_status"":""EXACT"",""physical_match_method"":""MISSING_PHYSICAL_SKU"",""parent_match_method"":""""}","Evidence row; correlate by combination_sku, component_sku and quantity.",,BLOCKED,BLOCKED,COMPONENT_SKU_NOT_FOUND,SUFFIXED_ITEM_NOT_FOUND,EXACT_FULL_SKU_NO_SUFFIX_NORMALIZATION,YES,YES,LOW,Exact 001A.0 evidence retained; no fuzzy identity.,TECH-001,UNRESOLVED_EXACT_EVIDENCE_OUTSIDE_BUSINESS_SCOPE,YES_NONEXACT,PENDING_TECHNICAL_EVIDENCE,NOT_SUBMITTED_TECHNICAL,,SUFFIXED_ITEM_NOT_FOUND,INFORMATIONAL_ONLY_NEVER_MATCHED,No exact Woo node for full SKU 1244001-1; base candidate ignored.
WOO_SKU_COMPONENT_LIST,sku_component[3],11720,11716,0201001|0201001|1249001|1245001-1,,1245001-1,1,EXACT,SKU Woo literal: 0201001|0201001|1249001|1245001-1,NO_EXACT_WOO_SKU_FULL,,BLOCKED,PRIMARY_WOO,11720,11716,0201001|0201001|1249001|1245001-1,"Crudo, Rojo, Sin funda, Sin funda",,YES,NO,NO,NO,1,COMPONENT_SKU_NOT_FOUND,"{""quantity_status"":""EXACT"",""physical_match_method"":""MISSING_PHYSICAL_SKU"",""parent_match_method"":""""}","Evidence row; correlate by combination_sku, component_sku and quantity.",,BLOCKED,BLOCKED,COMPONENT_SKU_NOT_FOUND,SUFFIXED_ITEM_NOT_FOUND,EXACT_FULL_SKU_NO_SUFFIX_NORMALIZATION,YES,YES,LOW,Exact 001A.0 evidence retained; no fuzzy identity.,TECH-001,UNRESOLVED_EXACT_EVIDENCE_OUTSIDE_BUSINESS_SCOPE,YES_NONEXACT,PENDING_TECHNICAL_EVIDENCE,NOT_SUBMITTED_TECHNICAL,,SUFFIXED_ITEM_NOT_FOUND,INFORMATIONAL_ONLY_NEVER_MATCHED,No exact Woo node for full SKU 1245001-1; base candidate ignored.
WOO_SKU_COMPONENT_LIST,sku_component[3],11717,11716,0201001|0201001|1249001|1249001-1,,1249001-1,1,EXACT,SKU Woo literal: 0201001|0201001|1249001|1249001-1,NO_EXACT_WOO_SKU_FULL,,BLOCKED,PRIMARY_WOO,11717,11716,0201001|0201001|1249001|1249001-1,"Crudo, Crudo, Sin funda, Sin funda",,YES,NO,NO,NO,1,COMPONENT_SKU_NOT_FOUND,"{""quantity_status"":""EXACT"",""physical_match_method"":""MISSING_PHYSICAL_SKU"",""parent_match_method"":""""}","Evidence row; correlate by combination_sku, component_sku and quantity.",,BLOCKED,BLOCKED,COMPONENT_SKU_NOT_FOUND,SUFFIXED_ITEM_NOT_FOUND,EXACT_FULL_SKU_NO_SUFFIX_NORMALIZATION,YES,YES,LOW,Exact 001A.0 evidence retained; no fuzzy identity.,TECH-001,UNRESOLVED_EXACT_EVIDENCE_OUTSIDE_BUSINESS_SCOPE,YES_NONEXACT,PENDING_TECHNICAL_EVIDENCE,NOT_SUBMITTED_TECHNICAL,,SUFFIXED_ITEM_NOT_FOUND,INFORMATIONAL_ONLY_NEVER_MATCHED,No exact Woo node for full SKU 1249001-1; base candidate ignored.
WOO_SKU_COMPONENT_LIST,sku_component[3],4591,3658,0201001|0201001|1249001|1249001|0606011|0606011,,0606011,2,EXACT,SKU Woo literal: 0201001|0201001|1249001|1249001|0606011|0606011,MISSING_PHYSICAL_SKU,,BLOCKED,PRIMARY_WOO,4591,3658,0201001|0201001|1249001|1249001|0606011|0606011,"Crudo, Crudo, Granate, Granate",,YES,NO,NO,NO,1,COMPONENT_SKU_NOT_FOUND,"{""quantity_status"":""EXACT"",""physical_match_method"":""MISSING_PHYSICAL_SKU"",""parent_match_method"":""""}","Evidence row; correlate by combination_sku, component_sku and quantity.",,BLOCKED,BLOCKED,COMPONENT_SKU_NOT_FOUND,PLACEHOLDER_UNRESOLVED,PLACEHOLDER_UNRESOLVED,YES,YES,LOW,Exact 001A.0 evidence retained; no fuzzy identity.,UD-001,PENDING_BUSINESS_REVIEW_PLACEHOLDER_011,YES,PENDING_BUSINESS_REVIEW,PENDING,,,,
WOO_SKU_COMPONENT_LIST,sku_component[3],11725,11716,0201001|0201001|1249001|1249001|0606011|0606011-1,,0606011,1,EXACT,SKU Woo literal: 0201001|0201001|1249001|1249001|0606011|0606011-1,MISSING_PHYSICAL_SKU,,BLOCKED,PRIMARY_WOO,11725,11716,0201001|0201001|1249001|1249001|0606011|0606011-1,"Crudo, Crudo, Granate, Granate",,YES,NO,NO,NO,1,COMPONENT_SKU_NOT_FOUND,"{""quantity_status"":""EXACT"",""physical_match_method"":""MISSING_PHYSICAL_SKU"",""parent_match_method"":""""}","Evidence row; correlate by combination_sku, component_sku and quantity.",,BLOCKED,BLOCKED,COMPONENT_SKU_NOT_FOUND,PLACEHOLDER_UNRESOLVED,PLACEHOLDER_UNRESOLVED,YES,YES,LOW,Exact 001A.0 evidence retained; no fuzzy identity.,UD-001,PENDING_BUSINESS_REVIEW_PLACEHOLDER_011,YES,PENDING_BUSINESS_REVIEW,PENDING,,,,
WOO_SKU_COMPONENT_LIST,sku_component[3],4645,3658,0201001|0201001|1249001|1249001|0606011|0607011,,0606011,1,EXACT,SKU Woo literal: 0201001|0201001|1249001|1249001|0606011|0607011,MISSING_PHYSICAL_SKU,,BLOCKED,PRIMARY_WOO,4645,3658,0201001|0201001|1249001|1249001|0606011|0607011,"Crudo, Crudo, Granate, Rojo",,YES,NO,NO,NO,1,COMPONENT_SKU_NOT_FOUND,"{""quantity_status"":""EXACT"",""physical_match_method"":""MISSING_PHYSICAL_SKU"",""parent_match_method"":""""}","Evidence row; correlate by combination_sku, component_sku and quantity.",,BLOCKED,BLOCKED,COMPONENT_SKU_NOT_FOUND,PLACEHOLDER_UNRESOLVED,PLACEHOLDER_UNRESOLVED,YES,YES,LOW,Exact 001A.0 evidence retained; no fuzzy identity.,UD-001,PENDING_BUSINESS_REVIEW_PLACEHOLDER_011,YES,PENDING_BUSINESS_REVIEW,PENDING,,,,
WOO_SKU_COMPONENT_LIST,sku_component[3],11750,11716,0201001|0201001|1249001|1249001|0606011|0607011-1,,0606011,1,EXACT,SKU Woo literal: 0201001|0201001|1249001|1249001|0606011|0607011-1,MISSING_PHYSICAL_SKU,,BLOCKED,PRIMARY_WOO,11750,11716,0201001|0201001|1249001|1249001|0606011|0607011-1,"Crudo, Crudo, Granate, Rojo",,YES,NO,NO,NO,1,COMPONENT_SKU_NOT_FOUND,"{""quantity_status"":""EXACT"",""physical_match_method"":""MISSING_PHYSICAL_SKU"",""parent_match_method"":""""}","Evidence row; correlate by combination_sku, component_sku and quantity.",,BLOCKED,BLOCKED,COMPONENT_SKU_NOT_FOUND,PLACEHOLDER_UNRESOLVED,PLACEHOLDER_UNRESOLVED,YES,YES,LOW,Exact 001A.0 evidence retained; no fuzzy identity.,UD-001,PENDING_BUSINESS_REVIEW_PLACEHOLDER_011,YES,PENDING_BUSINESS_REVIEW,PENDING,,,,
WOO_SKU_COMPONENT_LIST,sku_component[3],4641,3658,0201001|0201001|1249001|1249001|0606011|0608011,,0606011,1,EXACT,SKU Woo literal: 0201001|0201001|1249001|1249001|0606011|0608011,MISSING_PHYSICAL_SKU,,BLOCKED,PRIMARY_WOO,4641,3658,0201001|0201001|1249001|1249001|0606011|0608011,"Crudo, Crudo, Granate, Crudo",,YES,NO,NO,NO,1,COMPONENT_SKU_NOT_FOUND,"{""quantity_status"":""EXACT"",""physical_match_method"":""MISSING_PHYSICAL_SKU"",""parent_match_method"":""""}","Evidence row; correlate by combination_sku, component_sku and quantity.",,BLOCKED,BLOCKED,COMPONENT_SKU_NOT_FOUND,PLACEHOLDER_UNRESOLVED,PLACEHOLDER_UNRESOLVED,YES,YES,LOW,Exact 001A.0 evidence retained; no fuzzy identity.,UD-001,PENDING_BUSINESS_REVIEW_PLACEHOLDER_011,YES,PENDING_BUSINESS_REVIEW,PENDING,,,,
WOO_SKU_COMPONENT_LIST,sku_component[3],11748,11716,0201001|0201001|1249001|1249001|0606011|0608011-1,,0606011,1,EXACT,SKU Woo literal: 0201001|0201001|1249001|1249001|0606011|0608011-1,MISSING_PHYSICAL_SKU,,BLOCKED,PRIMARY_WOO,11748,11716,0201001|0201001|1249001|1249001|0606011|0608011-1,"Crudo, Crudo, Granate, Crudo",,YES,NO,NO,NO,1,COMPONENT_SKU_NOT_FOUND,"{""quantity_status"":""EXACT"",""physical_match_method"":""MISSING_PHYSICAL_SKU"",""parent_match_method"":""""}","Evidence row; correlate by combination_sku, component_sku and quantity.",,BLOCKED,BLOCKED,COMPONENT_SKU_NOT_FOUND,PLACEHOLDER_UNRESOLVED,PLACEHOLDER_UNRESOLVED,YES,YES,LOW,Exact 001A.0 evidence retained; no fuzzy identity.,UD-001,PENDING_BUSINESS_REVIEW_PLACEHOLDER_011,YES,PENDING_BUSINESS_REVIEW,PENDING,,,,
WOO_SKU_COMPONENT_LIST,sku_component[3],4639,3658,0201001|0201001|1249001|1249001|0606011|0609011,,0606011,1,EXACT,SKU Woo literal: 0201001|0201001|1249001|1249001|0606011|0609011,MISSING_PHYSICAL_SKU,,BLOCKED,PRIMARY_WOO,4639,3658,0201001|0201001|1249001|1249001|0606011|0609011,"Crudo, Crudo, Granate, Azul",,YES,NO,NO,NO,1,COMPONENT_SKU_NOT_FOUND,"{""quantity_status"":""EXACT"",""physical_match_method"":""MISSING_PHYSICAL_SKU"",""parent_match_method"":""""}","Evidence row; correlate by combination_sku, component_sku and quantity.",,BLOCKED,BLOCKED,COMPONENT_SKU_NOT_FOUND,PLACEHOLDER_UNRESOLVED,PLACEHOLDER_UNRESOLVED,YES,YES,LOW,Exact 001A.0 evidence retained; no fuzzy identity.,UD-001,PENDING_BUSINESS_REVIEW_PLACEHOLDER_011,YES,PENDING_BUSINESS_REVIEW,PENDING,,,,
WOO_SKU_COMPONENT_LIST,sku_component[3],11747,11716,0201001|0201001|1249001|1249001|0606011|0609011-1,,0606011,1,EXACT,SKU Woo literal: 0201001|0201001|1249001|1249001|0606011|0609011-1,MISSING_PHYSICAL_SKU,,BLOCKED,PRIMARY_WOO,11747,11716,0201001|0201001|1249001|1249001|0606011|0609011-1,"Crudo, Crudo, Granate, Azul",,YES,NO,NO,NO,1,COMPONENT_SKU_NOT_FOUND,"{""quantity_status"":""EXACT"",""physical_match_method"":""MISSING_PHYSICAL_SKU"",""parent_match_method"":""""}","Evidence row; correlate by combination_sku, component_sku and quantity.",,BLOCKED,BLOCKED,COMPONENT_SKU_NOT_FOUND,PLACEHOLDER_UNRESOLVED,PLACEHOLDER_UNRESOLVED,YES,YES,LOW,Exact 001A.0 evidence retained; no fuzzy identity.,UD-001,PENDING_BUSINESS_REVIEW_PLACEHOLDER_011,YES,PENDING_BUSINESS_REVIEW,PENDING,,,,
WOO_SKU_COMPONENT_LIST,sku_component[3],4638,3658,0201001|0201001|1249001|1249001|0606011|0615011,,0606011,1,EXACT,SKU Woo literal: 0201001|0201001|1249001|1249001|0606011|0615011,MISSING_PHYSICAL_SKU,,BLOCKED,PRIMARY_WOO,4638,3658,0201001|0201001|1249001|1249001|0606011|0615011,"Crudo, Crudo, Granate, Amarillo",,YES,NO,NO,NO,1,COMPONENT_SKU_NOT_FOUND,"{""quantity_status"":""EXACT"",""physical_match_method"":""MISSING_PHYSICAL_SKU"",""parent_match_method"":""""}","Evidence row; correlate by combination_sku, component_sku and quantity.",,BLOCKED,BLOCKED,COMPONENT_SKU_NOT_FOUND,PLACEHOLDER_UNRESOLVED,PLACEHOLDER_UNRESOLVED,YES,YES,LOW,Exact 001A.0 evidence retained; no fuzzy identity.,UD-001,PENDING_BUSINESS_REVIEW_PLACEHOLDER_011,YES,PENDING_BUSINESS_REVIEW,PENDING,,,,
WOO_SKU_COMPONENT_LIST,sku_component[3],11746,11716,0201001|0201001|1249001|1249001|0606011|0615011-1,,0606011,1,EXACT,SKU Woo literal: 0201001|0201001|1249001|1249001|0606011|0615011-1,MISSING_PHYSICAL_SKU,,BLOCKED,PRIMARY_WOO,11746,11716,0201001|0201001|1249001|1249001|0606011|0615011-1,"Crudo, Crudo, Granate, Amarillo",,YES,NO,NO,NO,1,COMPONENT_SKU_NOT_FOUND,"{""quantity_status"":""EXACT"",""physical_match_method"":""MISSING_PHYSICAL_SKU"",""parent_match_method"":""""}","Evidence row; correlate by combination_sku, component_sku and quantity.",,BLOCKED,BLOCKED,COMPONENT_SKU_NOT_FOUND,PLACEHOLDER_UNRESOLVED,PLACEHOLDER_UNRESOLVED,YES,YES,LOW,Exact 001A.0 evidence retained; no fuzzy identity.,UD-001,PENDING_BUSINESS_REVIEW_PLACEHOLDER_011,YES,PENDING_BUSINESS_REVIEW,PENDING,,,,
WOO_SKU_COMPONENT_LIST,sku_component[3],4644,3658,0201001|0201001|1249001|1249001|0606011|0616011,,0606011,1,EXACT,SKU Woo literal: 0201001|0201001|1249001|1249001|0606011|0616011,MISSING_PHYSICAL_SKU,,BLOCKED,PRIMARY_WOO,4644,3658,0201001|0201001|1249001|1249001|0606011|0616011,"Crudo, Crudo, Granate, Negro",,YES,NO,NO,NO,1,COMPONENT_SKU_NOT_FOUND,"{""quantity_status"":""EXACT"",""physical_match_method"":""MISSING_PHYSICAL_SKU"",""parent_match_method"":""""}","Evidence row; correlate by combination_sku, component_sku and quantity.",,BLOCKED,BLOCKED,COMPONENT_SKU_NOT_FOUND,PLACEHOLDER_UNRESOLVED,PLACEHOLDER_UNRESOLVED,YES,YES,LOW,Exact 001A.0 evidence retained; no fuzzy identity.,UD-001,PENDING_BUSINESS_REVIEW_PLACEHOLDER_011,YES,PENDING_BUSINESS_REVIEW,PENDING,,,,
WOO_SKU_COMPONENT_LIST,sku_component[3],11749,11716,0201001|0201001|1249001|1249001|0606011|0616011-1,,0606011,1,EXACT,SKU Woo literal: 0201001|0201001|1249001|1249001|0606011|0616011-1,MISSING_PHYSICAL_SKU,,BLOCKED,PRIMARY_WOO,11749,11716,0201001|0201001|1249001|1249001|0606011|0616011-1,"Crudo, Crudo, Granate, Negro",,YES,NO,NO,NO,1,COMPONENT_SKU_NOT_FOUND,"{""quantity_status"":""EXACT"",""physical_match_method"":""MISSING_PHYSICAL_SKU"",""parent_match_method"":""""}","Evidence row; correlate by combination_sku, component_sku and quantity.",,BLOCKED,BLOCKED,COMPONENT_SKU_NOT_FOUND,PLACEHOLDER_UNRESOLVED,PLACEHOLDER_UNRESOLVED,YES,YES,LOW,Exact 001A.0 evidence retained; no fuzzy identity.,UD-001,PENDING_BUSINESS_REVIEW_PLACEHOLDER_011,YES,PENDING_BUSINESS_REVIEW,PENDING,,,,
WOO_SKU_COMPONENT_LIST,sku_component[3],4692,3658,0201001|0201001|1249001|1249001|0607011|0606011,,0607011,1,EXACT,SKU Woo literal: 0201001|0201001|1249001|1249001|0607011|0606011,MISSING_PHYSICAL_SKU,,BLOCKED,PRIMARY_WOO,4692,3658,0201001|0201001|1249001|1249001|0607011|0606011,"Crudo, Crudo, Rojo, Granate",,YES,NO,NO,NO,1,COMPONENT_SKU_NOT_FOUND,"{""quantity_status"":""EXACT"",""physical_match_method"":""MISSING_PHYSICAL_SKU"",""parent_match_method"":""""}","Evidence row; correlate by combination_sku, component_sku and quantity.",,BLOCKED,BLOCKED,COMPONENT_SKU_NOT_FOUND,PLACEHOLDER_UNRESOLVED,PLACEHOLDER_UNRESOLVED,YES,YES,LOW,Exact 001A.0 evidence retained; no fuzzy identity.,UD-001,PENDING_BUSINESS_REVIEW_PLACEHOLDER_011,YES,PENDING_BUSINESS_REVIEW,PENDING,,,,
WOO_SKU_COMPONENT_LIST,sku_component[3],11759,11716,0201001|0201001|1249001|1249001|0607011|0606011-1,,0607011,1,EXACT,SKU Woo literal: 0201001|0201001|1249001|1249001|0607011|0606011-1,MISSING_PHYSICAL_SKU,,BLOCKED,PRIMARY_WOO,11759,11716,0201001|0201001|1249001|1249001|0607011|0606011-1,"Crudo, Crudo, Rojo, Granate",,YES,NO,NO,NO,1,COMPONENT_SKU_NOT_FOUND,"{""quantity_status"":""EXACT"",""physical_match_method"":""MISSING_PHYSICAL_SKU"",""parent_match_method"":""""}","Evidence row; correlate by combination_sku, component_sku and quantity.",,BLOCKED,BLOCKED,COMPONENT_SKU_NOT_FOUND,PLACEHOLDER_UNRESOLVED,PLACEHOLDER_UNRESOLVED,YES,YES,LOW,Exact 001A.0 evidence retained; no fuzzy identity.,UD-001,PENDING_BUSINESS_REVIEW_PLACEHOLDER_011,YES,PENDING_BUSINESS_REVIEW,PENDING,,,,
WOO_SKU_COMPONENT_LIST,sku_component[3],4596,3658,0201001|0201001|1249001|1249001|0607011|0607011,,0607011,2,EXACT,SKU Woo literal: 0201001|0201001|1249001|1249001|0607011|0607011,MISSING_PHYSICAL_SKU,,BLOCKED,PRIMARY_WOO,4596,3658,0201001|0201001|1249001|1249001|0607011|0607011,"Crudo, Crudo, Rojo, Rojo",,YES,NO,NO,NO,1,COMPONENT_SKU_NOT_FOUND,"{""quantity_status"":""EXACT"",""physical_match_method"":""MISSING_PHYSICAL_SKU"",""parent_match_method"":""""}","Evidence row; correlate by combination_sku, component_sku and quantity.",,BLOCKED,BLOCKED,COMPONENT_SKU_NOT_FOUND,PLACEHOLDER_UNRESOLVED,PLACEHOLDER_UNRESOLVED,YES,YES,LOW,Exact 001A.0 evidence retained; no fuzzy identity.,UD-001,PENDING_BUSINESS_REVIEW_PLACEHOLDER_011,YES,PENDING_BUSINESS_REVIEW,PENDING,,,,
WOO_SKU_COMPONENT_LIST,sku_component[3],11728,11716,0201001|0201001|1249001|1249001|0607011|0607011-1,,0607011,1,EXACT,SKU Woo literal: 0201001|0201001|1249001|1249001|0607011|0607011-1,MISSING_PHYSICAL_SKU,,BLOCKED,PRIMARY_WOO,11728,11716,0201001|0201001|1249001|1249001|0607011|0607011-1,"Crudo, Crudo, Rojo, Rojo",,YES,NO,NO,NO,1,COMPONENT_SKU_NOT_FOUND,"{""quantity_status"":""EXACT"",""physical_match_method"":""MISSING_PHYSICAL_SKU"",""parent_match_method"":""""}","Evidence row; correlate by combination_sku, component_sku and quantity.",,BLOCKED,BLOCKED,COMPONENT_SKU_NOT_FOUND,PLACEHOLDER_UNRESOLVED,PLACEHOLDER_UNRESOLVED,YES,YES,LOW,Exact 001A.0 evidence retained; no fuzzy identity.,UD-001,PENDING_BUSINESS_REVIEW_PLACEHOLDER_011,YES,PENDING_BUSINESS_REVIEW,PENDING,,,,
WOO_SKU_COMPONENT_LIST,sku_component[3],4691,3658,0201001|0201001|1249001|1249001|0607011|0608011,,0607011,1,EXACT,SKU Woo literal: 0201001|0201001|1249001|1249001|0607011|0608011,MISSING_PHYSICAL_SKU,,BLOCKED,PRIMARY_WOO,4691,3658,0201001|0201001|1249001|1249001|0607011|0608011,"Crudo, Crudo, Rojo, Crudo",,YES,NO,NO,NO,1,COMPONENT_SKU_NOT_FOUND,"{""quantity_status"":""EXACT"",""physical_match_method"":""MISSING_PHYSICAL_SKU"",""parent_match_method"":""""}","Evidence row; correlate by combination_sku, component_sku and quantity.",,BLOCKED,BLOCKED,COMPONENT_SKU_NOT_FOUND,PLACEHOLDER_UNRESOLVED,PLACEHOLDER_UNRESOLVED,YES,YES,LOW,Exact 001A.0 evidence retained; no fuzzy identity.,UD-001,PENDING_BUSINESS_REVIEW_PLACEHOLDER_011,YES,PENDING_BUSINESS_REVIEW,PENDING,,,,
WOO_SKU_COMPONENT_LIST,sku_component[3],11758,11716,0201001|0201001|1249001|1249001|0607011|0608011-1,,0607011,1,EXACT,SKU Woo literal: 0201001|0201001|1249001|1249001|0607011|0608011-1,MISSING_PHYSICAL_SKU,,BLOCKED,PRIMARY_WOO,11758,11716,0201001|0201001|1249001|1249001|0607011|0608011-1,"Crudo, Crudo, Rojo, Crudo",,YES,NO,NO,NO,1,COMPONENT_SKU_NOT_FOUND,"{""quantity_status"":""EXACT"",""physical_match_method"":""MISSING_PHYSICAL_SKU"",""parent_match_method"":""""}","Evidence row; correlate by combination_sku, component_sku and quantity.",,BLOCKED,BLOCKED,COMPONENT_SKU_NOT_FOUND,PLACEHOLDER_UNRESOLVED,PLACEHOLDER_UNRESOLVED,YES,YES,LOW,Exact 001A.0 evidence retained; no fuzzy identity.,UD-001,PENDING_BUSINESS_REVIEW_PLACEHOLDER_011,YES,PENDING_BUSINESS_REVIEW,PENDING,,,,
WOO_SKU_COMPONENT_LIST,sku_component[3],4689,3658,0201001|0201001|1249001|1249001|0607011|0609011,,0607011,1,EXACT,SKU Woo literal: 0201001|0201001|1249001|1249001|0607011|0609011,MISSING_PHYSICAL_SKU,,BLOCKED,PRIMARY_WOO,4689,3658,0201001|0201001|1249001|1249001|0607011|0609011,"Crudo, Crudo, Rojo, Azul",,YES,NO,NO,NO,1,COMPONENT_SKU_NOT_FOUND,"{""quantity_status"":""EXACT"",""physical_match_method"":""MISSING_PHYSICAL_SKU"",""parent_match_method"":""""}","Evidence row; correlate by combination_sku, component_sku and quantity.",,BLOCKED,BLOCKED,COMPONENT_SKU_NOT_FOUND,PLACEHOLDER_UNRESOLVED,PLACEHOLDER_UNRESOLVED,YES,YES,LOW,Exact 001A.0 evidence retained; no fuzzy identity.,UD-001,PENDING_BUSINESS_REVIEW_PLACEHOLDER_011,YES,PENDING_BUSINESS_REVIEW,PENDING,,,,
WOO_SKU_COMPONENT_LIST,sku_component[3],11757,11716,0201001|0201001|1249001|1249001|0607011|0609011-1,,0607011,1,EXACT,SKU Woo literal: 0201001|0201001|1249001|1249001|0607011|0609011-1,MISSING_PHYSICAL_SKU,,BLOCKED,PRIMARY_WOO,11757,11716,0201001|0201001|1249001|1249001|0607011|0609011-1,"Crudo, Crudo, Rojo, Azul",,YES,NO,NO,NO,1,COMPONENT_SKU_NOT_FOUND,"{""quantity_status"":""EXACT"",""physical_match_method"":""MISSING_PHYSICAL_SKU"",""parent_match_method"":""""}","Evidence row; correlate by combination_sku, component_sku and quantity.",,BLOCKED,BLOCKED,COMPONENT_SKU_NOT_FOUND,PLACEHOLDER_UNRESOLVED,PLACEHOLDER_UNRESOLVED,YES,YES,LOW,Exact 001A.0 evidence retained; no fuzzy identity.,UD-001,PENDING_BUSINESS_REVIEW_PLACEHOLDER_011,YES,PENDING_BUSINESS_REVIEW,PENDING,,,,
WOO_SKU_COMPONENT_LIST,sku_component[3],4688,3658,0201001|0201001|1249001|1249001|0607011|0615011,,0607011,1,EXACT,SKU Woo literal: 0201001|0201001|1249001|1249001|0607011|0615011,MISSING_PHYSICAL_SKU,,BLOCKED,PRIMARY_WOO,4688,3658,0201001|0201001|1249001|1249001|0607011|0615011,"Crudo, Crudo, Rojo, Amarillo",,YES,NO,NO,NO,1,COMPONENT_SKU_NOT_FOUND,"{""quantity_status"":""EXACT"",""physical_match_method"":""MISSING_PHYSICAL_SKU"",""parent_match_method"":""""}","Evidence row; correlate by combination_sku, component_sku and quantity.",,BLOCKED,BLOCKED,COMPONENT_SKU_NOT_FOUND,PLACEHOLDER_UNRESOLVED,PLACEHOLDER_UNRESOLVED,YES,YES,LOW,Exact 001A.0 evidence retained; no fuzzy identity.,UD-001,PENDING_BUSINESS_REVIEW_PLACEHOLDER_011,YES,PENDING_BUSINESS_REVIEW,PENDING,,,,
WOO_SKU_COMPONENT_LIST,sku_component[3],11756,11716,0201001|0201001|1249001|1249001|0607011|0615011-1,,0607011,1,EXACT,SKU Woo literal: 0201001|0201001|1249001|1249001|0607011|0615011-1,MISSING_PHYSICAL_SKU,,BLOCKED,PRIMARY_WOO,11756,11716,0201001|0201001|1249001|1249001|0607011|0615011-1,"Crudo, Crudo, Rojo, Amarillo",,YES,NO,NO,NO,1,COMPONENT_SKU_NOT_FOUND,"{""quantity_status"":""EXACT"",""physical_match_method"":""MISSING_PHYSICAL_SKU"",""parent_match_method"":""""}","Evidence row; correlate by combination_sku, component_sku and quantity.",,BLOCKED,BLOCKED,COMPONENT_SKU_NOT_FOUND,PLACEHOLDER_UNRESOLVED,PLACEHOLDER_UNRESOLVED,YES,YES,LOW,Exact 001A.0 evidence retained; no fuzzy identity.,UD-001,PENDING_BUSINESS_REVIEW_PLACEHOLDER_011,YES,PENDING_BUSINESS_REVIEW,PENDING,,,,
WOO_SKU_COMPONENT_LIST,sku_component[3],4695,3658,0201001|0201001|1249001|1249001|0607011|0616011,,0607011,1,EXACT,SKU Woo literal: 0201001|0201001|1249001|1249001|0607011|0616011,MISSING_PHYSICAL_SKU,,BLOCKED,PRIMARY_WOO,4695,3658,0201001|0201001|1249001|1249001|0607011|0616011,"Crudo, Crudo, Rojo, Negro",,YES,NO,NO,NO,1,COMPONENT_SKU_NOT_FOUND,"{""quantity_status"":""EXACT"",""physical_match_method"":""MISSING_PHYSICAL_SKU"",""parent_match_method"":""""}","Evidence row; correlate by combination_sku, component_sku and quantity.",,BLOCKED,BLOCKED,COMPONENT_SKU_NOT_FOUND,PLACEHOLDER_UNRESOLVED,PLACEHOLDER_UNRESOLVED,YES,YES,LOW,Exact 001A.0 evidence retained; no fuzzy identity.,UD-001,PENDING_BUSINESS_REVIEW_PLACEHOLDER_011,YES,PENDING_BUSINESS_REVIEW,PENDING,,,,
WOO_SKU_COMPONENT_LIST,sku_component[3],11760,11716,0201001|0201001|1249001|1249001|0607011|0616011-1,,0607011,1,EXACT,SKU Woo literal: 0201001|0201001|1249001|1249001|0607011|0616011-1,MISSING_PHYSICAL_SKU,,BLOCKED,PRIMARY_WOO,11760,11716,0201001|0201001|1249001|1249001|0607011|0616011-1,"Crudo, Crudo, Rojo, Negro",,YES,NO,NO,NO,1,COMPONENT_SKU_NOT_FOUND,"{""quantity_status"":""EXACT"",""physical_match_method"":""MISSING_PHYSICAL_SKU"",""parent_match_method"":""""}","Evidence row; correlate by combination_sku, component_sku and quantity.",,BLOCKED,BLOCKED,COMPONENT_SKU_NOT_FOUND,PLACEHOLDER_UNRESOLVED,PLACEHOLDER_UNRESOLVED,YES,YES,LOW,Exact 001A.0 evidence retained; no fuzzy identity.,UD-001,PENDING_BUSINESS_REVIEW_PLACEHOLDER_011,YES,PENDING_BUSINESS_REVIEW,PENDING,,,,
WOO_SKU_COMPONENT_LIST,sku_component[3],4631,3658,0201001|0201001|1249001|1249001|0608011|0606011,,0608011,1,EXACT,SKU Woo literal: 0201001|0201001|1249001|1249001|0608011|0606011,MISSING_PHYSICAL_SKU,,BLOCKED,PRIMARY_WOO,4631,3658,0201001|0201001|1249001|1249001|0608011|0606011,"Crudo, Crudo, Crudo, Granate",,YES,NO,NO,NO,1,COMPONENT_SKU_NOT_FOUND,"{""quantity_status"":""EXACT"",""physical_match_method"":""MISSING_PHYSICAL_SKU"",""parent_match_method"":""""}","Evidence row; correlate by combination_sku, component_sku and quantity.",,BLOCKED,BLOCKED,COMPONENT_SKU_NOT_FOUND,PLACEHOLDER_UNRESOLVED,PLACEHOLDER_UNRESOLVED,YES,YES,LOW,Exact 001A.0 evidence retained; no fuzzy identity.,UD-001,PENDING_BUSINESS_REVIEW_PLACEHOLDER_011,YES,PENDING_BUSINESS_REVIEW,PENDING,,,,
WOO_SKU_COMPONENT_LIST,sku_component[3],11743,11716,0201001|0201001|1249001|1249001|0608011|0606011-1,,0608011,1,EXACT,SKU Woo literal: 0201001|0201001|1249001|1249001|0608011|0606011-1,MISSING_PHYSICAL_SKU,,BLOCKED,PRIMARY_WOO,11743,11716,0201001|0201001|1249001|1249001|0608011|0606011-1,"Crudo, Crudo, Crudo, Granate",,YES,NO,NO,NO,1,COMPONENT_SKU_NOT_FOUND,"{""quantity_status"":""EXACT"",""physical_match_method"":""MISSING_PHYSICAL_SKU"",""parent_match_method"":""""}","Evidence row; correlate by combination_sku, component_sku and quantity.",,BLOCKED,BLOCKED,COMPONENT_SKU_NOT_FOUND,PLACEHOLDER_UNRESOLVED,PLACEHOLDER_UNRESOLVED,YES,YES,LOW,Exact 001A.0 evidence retained; no fuzzy identity.,UD-001,PENDING_BUSINESS_REVIEW_PLACEHOLDER_011,YES,PENDING_BUSINESS_REVIEW,PENDING,,,,
WOO_SKU_COMPONENT_LIST,sku_component[3],4635,3658,0201001|0201001|1249001|1249001|0608011|0607011,,0608011,1,EXACT,SKU Woo literal: 0201001|0201001|1249001|1249001|0608011|0607011,MISSING_PHYSICAL_SKU,,BLOCKED,PRIMARY_WOO,4635,3658,0201001|0201001|1249001|1249001|0608011|0607011,"Crudo, Crudo, Crudo, Rojo",,YES,NO,NO,NO,1,COMPONENT_SKU_NOT_FOUND,"{""quantity_status"":""EXACT"",""physical_match_method"":""MISSING_PHYSICAL_SKU"",""parent_match_method"":""""}","Evidence row; correlate by combination_sku, component_sku and quantity.",,BLOCKED,BLOCKED,COMPONENT_SKU_NOT_FOUND,PLACEHOLDER_UNRESOLVED,PLACEHOLDER_UNRESOLVED,YES,YES,LOW,Exact 001A.0 evidence retained; no fuzzy identity.,UD-001,PENDING_BUSINESS_REVIEW_PLACEHOLDER_011,YES,PENDING_BUSINESS_REVIEW,PENDING,,,,
WOO_SKU_COMPONENT_LIST,sku_component[3],11745,11716,0201001|0201001|1249001|1249001|0608011|0607011-1,,0608011,1,EXACT,SKU Woo literal: 0201001|0201001|1249001|1249001|0608011|0607011-1,MISSING_PHYSICAL_SKU,,BLOCKED,PRIMARY_WOO,11745,11716,0201001|0201001|1249001|1249001|0608011|0607011-1,"Crudo, Crudo, Crudo, Rojo",,YES,NO,NO,NO,1,COMPONENT_SKU_NOT_FOUND,"{""quantity_status"":""EXACT"",""physical_match_method"":""MISSING_PHYSICAL_SKU"",""parent_match_method"":""""}","Evidence row; correlate by combination_sku, component_sku and quantity.",,BLOCKED,BLOCKED,COMPONENT_SKU_NOT_FOUND,PLACEHOLDER_UNRESOLVED,PLACEHOLDER_UNRESOLVED,YES,YES,LOW,Exact 001A.0 evidence retained; no fuzzy identity.,UD-001,PENDING_BUSINESS_REVIEW_PLACEHOLDER_011,YES,PENDING_BUSINESS_REVIEW,PENDING,,,,
WOO_SKU_COMPONENT_LIST,sku_component[3],11724,11716,0201001|0201001|1249001|1249001|0608011|0608011-1,,0608011,1,EXACT,SKU Woo literal: 0201001|0201001|1249001|1249001|0608011|0608011-1,MISSING_PHYSICAL_SKU,,BLOCKED,PRIMARY_WOO,11724,11716,0201001|0201001|1249001|1249001|0608011|0608011-1,"Crudo, Crudo, Crudo, Crudo",,YES,NO,NO,NO,1,COMPONENT_SKU_NOT_FOUND,"{""quantity_status"":""EXACT"",""physical_match_method"":""MISSING_PHYSICAL_SKU"",""parent_match_method"":""""}","Evidence row; correlate by combination_sku, component_sku and quantity.",,BLOCKED,BLOCKED,COMPONENT_SKU_NOT_FOUND,PLACEHOLDER_UNRESOLVED,PLACEHOLDER_UNRESOLVED,YES,YES,LOW,Exact 001A.0 evidence retained; no fuzzy identity.,UD-001,PENDING_BUSINESS_REVIEW_PLACEHOLDER_011,YES,PENDING_BUSINESS_REVIEW,PENDING,,,,
WOO_SKU_COMPONENT_LIST,sku_component[3],4629,3658,0201001|0201001|1249001|1249001|0608011|0609011,,0608011,1,EXACT,SKU Woo literal: 0201001|0201001|1249001|1249001|0608011|0609011,MISSING_PHYSICAL_SKU,,BLOCKED,PRIMARY_WOO,4629,3658,0201001|0201001|1249001|1249001|0608011|0609011,"Crudo, Crudo, Crudo, Azul",,YES,NO,NO,NO,1,COMPONENT_SKU_NOT_FOUND,"{""quantity_status"":""EXACT"",""physical_match_method"":""MISSING_PHYSICAL_SKU"",""parent_match_method"":""""}","Evidence row; correlate by combination_sku, component_sku and quantity.",,BLOCKED,BLOCKED,COMPONENT_SKU_NOT_FOUND,PLACEHOLDER_UNRESOLVED,PLACEHOLDER_UNRESOLVED,YES,YES,LOW,Exact 001A.0 evidence retained; no fuzzy identity.,UD-001,PENDING_BUSINESS_REVIEW_PLACEHOLDER_011,YES,PENDING_BUSINESS_REVIEW,PENDING,,,,
WOO_SKU_COMPONENT_LIST,sku_component[3],11742,11716,0201001|0201001|1249001|1249001|0608011|0609011-1,,0608011,1,EXACT,SKU Woo literal: 0201001|0201001|1249001|1249001|0608011|0609011-1,MISSING_PHYSICAL_SKU,,BLOCKED,PRIMARY_WOO,11742,11716,0201001|0201001|1249001|1249001|0608011|0609011-1,"Crudo, Crudo, Crudo, Azul",,YES,NO,NO,NO,1,COMPONENT_SKU_NOT_FOUND,"{""quantity_status"":""EXACT"",""physical_match_method"":""MISSING_PHYSICAL_SKU"",""parent_match_method"":""""}","Evidence row; correlate by combination_sku, component_sku and quantity.",,BLOCKED,BLOCKED,COMPONENT_SKU_NOT_FOUND,PLACEHOLDER_UNRESOLVED,PLACEHOLDER_UNRESOLVED,YES,YES,LOW,Exact 001A.0 evidence retained; no fuzzy identity.,UD-001,PENDING_BUSINESS_REVIEW_PLACEHOLDER_011,YES,PENDING_BUSINESS_REVIEW,PENDING,,,,
WOO_SKU_COMPONENT_LIST,sku_component[3],11741,11716,0201001|0201001|1249001|1249001|0608011|0615011-1,,0608011,1,EXACT,SKU Woo literal: 0201001|0201001|1249001|1249001|0608011|0615011-1,MISSING_PHYSICAL_SKU,,BLOCKED,PRIMARY_WOO,11741,11716,0201001|0201001|1249001|1249001|0608011|0615011-1,"Crudo, Crudo, Crudo, Amarillo",,YES,NO,NO,NO,1,COMPONENT_SKU_NOT_FOUND,"{""quantity_status"":""EXACT"",""physical_match_method"":""MISSING_PHYSICAL_SKU"",""parent_match_method"":""""}","Evidence row; correlate by combination_sku, component_sku and quantity.",,BLOCKED,BLOCKED,COMPONENT_SKU_NOT_FOUND,PLACEHOLDER_UNRESOLVED,PLACEHOLDER_UNRESOLVED,YES,YES,LOW,Exact 001A.0 evidence retained; no fuzzy identity.,UD-001,PENDING_BUSINESS_REVIEW_PLACEHOLDER_011,YES,PENDING_BUSINESS_REVIEW,PENDING,,,,
WOO_SKU_COMPONENT_LIST,sku_component[3],4634,3658,0201001|0201001|1249001|1249001|0608011|0616011,,0608011,1,EXACT,SKU Woo literal: 0201001|0201001|1249001|1249001|0608011|0616011,MISSING_PHYSICAL_SKU,,BLOCKED,PRIMARY_WOO,4634,3658,0201001|0201001|1249001|1249001|0608011|0616011,"Crudo, Crudo, Crudo, Negro",,YES,NO,NO,NO,1,COMPONENT_SKU_NOT_FOUND,"{""quantity_status"":""EXACT"",""physical_match_method"":""MISSING_PHYSICAL_SKU"",""parent_match_method"":""""}","Evidence row; correlate by combination_sku, component_sku and quantity.",,BLOCKED,BLOCKED,COMPONENT_SKU_NOT_FOUND,PLACEHOLDER_UNRESOLVED,PLACEHOLDER_UNRESOLVED,YES,YES,LOW,Exact 001A.0 evidence retained; no fuzzy identity.,UD-001,PENDING_BUSINESS_REVIEW_PLACEHOLDER_011,YES,PENDING_BUSINESS_REVIEW,PENDING,,,,
WOO_SKU_COMPONENT_LIST,sku_component[3],11744,11716,0201001|0201001|1249001|1249001|0608011|0616011-1,,0608011,1,EXACT,SKU Woo literal: 0201001|0201001|1249001|1249001|0608011|0616011-1,MISSING_PHYSICAL_SKU,,BLOCKED,PRIMARY_WOO,11744,11716,0201001|0201001|1249001|1249001|0608011|0616011-1,"Crudo, Crudo, Crudo, Negro",,YES,NO,NO,NO,1,COMPONENT_SKU_NOT_FOUND,"{""quantity_status"":""EXACT"",""physical_match_method"":""MISSING_PHYSICAL_SKU"",""parent_match_method"":""""}","Evidence row; correlate by combination_sku, component_sku and quantity.",,BLOCKED,BLOCKED,COMPONENT_SKU_NOT_FOUND,PLACEHOLDER_UNRESOLVED,PLACEHOLDER_UNRESOLVED,YES,YES,LOW,Exact 001A.0 evidence retained; no fuzzy identity.,UD-001,PENDING_BUSINESS_REVIEW_PLACEHOLDER_011,YES,PENDING_BUSINESS_REVIEW,PENDING,,,,
WOO_SKU_COMPONENT_LIST,sku_component[3],4611,3658,0201001|0201001|1249001|1249001|0609011|0606011,,0609011,1,EXACT,SKU Woo literal: 0201001|0201001|1249001|1249001|0609011|0606011,MISSING_PHYSICAL_SKU,,BLOCKED,PRIMARY_WOO,4611,3658,0201001|0201001|1249001|1249001|0609011|0606011,"Crudo, Crudo, Azul, Granate",,YES,NO,NO,NO,1,COMPONENT_SKU_NOT_FOUND,"{""quantity_status"":""EXACT"",""physical_match_method"":""MISSING_PHYSICAL_SKU"",""parent_match_method"":""""}","Evidence row; correlate by combination_sku, component_sku and quantity.",,BLOCKED,BLOCKED,COMPONENT_SKU_NOT_FOUND,PLACEHOLDER_UNRESOLVED,PLACEHOLDER_UNRESOLVED,YES,YES,LOW,Exact 001A.0 evidence retained; no fuzzy identity.,UD-001,PENDING_BUSINESS_REVIEW_PLACEHOLDER_011,YES,PENDING_BUSINESS_REVIEW,PENDING,,,,
WOO_SKU_COMPONENT_LIST,sku_component[3],11738,11716,0201001|0201001|1249001|1249001|0609011|0606011-1,,0609011,1,EXACT,SKU Woo literal: 0201001|0201001|1249001|1249001|0609011|0606011-1,MISSING_PHYSICAL_SKU,,BLOCKED,PRIMARY_WOO,11738,11716,0201001|0201001|1249001|1249001|0609011|0606011-1,"Crudo, Crudo, Azul, Granate",,YES,NO,NO,NO,1,COMPONENT_SKU_NOT_FOUND,"{""quantity_status"":""EXACT"",""physical_match_method"":""MISSING_PHYSICAL_SKU"",""parent_match_method"":""""}","Evidence row; correlate by combination_sku, component_sku and quantity.",,BLOCKED,BLOCKED,COMPONENT_SKU_NOT_FOUND,PLACEHOLDER_UNRESOLVED,PLACEHOLDER_UNRESOLVED,YES,YES,LOW,Exact 001A.0 evidence retained; no fuzzy identity.,UD-001,PENDING_BUSINESS_REVIEW_PLACEHOLDER_011,YES,PENDING_BUSINESS_REVIEW,PENDING,,,,
WOO_SKU_COMPONENT_LIST,sku_component[3],4615,3658,0201001|0201001|1249001|1249001|0609011|0607011,,0609011,1,EXACT,SKU Woo literal: 0201001|0201001|1249001|1249001|0609011|0607011,MISSING_PHYSICAL_SKU,,BLOCKED,PRIMARY_WOO,4615,3658,0201001|0201001|1249001|1249001|0609011|0607011,"Crudo, Crudo, Azul, Rojo",,YES,NO,NO,NO,1,COMPONENT_SKU_NOT_FOUND,"{""quantity_status"":""EXACT"",""physical_match_method"":""MISSING_PHYSICAL_SKU"",""parent_match_method"":""""}","Evidence row; correlate by combination_sku, component_sku and quantity.",,BLOCKED,BLOCKED,COMPONENT_SKU_NOT_FOUND,PLACEHOLDER_UNRESOLVED,PLACEHOLDER_UNRESOLVED,YES,YES,LOW,Exact 001A.0 evidence retained; no fuzzy identity.,UD-001,PENDING_BUSINESS_REVIEW_PLACEHOLDER_011,YES,PENDING_BUSINESS_REVIEW,PENDING,,,,
WOO_SKU_COMPONENT_LIST,sku_component[3],11740,11716,0201001|0201001|1249001|1249001|0609011|0607011-1,,0609011,1,EXACT,SKU Woo literal: 0201001|0201001|1249001|1249001|0609011|0607011-1,MISSING_PHYSICAL_SKU,,BLOCKED,PRIMARY_WOO,11740,11716,0201001|0201001|1249001|1249001|0609011|0607011-1,"Crudo, Crudo, Azul, Rojo",,YES,NO,NO,NO,1,COMPONENT_SKU_NOT_FOUND,"{""quantity_status"":""EXACT"",""physical_match_method"":""MISSING_PHYSICAL_SKU"",""parent_match_method"":""""}","Evidence row; correlate by combination_sku, component_sku and quantity.",,BLOCKED,BLOCKED,COMPONENT_SKU_NOT_FOUND,PLACEHOLDER_UNRESOLVED,PLACEHOLDER_UNRESOLVED,YES,YES,LOW,Exact 001A.0 evidence retained; no fuzzy identity.,UD-001,PENDING_BUSINESS_REVIEW_PLACEHOLDER_011,YES,PENDING_BUSINESS_REVIEW,PENDING,,,,
WOO_SKU_COMPONENT_LIST,sku_component[3],4610,3658,0201001|0201001|1249001|1249001|0609011|0608011,,0609011,1,EXACT,SKU Woo literal: 0201001|0201001|1249001|1249001|0609011|0608011,MISSING_PHYSICAL_SKU,,BLOCKED,PRIMARY_WOO,4610,3658,0201001|0201001|1249001|1249001|0609011|0608011,"Crudo, Crudo, Azul, Crudo",,YES,NO,NO,NO,1,COMPONENT_SKU_NOT_FOUND,"{""quantity_status"":""EXACT"",""physical_match_method"":""MISSING_PHYSICAL_SKU"",""parent_match_method"":""""}","Evidence row; correlate by combination_sku, component_sku and quantity.",,BLOCKED,BLOCKED,COMPONENT_SKU_NOT_FOUND,PLACEHOLDER_UNRESOLVED,PLACEHOLDER_UNRESOLVED,YES,YES,LOW,Exact 001A.0 evidence retained; no fuzzy identity.,UD-001,PENDING_BUSINESS_REVIEW_PLACEHOLDER_011,YES,PENDING_BUSINESS_REVIEW,PENDING,,,,
WOO_SKU_COMPONENT_LIST,sku_component[3],11737,11716,0201001|0201001|1249001|1249001|0609011|0608011-1,,0609011,1,EXACT,SKU Woo literal: 0201001|0201001|1249001|1249001|0609011|0608011-1,MISSING_PHYSICAL_SKU,,BLOCKED,PRIMARY_WOO,11737,11716,0201001|0201001|1249001|1249001|0609011|0608011-1,"Crudo, Crudo, Azul, Crudo",,YES,NO,NO,NO,1,COMPONENT_SKU_NOT_FOUND,"{""quantity_status"":""EXACT"",""physical_match_method"":""MISSING_PHYSICAL_SKU"",""parent_match_method"":""""}","Evidence row; correlate by combination_sku, component_sku and quantity.",,BLOCKED,BLOCKED,COMPONENT_SKU_NOT_FOUND,PLACEHOLDER_UNRESOLVED,PLACEHOLDER_UNRESOLVED,YES,YES,LOW,Exact 001A.0 evidence retained; no fuzzy identity.,UD-001,PENDING_BUSINESS_REVIEW_PLACEHOLDER_011,YES,PENDING_BUSINESS_REVIEW,PENDING,,,,
WOO_SKU_COMPONENT_LIST,sku_component[3],4588,3658,0201001|0201001|1249001|1249001|0609011|0609011,,0609011,2,EXACT,SKU Woo literal: 0201001|0201001|1249001|1249001|0609011|0609011,MISSING_PHYSICAL_SKU,,BLOCKED,PRIMARY_WOO,4588,3658,0201001|0201001|1249001|1249001|0609011|0609011,"Crudo, Crudo, Azul, Azul",,YES,NO,NO,NO,1,COMPONENT_SKU_NOT_FOUND,"{""quantity_status"":""EXACT"",""physical_match_method"":""MISSING_PHYSICAL_SKU"",""parent_match_method"":""""}","Evidence row; correlate by combination_sku, component_sku and quantity.",,BLOCKED,BLOCKED,COMPONENT_SKU_NOT_FOUND,PLACEHOLDER_UNRESOLVED,PLACEHOLDER_UNRESOLVED,YES,YES,LOW,Exact 001A.0 evidence retained; no fuzzy identity.,UD-001,PENDING_BUSINESS_REVIEW_PLACEHOLDER_011,YES,PENDING_BUSINESS_REVIEW,PENDING,,,,
WOO_SKU_COMPONENT_LIST,sku_component[3],11722,11716,0201001|0201001|1249001|1249001|0609011|0609011-1,,0609011,1,EXACT,SKU Woo literal: 0201001|0201001|1249001|1249001|0609011|0609011-1,MISSING_PHYSICAL_SKU,,BLOCKED,PRIMARY_WOO,11722,11716,0201001|0201001|1249001|1249001|0609011|0609011-1,"Crudo, Crudo, Azul, Azul",,YES,NO,NO,NO,1,COMPONENT_SKU_NOT_FOUND,"{""quantity_status"":""EXACT"",""physical_match_method"":""MISSING_PHYSICAL_SKU"",""parent_match_method"":""""}","Evidence row; correlate by combination_sku, component_sku and quantity.",,BLOCKED,BLOCKED,COMPONENT_SKU_NOT_FOUND,PLACEHOLDER_UNRESOLVED,PLACEHOLDER_UNRESOLVED,YES,YES,LOW,Exact 001A.0 evidence retained; no fuzzy identity.,UD-001,PENDING_BUSINESS_REVIEW_PLACEHOLDER_011,YES,PENDING_BUSINESS_REVIEW,PENDING,,,,
WOO_SKU_COMPONENT_LIST,sku_component[3],4608,3658,0201001|0201001|1249001|1249001|0609011|0615011,,0609011,1,EXACT,SKU Woo literal: 0201001|0201001|1249001|1249001|0609011|0615011,MISSING_PHYSICAL_SKU,,BLOCKED,PRIMARY_WOO,4608,3658,0201001|0201001|1249001|1249001|0609011|0615011,"Crudo, Crudo, Azul, Amarillo",,YES,NO,NO,NO,1,COMPONENT_SKU_NOT_FOUND,"{""quantity_status"":""EXACT"",""physical_match_method"":""MISSING_PHYSICAL_SKU"",""parent_match_method"":""""}","Evidence row; correlate by combination_sku, component_sku and quantity.",,BLOCKED,BLOCKED,COMPONENT_SKU_NOT_FOUND,PLACEHOLDER_UNRESOLVED,PLACEHOLDER_UNRESOLVED,YES,YES,LOW,Exact 001A.0 evidence retained; no fuzzy identity.,UD-001,PENDING_BUSINESS_REVIEW_PLACEHOLDER_011,YES,PENDING_BUSINESS_REVIEW,PENDING,,,,
WOO_SKU_COMPONENT_LIST,sku_component[3],11736,11716,0201001|0201001|1249001|1249001|0609011|0615011-1,,0609011,1,EXACT,SKU Woo literal: 0201001|0201001|1249001|1249001|0609011|0615011-1,MISSING_PHYSICAL_SKU,,BLOCKED,PRIMARY_WOO,11736,11716,0201001|0201001|1249001|1249001|0609011|0615011-1,"Crudo, Crudo, Azul, Amarillo",,YES,NO,NO,NO,1,COMPONENT_SKU_NOT_FOUND,"{""quantity_status"":""EXACT"",""physical_match_method"":""MISSING_PHYSICAL_SKU"",""parent_match_method"":""""}","Evidence row; correlate by combination_sku, component_sku and quantity.",,BLOCKED,BLOCKED,COMPONENT_SKU_NOT_FOUND,PLACEHOLDER_UNRESOLVED,PLACEHOLDER_UNRESOLVED,YES,YES,LOW,Exact 001A.0 evidence retained; no fuzzy identity.,UD-001,PENDING_BUSINESS_REVIEW_PLACEHOLDER_011,YES,PENDING_BUSINESS_REVIEW,PENDING,,,,
WOO_SKU_COMPONENT_LIST,sku_component[3],4614,3658,0201001|0201001|1249001|1249001|0609011|0616011,,0609011,1,EXACT,SKU Woo literal: 0201001|0201001|1249001|1249001|0609011|0616011,MISSING_PHYSICAL_SKU,,BLOCKED,PRIMARY_WOO,4614,3658,0201001|0201001|1249001|1249001|0609011|0616011,"Crudo, Crudo, Azul, Negro",,YES,NO,NO,NO,1,COMPONENT_SKU_NOT_FOUND,"{""quantity_status"":""EXACT"",""physical_match_method"":""MISSING_PHYSICAL_SKU"",""parent_match_method"":""""}","Evidence row; correlate by combination_sku, component_sku and quantity.",,BLOCKED,BLOCKED,COMPONENT_SKU_NOT_FOUND,PLACEHOLDER_UNRESOLVED,PLACEHOLDER_UNRESOLVED,YES,YES,LOW,Exact 001A.0 evidence retained; no fuzzy identity.,UD-001,PENDING_BUSINESS_REVIEW_PLACEHOLDER_011,YES,PENDING_BUSINESS_REVIEW,PENDING,,,,
WOO_SKU_COMPONENT_LIST,sku_component[3],11739,11716,0201001|0201001|1249001|1249001|0609011|0616011-1,,0609011,1,EXACT,SKU Woo literal: 0201001|0201001|1249001|1249001|0609011|0616011-1,MISSING_PHYSICAL_SKU,,BLOCKED,PRIMARY_WOO,11739,11716,0201001|0201001|1249001|1249001|0609011|0616011-1,"Crudo, Crudo, Azul, Negro",,YES,NO,NO,NO,1,COMPONENT_SKU_NOT_FOUND,"{""quantity_status"":""EXACT"",""physical_match_method"":""MISSING_PHYSICAL_SKU"",""parent_match_method"":""""}","Evidence row; correlate by combination_sku, component_sku and quantity.",,BLOCKED,BLOCKED,COMPONENT_SKU_NOT_FOUND,PLACEHOLDER_UNRESOLVED,PLACEHOLDER_UNRESOLVED,YES,YES,LOW,Exact 001A.0 evidence retained; no fuzzy identity.,UD-001,PENDING_BUSINESS_REVIEW_PLACEHOLDER_011,YES,PENDING_BUSINESS_REVIEW,PENDING,,,,
WOO_SKU_COMPONENT_LIST,sku_component[3],4601,3658,0201001|0201001|1249001|1249001|0615011|0606011,,0615011,1,EXACT,SKU Woo literal: 0201001|0201001|1249001|1249001|0615011|0606011,MISSING_PHYSICAL_SKU,,BLOCKED,PRIMARY_WOO,4601,3658,0201001|0201001|1249001|1249001|0615011|0606011,"Crudo, Crudo, Amarillo, Granate",,YES,NO,NO,NO,1,COMPONENT_SKU_NOT_FOUND,"{""quantity_status"":""EXACT"",""physical_match_method"":""MISSING_PHYSICAL_SKU"",""parent_match_method"":""""}","Evidence row; correlate by combination_sku, component_sku and quantity.",,BLOCKED,BLOCKED,COMPONENT_SKU_NOT_FOUND,PLACEHOLDER_UNRESOLVED,PLACEHOLDER_UNRESOLVED,YES,YES,LOW,Exact 001A.0 evidence retained; no fuzzy identity.,UD-001,PENDING_BUSINESS_REVIEW_PLACEHOLDER_011,YES,PENDING_BUSINESS_REVIEW,PENDING,,,,
WOO_SKU_COMPONENT_LIST,sku_component[3],11733,11716,0201001|0201001|1249001|1249001|0615011|0606011-1,,0615011,1,EXACT,SKU Woo literal: 0201001|0201001|1249001|1249001|0615011|0606011-1,MISSING_PHYSICAL_SKU,,BLOCKED,PRIMARY_WOO,11733,11716,0201001|0201001|1249001|1249001|0615011|0606011-1,"Crudo, Crudo, Amarillo, Granate",,YES,NO,NO,NO,1,COMPONENT_SKU_NOT_FOUND,"{""quantity_status"":""EXACT"",""physical_match_method"":""MISSING_PHYSICAL_SKU"",""parent_match_method"":""""}","Evidence row; correlate by combination_sku, component_sku and quantity.",,BLOCKED,BLOCKED,COMPONENT_SKU_NOT_FOUND,PLACEHOLDER_UNRESOLVED,PLACEHOLDER_UNRESOLVED,YES,YES,LOW,Exact 001A.0 evidence retained; no fuzzy identity.,UD-001,PENDING_BUSINESS_REVIEW_PLACEHOLDER_011,YES,PENDING_BUSINESS_REVIEW,PENDING,,,,
WOO_SKU_COMPONENT_LIST,sku_component[3],4605,3658,0201001|0201001|1249001|1249001|0615011|0607011,,0615011,1,EXACT,SKU Woo literal: 0201001|0201001|1249001|1249001|0615011|0607011,MISSING_PHYSICAL_SKU,,BLOCKED,PRIMARY_WOO,4605,3658,0201001|0201001|1249001|1249001|0615011|0607011,"Crudo, Crudo, Amarillo, Rojo",,YES,NO,NO,NO,1,COMPONENT_SKU_NOT_FOUND,"{""quantity_status"":""EXACT"",""physical_match_method"":""MISSING_PHYSICAL_SKU"",""parent_match_method"":""""}","Evidence row; correlate by combination_sku, component_sku and quantity.",,BLOCKED,BLOCKED,COMPONENT_SKU_NOT_FOUND,PLACEHOLDER_UNRESOLVED,PLACEHOLDER_UNRESOLVED,YES,YES,LOW,Exact 001A.0 evidence retained; no fuzzy identity.,UD-001,PENDING_BUSINESS_REVIEW_PLACEHOLDER_011,YES,PENDING_BUSINESS_REVIEW,PENDING,,,,
WOO_SKU_COMPONENT_LIST,sku_component[3],11735,11716,0201001|0201001|1249001|1249001|0615011|0607011-1,,0615011,1,EXACT,SKU Woo literal: 0201001|0201001|1249001|1249001|0615011|0607011-1,MISSING_PHYSICAL_SKU,,BLOCKED,PRIMARY_WOO,11735,11716,0201001|0201001|1249001|1249001|0615011|0607011-1,"Crudo, Crudo, Amarillo, Rojo",,YES,NO,NO,NO,1,COMPONENT_SKU_NOT_FOUND,"{""quantity_status"":""EXACT"",""physical_match_method"":""MISSING_PHYSICAL_SKU"",""parent_match_method"":""""}","Evidence row; correlate by combination_sku, component_sku and quantity.",,BLOCKED,BLOCKED,COMPONENT_SKU_NOT_FOUND,PLACEHOLDER_UNRESOLVED,PLACEHOLDER_UNRESOLVED,YES,YES,LOW,Exact 001A.0 evidence retained; no fuzzy identity.,UD-001,PENDING_BUSINESS_REVIEW_PLACEHOLDER_011,YES,PENDING_BUSINESS_REVIEW,PENDING,,,,
WOO_SKU_COMPONENT_LIST,sku_component[3],4600,3658,0201001|0201001|1249001|1249001|0615011|0608011,,0615011,1,EXACT,SKU Woo literal: 0201001|0201001|1249001|1249001|0615011|0608011,MISSING_PHYSICAL_SKU,,BLOCKED,PRIMARY_WOO,4600,3658,0201001|0201001|1249001|1249001|0615011|0608011,"Crudo, Crudo, Amarillo, Crudo",,YES,NO,NO,NO,1,COMPONENT_SKU_NOT_FOUND,"{""quantity_status"":""EXACT"",""physical_match_method"":""MISSING_PHYSICAL_SKU"",""parent_match_method"":""""}","Evidence row; correlate by combination_sku, component_sku and quantity.",,BLOCKED,BLOCKED,COMPONENT_SKU_NOT_FOUND,PLACEHOLDER_UNRESOLVED,PLACEHOLDER_UNRESOLVED,YES,YES,LOW,Exact 001A.0 evidence retained; no fuzzy identity.,UD-001,PENDING_BUSINESS_REVIEW_PLACEHOLDER_011,YES,PENDING_BUSINESS_REVIEW,PENDING,,,,
WOO_SKU_COMPONENT_LIST,sku_component[3],11732,11716,0201001|0201001|1249001|1249001|0615011|0608011-1,,0615011,1,EXACT,SKU Woo literal: 0201001|0201001|1249001|1249001|0615011|0608011-1,MISSING_PHYSICAL_SKU,,BLOCKED,PRIMARY_WOO,11732,11716,0201001|0201001|1249001|1249001|0615011|0608011-1,"Crudo, Crudo, Amarillo, Crudo",,YES,NO,NO,NO,1,COMPONENT_SKU_NOT_FOUND,"{""quantity_status"":""EXACT"",""physical_match_method"":""MISSING_PHYSICAL_SKU"",""parent_match_method"":""""}","Evidence row; correlate by combination_sku, component_sku and quantity.",,BLOCKED,BLOCKED,COMPONENT_SKU_NOT_FOUND,PLACEHOLDER_UNRESOLVED,PLACEHOLDER_UNRESOLVED,YES,YES,LOW,Exact 001A.0 evidence retained; no fuzzy identity.,UD-001,PENDING_BUSINESS_REVIEW_PLACEHOLDER_011,YES,PENDING_BUSINESS_REVIEW,PENDING,,,,
WOO_SKU_COMPONENT_LIST,sku_component[3],4598,3658,0201001|0201001|1249001|1249001|0615011|0609011,,0615011,1,EXACT,SKU Woo literal: 0201001|0201001|1249001|1249001|0615011|0609011,MISSING_PHYSICAL_SKU,,BLOCKED,PRIMARY_WOO,4598,3658,0201001|0201001|1249001|1249001|0615011|0609011,"Crudo, Crudo, Amarillo, Azul",,YES,NO,NO,NO,1,COMPONENT_SKU_NOT_FOUND,"{""quantity_status"":""EXACT"",""physical_match_method"":""MISSING_PHYSICAL_SKU"",""parent_match_method"":""""}","Evidence row; correlate by combination_sku, component_sku and quantity.",,BLOCKED,BLOCKED,COMPONENT_SKU_NOT_FOUND,PLACEHOLDER_UNRESOLVED,PLACEHOLDER_UNRESOLVED,YES,YES,LOW,Exact 001A.0 evidence retained; no fuzzy identity.,UD-001,PENDING_BUSINESS_REVIEW_PLACEHOLDER_011,YES,PENDING_BUSINESS_REVIEW,PENDING,,,,
WOO_SKU_COMPONENT_LIST,sku_component[3],11730,11716,0201001|0201001|1249001|1249001|0615011|0609011-1,,0615011,1,EXACT,SKU Woo literal: 0201001|0201001|1249001|1249001|0615011|0609011-1,MISSING_PHYSICAL_SKU,,BLOCKED,PRIMARY_WOO,11730,11716,0201001|0201001|1249001|1249001|0615011|0609011-1,"Crudo, Crudo, Amarillo, Azul",,YES,NO,NO,NO,1,COMPONENT_SKU_NOT_FOUND,"{""quantity_status"":""EXACT"",""physical_match_method"":""MISSING_PHYSICAL_SKU"",""parent_match_method"":""""}","Evidence row; correlate by combination_sku, component_sku and quantity.",,BLOCKED,BLOCKED,COMPONENT_SKU_NOT_FOUND,PLACEHOLDER_UNRESOLVED,PLACEHOLDER_UNRESOLVED,YES,YES,LOW,Exact 001A.0 evidence retained; no fuzzy identity.,UD-001,PENDING_BUSINESS_REVIEW_PLACEHOLDER_011,YES,PENDING_BUSINESS_REVIEW,PENDING,,,,
WOO_SKU_COMPONENT_LIST,sku_component[3],4587,3658,0201001|0201001|1249001|1249001|0615011|0615011,,0615011,2,EXACT,SKU Woo literal: 0201001|0201001|1249001|1249001|0615011|0615011,MISSING_PHYSICAL_SKU,,BLOCKED,PRIMARY_WOO,4587,3658,0201001|0201001|1249001|1249001|0615011|0615011,"Crudo, Crudo, Amarillo, Amarillo",,YES,NO,NO,NO,1,COMPONENT_SKU_NOT_FOUND,"{""quantity_status"":""EXACT"",""physical_match_method"":""MISSING_PHYSICAL_SKU"",""parent_match_method"":""""}","Evidence row; correlate by combination_sku, component_sku and quantity.",,BLOCKED,BLOCKED,COMPONENT_SKU_NOT_FOUND,PLACEHOLDER_UNRESOLVED,PLACEHOLDER_UNRESOLVED,YES,YES,LOW,Exact 001A.0 evidence retained; no fuzzy identity.,UD-001,PENDING_BUSINESS_REVIEW_PLACEHOLDER_011,YES,PENDING_BUSINESS_REVIEW,PENDING,,,,
WOO_SKU_COMPONENT_LIST,sku_component[3],11721,11716,0201001|0201001|1249001|1249001|0615011|0615011-1,,0615011,1,EXACT,SKU Woo literal: 0201001|0201001|1249001|1249001|0615011|0615011-1,MISSING_PHYSICAL_SKU,,BLOCKED,PRIMARY_WOO,11721,11716,0201001|0201001|1249001|1249001|0615011|0615011-1,"Crudo, Crudo, Amarillo, Amarillo",,YES,NO,NO,NO,1,COMPONENT_SKU_NOT_FOUND,"{""quantity_status"":""EXACT"",""physical_match_method"":""MISSING_PHYSICAL_SKU"",""parent_match_method"":""""}","Evidence row; correlate by combination_sku, component_sku and quantity.",,BLOCKED,BLOCKED,COMPONENT_SKU_NOT_FOUND,PLACEHOLDER_UNRESOLVED,PLACEHOLDER_UNRESOLVED,YES,YES,LOW,Exact 001A.0 evidence retained; no fuzzy identity.,UD-001,PENDING_BUSINESS_REVIEW_PLACEHOLDER_011,YES,PENDING_BUSINESS_REVIEW,PENDING,,,,
WOO_SKU_COMPONENT_LIST,sku_component[3],11734,11716,0201001|0201001|1249001|1249001|0615011|0616011-1,,0615011,1,EXACT,SKU Woo literal: 0201001|0201001|1249001|1249001|0615011|0616011-1,MISSING_PHYSICAL_SKU,,BLOCKED,PRIMARY_WOO,11734,11716,0201001|0201001|1249001|1249001|0615011|0616011-1,"Crudo, Crudo, Amarillo, Negro",,YES,NO,NO,NO,1,COMPONENT_SKU_NOT_FOUND,"{""quantity_status"":""EXACT"",""physical_match_method"":""MISSING_PHYSICAL_SKU"",""parent_match_method"":""""}","Evidence row; correlate by combination_sku, component_sku and quantity.",,BLOCKED,BLOCKED,COMPONENT_SKU_NOT_FOUND,PLACEHOLDER_UNRESOLVED,PLACEHOLDER_UNRESOLVED,YES,YES,LOW,Exact 001A.0 evidence retained; no fuzzy identity.,UD-001,PENDING_BUSINESS_REVIEW_PLACEHOLDER_011,YES,PENDING_BUSINESS_REVIEW,PENDING,,,,
WOO_SKU_COMPONENT_LIST,sku_component[3],4672,3658,0201001|0201001|1249001|1249001|0616011|0606011,,0616011,1,EXACT,SKU Woo literal: 0201001|0201001|1249001|1249001|0616011|0606011,MISSING_PHYSICAL_SKU,,BLOCKED,PRIMARY_WOO,4672,3658,0201001|0201001|1249001|1249001|0616011|0606011,"Crudo, Crudo, Negro, Granate",,YES,NO,NO,NO,1,COMPONENT_SKU_NOT_FOUND,"{""quantity_status"":""EXACT"",""physical_match_method"":""MISSING_PHYSICAL_SKU"",""parent_match_method"":""""}","Evidence row; correlate by combination_sku, component_sku and quantity.",,BLOCKED,BLOCKED,COMPONENT_SKU_NOT_FOUND,PLACEHOLDER_UNRESOLVED,PLACEHOLDER_UNRESOLVED,YES,YES,LOW,Exact 001A.0 evidence retained; no fuzzy identity.,UD-001,PENDING_BUSINESS_REVIEW_PLACEHOLDER_011,YES,PENDING_BUSINESS_REVIEW,PENDING,,,,
WOO_SKU_COMPONENT_LIST,sku_component[3],11754,11716,0201001|0201001|1249001|1249001|0616011|0606011-1,,0616011,1,EXACT,SKU Woo literal: 0201001|0201001|1249001|1249001|0616011|0606011-1,MISSING_PHYSICAL_SKU,,BLOCKED,PRIMARY_WOO,11754,11716,0201001|0201001|1249001|1249001|0616011|0606011-1,"Crudo, Crudo, Negro, Granate",,YES,NO,NO,NO,1,COMPONENT_SKU_NOT_FOUND,"{""quantity_status"":""EXACT"",""physical_match_method"":""MISSING_PHYSICAL_SKU"",""parent_match_method"":""""}","Evidence row; correlate by combination_sku, component_sku and quantity.",,BLOCKED,BLOCKED,COMPONENT_SKU_NOT_FOUND,PLACEHOLDER_UNRESOLVED,PLACEHOLDER_UNRESOLVED,YES,YES,LOW,Exact 001A.0 evidence retained; no fuzzy identity.,UD-001,PENDING_BUSINESS_REVIEW_PLACEHOLDER_011,YES,PENDING_BUSINESS_REVIEW,PENDING,,,,
WOO_SKU_COMPONENT_LIST,sku_component[3],4675,3658,0201001|0201001|1249001|1249001|0616011|0607011,,0616011,1,EXACT,SKU Woo literal: 0201001|0201001|1249001|1249001|0616011|0607011,MISSING_PHYSICAL_SKU,,BLOCKED,PRIMARY_WOO,4675,3658,0201001|0201001|1249001|1249001|0616011|0607011,"Crudo, Crudo, Negro, Rojo",,YES,NO,NO,NO,1,COMPONENT_SKU_NOT_FOUND,"{""quantity_status"":""EXACT"",""physical_match_method"":""MISSING_PHYSICAL_SKU"",""parent_match_method"":""""}","Evidence row; correlate by combination_sku, component_sku and quantity.",,BLOCKED,BLOCKED,COMPONENT_SKU_NOT_FOUND,PLACEHOLDER_UNRESOLVED,PLACEHOLDER_UNRESOLVED,YES,YES,LOW,Exact 001A.0 evidence retained; no fuzzy identity.,UD-001,PENDING_BUSINESS_REVIEW_PLACEHOLDER_011,YES,PENDING_BUSINESS_REVIEW,PENDING,,,,
WOO_SKU_COMPONENT_LIST,sku_component[3],11755,11716,0201001|0201001|1249001|1249001|0616011|0607011-1,,0616011,1,EXACT,SKU Woo literal: 0201001|0201001|1249001|1249001|0616011|0607011-1,MISSING_PHYSICAL_SKU,,BLOCKED,PRIMARY_WOO,11755,11716,0201001|0201001|1249001|1249001|0616011|0607011-1,"Crudo, Crudo, Negro, Rojo",,YES,NO,NO,NO,1,COMPONENT_SKU_NOT_FOUND,"{""quantity_status"":""EXACT"",""physical_match_method"":""MISSING_PHYSICAL_SKU"",""parent_match_method"":""""}","Evidence row; correlate by combination_sku, component_sku and quantity.",,BLOCKED,BLOCKED,COMPONENT_SKU_NOT_FOUND,PLACEHOLDER_UNRESOLVED,PLACEHOLDER_UNRESOLVED,YES,YES,LOW,Exact 001A.0 evidence retained; no fuzzy identity.,UD-001,PENDING_BUSINESS_REVIEW_PLACEHOLDER_011,YES,PENDING_BUSINESS_REVIEW,PENDING,,,,
WOO_SKU_COMPONENT_LIST,sku_component[3],4671,3658,0201001|0201001|1249001|1249001|0616011|0608007,,0616011,1,EXACT,SKU Woo literal: 0201001|0201001|1249001|1249001|0616011|0608007,MISSING_PHYSICAL_SKU,,BLOCKED,PRIMARY_WOO,4671,3658,0201001|0201001|1249001|1249001|0616011|0608007,"Crudo, Crudo, Negro, Crudo",,YES,NO,NO,NO,1,COMPONENT_SKU_NOT_FOUND,"{""quantity_status"":""EXACT"",""physical_match_method"":""MISSING_PHYSICAL_SKU"",""parent_match_method"":""""}","Evidence row; correlate by combination_sku, component_sku and quantity.",,BLOCKED,BLOCKED,COMPONENT_SKU_NOT_FOUND,PLACEHOLDER_UNRESOLVED,PLACEHOLDER_UNRESOLVED,YES,YES,LOW,Exact 001A.0 evidence retained; no fuzzy identity.,UD-001,PENDING_BUSINESS_REVIEW_PLACEHOLDER_011,YES,PENDING_BUSINESS_REVIEW,PENDING,,,,
WOO_SKU_COMPONENT_LIST,sku_component[3],11753,11716,0201001|0201001|1249001|1249001|0616011|0608011-1,,0616011,1,EXACT,SKU Woo literal: 0201001|0201001|1249001|1249001|0616011|0608011-1,MISSING_PHYSICAL_SKU,,BLOCKED,PRIMARY_WOO,11753,11716,0201001|0201001|1249001|1249001|0616011|0608011-1,"Crudo, Crudo, Negro, Crudo",,YES,NO,NO,NO,1,COMPONENT_SKU_NOT_FOUND,"{""quantity_status"":""EXACT"",""physical_match_method"":""MISSING_PHYSICAL_SKU"",""parent_match_method"":""""}","Evidence row; correlate by combination_sku, component_sku and quantity.",,BLOCKED,BLOCKED,COMPONENT_SKU_NOT_FOUND,PLACEHOLDER_UNRESOLVED,PLACEHOLDER_UNRESOLVED,YES,YES,LOW,Exact 001A.0 evidence retained; no fuzzy identity.,UD-001,PENDING_BUSINESS_REVIEW_PLACEHOLDER_011,YES,PENDING_BUSINESS_REVIEW,PENDING,,,,
WOO_SKU_COMPONENT_LIST,sku_component[3],4669,3658,0201001|0201001|1249001|1249001|0616011|0609011,,0616011,1,EXACT,SKU Woo literal: 0201001|0201001|1249001|1249001|0616011|0609011,MISSING_PHYSICAL_SKU,,BLOCKED,PRIMARY_WOO,4669,3658,0201001|0201001|1249001|1249001|0616011|0609011,"Crudo, Crudo, Negro, Azul",,YES,NO,NO,NO,1,COMPONENT_SKU_NOT_FOUND,"{""quantity_status"":""EXACT"",""physical_match_method"":""MISSING_PHYSICAL_SKU"",""parent_match_method"":""""}","Evidence row; correlate by combination_sku, component_sku and quantity.",,BLOCKED,BLOCKED,COMPONENT_SKU_NOT_FOUND,PLACEHOLDER_UNRESOLVED,PLACEHOLDER_UNRESOLVED,YES,YES,LOW,Exact 001A.0 evidence retained; no fuzzy identity.,UD-001,PENDING_BUSINESS_REVIEW_PLACEHOLDER_011,YES,PENDING_BUSINESS_REVIEW,PENDING,,,,
WOO_SKU_COMPONENT_LIST,sku_component[3],11752,11716,0201001|0201001|1249001|1249001|0616011|0609011-1,,0616011,1,EXACT,SKU Woo literal: 0201001|0201001|1249001|1249001|0616011|0609011-1,MISSING_PHYSICAL_SKU,,BLOCKED,PRIMARY_WOO,11752,11716,0201001|0201001|1249001|1249001|0616011|0609011-1,"Crudo, Crudo, Negro, Azul",,YES,NO,NO,NO,1,COMPONENT_SKU_NOT_FOUND,"{""quantity_status"":""EXACT"",""physical_match_method"":""MISSING_PHYSICAL_SKU"",""parent_match_method"":""""}","Evidence row; correlate by combination_sku, component_sku and quantity.",,BLOCKED,BLOCKED,COMPONENT_SKU_NOT_FOUND,PLACEHOLDER_UNRESOLVED,PLACEHOLDER_UNRESOLVED,YES,YES,LOW,Exact 001A.0 evidence retained; no fuzzy identity.,UD-001,PENDING_BUSINESS_REVIEW_PLACEHOLDER_011,YES,PENDING_BUSINESS_REVIEW,PENDING,,,,
WOO_SKU_COMPONENT_LIST,sku_component[3],4668,3658,0201001|0201001|1249001|1249001|0616011|0615011,,0616011,1,EXACT,SKU Woo literal: 0201001|0201001|1249001|1249001|0616011|0615011,MISSING_PHYSICAL_SKU,,BLOCKED,PRIMARY_WOO,4668,3658,0201001|0201001|1249001|1249001|0616011|0615011,"Crudo, Crudo, Negro, Amarillo",,YES,NO,NO,NO,1,COMPONENT_SKU_NOT_FOUND,"{""quantity_status"":""EXACT"",""physical_match_method"":""MISSING_PHYSICAL_SKU"",""parent_match_method"":""""}","Evidence row; correlate by combination_sku, component_sku and quantity.",,BLOCKED,BLOCKED,COMPONENT_SKU_NOT_FOUND,PLACEHOLDER_UNRESOLVED,PLACEHOLDER_UNRESOLVED,YES,YES,LOW,Exact 001A.0 evidence retained; no fuzzy identity.,UD-001,PENDING_BUSINESS_REVIEW_PLACEHOLDER_011,YES,PENDING_BUSINESS_REVIEW,PENDING,,,,
WOO_SKU_COMPONENT_LIST,sku_component[3],11751,11716,0201001|0201001|1249001|1249001|0616011|0615011-1,,0616011,1,EXACT,SKU Woo literal: 0201001|0201001|1249001|1249001|0616011|0615011-1,MISSING_PHYSICAL_SKU,,BLOCKED,PRIMARY_WOO,11751,11716,0201001|0201001|1249001|1249001|0616011|0615011-1,"Crudo, Crudo, Negro, Amarillo",,YES,NO,NO,NO,1,COMPONENT_SKU_NOT_FOUND,"{""quantity_status"":""EXACT"",""physical_match_method"":""MISSING_PHYSICAL_SKU"",""parent_match_method"":""""}","Evidence row; correlate by combination_sku, component_sku and quantity.",,BLOCKED,BLOCKED,COMPONENT_SKU_NOT_FOUND,PLACEHOLDER_UNRESOLVED,PLACEHOLDER_UNRESOLVED,YES,YES,LOW,Exact 001A.0 evidence retained; no fuzzy identity.,UD-001,PENDING_BUSINESS_REVIEW_PLACEHOLDER_011,YES,PENDING_BUSINESS_REVIEW,PENDING,,,,
WOO_SKU_COMPONENT_LIST,sku_component[3],4594,3658,0201001|0201001|1249001|1249001|0616011|0616011,,0616011,2,EXACT,SKU Woo literal: 0201001|0201001|1249001|1249001|0616011|0616011,MISSING_PHYSICAL_SKU,,BLOCKED,PRIMARY_WOO,4594,3658,0201001|0201001|1249001|1249001|0616011|0616011,"Crudo, Crudo, Negro, Negro",,YES,NO,NO,NO,1,COMPONENT_SKU_NOT_FOUND,"{""quantity_status"":""EXACT"",""physical_match_method"":""MISSING_PHYSICAL_SKU"",""parent_match_method"":""""}","Evidence row; correlate by combination_sku, component_sku and quantity.",,BLOCKED,BLOCKED,COMPONENT_SKU_NOT_FOUND,PLACEHOLDER_UNRESOLVED,PLACEHOLDER_UNRESOLVED,YES,YES,LOW,Exact 001A.0 evidence retained; no fuzzy identity.,UD-001,PENDING_BUSINESS_REVIEW_PLACEHOLDER_011,YES,PENDING_BUSINESS_REVIEW,PENDING,,,,
WOO_SKU_COMPONENT_LIST,sku_component[3],11727,11716,0201001|0201001|1249001|1249001|0616011|0616011-1,,0616011,1,EXACT,SKU Woo literal: 0201001|0201001|1249001|1249001|0616011|0616011-1,MISSING_PHYSICAL_SKU,,BLOCKED,PRIMARY_WOO,11727,11716,0201001|0201001|1249001|1249001|0616011|0616011-1,"Crudo, Crudo, Negro, Negro",,YES,NO,NO,NO,1,COMPONENT_SKU_NOT_FOUND,"{""quantity_status"":""EXACT"",""physical_match_method"":""MISSING_PHYSICAL_SKU"",""parent_match_method"":""""}","Evidence row; correlate by combination_sku, component_sku and quantity.",,BLOCKED,BLOCKED,COMPONENT_SKU_NOT_FOUND,PLACEHOLDER_UNRESOLVED,PLACEHOLDER_UNRESOLVED,YES,YES,LOW,Exact 001A.0 evidence retained; no fuzzy identity.,UD-001,PENDING_BUSINESS_REVIEW_PLACEHOLDER_011,YES,PENDING_BUSINESS_REVIEW,PENDING,,,,
WOO_SKU_COMPONENT_LIST,sku_component[3],4604,3658,0201001|0201001|1249001|1249001|0619007|0616011,,0619007,1,EXACT,SKU Woo literal: 0201001|0201001|1249001|1249001|0619007|0616011,EXACT_SKU,619007,EXACT,PRIMARY_WOO,4604,3658,0201001|0201001|1249001|1249001|0619007|0616011,"Crudo, Crudo, Marrón, Negro",619007,YES,NO,NO,NO,1,COMPOSITION_EXACT_WOO,,"Evidence row; correlate by combination_sku, component_sku and quantity.",,EXACT,EXACT,COMPOSITION_EXACT_WOO,COMPOSITION_EXACT_WOO,UNCHANGED_EXACT_EVIDENCE,YES,NO,HIGH,Exact 001A.0 evidence retained; no fuzzy identity.,UD-001,PENDING_BUSINESS_REVIEW_PLACEHOLDER_011,NO_RELATED_COMBINATION,PENDING_BUSINESS_REVIEW,PENDING,,,,
WOO_SKU_COMPONENT_LIST,sku_component[3],7340,7332,0504011|0724003|0606002-1,,0606002-1,1,EXACT,SKU Woo literal: 0504011|0724003|0606002-1,NO_EXACT_WOO_SKU_FULL,,BLOCKED,PRIMARY_WOO,7340,7332,0504011|0724003|0606002-1,"Futón de algodón, 140x200x14,5 cm, Granate",,YES,NO,NO,NO,1,COMPONENT_SKU_NOT_FOUND,"{""quantity_status"":""EXACT"",""physical_match_method"":""MISSING_PHYSICAL_SKU"",""parent_match_method"":""""}","Evidence row; correlate by combination_sku, component_sku and quantity.",,BLOCKED,BLOCKED,COMPONENT_SKU_NOT_FOUND,SUFFIXED_ITEM_NOT_FOUND,EXACT_FULL_SKU_NO_SUFFIX_NORMALIZATION,YES,YES,LOW,Exact 001A.0 evidence retained; no fuzzy identity.,TECH-001,UNRESOLVED_EXACT_EVIDENCE_OUTSIDE_BUSINESS_SCOPE,YES_NONEXACT,PENDING_TECHNICAL_EVIDENCE,NOT_SUBMITTED_TECHNICAL,,SUFFIXED_ITEM_NOT_FOUND,INFORMATIONAL_ONLY_NEVER_MATCHED,No exact Woo node for full SKU 0606002-1; base candidate ignored.
WOO_SKU_COMPONENT_LIST,sku_component[3],7343,7332,0504011|0724003|0607002-1,,0607002-1,1,EXACT,SKU Woo literal: 0504011|0724003|0607002-1,NO_EXACT_WOO_SKU_FULL,,BLOCKED,PRIMARY_WOO,7343,7332,0504011|0724003|0607002-1,"Futón de algodón, 140x200x14,5 cm, Rojo",,YES,NO,NO,NO,1,COMPONENT_SKU_NOT_FOUND,"{""quantity_status"":""EXACT"",""physical_match_method"":""MISSING_PHYSICAL_SKU"",""parent_match_method"":""""}","Evidence row; correlate by combination_sku, component_sku and quantity.",,BLOCKED,BLOCKED,COMPONENT_SKU_NOT_FOUND,SUFFIXED_ITEM_NOT_FOUND,EXACT_FULL_SKU_NO_SUFFIX_NORMALIZATION,YES,YES,LOW,Exact 001A.0 evidence retained; no fuzzy identity.,TECH-001,UNRESOLVED_EXACT_EVIDENCE_OUTSIDE_BUSINESS_SCOPE,YES_NONEXACT,PENDING_TECHNICAL_EVIDENCE,NOT_SUBMITTED_TECHNICAL,,SUFFIXED_ITEM_NOT_FOUND,INFORMATIONAL_ONLY_NEVER_MATCHED,No exact Woo node for full SKU 0607002-1; base candidate ignored.
WOO_SKU_COMPONENT_LIST,sku_component[3],7339,7332,0504011|0724003|0608002-1,,0608002-1,1,EXACT,SKU Woo literal: 0504011|0724003|0608002-1,NO_EXACT_WOO_SKU_FULL,,BLOCKED,PRIMARY_WOO,7339,7332,0504011|0724003|0608002-1,"Futón de algodón, 140x200x14,5 cm, Crudo",,YES,NO,NO,NO,1,COMPONENT_SKU_NOT_FOUND,"{""quantity_status"":""EXACT"",""physical_match_method"":""MISSING_PHYSICAL_SKU"",""parent_match_method"":""""}","Evidence row; correlate by combination_sku, component_sku and quantity.",,BLOCKED,BLOCKED,COMPONENT_SKU_NOT_FOUND,SUFFIXED_ITEM_NOT_FOUND,EXACT_FULL_SKU_NO_SUFFIX_NORMALIZATION,YES,YES,LOW,Exact 001A.0 evidence retained; no fuzzy identity.,TECH-001,UNRESOLVED_EXACT_EVIDENCE_OUTSIDE_BUSINESS_SCOPE,YES_NONEXACT,PENDING_TECHNICAL_EVIDENCE,NOT_SUBMITTED_TECHNICAL,,SUFFIXED_ITEM_NOT_FOUND,INFORMATIONAL_ONLY_NEVER_MATCHED,No exact Woo node for full SKU 0608002-1; base candidate ignored.
WOO_SKU_COMPONENT_LIST,sku_component[3],7338,7332,0504011|0724003|0609002-1,,0609002-1,1,EXACT,SKU Woo literal: 0504011|0724003|0609002-1,NO_EXACT_WOO_SKU_FULL,,BLOCKED,PRIMARY_WOO,7338,7332,0504011|0724003|0609002-1,"Futón de algodón, 140x200x14,5 cm, Azul",,YES,NO,NO,NO,1,COMPONENT_SKU_NOT_FOUND,"{""quantity_status"":""EXACT"",""physical_match_method"":""MISSING_PHYSICAL_SKU"",""parent_match_method"":""""}","Evidence row; correlate by combination_sku, component_sku and quantity.",,BLOCKED,BLOCKED,COMPONENT_SKU_NOT_FOUND,SUFFIXED_ITEM_NOT_FOUND,EXACT_FULL_SKU_NO_SUFFIX_NORMALIZATION,YES,YES,LOW,Exact 001A.0 evidence retained; no fuzzy identity.,TECH-001,UNRESOLVED_EXACT_EVIDENCE_OUTSIDE_BUSINESS_SCOPE,YES_NONEXACT,PENDING_TECHNICAL_EVIDENCE,NOT_SUBMITTED_TECHNICAL,,SUFFIXED_ITEM_NOT_FOUND,INFORMATIONAL_ONLY_NEVER_MATCHED,No exact Woo node for full SKU 0609002-1; base candidate ignored.
WOO_SKU_COMPONENT_LIST,sku_component[3],7344,7332,0504011|0724003|0614002-1,,0614002-1,1,EXACT,SKU Woo literal: 0504011|0724003|0614002-1,NO_EXACT_WOO_SKU_FULL,,BLOCKED,PRIMARY_WOO,7344,7332,0504011|0724003|0614002-1,"Futón de algodón, 140x200x14,5 cm, Verde",,YES,NO,NO,NO,1,COMPONENT_SKU_NOT_FOUND,"{""quantity_status"":""EXACT"",""physical_match_method"":""MISSING_PHYSICAL_SKU"",""parent_match_method"":""""}","Evidence row; correlate by combination_sku, component_sku and quantity.",,BLOCKED,BLOCKED,COMPONENT_SKU_NOT_FOUND,SUFFIXED_ITEM_NOT_FOUND,EXACT_FULL_SKU_NO_SUFFIX_NORMALIZATION,YES,YES,LOW,Exact 001A.0 evidence retained; no fuzzy identity.,TECH-001,UNRESOLVED_EXACT_EVIDENCE_OUTSIDE_BUSINESS_SCOPE,YES_NONEXACT,PENDING_TECHNICAL_EVIDENCE,NOT_SUBMITTED_TECHNICAL,,SUFFIXED_ITEM_NOT_FOUND,INFORMATIONAL_ONLY_NEVER_MATCHED,No exact Woo node for full SKU 0614002-1; base candidate ignored.
WOO_SKU_COMPONENT_LIST,sku_component[3],7335,7332,0504011|0724003|0615002-1,,0615002-1,1,EXACT,SKU Woo literal: 0504011|0724003|0615002-1,NO_EXACT_WOO_SKU_FULL,,BLOCKED,PRIMARY_WOO,7335,7332,0504011|0724003|0615002-1,"Futón de algodón, 140x200x14,5 cm, Amarillo",,YES,NO,NO,NO,1,COMPONENT_SKU_NOT_FOUND,"{""quantity_status"":""EXACT"",""physical_match_method"":""MISSING_PHYSICAL_SKU"",""parent_match_method"":""""}","Evidence row; correlate by combination_sku, component_sku and quantity.",,BLOCKED,BLOCKED,COMPONENT_SKU_NOT_FOUND,SUFFIXED_ITEM_NOT_FOUND,EXACT_FULL_SKU_NO_SUFFIX_NORMALIZATION,YES,YES,LOW,Exact 001A.0 evidence retained; no fuzzy identity.,TECH-001,UNRESOLVED_EXACT_EVIDENCE_OUTSIDE_BUSINESS_SCOPE,YES_NONEXACT,PENDING_TECHNICAL_EVIDENCE,NOT_SUBMITTED_TECHNICAL,,SUFFIXED_ITEM_NOT_FOUND,INFORMATIONAL_ONLY_NEVER_MATCHED,No exact Woo node for full SKU 0615002-1; base candidate ignored.
WOO_SKU_COMPONENT_LIST,sku_component[3],7342,7332,0504011|0724003|0616002-1,,0616002-1,1,EXACT,SKU Woo literal: 0504011|0724003|0616002-1,NO_EXACT_WOO_SKU_FULL,,BLOCKED,PRIMARY_WOO,7342,7332,0504011|0724003|0616002-1,"Futón de algodón, 140x200x14,5 cm, Negro",,YES,NO,NO,NO,1,COMPONENT_SKU_NOT_FOUND,"{""quantity_status"":""EXACT"",""physical_match_method"":""MISSING_PHYSICAL_SKU"",""parent_match_method"":""""}","Evidence row; correlate by combination_sku, component_sku and quantity.",,BLOCKED,BLOCKED,COMPONENT_SKU_NOT_FOUND,SUFFIXED_ITEM_NOT_FOUND,EXACT_FULL_SKU_NO_SUFFIX_NORMALIZATION,YES,YES,LOW,Exact 001A.0 evidence retained; no fuzzy identity.,TECH-001,UNRESOLVED_EXACT_EVIDENCE_OUTSIDE_BUSINESS_SCOPE,YES_NONEXACT,PENDING_TECHNICAL_EVIDENCE,NOT_SUBMITTED_TECHNICAL,,SUFFIXED_ITEM_NOT_FOUND,INFORMATIONAL_ONLY_NEVER_MATCHED,No exact Woo node for full SKU 0616002-1; base candidate ignored.
WOO_SKU_COMPONENT_LIST,sku_component[3],7334,7332,0504011|0724003|0617002-1,,0617002-1,1,EXACT,SKU Woo literal: 0504011|0724003|0617002-1,NO_EXACT_WOO_SKU_FULL,,BLOCKED,PRIMARY_WOO,7334,7332,0504011|0724003|0617002-1,"Futón de algodón, 140x200x14,5 cm, Gris jaspeado",,YES,NO,NO,NO,1,COMPONENT_SKU_NOT_FOUND,"{""quantity_status"":""EXACT"",""physical_match_method"":""MISSING_PHYSICAL_SKU"",""parent_match_method"":""""}","Evidence row; correlate by combination_sku, component_sku and quantity.",,BLOCKED,BLOCKED,COMPONENT_SKU_NOT_FOUND,SUFFIXED_ITEM_NOT_FOUND,EXACT_FULL_SKU_NO_SUFFIX_NORMALIZATION,YES,YES,LOW,Exact 001A.0 evidence retained; no fuzzy identity.,TECH-001,UNRESOLVED_EXACT_EVIDENCE_OUTSIDE_BUSINESS_SCOPE,YES_NONEXACT,PENDING_TECHNICAL_EVIDENCE,NOT_SUBMITTED_TECHNICAL,,SUFFIXED_ITEM_NOT_FOUND,INFORMATIONAL_ONLY_NEVER_MATCHED,No exact Woo node for full SKU 0617002-1; base candidate ignored.
WOO_SKU_COMPONENT_LIST,sku_component[3],7333,7332,0504011|0724003|0619002-1,,0619002-1,1,EXACT,SKU Woo literal: 0504011|0724003|0619002-1,NO_EXACT_WOO_SKU_FULL,,BLOCKED,PRIMARY_WOO,7333,7332,0504011|0724003|0619002-1,"Futón de algodón, 140x200x14,5 cm, Beige jaspeado",,YES,NO,NO,NO,1,COMPONENT_SKU_NOT_FOUND,"{""quantity_status"":""EXACT"",""physical_match_method"":""MISSING_PHYSICAL_SKU"",""parent_match_method"":""""}","Evidence row; correlate by combination_sku, component_sku and quantity.",,BLOCKED,BLOCKED,COMPONENT_SKU_NOT_FOUND,SUFFIXED_ITEM_NOT_FOUND,EXACT_FULL_SKU_NO_SUFFIX_NORMALIZATION,YES,YES,LOW,Exact 001A.0 evidence retained; no fuzzy identity.,TECH-001,UNRESOLVED_EXACT_EVIDENCE_OUTSIDE_BUSINESS_SCOPE,YES_NONEXACT,PENDING_TECHNICAL_EVIDENCE,NOT_SUBMITTED_TECHNICAL,,SUFFIXED_ITEM_NOT_FOUND,INFORMATIONAL_ONLY_NEVER_MATCHED,No exact Woo node for full SKU 0619002-1; base candidate ignored.
WOO_SKU_COMPONENT_LIST,sku_component[3],7351,7332,0504011|0728002|0606002-1,,0606002-1,1,EXACT,SKU Woo literal: 0504011|0728002|0606002-1,NO_EXACT_WOO_SKU_FULL,,BLOCKED,PRIMARY_WOO,7351,7332,0504011|0728002|0606002-1,"Futón con una capa de látex, 140x200x14,5 cm, Granate",,YES,NO,NO,NO,1,COMPONENT_SKU_NOT_FOUND,"{""quantity_status"":""EXACT"",""physical_match_method"":""MISSING_PHYSICAL_SKU"",""parent_match_method"":""""}","Evidence row; correlate by combination_sku, component_sku and quantity.",,BLOCKED,BLOCKED,COMPONENT_SKU_NOT_FOUND,SUFFIXED_ITEM_NOT_FOUND,EXACT_FULL_SKU_NO_SUFFIX_NORMALIZATION,YES,YES,LOW,Exact 001A.0 evidence retained; no fuzzy identity.,TECH-001,UNRESOLVED_EXACT_EVIDENCE_OUTSIDE_BUSINESS_SCOPE,YES_NONEXACT,PENDING_TECHNICAL_EVIDENCE,NOT_SUBMITTED_TECHNICAL,,SUFFIXED_ITEM_NOT_FOUND,INFORMATIONAL_ONLY_NEVER_MATCHED,No exact Woo node for full SKU 0606002-1; base candidate ignored.
WOO_SKU_COMPONENT_LIST,sku_component[3],7353,7332,0504011|0728002|0607002-1,,0607002-1,1,EXACT,SKU Woo literal: 0504011|0728002|0607002-1,NO_EXACT_WOO_SKU_FULL,,BLOCKED,PRIMARY_WOO,7353,7332,0504011|0728002|0607002-1,"Futón con una capa de látex, 140x200x14,5 cm, Rojo",,YES,NO,NO,NO,1,COMPONENT_SKU_NOT_FOUND,"{""quantity_status"":""EXACT"",""physical_match_method"":""MISSING_PHYSICAL_SKU"",""parent_match_method"":""""}","Evidence row; correlate by combination_sku, component_sku and quantity.",,BLOCKED,BLOCKED,COMPONENT_SKU_NOT_FOUND,SUFFIXED_ITEM_NOT_FOUND,EXACT_FULL_SKU_NO_SUFFIX_NORMALIZATION,YES,YES,LOW,Exact 001A.0 evidence retained; no fuzzy identity.,TECH-001,UNRESOLVED_EXACT_EVIDENCE_OUTSIDE_BUSINESS_SCOPE,YES_NONEXACT,PENDING_TECHNICAL_EVIDENCE,NOT_SUBMITTED_TECHNICAL,,SUFFIXED_ITEM_NOT_FOUND,INFORMATIONAL_ONLY_NEVER_MATCHED,No exact Woo node for full SKU 0607002-1; base candidate ignored.
WOO_SKU_COMPONENT_LIST,sku_component[3],7350,7332,0504011|0728002|0608002-1,,0608002-1,1,EXACT,SKU Woo literal: 0504011|0728002|0608002-1,NO_EXACT_WOO_SKU_FULL,,BLOCKED,PRIMARY_WOO,7350,7332,0504011|0728002|0608002-1,"Futón con una capa de látex, 140x200x14,5 cm, Crudo",,YES,NO,NO,NO,1,COMPONENT_SKU_NOT_FOUND,"{""quantity_status"":""EXACT"",""physical_match_method"":""MISSING_PHYSICAL_SKU"",""parent_match_method"":""""}","Evidence row; correlate by combination_sku, component_sku and quantity.",,BLOCKED,BLOCKED,COMPONENT_SKU_NOT_FOUND,SUFFIXED_ITEM_NOT_FOUND,EXACT_FULL_SKU_NO_SUFFIX_NORMALIZATION,YES,YES,LOW,Exact 001A.0 evidence retained; no fuzzy identity.,TECH-001,UNRESOLVED_EXACT_EVIDENCE_OUTSIDE_BUSINESS_SCOPE,YES_NONEXACT,PENDING_TECHNICAL_EVIDENCE,NOT_SUBMITTED_TECHNICAL,,SUFFIXED_ITEM_NOT_FOUND,INFORMATIONAL_ONLY_NEVER_MATCHED,No exact Woo node for full SKU 0608002-1; base candidate ignored.
WOO_SKU_COMPONENT_LIST,sku_component[3],7349,7332,0504011|0728002|0609002-1,,0609002-1,1,EXACT,SKU Woo literal: 0504011|0728002|0609002-1,NO_EXACT_WOO_SKU_FULL,,BLOCKED,PRIMARY_WOO,7349,7332,0504011|0728002|0609002-1,"Futón con una capa de látex, 140x200x14,5 cm, Azul",,YES,NO,NO,NO,1,COMPONENT_SKU_NOT_FOUND,"{""quantity_status"":""EXACT"",""physical_match_method"":""MISSING_PHYSICAL_SKU"",""parent_match_method"":""""}","Evidence row; correlate by combination_sku, component_sku and quantity.",,BLOCKED,BLOCKED,COMPONENT_SKU_NOT_FOUND,SUFFIXED_ITEM_NOT_FOUND,EXACT_FULL_SKU_NO_SUFFIX_NORMALIZATION,YES,YES,LOW,Exact 001A.0 evidence retained; no fuzzy identity.,TECH-001,UNRESOLVED_EXACT_EVIDENCE_OUTSIDE_BUSINESS_SCOPE,YES_NONEXACT,PENDING_TECHNICAL_EVIDENCE,NOT_SUBMITTED_TECHNICAL,,SUFFIXED_ITEM_NOT_FOUND,INFORMATIONAL_ONLY_NEVER_MATCHED,No exact Woo node for full SKU 0609002-1; base candidate ignored.
WOO_SKU_COMPONENT_LIST,sku_component[3],7354,7332,0504011|0728002|0614002-1,,0614002-1,1,EXACT,SKU Woo literal: 0504011|0728002|0614002-1,NO_EXACT_WOO_SKU_FULL,,BLOCKED,PRIMARY_WOO,7354,7332,0504011|0728002|0614002-1,"Futón con una capa de látex, 140x200x14,5 cm, Verde",,YES,NO,NO,NO,1,COMPONENT_SKU_NOT_FOUND,"{""quantity_status"":""EXACT"",""physical_match_method"":""MISSING_PHYSICAL_SKU"",""parent_match_method"":""""}","Evidence row; correlate by combination_sku, component_sku and quantity.",,BLOCKED,BLOCKED,COMPONENT_SKU_NOT_FOUND,SUFFIXED_ITEM_NOT_FOUND,EXACT_FULL_SKU_NO_SUFFIX_NORMALIZATION,YES,YES,LOW,Exact 001A.0 evidence retained; no fuzzy identity.,TECH-001,UNRESOLVED_EXACT_EVIDENCE_OUTSIDE_BUSINESS_SCOPE,YES_NONEXACT,PENDING_TECHNICAL_EVIDENCE,NOT_SUBMITTED_TECHNICAL,,SUFFIXED_ITEM_NOT_FOUND,INFORMATIONAL_ONLY_NEVER_MATCHED,No exact Woo node for full SKU 0614002-1; base candidate ignored.
WOO_SKU_COMPONENT_LIST,sku_component[3],7348,7332,0504011|0728002|0615002-1,,0615002-1,1,EXACT,SKU Woo literal: 0504011|0728002|0615002-1,NO_EXACT_WOO_SKU_FULL,,BLOCKED,PRIMARY_WOO,7348,7332,0504011|0728002|0615002-1,"Futón con una capa de látex, 140x200x14,5 cm, Amarillo",,YES,NO,NO,NO,1,COMPONENT_SKU_NOT_FOUND,"{""quantity_status"":""EXACT"",""physical_match_method"":""MISSING_PHYSICAL_SKU"",""parent_match_method"":""""}","Evidence row; correlate by combination_sku, component_sku and quantity.",,BLOCKED,BLOCKED,COMPONENT_SKU_NOT_FOUND,SUFFIXED_ITEM_NOT_FOUND,EXACT_FULL_SKU_NO_SUFFIX_NORMALIZATION,YES,YES,LOW,Exact 001A.0 evidence retained; no fuzzy identity.,TECH-001,UNRESOLVED_EXACT_EVIDENCE_OUTSIDE_BUSINESS_SCOPE,YES_NONEXACT,PENDING_TECHNICAL_EVIDENCE,NOT_SUBMITTED_TECHNICAL,,SUFFIXED_ITEM_NOT_FOUND,INFORMATIONAL_ONLY_NEVER_MATCHED,No exact Woo node for full SKU 0615002-1; base candidate ignored.
WOO_SKU_COMPONENT_LIST,sku_component[3],7352,7332,0504011|0728002|0616002-1,,0616002-1,1,EXACT,SKU Woo literal: 0504011|0728002|0616002-1,NO_EXACT_WOO_SKU_FULL,,BLOCKED,PRIMARY_WOO,7352,7332,0504011|0728002|0616002-1,"Futón con una capa de látex, 140x200x14,5 cm, Negro",,YES,NO,NO,NO,1,COMPONENT_SKU_NOT_FOUND,"{""quantity_status"":""EXACT"",""physical_match_method"":""MISSING_PHYSICAL_SKU"",""parent_match_method"":""""}","Evidence row; correlate by combination_sku, component_sku and quantity.",,BLOCKED,BLOCKED,COMPONENT_SKU_NOT_FOUND,SUFFIXED_ITEM_NOT_FOUND,EXACT_FULL_SKU_NO_SUFFIX_NORMALIZATION,YES,YES,LOW,Exact 001A.0 evidence retained; no fuzzy identity.,TECH-001,UNRESOLVED_EXACT_EVIDENCE_OUTSIDE_BUSINESS_SCOPE,YES_NONEXACT,PENDING_TECHNICAL_EVIDENCE,NOT_SUBMITTED_TECHNICAL,,SUFFIXED_ITEM_NOT_FOUND,INFORMATIONAL_ONLY_NEVER_MATCHED,No exact Woo node for full SKU 0616002-1; base candidate ignored.
WOO_SKU_COMPONENT_LIST,sku_component[3],7359,7332,0504011|0730002|0606002-1,,0606002-1,1,EXACT,SKU Woo literal: 0504011|0730002|0606002-1,NO_EXACT_WOO_SKU_FULL,,BLOCKED,PRIMARY_WOO,7359,7332,0504011|0730002|0606002-1,"Futón con dos capas de látex, 140x200x14,5 cm, Granate",,YES,NO,NO,NO,1,COMPONENT_SKU_NOT_FOUND,"{""quantity_status"":""EXACT"",""physical_match_method"":""MISSING_PHYSICAL_SKU"",""parent_match_method"":""""}","Evidence row; correlate by combination_sku, component_sku and quantity.",,BLOCKED,BLOCKED,COMPONENT_SKU_NOT_FOUND,SUFFIXED_ITEM_NOT_FOUND,EXACT_FULL_SKU_NO_SUFFIX_NORMALIZATION,YES,YES,LOW,Exact 001A.0 evidence retained; no fuzzy identity.,TECH-001,UNRESOLVED_EXACT_EVIDENCE_OUTSIDE_BUSINESS_SCOPE,YES_NONEXACT,PENDING_TECHNICAL_EVIDENCE,NOT_SUBMITTED_TECHNICAL,,SUFFIXED_ITEM_NOT_FOUND,INFORMATIONAL_ONLY_NEVER_MATCHED,No exact Woo node for full SKU 0606002-1; base candidate ignored.
WOO_SKU_COMPONENT_LIST,sku_component[3],7341,7332,0504011|0730002|0607002-1,,0607002-1,1,EXACT,SKU Woo literal: 0504011|0730002|0607002-1,NO_EXACT_WOO_SKU_FULL,,BLOCKED,PRIMARY_WOO,7341,7332,0504011|0730002|0607002-1,"Futón con dos capas de látex, 140x200x14,5 cm, Rojo",,YES,NO,NO,NO,1,COMPONENT_SKU_NOT_FOUND,"{""quantity_status"":""EXACT"",""physical_match_method"":""MISSING_PHYSICAL_SKU"",""parent_match_method"":""""}","Evidence row; correlate by combination_sku, component_sku and quantity.",,BLOCKED,BLOCKED,COMPONENT_SKU_NOT_FOUND,SUFFIXED_ITEM_NOT_FOUND,EXACT_FULL_SKU_NO_SUFFIX_NORMALIZATION,YES,YES,LOW,Exact 001A.0 evidence retained; no fuzzy identity.,TECH-001,UNRESOLVED_EXACT_EVIDENCE_OUTSIDE_BUSINESS_SCOPE,YES_NONEXACT,PENDING_TECHNICAL_EVIDENCE,NOT_SUBMITTED_TECHNICAL,,SUFFIXED_ITEM_NOT_FOUND,INFORMATIONAL_ONLY_NEVER_MATCHED,No exact Woo node for full SKU 0607002-1; base candidate ignored.
WOO_SKU_COMPONENT_LIST,sku_component[3],7358,7332,0504011|0730002|0608002-1,,0608002-1,1,EXACT,SKU Woo literal: 0504011|0730002|0608002-1,NO_EXACT_WOO_SKU_FULL,,BLOCKED,PRIMARY_WOO,7358,7332,0504011|0730002|0608002-1,"Futón con dos capas de látex, 140x200x14,5 cm, Crudo",,YES,NO,NO,NO,1,COMPONENT_SKU_NOT_FOUND,"{""quantity_status"":""EXACT"",""physical_match_method"":""MISSING_PHYSICAL_SKU"",""parent_match_method"":""""}","Evidence row; correlate by combination_sku, component_sku and quantity.",,BLOCKED,BLOCKED,COMPONENT_SKU_NOT_FOUND,SUFFIXED_ITEM_NOT_FOUND,EXACT_FULL_SKU_NO_SUFFIX_NORMALIZATION,YES,YES,LOW,Exact 001A.0 evidence retained; no fuzzy identity.,TECH-001,UNRESOLVED_EXACT_EVIDENCE_OUTSIDE_BUSINESS_SCOPE,YES_NONEXACT,PENDING_TECHNICAL_EVIDENCE,NOT_SUBMITTED_TECHNICAL,,SUFFIXED_ITEM_NOT_FOUND,INFORMATIONAL_ONLY_NEVER_MATCHED,No exact Woo node for full SKU 0608002-1; base candidate ignored.
WOO_SKU_COMPONENT_LIST,sku_component[3],7357,7332,0504011|0730002|0609002-1,,0609002-1,1,EXACT,SKU Woo literal: 0504011|0730002|0609002-1,NO_EXACT_WOO_SKU_FULL,,BLOCKED,PRIMARY_WOO,7357,7332,0504011|0730002|0609002-1,"Futón con dos capas de látex, 140x200x14,5 cm, Azul",,YES,NO,NO,NO,1,COMPONENT_SKU_NOT_FOUND,"{""quantity_status"":""EXACT"",""physical_match_method"":""MISSING_PHYSICAL_SKU"",""parent_match_method"":""""}","Evidence row; correlate by combination_sku, component_sku and quantity.",,BLOCKED,BLOCKED,COMPONENT_SKU_NOT_FOUND,SUFFIXED_ITEM_NOT_FOUND,EXACT_FULL_SKU_NO_SUFFIX_NORMALIZATION,YES,YES,LOW,Exact 001A.0 evidence retained; no fuzzy identity.,TECH-001,UNRESOLVED_EXACT_EVIDENCE_OUTSIDE_BUSINESS_SCOPE,YES_NONEXACT,PENDING_TECHNICAL_EVIDENCE,NOT_SUBMITTED_TECHNICAL,,SUFFIXED_ITEM_NOT_FOUND,INFORMATIONAL_ONLY_NEVER_MATCHED,No exact Woo node for full SKU 0609002-1; base candidate ignored.
WOO_SKU_COMPONENT_LIST,sku_component[3],7336,7332,0504011|0730002|0614002-1,,0614002-1,1,EXACT,SKU Woo literal: 0504011|0730002|0614002-1,NO_EXACT_WOO_SKU_FULL,,BLOCKED,PRIMARY_WOO,7336,7332,0504011|0730002|0614002-1,"Futón con dos capas de látex, 140x200x14,5 cm, Verde",,YES,NO,NO,NO,1,COMPONENT_SKU_NOT_FOUND,"{""quantity_status"":""EXACT"",""physical_match_method"":""MISSING_PHYSICAL_SKU"",""parent_match_method"":""""}","Evidence row; correlate by combination_sku, component_sku and quantity.",,BLOCKED,BLOCKED,COMPONENT_SKU_NOT_FOUND,SUFFIXED_ITEM_NOT_FOUND,EXACT_FULL_SKU_NO_SUFFIX_NORMALIZATION,YES,YES,LOW,Exact 001A.0 evidence retained; no fuzzy identity.,TECH-001,UNRESOLVED_EXACT_EVIDENCE_OUTSIDE_BUSINESS_SCOPE,YES_NONEXACT,PENDING_TECHNICAL_EVIDENCE,NOT_SUBMITTED_TECHNICAL,,SUFFIXED_ITEM_NOT_FOUND,INFORMATIONAL_ONLY_NEVER_MATCHED,No exact Woo node for full SKU 0614002-1; base candidate ignored.
WOO_SKU_COMPONENT_LIST,sku_component[3],7356,7332,0504011|0730002|0615002-1,,0615002-1,1,EXACT,SKU Woo literal: 0504011|0730002|0615002-1,NO_EXACT_WOO_SKU_FULL,,BLOCKED,PRIMARY_WOO,7356,7332,0504011|0730002|0615002-1,"Futón con dos capas de látex, 140x200x14,5 cm, Amarillo",,YES,NO,NO,NO,1,COMPONENT_SKU_NOT_FOUND,"{""quantity_status"":""EXACT"",""physical_match_method"":""MISSING_PHYSICAL_SKU"",""parent_match_method"":""""}","Evidence row; correlate by combination_sku, component_sku and quantity.",,BLOCKED,BLOCKED,COMPONENT_SKU_NOT_FOUND,SUFFIXED_ITEM_NOT_FOUND,EXACT_FULL_SKU_NO_SUFFIX_NORMALIZATION,YES,YES,LOW,Exact 001A.0 evidence retained; no fuzzy identity.,TECH-001,UNRESOLVED_EXACT_EVIDENCE_OUTSIDE_BUSINESS_SCOPE,YES_NONEXACT,PENDING_TECHNICAL_EVIDENCE,NOT_SUBMITTED_TECHNICAL,,SUFFIXED_ITEM_NOT_FOUND,INFORMATIONAL_ONLY_NEVER_MATCHED,No exact Woo node for full SKU 0615002-1; base candidate ignored.
WOO_SKU_COMPONENT_LIST,sku_component[3],7360,7332,0504011|0730002|0616002-1,,0616002-1,1,EXACT,SKU Woo literal: 0504011|0730002|0616002-1,NO_EXACT_WOO_SKU_FULL,,BLOCKED,PRIMARY_WOO,7360,7332,0504011|0730002|0616002-1,"Futón con dos capas de látex, 140x200x14,5 cm, Negro",,YES,NO,NO,NO,1,COMPONENT_SKU_NOT_FOUND,"{""quantity_status"":""EXACT"",""physical_match_method"":""MISSING_PHYSICAL_SKU"",""parent_match_method"":""""}","Evidence row; correlate by combination_sku, component_sku and quantity.",,BLOCKED,BLOCKED,COMPONENT_SKU_NOT_FOUND,SUFFIXED_ITEM_NOT_FOUND,EXACT_FULL_SKU_NO_SUFFIX_NORMALIZATION,YES,YES,LOW,Exact 001A.0 evidence retained; no fuzzy identity.,TECH-001,UNRESOLVED_EXACT_EVIDENCE_OUTSIDE_BUSINESS_SCOPE,YES_NONEXACT,PENDING_TECHNICAL_EVIDENCE,NOT_SUBMITTED_TECHNICAL,,SUFFIXED_ITEM_NOT_FOUND,INFORMATIONAL_ONLY_NEVER_MATCHED,No exact Woo node for full SKU 0616002-1; base candidate ignored.
WOO_SKU_COMPONENT_LIST,sku_component[3],7346,7332,0504011|0730002|0617002-1,,0617002-1,1,EXACT,SKU Woo literal: 0504011|0730002|0617002-1,NO_EXACT_WOO_SKU_FULL,,BLOCKED,PRIMARY_WOO,7346,7332,0504011|0730002|0617002-1,"Futón con dos capas de látex, 140x200x14,5 cm, Gris jaspeado",,YES,NO,NO,NO,1,COMPONENT_SKU_NOT_FOUND,"{""quantity_status"":""EXACT"",""physical_match_method"":""MISSING_PHYSICAL_SKU"",""parent_match_method"":""""}","Evidence row; correlate by combination_sku, component_sku and quantity.",,BLOCKED,BLOCKED,COMPONENT_SKU_NOT_FOUND,SUFFIXED_ITEM_NOT_FOUND,EXACT_FULL_SKU_NO_SUFFIX_NORMALIZATION,YES,YES,LOW,Exact 001A.0 evidence retained; no fuzzy identity.,TECH-001,UNRESOLVED_EXACT_EVIDENCE_OUTSIDE_BUSINESS_SCOPE,YES_NONEXACT,PENDING_TECHNICAL_EVIDENCE,NOT_SUBMITTED_TECHNICAL,,SUFFIXED_ITEM_NOT_FOUND,INFORMATIONAL_ONLY_NEVER_MATCHED,No exact Woo node for full SKU 0617002-1; base candidate ignored.
WOO_SKU_COMPONENT_LIST,sku_component[3],7345,7332,0504011|0730002|0619002-1,,0619002-1,1,EXACT,SKU Woo literal: 0504011|0730002|0619002-1,NO_EXACT_WOO_SKU_FULL,,BLOCKED,PRIMARY_WOO,7345,7332,0504011|0730002|0619002-1,"Futón con dos capas de látex, 140x200x14,5 cm, Beige jaspeado",,YES,NO,NO,NO,1,COMPONENT_SKU_NOT_FOUND,"{""quantity_status"":""EXACT"",""physical_match_method"":""MISSING_PHYSICAL_SKU"",""parent_match_method"":""""}","Evidence row; correlate by combination_sku, component_sku and quantity.",,BLOCKED,BLOCKED,COMPONENT_SKU_NOT_FOUND,SUFFIXED_ITEM_NOT_FOUND,EXACT_FULL_SKU_NO_SUFFIX_NORMALIZATION,YES,YES,LOW,Exact 001A.0 evidence retained; no fuzzy identity.,TECH-001,UNRESOLVED_EXACT_EVIDENCE_OUTSIDE_BUSINESS_SCOPE,YES_NONEXACT,PENDING_TECHNICAL_EVIDENCE,NOT_SUBMITTED_TECHNICAL,,SUFFIXED_ITEM_NOT_FOUND,INFORMATIONAL_ONLY_NEVER_MATCHED,No exact Woo node for full SKU 0619002-1; base candidate ignored.
WOO_SKU_COMPONENT_LIST,sku_component[3],7373,7332,0504011|1251006|0606002-1,,0606002-1,1,EXACT,SKU Woo literal: 0504011|1251006|0606002-1,NO_EXACT_WOO_SKU_FULL,,BLOCKED,PRIMARY_WOO,7373,7332,0504011|1251006|0606002-1,"futon-de-algodon-de-colores-de-dos-plazas-140x200x14-cm-violeta, Granate",,YES,NO,NO,NO,1,COMPONENT_SKU_NOT_FOUND,"{""quantity_status"":""EXACT"",""physical_match_method"":""MISSING_PHYSICAL_SKU"",""parent_match_method"":""""}","Evidence row; correlate by combination_sku, component_sku and quantity.",,BLOCKED,BLOCKED,COMPONENT_SKU_NOT_FOUND,SUFFIXED_ITEM_NOT_FOUND,EXACT_FULL_SKU_NO_SUFFIX_NORMALIZATION,YES,YES,LOW,Exact 001A.0 evidence retained; no fuzzy identity.,TECH-001,UNRESOLVED_EXACT_EVIDENCE_OUTSIDE_BUSINESS_SCOPE,YES_NONEXACT,PENDING_TECHNICAL_EVIDENCE,NOT_SUBMITTED_TECHNICAL,,SUFFIXED_ITEM_NOT_FOUND,INFORMATIONAL_ONLY_NEVER_MATCHED,No exact Woo node for full SKU 0606002-1; base candidate ignored.
WOO_SKU_COMPONENT_LIST,sku_component[3],7375,7332,0504011|1251006|0607002-1,,0607002-1,1,EXACT,SKU Woo literal: 0504011|1251006|0607002-1,NO_EXACT_WOO_SKU_FULL,,BLOCKED,PRIMARY_WOO,7375,7332,0504011|1251006|0607002-1,"futon-de-algodon-de-colores-de-dos-plazas-140x200x14-cm-violeta, Rojo",,YES,NO,NO,NO,1,COMPONENT_SKU_NOT_FOUND,"{""quantity_status"":""EXACT"",""physical_match_method"":""MISSING_PHYSICAL_SKU"",""parent_match_method"":""""}","Evidence row; correlate by combination_sku, component_sku and quantity.",,BLOCKED,BLOCKED,COMPONENT_SKU_NOT_FOUND,SUFFIXED_ITEM_NOT_FOUND,EXACT_FULL_SKU_NO_SUFFIX_NORMALIZATION,YES,YES,LOW,Exact 001A.0 evidence retained; no fuzzy identity.,TECH-001,UNRESOLVED_EXACT_EVIDENCE_OUTSIDE_BUSINESS_SCOPE,YES_NONEXACT,PENDING_TECHNICAL_EVIDENCE,NOT_SUBMITTED_TECHNICAL,,SUFFIXED_ITEM_NOT_FOUND,INFORMATIONAL_ONLY_NEVER_MATCHED,No exact Woo node for full SKU 0607002-1; base candidate ignored.
WOO_SKU_COMPONENT_LIST,sku_component[3],7372,7332,0504011|1251006|0608002-1,,0608002-1,1,EXACT,SKU Woo literal: 0504011|1251006|0608002-1,NO_EXACT_WOO_SKU_FULL,,BLOCKED,PRIMARY_WOO,7372,7332,0504011|1251006|0608002-1,"futon-de-algodon-de-colores-de-dos-plazas-140x200x14-cm-violeta, Crudo",,YES,NO,NO,NO,1,COMPONENT_SKU_NOT_FOUND,"{""quantity_status"":""EXACT"",""physical_match_method"":""MISSING_PHYSICAL_SKU"",""parent_match_method"":""""}","Evidence row; correlate by combination_sku, component_sku and quantity.",,BLOCKED,BLOCKED,COMPONENT_SKU_NOT_FOUND,SUFFIXED_ITEM_NOT_FOUND,EXACT_FULL_SKU_NO_SUFFIX_NORMALIZATION,YES,YES,LOW,Exact 001A.0 evidence retained; no fuzzy identity.,TECH-001,UNRESOLVED_EXACT_EVIDENCE_OUTSIDE_BUSINESS_SCOPE,YES_NONEXACT,PENDING_TECHNICAL_EVIDENCE,NOT_SUBMITTED_TECHNICAL,,SUFFIXED_ITEM_NOT_FOUND,INFORMATIONAL_ONLY_NEVER_MATCHED,No exact Woo node for full SKU 0608002-1; base candidate ignored.
WOO_SKU_COMPONENT_LIST,sku_component[3],7371,7332,0504011|1251006|0609002-1,,0609002-1,1,EXACT,SKU Woo literal: 0504011|1251006|0609002-1,NO_EXACT_WOO_SKU_FULL,,BLOCKED,PRIMARY_WOO,7371,7332,0504011|1251006|0609002-1,"futon-de-algodon-de-colores-de-dos-plazas-140x200x14-cm-violeta, Azul",,YES,NO,NO,NO,1,COMPONENT_SKU_NOT_FOUND,"{""quantity_status"":""EXACT"",""physical_match_method"":""MISSING_PHYSICAL_SKU"",""parent_match_method"":""""}","Evidence row; correlate by combination_sku, component_sku and quantity.",,BLOCKED,BLOCKED,COMPONENT_SKU_NOT_FOUND,SUFFIXED_ITEM_NOT_FOUND,EXACT_FULL_SKU_NO_SUFFIX_NORMALIZATION,YES,YES,LOW,Exact 001A.0 evidence retained; no fuzzy identity.,TECH-001,UNRESOLVED_EXACT_EVIDENCE_OUTSIDE_BUSINESS_SCOPE,YES_NONEXACT,PENDING_TECHNICAL_EVIDENCE,NOT_SUBMITTED_TECHNICAL,,SUFFIXED_ITEM_NOT_FOUND,INFORMATIONAL_ONLY_NEVER_MATCHED,No exact Woo node for full SKU 0609002-1; base candidate ignored.
WOO_SKU_COMPONENT_LIST,sku_component[3],7376,7332,0504011|1251006|0614002-1,,0614002-1,1,EXACT,SKU Woo literal: 0504011|1251006|0614002-1,NO_EXACT_WOO_SKU_FULL,,BLOCKED,PRIMARY_WOO,7376,7332,0504011|1251006|0614002-1,"futon-de-algodon-de-colores-de-dos-plazas-140x200x14-cm-violeta, Verde",,YES,NO,NO,NO,1,COMPONENT_SKU_NOT_FOUND,"{""quantity_status"":""EXACT"",""physical_match_method"":""MISSING_PHYSICAL_SKU"",""parent_match_method"":""""}","Evidence row; correlate by combination_sku, component_sku and quantity.",,BLOCKED,BLOCKED,COMPONENT_SKU_NOT_FOUND,SUFFIXED_ITEM_NOT_FOUND,EXACT_FULL_SKU_NO_SUFFIX_NORMALIZATION,YES,YES,LOW,Exact 001A.0 evidence retained; no fuzzy identity.,TECH-001,UNRESOLVED_EXACT_EVIDENCE_OUTSIDE_BUSINESS_SCOPE,YES_NONEXACT,PENDING_TECHNICAL_EVIDENCE,NOT_SUBMITTED_TECHNICAL,,SUFFIXED_ITEM_NOT_FOUND,INFORMATIONAL_ONLY_NEVER_MATCHED,No exact Woo node for full SKU 0614002-1; base candidate ignored.
WOO_SKU_COMPONENT_LIST,sku_component[3],7370,7332,0504011|1251006|0615002-1,,0615002-1,1,EXACT,SKU Woo literal: 0504011|1251006|0615002-1,NO_EXACT_WOO_SKU_FULL,,BLOCKED,PRIMARY_WOO,7370,7332,0504011|1251006|0615002-1,"futon-de-algodon-de-colores-de-dos-plazas-140x200x14-cm-violeta, Amarillo",,YES,NO,NO,NO,1,COMPONENT_SKU_NOT_FOUND,"{""quantity_status"":""EXACT"",""physical_match_method"":""MISSING_PHYSICAL_SKU"",""parent_match_method"":""""}","Evidence row; correlate by combination_sku, component_sku and quantity.",,BLOCKED,BLOCKED,COMPONENT_SKU_NOT_FOUND,SUFFIXED_ITEM_NOT_FOUND,EXACT_FULL_SKU_NO_SUFFIX_NORMALIZATION,YES,YES,LOW,Exact 001A.0 evidence retained; no fuzzy identity.,TECH-001,UNRESOLVED_EXACT_EVIDENCE_OUTSIDE_BUSINESS_SCOPE,YES_NONEXACT,PENDING_TECHNICAL_EVIDENCE,NOT_SUBMITTED_TECHNICAL,,SUFFIXED_ITEM_NOT_FOUND,INFORMATIONAL_ONLY_NEVER_MATCHED,No exact Woo node for full SKU 0615002-1; base candidate ignored.
WOO_SKU_COMPONENT_LIST,sku_component[3],7374,7332,0504011|1251006|0616002-1,,0616002-1,1,EXACT,SKU Woo literal: 0504011|1251006|0616002-1,NO_EXACT_WOO_SKU_FULL,,BLOCKED,PRIMARY_WOO,7374,7332,0504011|1251006|0616002-1,"futon-de-algodon-de-colores-de-dos-plazas-140x200x14-cm-violeta, Negro",,YES,NO,NO,NO,1,COMPONENT_SKU_NOT_FOUND,"{""quantity_status"":""EXACT"",""physical_match_method"":""MISSING_PHYSICAL_SKU"",""parent_match_method"":""""}","Evidence row; correlate by combination_sku, component_sku and quantity.",,BLOCKED,BLOCKED,COMPONENT_SKU_NOT_FOUND,SUFFIXED_ITEM_NOT_FOUND,EXACT_FULL_SKU_NO_SUFFIX_NORMALIZATION,YES,YES,LOW,Exact 001A.0 evidence retained; no fuzzy identity.,TECH-001,UNRESOLVED_EXACT_EVIDENCE_OUTSIDE_BUSINESS_SCOPE,YES_NONEXACT,PENDING_TECHNICAL_EVIDENCE,NOT_SUBMITTED_TECHNICAL,,SUFFIXED_ITEM_NOT_FOUND,INFORMATIONAL_ONLY_NEVER_MATCHED,No exact Woo node for full SKU 0616002-1; base candidate ignored.
WOO_SKU_COMPONENT_LIST,sku_component[3],7389,7332,0504011|1252005|0606002-1,,0606002-1,1,EXACT,SKU Woo literal: 0504011|1252005|0606002-1,NO_EXACT_WOO_SKU_FULL,,BLOCKED,PRIMARY_WOO,7389,7332,0504011|1252005|0606002-1,"futon-de-algodon-de-colores-de-dos-plazas-140x200x14-cm-verde, Granate",,YES,NO,NO,NO,1,COMPONENT_SKU_NOT_FOUND,"{""quantity_status"":""EXACT"",""physical_match_method"":""MISSING_PHYSICAL_SKU"",""parent_match_method"":""""}","Evidence row; correlate by combination_sku, component_sku and quantity.",,BLOCKED,BLOCKED,COMPONENT_SKU_NOT_FOUND,SUFFIXED_ITEM_NOT_FOUND,EXACT_FULL_SKU_NO_SUFFIX_NORMALIZATION,YES,YES,LOW,Exact 001A.0 evidence retained; no fuzzy identity.,TECH-001,UNRESOLVED_EXACT_EVIDENCE_OUTSIDE_BUSINESS_SCOPE,YES_NONEXACT,PENDING_TECHNICAL_EVIDENCE,NOT_SUBMITTED_TECHNICAL,,SUFFIXED_ITEM_NOT_FOUND,INFORMATIONAL_ONLY_NEVER_MATCHED,No exact Woo node for full SKU 0606002-1; base candidate ignored.
WOO_SKU_COMPONENT_LIST,sku_component[3],7391,7332,0504011|1252005|0607002-1,,0607002-1,1,EXACT,SKU Woo literal: 0504011|1252005|0607002-1,NO_EXACT_WOO_SKU_FULL,,BLOCKED,PRIMARY_WOO,7391,7332,0504011|1252005|0607002-1,"futon-de-algodon-de-colores-de-dos-plazas-140x200x14-cm-verde, Rojo",,YES,NO,NO,NO,1,COMPONENT_SKU_NOT_FOUND,"{""quantity_status"":""EXACT"",""physical_match_method"":""MISSING_PHYSICAL_SKU"",""parent_match_method"":""""}","Evidence row; correlate by combination_sku, component_sku and quantity.",,BLOCKED,BLOCKED,COMPONENT_SKU_NOT_FOUND,SUFFIXED_ITEM_NOT_FOUND,EXACT_FULL_SKU_NO_SUFFIX_NORMALIZATION,YES,YES,LOW,Exact 001A.0 evidence retained; no fuzzy identity.,TECH-001,UNRESOLVED_EXACT_EVIDENCE_OUTSIDE_BUSINESS_SCOPE,YES_NONEXACT,PENDING_TECHNICAL_EVIDENCE,NOT_SUBMITTED_TECHNICAL,,SUFFIXED_ITEM_NOT_FOUND,INFORMATIONAL_ONLY_NEVER_MATCHED,No exact Woo node for full SKU 0607002-1; base candidate ignored.
WOO_SKU_COMPONENT_LIST,sku_component[3],7388,7332,0504011|1252005|0608002-1,,0608002-1,1,EXACT,SKU Woo literal: 0504011|1252005|0608002-1,NO_EXACT_WOO_SKU_FULL,,BLOCKED,PRIMARY_WOO,7388,7332,0504011|1252005|0608002-1,"futon-de-algodon-de-colores-de-dos-plazas-140x200x14-cm-verde, Crudo",,YES,NO,NO,NO,1,COMPONENT_SKU_NOT_FOUND,"{""quantity_status"":""EXACT"",""physical_match_method"":""MISSING_PHYSICAL_SKU"",""parent_match_method"":""""}","Evidence row; correlate by combination_sku, component_sku and quantity.",,BLOCKED,BLOCKED,COMPONENT_SKU_NOT_FOUND,SUFFIXED_ITEM_NOT_FOUND,EXACT_FULL_SKU_NO_SUFFIX_NORMALIZATION,YES,YES,LOW,Exact 001A.0 evidence retained; no fuzzy identity.,TECH-001,UNRESOLVED_EXACT_EVIDENCE_OUTSIDE_BUSINESS_SCOPE,YES_NONEXACT,PENDING_TECHNICAL_EVIDENCE,NOT_SUBMITTED_TECHNICAL,,SUFFIXED_ITEM_NOT_FOUND,INFORMATIONAL_ONLY_NEVER_MATCHED,No exact Woo node for full SKU 0608002-1; base candidate ignored.
WOO_SKU_COMPONENT_LIST,sku_component[3],7387,7332,0504011|1252005|0609002-1,,0609002-1,1,EXACT,SKU Woo literal: 0504011|1252005|0609002-1,NO_EXACT_WOO_SKU_FULL,,BLOCKED,PRIMARY_WOO,7387,7332,0504011|1252005|0609002-1,"futon-de-algodon-de-colores-de-dos-plazas-140x200x14-cm-verde, Azul",,YES,NO,NO,NO,1,COMPONENT_SKU_NOT_FOUND,"{""quantity_status"":""EXACT"",""physical_match_method"":""MISSING_PHYSICAL_SKU"",""parent_match_method"":""""}","Evidence row; correlate by combination_sku, component_sku and quantity.",,BLOCKED,BLOCKED,COMPONENT_SKU_NOT_FOUND,SUFFIXED_ITEM_NOT_FOUND,EXACT_FULL_SKU_NO_SUFFIX_NORMALIZATION,YES,YES,LOW,Exact 001A.0 evidence retained; no fuzzy identity.,TECH-001,UNRESOLVED_EXACT_EVIDENCE_OUTSIDE_BUSINESS_SCOPE,YES_NONEXACT,PENDING_TECHNICAL_EVIDENCE,NOT_SUBMITTED_TECHNICAL,,SUFFIXED_ITEM_NOT_FOUND,INFORMATIONAL_ONLY_NEVER_MATCHED,No exact Woo node for full SKU 0609002-1; base candidate ignored.
WOO_SKU_COMPONENT_LIST,sku_component[3],7392,7332,0504011|1252005|0614002-1,,0614002-1,1,EXACT,SKU Woo literal: 0504011|1252005|0614002-1,NO_EXACT_WOO_SKU_FULL,,BLOCKED,PRIMARY_WOO,7392,7332,0504011|1252005|0614002-1,"futon-de-algodon-de-colores-de-dos-plazas-140x200x14-cm-verde, Verde",,YES,NO,NO,NO,1,COMPONENT_SKU_NOT_FOUND,"{""quantity_status"":""EXACT"",""physical_match_method"":""MISSING_PHYSICAL_SKU"",""parent_match_method"":""""}","Evidence row; correlate by combination_sku, component_sku and quantity.",,BLOCKED,BLOCKED,COMPONENT_SKU_NOT_FOUND,SUFFIXED_ITEM_NOT_FOUND,EXACT_FULL_SKU_NO_SUFFIX_NORMALIZATION,YES,YES,LOW,Exact 001A.0 evidence retained; no fuzzy identity.,TECH-001,UNRESOLVED_EXACT_EVIDENCE_OUTSIDE_BUSINESS_SCOPE,YES_NONEXACT,PENDING_TECHNICAL_EVIDENCE,NOT_SUBMITTED_TECHNICAL,,SUFFIXED_ITEM_NOT_FOUND,INFORMATIONAL_ONLY_NEVER_MATCHED,No exact Woo node for full SKU 0614002-1; base candidate ignored.
WOO_SKU_COMPONENT_LIST,sku_component[3],7386,7332,0504011|1252005|0615002-1,,0615002-1,1,EXACT,SKU Woo literal: 0504011|1252005|0615002-1,NO_EXACT_WOO_SKU_FULL,,BLOCKED,PRIMARY_WOO,7386,7332,0504011|1252005|0615002-1,"futon-de-algodon-de-colores-de-dos-plazas-140x200x14-cm-verde, Amarillo",,YES,NO,NO,NO,1,COMPONENT_SKU_NOT_FOUND,"{""quantity_status"":""EXACT"",""physical_match_method"":""MISSING_PHYSICAL_SKU"",""parent_match_method"":""""}","Evidence row; correlate by combination_sku, component_sku and quantity.",,BLOCKED,BLOCKED,COMPONENT_SKU_NOT_FOUND,SUFFIXED_ITEM_NOT_FOUND,EXACT_FULL_SKU_NO_SUFFIX_NORMALIZATION,YES,YES,LOW,Exact 001A.0 evidence retained; no fuzzy identity.,TECH-001,UNRESOLVED_EXACT_EVIDENCE_OUTSIDE_BUSINESS_SCOPE,YES_NONEXACT,PENDING_TECHNICAL_EVIDENCE,NOT_SUBMITTED_TECHNICAL,,SUFFIXED_ITEM_NOT_FOUND,INFORMATIONAL_ONLY_NEVER_MATCHED,No exact Woo node for full SKU 0615002-1; base candidate ignored.
WOO_SKU_COMPONENT_LIST,sku_component[3],7390,7332,0504011|1252005|0616002-1,,0616002-1,1,EXACT,SKU Woo literal: 0504011|1252005|0616002-1,NO_EXACT_WOO_SKU_FULL,,BLOCKED,PRIMARY_WOO,7390,7332,0504011|1252005|0616002-1,"futon-de-algodon-de-colores-de-dos-plazas-140x200x14-cm-verde, Negro",,YES,NO,NO,NO,1,COMPONENT_SKU_NOT_FOUND,"{""quantity_status"":""EXACT"",""physical_match_method"":""MISSING_PHYSICAL_SKU"",""parent_match_method"":""""}","Evidence row; correlate by combination_sku, component_sku and quantity.",,BLOCKED,BLOCKED,COMPONENT_SKU_NOT_FOUND,SUFFIXED_ITEM_NOT_FOUND,EXACT_FULL_SKU_NO_SUFFIX_NORMALIZATION,YES,YES,LOW,Exact 001A.0 evidence retained; no fuzzy identity.,TECH-001,UNRESOLVED_EXACT_EVIDENCE_OUTSIDE_BUSINESS_SCOPE,YES_NONEXACT,PENDING_TECHNICAL_EVIDENCE,NOT_SUBMITTED_TECHNICAL,,SUFFIXED_ITEM_NOT_FOUND,INFORMATIONAL_ONLY_NEVER_MATCHED,No exact Woo node for full SKU 0616002-1; base candidate ignored.
WOO_SKU_COMPONENT_LIST,sku_component[3],7365,7332,0504011|1253003|0606002-1,,0606002-1,1,EXACT,SKU Woo literal: 0504011|1253003|0606002-1,NO_EXACT_WOO_SKU_FULL,,BLOCKED,PRIMARY_WOO,7365,7332,0504011|1253003|0606002-1,"Futón de algodón de colores de dos plazas, 140x200x14,5 cm, Gris oscuro, Granate",,YES,NO,NO,NO,1,COMPONENT_SKU_NOT_FOUND,"{""quantity_status"":""EXACT"",""physical_match_method"":""MISSING_PHYSICAL_SKU"",""parent_match_method"":""""}","Evidence row; correlate by combination_sku, component_sku and quantity.",,BLOCKED,BLOCKED,COMPONENT_SKU_NOT_FOUND,SUFFIXED_ITEM_NOT_FOUND,EXACT_FULL_SKU_NO_SUFFIX_NORMALIZATION,YES,YES,LOW,Exact 001A.0 evidence retained; no fuzzy identity.,TECH-001,UNRESOLVED_EXACT_EVIDENCE_OUTSIDE_BUSINESS_SCOPE,YES_NONEXACT,PENDING_TECHNICAL_EVIDENCE,NOT_SUBMITTED_TECHNICAL,,SUFFIXED_ITEM_NOT_FOUND,INFORMATIONAL_ONLY_NEVER_MATCHED,No exact Woo node for full SKU 0606002-1; base candidate ignored.
WOO_SKU_COMPONENT_LIST,sku_component[3],7367,7332,0504011|1253003|0607002-1,,0607002-1,1,EXACT,SKU Woo literal: 0504011|1253003|0607002-1,NO_EXACT_WOO_SKU_FULL,,BLOCKED,PRIMARY_WOO,7367,7332,0504011|1253003|0607002-1,"Futón de algodón de colores de dos plazas, 140x200x14,5 cm, Gris oscuro, Rojo",,YES,NO,NO,NO,1,COMPONENT_SKU_NOT_FOUND,"{""quantity_status"":""EXACT"",""physical_match_method"":""MISSING_PHYSICAL_SKU"",""parent_match_method"":""""}","Evidence row; correlate by combination_sku, component_sku and quantity.",,BLOCKED,BLOCKED,COMPONENT_SKU_NOT_FOUND,SUFFIXED_ITEM_NOT_FOUND,EXACT_FULL_SKU_NO_SUFFIX_NORMALIZATION,YES,YES,LOW,Exact 001A.0 evidence retained; no fuzzy identity.,TECH-001,UNRESOLVED_EXACT_EVIDENCE_OUTSIDE_BUSINESS_SCOPE,YES_NONEXACT,PENDING_TECHNICAL_EVIDENCE,NOT_SUBMITTED_TECHNICAL,,SUFFIXED_ITEM_NOT_FOUND,INFORMATIONAL_ONLY_NEVER_MATCHED,No exact Woo node for full SKU 0607002-1; base candidate ignored.
WOO_SKU_COMPONENT_LIST,sku_component[3],7364,7332,0504011|1253003|0608002-1,,0608002-1,1,EXACT,SKU Woo literal: 0504011|1253003|0608002-1,NO_EXACT_WOO_SKU_FULL,,BLOCKED,PRIMARY_WOO,7364,7332,0504011|1253003|0608002-1,"Futón de algodón de colores de dos plazas, 140x200x14,5 cm, Gris oscuro, Crudo",,YES,NO,NO,NO,1,COMPONENT_SKU_NOT_FOUND,"{""quantity_status"":""EXACT"",""physical_match_method"":""MISSING_PHYSICAL_SKU"",""parent_match_method"":""""}","Evidence row; correlate by combination_sku, component_sku and quantity.",,BLOCKED,BLOCKED,COMPONENT_SKU_NOT_FOUND,SUFFIXED_ITEM_NOT_FOUND,EXACT_FULL_SKU_NO_SUFFIX_NORMALIZATION,YES,YES,LOW,Exact 001A.0 evidence retained; no fuzzy identity.,TECH-001,UNRESOLVED_EXACT_EVIDENCE_OUTSIDE_BUSINESS_SCOPE,YES_NONEXACT,PENDING_TECHNICAL_EVIDENCE,NOT_SUBMITTED_TECHNICAL,,SUFFIXED_ITEM_NOT_FOUND,INFORMATIONAL_ONLY_NEVER_MATCHED,No exact Woo node for full SKU 0608002-1; base candidate ignored.
WOO_SKU_COMPONENT_LIST,sku_component[3],7363,7332,0504011|1253003|0609002-1,,0609002-1,1,EXACT,SKU Woo literal: 0504011|1253003|0609002-1,NO_EXACT_WOO_SKU_FULL,,BLOCKED,PRIMARY_WOO,7363,7332,0504011|1253003|0609002-1,"Futón de algodón de colores de dos plazas, 140x200x14,5 cm, Gris oscuro, Azul",,YES,NO,NO,NO,1,COMPONENT_SKU_NOT_FOUND,"{""quantity_status"":""EXACT"",""physical_match_method"":""MISSING_PHYSICAL_SKU"",""parent_match_method"":""""}","Evidence row; correlate by combination_sku, component_sku and quantity.",,BLOCKED,BLOCKED,COMPONENT_SKU_NOT_FOUND,SUFFIXED_ITEM_NOT_FOUND,EXACT_FULL_SKU_NO_SUFFIX_NORMALIZATION,YES,YES,LOW,Exact 001A.0 evidence retained; no fuzzy identity.,TECH-001,UNRESOLVED_EXACT_EVIDENCE_OUTSIDE_BUSINESS_SCOPE,YES_NONEXACT,PENDING_TECHNICAL_EVIDENCE,NOT_SUBMITTED_TECHNICAL,,SUFFIXED_ITEM_NOT_FOUND,INFORMATIONAL_ONLY_NEVER_MATCHED,No exact Woo node for full SKU 0609002-1; base candidate ignored.
WOO_SKU_COMPONENT_LIST,sku_component[3],7368,7332,0504011|1253003|0614002-1,,0614002-1,1,EXACT,SKU Woo literal: 0504011|1253003|0614002-1,NO_EXACT_WOO_SKU_FULL,,BLOCKED,PRIMARY_WOO,7368,7332,0504011|1253003|0614002-1,"Futón de algodón de colores de dos plazas, 140x200x14,5 cm, Gris oscuro, Verde",,YES,NO,NO,NO,1,COMPONENT_SKU_NOT_FOUND,"{""quantity_status"":""EXACT"",""physical_match_method"":""MISSING_PHYSICAL_SKU"",""parent_match_method"":""""}","Evidence row; correlate by combination_sku, component_sku and quantity.",,BLOCKED,BLOCKED,COMPONENT_SKU_NOT_FOUND,SUFFIXED_ITEM_NOT_FOUND,EXACT_FULL_SKU_NO_SUFFIX_NORMALIZATION,YES,YES,LOW,Exact 001A.0 evidence retained; no fuzzy identity.,TECH-001,UNRESOLVED_EXACT_EVIDENCE_OUTSIDE_BUSINESS_SCOPE,YES_NONEXACT,PENDING_TECHNICAL_EVIDENCE,NOT_SUBMITTED_TECHNICAL,,SUFFIXED_ITEM_NOT_FOUND,INFORMATIONAL_ONLY_NEVER_MATCHED,No exact Woo node for full SKU 0614002-1; base candidate ignored.
WOO_SKU_COMPONENT_LIST,sku_component[3],7362,7332,0504011|1253003|0615002-1,,0615002-1,1,EXACT,SKU Woo literal: 0504011|1253003|0615002-1,NO_EXACT_WOO_SKU_FULL,,BLOCKED,PRIMARY_WOO,7362,7332,0504011|1253003|0615002-1,"Futón de algodón de colores de dos plazas, 140x200x14,5 cm, Gris oscuro, Amarillo",,YES,NO,NO,NO,1,COMPONENT_SKU_NOT_FOUND,"{""quantity_status"":""EXACT"",""physical_match_method"":""MISSING_PHYSICAL_SKU"",""parent_match_method"":""""}","Evidence row; correlate by combination_sku, component_sku and quantity.",,BLOCKED,BLOCKED,COMPONENT_SKU_NOT_FOUND,SUFFIXED_ITEM_NOT_FOUND,EXACT_FULL_SKU_NO_SUFFIX_NORMALIZATION,YES,YES,LOW,Exact 001A.0 evidence retained; no fuzzy identity.,TECH-001,UNRESOLVED_EXACT_EVIDENCE_OUTSIDE_BUSINESS_SCOPE,YES_NONEXACT,PENDING_TECHNICAL_EVIDENCE,NOT_SUBMITTED_TECHNICAL,,SUFFIXED_ITEM_NOT_FOUND,INFORMATIONAL_ONLY_NEVER_MATCHED,No exact Woo node for full SKU 0615002-1; base candidate ignored.
WOO_SKU_COMPONENT_LIST,sku_component[3],7366,7332,0504011|1253003|0616002-1,,0616002-1,1,EXACT,SKU Woo literal: 0504011|1253003|0616002-1,NO_EXACT_WOO_SKU_FULL,,BLOCKED,PRIMARY_WOO,7366,7332,0504011|1253003|0616002-1,"Futón de algodón de colores de dos plazas, 140x200x14,5 cm, Gris oscuro, Negro",,YES,NO,NO,NO,1,COMPONENT_SKU_NOT_FOUND,"{""quantity_status"":""EXACT"",""physical_match_method"":""MISSING_PHYSICAL_SKU"",""parent_match_method"":""""}","Evidence row; correlate by combination_sku, component_sku and quantity.",,BLOCKED,BLOCKED,COMPONENT_SKU_NOT_FOUND,SUFFIXED_ITEM_NOT_FOUND,EXACT_FULL_SKU_NO_SUFFIX_NORMALIZATION,YES,YES,LOW,Exact 001A.0 evidence retained; no fuzzy identity.,TECH-001,UNRESOLVED_EXACT_EVIDENCE_OUTSIDE_BUSINESS_SCOPE,YES_NONEXACT,PENDING_TECHNICAL_EVIDENCE,NOT_SUBMITTED_TECHNICAL,,SUFFIXED_ITEM_NOT_FOUND,INFORMATIONAL_ONLY_NEVER_MATCHED,No exact Woo node for full SKU 0616002-1; base candidate ignored.
WOO_SKU_COMPONENT_LIST,sku_component[3],7381,7332,0504011|1254005|0606002-1,,0606002-1,1,EXACT,SKU Woo literal: 0504011|1254005|0606002-1,NO_EXACT_WOO_SKU_FULL,,BLOCKED,PRIMARY_WOO,7381,7332,0504011|1254005|0606002-1,"Futón de algodón de colores de dos plazas, 140x200x14,5 cm, Rojo, Granate",,YES,NO,NO,NO,1,COMPONENT_SKU_NOT_FOUND,"{""quantity_status"":""EXACT"",""physical_match_method"":""MISSING_PHYSICAL_SKU"",""parent_match_method"":""""}","Evidence row; correlate by combination_sku, component_sku and quantity.",,BLOCKED,BLOCKED,COMPONENT_SKU_NOT_FOUND,SUFFIXED_ITEM_NOT_FOUND,EXACT_FULL_SKU_NO_SUFFIX_NORMALIZATION,YES,YES,LOW,Exact 001A.0 evidence retained; no fuzzy identity.,TECH-001,UNRESOLVED_EXACT_EVIDENCE_OUTSIDE_BUSINESS_SCOPE,YES_NONEXACT,PENDING_TECHNICAL_EVIDENCE,NOT_SUBMITTED_TECHNICAL,,SUFFIXED_ITEM_NOT_FOUND,INFORMATIONAL_ONLY_NEVER_MATCHED,No exact Woo node for full SKU 0606002-1; base candidate ignored.
WOO_SKU_COMPONENT_LIST,sku_component[3],7383,7332,0504011|1254005|0607002-1,,0607002-1,1,EXACT,SKU Woo literal: 0504011|1254005|0607002-1,NO_EXACT_WOO_SKU_FULL,,BLOCKED,PRIMARY_WOO,7383,7332,0504011|1254005|0607002-1,"Futón de algodón de colores de dos plazas, 140x200x14,5 cm, Rojo, Rojo",,YES,NO,NO,NO,1,COMPONENT_SKU_NOT_FOUND,"{""quantity_status"":""EXACT"",""physical_match_method"":""MISSING_PHYSICAL_SKU"",""parent_match_method"":""""}","Evidence row; correlate by combination_sku, component_sku and quantity.",,BLOCKED,BLOCKED,COMPONENT_SKU_NOT_FOUND,SUFFIXED_ITEM_NOT_FOUND,EXACT_FULL_SKU_NO_SUFFIX_NORMALIZATION,YES,YES,LOW,Exact 001A.0 evidence retained; no fuzzy identity.,TECH-001,UNRESOLVED_EXACT_EVIDENCE_OUTSIDE_BUSINESS_SCOPE,YES_NONEXACT,PENDING_TECHNICAL_EVIDENCE,NOT_SUBMITTED_TECHNICAL,,SUFFIXED_ITEM_NOT_FOUND,INFORMATIONAL_ONLY_NEVER_MATCHED,No exact Woo node for full SKU 0607002-1; base candidate ignored.
WOO_SKU_COMPONENT_LIST,sku_component[3],7380,7332,0504011|1254005|0608002-1,,0608002-1,1,EXACT,SKU Woo literal: 0504011|1254005|0608002-1,NO_EXACT_WOO_SKU_FULL,,BLOCKED,PRIMARY_WOO,7380,7332,0504011|1254005|0608002-1,"Futón de algodón de colores de dos plazas, 140x200x14,5 cm, Rojo, Crudo",,YES,NO,NO,NO,1,COMPONENT_SKU_NOT_FOUND,"{""quantity_status"":""EXACT"",""physical_match_method"":""MISSING_PHYSICAL_SKU"",""parent_match_method"":""""}","Evidence row; correlate by combination_sku, component_sku and quantity.",,BLOCKED,BLOCKED,COMPONENT_SKU_NOT_FOUND,SUFFIXED_ITEM_NOT_FOUND,EXACT_FULL_SKU_NO_SUFFIX_NORMALIZATION,YES,YES,LOW,Exact 001A.0 evidence retained; no fuzzy identity.,TECH-001,UNRESOLVED_EXACT_EVIDENCE_OUTSIDE_BUSINESS_SCOPE,YES_NONEXACT,PENDING_TECHNICAL_EVIDENCE,NOT_SUBMITTED_TECHNICAL,,SUFFIXED_ITEM_NOT_FOUND,INFORMATIONAL_ONLY_NEVER_MATCHED,No exact Woo node for full SKU 0608002-1; base candidate ignored.
WOO_SKU_COMPONENT_LIST,sku_component[3],7379,7332,0504011|1254005|0609002-1,,0609002-1,1,EXACT,SKU Woo literal: 0504011|1254005|0609002-1,NO_EXACT_WOO_SKU_FULL,,BLOCKED,PRIMARY_WOO,7379,7332,0504011|1254005|0609002-1,"Futón de algodón de colores de dos plazas, 140x200x14,5 cm, Rojo, Azul",,YES,NO,NO,NO,1,COMPONENT_SKU_NOT_FOUND,"{""quantity_status"":""EXACT"",""physical_match_method"":""MISSING_PHYSICAL_SKU"",""parent_match_method"":""""}","Evidence row; correlate by combination_sku, component_sku and quantity.",,BLOCKED,BLOCKED,COMPONENT_SKU_NOT_FOUND,SUFFIXED_ITEM_NOT_FOUND,EXACT_FULL_SKU_NO_SUFFIX_NORMALIZATION,YES,YES,LOW,Exact 001A.0 evidence retained; no fuzzy identity.,TECH-001,UNRESOLVED_EXACT_EVIDENCE_OUTSIDE_BUSINESS_SCOPE,YES_NONEXACT,PENDING_TECHNICAL_EVIDENCE,NOT_SUBMITTED_TECHNICAL,,SUFFIXED_ITEM_NOT_FOUND,INFORMATIONAL_ONLY_NEVER_MATCHED,No exact Woo node for full SKU 0609002-1; base candidate ignored.
WOO_SKU_COMPONENT_LIST,sku_component[3],7384,7332,0504011|1254005|0614002-1,,0614002-1,1,EXACT,SKU Woo literal: 0504011|1254005|0614002-1,NO_EXACT_WOO_SKU_FULL,,BLOCKED,PRIMARY_WOO,7384,7332,0504011|1254005|0614002-1,"Futón de algodón de colores de dos plazas, 140x200x14,5 cm, Rojo, Verde",,YES,NO,NO,NO,1,COMPONENT_SKU_NOT_FOUND,"{""quantity_status"":""EXACT"",""physical_match_method"":""MISSING_PHYSICAL_SKU"",""parent_match_method"":""""}","Evidence row; correlate by combination_sku, component_sku and quantity.",,BLOCKED,BLOCKED,COMPONENT_SKU_NOT_FOUND,SUFFIXED_ITEM_NOT_FOUND,EXACT_FULL_SKU_NO_SUFFIX_NORMALIZATION,YES,YES,LOW,Exact 001A.0 evidence retained; no fuzzy identity.,TECH-001,UNRESOLVED_EXACT_EVIDENCE_OUTSIDE_BUSINESS_SCOPE,YES_NONEXACT,PENDING_TECHNICAL_EVIDENCE,NOT_SUBMITTED_TECHNICAL,,SUFFIXED_ITEM_NOT_FOUND,INFORMATIONAL_ONLY_NEVER_MATCHED,No exact Woo node for full SKU 0614002-1; base candidate ignored.
WOO_SKU_COMPONENT_LIST,sku_component[3],7378,7332,0504011|1254005|0615002-1,,0615002-1,1,EXACT,SKU Woo literal: 0504011|1254005|0615002-1,NO_EXACT_WOO_SKU_FULL,,BLOCKED,PRIMARY_WOO,7378,7332,0504011|1254005|0615002-1,"Futón de algodón de colores de dos plazas, 140x200x14,5 cm, Rojo, Amarillo",,YES,NO,NO,NO,1,COMPONENT_SKU_NOT_FOUND,"{""quantity_status"":""EXACT"",""physical_match_method"":""MISSING_PHYSICAL_SKU"",""parent_match_method"":""""}","Evidence row; correlate by combination_sku, component_sku and quantity.",,BLOCKED,BLOCKED,COMPONENT_SKU_NOT_FOUND,SUFFIXED_ITEM_NOT_FOUND,EXACT_FULL_SKU_NO_SUFFIX_NORMALIZATION,YES,YES,LOW,Exact 001A.0 evidence retained; no fuzzy identity.,TECH-001,UNRESOLVED_EXACT_EVIDENCE_OUTSIDE_BUSINESS_SCOPE,YES_NONEXACT,PENDING_TECHNICAL_EVIDENCE,NOT_SUBMITTED_TECHNICAL,,SUFFIXED_ITEM_NOT_FOUND,INFORMATIONAL_ONLY_NEVER_MATCHED,No exact Woo node for full SKU 0615002-1; base candidate ignored.
WOO_SKU_COMPONENT_LIST,sku_component[3],7382,7332,0504011|1254005|0616002-1,,0616002-1,1,EXACT,SKU Woo literal: 0504011|1254005|0616002-1,NO_EXACT_WOO_SKU_FULL,,BLOCKED,PRIMARY_WOO,7382,7332,0504011|1254005|0616002-1,"Futón de algodón de colores de dos plazas, 140x200x14,5 cm, Rojo, Negro",,YES,NO,NO,NO,1,COMPONENT_SKU_NOT_FOUND,"{""quantity_status"":""EXACT"",""physical_match_method"":""MISSING_PHYSICAL_SKU"",""parent_match_method"":""""}","Evidence row; correlate by combination_sku, component_sku and quantity.",,BLOCKED,BLOCKED,COMPONENT_SKU_NOT_FOUND,SUFFIXED_ITEM_NOT_FOUND,EXACT_FULL_SKU_NO_SUFFIX_NORMALIZATION,YES,YES,LOW,Exact 001A.0 evidence retained; no fuzzy identity.,TECH-001,UNRESOLVED_EXACT_EVIDENCE_OUTSIDE_BUSINESS_SCOPE,YES_NONEXACT,PENDING_TECHNICAL_EVIDENCE,NOT_SUBMITTED_TECHNICAL,,SUFFIXED_ITEM_NOT_FOUND,INFORMATIONAL_ONLY_NEVER_MATCHED,No exact Woo node for full SKU 0616002-1; base candidate ignored.
WOO_SKU_COMPONENT_LIST,sku_component[3],9455,3647,0504012|0724003|01619002,,01619002,1,EXACT,SKU Woo literal: 0504012|0724003|01619002,MISSING_PHYSICAL_SKU,,BLOCKED,PRIMARY_WOO,9455,3647,0504012|0724003|01619002,"Futón de algodón, 140x200x14,5 cm, Beige jaspeado",,YES,NO,NO,NO,1,COMPONENT_SKU_NOT_FOUND,"{""quantity_status"":""EXACT"",""physical_match_method"":""MISSING_PHYSICAL_SKU"",""parent_match_method"":""""}","Evidence row; correlate by combination_sku, component_sku and quantity.",,BLOCKED,BLOCKED,COMPONENT_SKU_NOT_FOUND,COMPONENT_SKU_NOT_FOUND,COMPONENT_SKU_NOT_FOUND,YES,YES,LOW,Exact 001A.0 evidence retained; no fuzzy identity.,UD-002,PENDING_BUSINESS_REVIEW_MALFORMED_SKU,YES,PENDING_BUSINESS_REVIEW,PENDING,,,,
WOO_SKU_COMPONENT_LIST,sku_component[4],11725,11716,0201001|0201001|1249001|1249001|0606011|0606011-1,,0606011-1,1,EXACT,SKU Woo literal: 0201001|0201001|1249001|1249001|0606011|0606011-1,NO_EXACT_WOO_SKU_FULL,,BLOCKED,PRIMARY_WOO,11725,11716,0201001|0201001|1249001|1249001|0606011|0606011-1,"Crudo, Crudo, Granate, Granate",,YES,NO,NO,NO,1,COMPONENT_SKU_NOT_FOUND,"{""quantity_status"":""EXACT"",""physical_match_method"":""MISSING_PHYSICAL_SKU"",""parent_match_method"":""""}","Evidence row; correlate by combination_sku, component_sku and quantity.",,BLOCKED,BLOCKED,COMPONENT_SKU_NOT_FOUND,SUFFIXED_ITEM_NOT_FOUND,EXACT_FULL_SKU_NO_SUFFIX_NORMALIZATION,YES,YES,LOW,Exact 001A.0 evidence retained; no fuzzy identity.,UD-001,PENDING_BUSINESS_REVIEW_PLACEHOLDER_011,YES,PENDING_BUSINESS_REVIEW,PENDING,,SUFFIXED_ITEM_NOT_FOUND,INFORMATIONAL_ONLY_NEVER_MATCHED,No exact Woo node for full SKU 0606011-1; base candidate ignored.
WOO_SKU_COMPONENT_LIST,sku_component[4],4645,3658,0201001|0201001|1249001|1249001|0606011|0607011,,0607011,1,EXACT,SKU Woo literal: 0201001|0201001|1249001|1249001|0606011|0607011,MISSING_PHYSICAL_SKU,,BLOCKED,PRIMARY_WOO,4645,3658,0201001|0201001|1249001|1249001|0606011|0607011,"Crudo, Crudo, Granate, Rojo",,YES,NO,NO,NO,1,COMPONENT_SKU_NOT_FOUND,"{""quantity_status"":""EXACT"",""physical_match_method"":""MISSING_PHYSICAL_SKU"",""parent_match_method"":""""}","Evidence row; correlate by combination_sku, component_sku and quantity.",,BLOCKED,BLOCKED,COMPONENT_SKU_NOT_FOUND,PLACEHOLDER_UNRESOLVED,PLACEHOLDER_UNRESOLVED,YES,YES,LOW,Exact 001A.0 evidence retained; no fuzzy identity.,UD-001,PENDING_BUSINESS_REVIEW_PLACEHOLDER_011,YES,PENDING_BUSINESS_REVIEW,PENDING,,,,
WOO_SKU_COMPONENT_LIST,sku_component[4],11750,11716,0201001|0201001|1249001|1249001|0606011|0607011-1,,0607011-1,1,EXACT,SKU Woo literal: 0201001|0201001|1249001|1249001|0606011|0607011-1,NO_EXACT_WOO_SKU_FULL,,BLOCKED,PRIMARY_WOO,11750,11716,0201001|0201001|1249001|1249001|0606011|0607011-1,"Crudo, Crudo, Granate, Rojo",,YES,NO,NO,NO,1,COMPONENT_SKU_NOT_FOUND,"{""quantity_status"":""EXACT"",""physical_match_method"":""MISSING_PHYSICAL_SKU"",""parent_match_method"":""""}","Evidence row; correlate by combination_sku, component_sku and quantity.",,BLOCKED,BLOCKED,COMPONENT_SKU_NOT_FOUND,SUFFIXED_ITEM_NOT_FOUND,EXACT_FULL_SKU_NO_SUFFIX_NORMALIZATION,YES,YES,LOW,Exact 001A.0 evidence retained; no fuzzy identity.,UD-001,PENDING_BUSINESS_REVIEW_PLACEHOLDER_011,YES,PENDING_BUSINESS_REVIEW,PENDING,,SUFFIXED_ITEM_NOT_FOUND,INFORMATIONAL_ONLY_NEVER_MATCHED,No exact Woo node for full SKU 0607011-1; base candidate ignored.
WOO_SKU_COMPONENT_LIST,sku_component[4],4641,3658,0201001|0201001|1249001|1249001|0606011|0608011,,0608011,1,EXACT,SKU Woo literal: 0201001|0201001|1249001|1249001|0606011|0608011,MISSING_PHYSICAL_SKU,,BLOCKED,PRIMARY_WOO,4641,3658,0201001|0201001|1249001|1249001|0606011|0608011,"Crudo, Crudo, Granate, Crudo",,YES,NO,NO,NO,1,COMPONENT_SKU_NOT_FOUND,"{""quantity_status"":""EXACT"",""physical_match_method"":""MISSING_PHYSICAL_SKU"",""parent_match_method"":""""}","Evidence row; correlate by combination_sku, component_sku and quantity.",,BLOCKED,BLOCKED,COMPONENT_SKU_NOT_FOUND,PLACEHOLDER_UNRESOLVED,PLACEHOLDER_UNRESOLVED,YES,YES,LOW,Exact 001A.0 evidence retained; no fuzzy identity.,UD-001,PENDING_BUSINESS_REVIEW_PLACEHOLDER_011,YES,PENDING_BUSINESS_REVIEW,PENDING,,,,
WOO_SKU_COMPONENT_LIST,sku_component[4],11748,11716,0201001|0201001|1249001|1249001|0606011|0608011-1,,0608011-1,1,EXACT,SKU Woo literal: 0201001|0201001|1249001|1249001|0606011|0608011-1,NO_EXACT_WOO_SKU_FULL,,BLOCKED,PRIMARY_WOO,11748,11716,0201001|0201001|1249001|1249001|0606011|0608011-1,"Crudo, Crudo, Granate, Crudo",,YES,NO,NO,NO,1,COMPONENT_SKU_NOT_FOUND,"{""quantity_status"":""EXACT"",""physical_match_method"":""MISSING_PHYSICAL_SKU"",""parent_match_method"":""""}","Evidence row; correlate by combination_sku, component_sku and quantity.",,BLOCKED,BLOCKED,COMPONENT_SKU_NOT_FOUND,SUFFIXED_ITEM_NOT_FOUND,EXACT_FULL_SKU_NO_SUFFIX_NORMALIZATION,YES,YES,LOW,Exact 001A.0 evidence retained; no fuzzy identity.,UD-001,PENDING_BUSINESS_REVIEW_PLACEHOLDER_011,YES,PENDING_BUSINESS_REVIEW,PENDING,,SUFFIXED_ITEM_NOT_FOUND,INFORMATIONAL_ONLY_NEVER_MATCHED,No exact Woo node for full SKU 0608011-1; base candidate ignored.
WOO_SKU_COMPONENT_LIST,sku_component[4],4639,3658,0201001|0201001|1249001|1249001|0606011|0609011,,0609011,1,EXACT,SKU Woo literal: 0201001|0201001|1249001|1249001|0606011|0609011,MISSING_PHYSICAL_SKU,,BLOCKED,PRIMARY_WOO,4639,3658,0201001|0201001|1249001|1249001|0606011|0609011,"Crudo, Crudo, Granate, Azul",,YES,NO,NO,NO,1,COMPONENT_SKU_NOT_FOUND,"{""quantity_status"":""EXACT"",""physical_match_method"":""MISSING_PHYSICAL_SKU"",""parent_match_method"":""""}","Evidence row; correlate by combination_sku, component_sku and quantity.",,BLOCKED,BLOCKED,COMPONENT_SKU_NOT_FOUND,PLACEHOLDER_UNRESOLVED,PLACEHOLDER_UNRESOLVED,YES,YES,LOW,Exact 001A.0 evidence retained; no fuzzy identity.,UD-001,PENDING_BUSINESS_REVIEW_PLACEHOLDER_011,YES,PENDING_BUSINESS_REVIEW,PENDING,,,,
WOO_SKU_COMPONENT_LIST,sku_component[4],11747,11716,0201001|0201001|1249001|1249001|0606011|0609011-1,,0609011-1,1,EXACT,SKU Woo literal: 0201001|0201001|1249001|1249001|0606011|0609011-1,NO_EXACT_WOO_SKU_FULL,,BLOCKED,PRIMARY_WOO,11747,11716,0201001|0201001|1249001|1249001|0606011|0609011-1,"Crudo, Crudo, Granate, Azul",,YES,NO,NO,NO,1,COMPONENT_SKU_NOT_FOUND,"{""quantity_status"":""EXACT"",""physical_match_method"":""MISSING_PHYSICAL_SKU"",""parent_match_method"":""""}","Evidence row; correlate by combination_sku, component_sku and quantity.",,BLOCKED,BLOCKED,COMPONENT_SKU_NOT_FOUND,SUFFIXED_ITEM_NOT_FOUND,EXACT_FULL_SKU_NO_SUFFIX_NORMALIZATION,YES,YES,LOW,Exact 001A.0 evidence retained; no fuzzy identity.,UD-001,PENDING_BUSINESS_REVIEW_PLACEHOLDER_011,YES,PENDING_BUSINESS_REVIEW,PENDING,,SUFFIXED_ITEM_NOT_FOUND,INFORMATIONAL_ONLY_NEVER_MATCHED,No exact Woo node for full SKU 0609011-1; base candidate ignored.
WOO_SKU_COMPONENT_LIST,sku_component[4],4638,3658,0201001|0201001|1249001|1249001|0606011|0615011,,0615011,1,EXACT,SKU Woo literal: 0201001|0201001|1249001|1249001|0606011|0615011,MISSING_PHYSICAL_SKU,,BLOCKED,PRIMARY_WOO,4638,3658,0201001|0201001|1249001|1249001|0606011|0615011,"Crudo, Crudo, Granate, Amarillo",,YES,NO,NO,NO,1,COMPONENT_SKU_NOT_FOUND,"{""quantity_status"":""EXACT"",""physical_match_method"":""MISSING_PHYSICAL_SKU"",""parent_match_method"":""""}","Evidence row; correlate by combination_sku, component_sku and quantity.",,BLOCKED,BLOCKED,COMPONENT_SKU_NOT_FOUND,PLACEHOLDER_UNRESOLVED,PLACEHOLDER_UNRESOLVED,YES,YES,LOW,Exact 001A.0 evidence retained; no fuzzy identity.,UD-001,PENDING_BUSINESS_REVIEW_PLACEHOLDER_011,YES,PENDING_BUSINESS_REVIEW,PENDING,,,,
WOO_SKU_COMPONENT_LIST,sku_component[4],11746,11716,0201001|0201001|1249001|1249001|0606011|0615011-1,,0615011-1,1,EXACT,SKU Woo literal: 0201001|0201001|1249001|1249001|0606011|0615011-1,NO_EXACT_WOO_SKU_FULL,,BLOCKED,PRIMARY_WOO,11746,11716,0201001|0201001|1249001|1249001|0606011|0615011-1,"Crudo, Crudo, Granate, Amarillo",,YES,NO,NO,NO,1,COMPONENT_SKU_NOT_FOUND,"{""quantity_status"":""EXACT"",""physical_match_method"":""MISSING_PHYSICAL_SKU"",""parent_match_method"":""""}","Evidence row; correlate by combination_sku, component_sku and quantity.",,BLOCKED,BLOCKED,COMPONENT_SKU_NOT_FOUND,SUFFIXED_ITEM_NOT_FOUND,EXACT_FULL_SKU_NO_SUFFIX_NORMALIZATION,YES,YES,LOW,Exact 001A.0 evidence retained; no fuzzy identity.,UD-001,PENDING_BUSINESS_REVIEW_PLACEHOLDER_011,YES,PENDING_BUSINESS_REVIEW,PENDING,,SUFFIXED_ITEM_NOT_FOUND,INFORMATIONAL_ONLY_NEVER_MATCHED,No exact Woo node for full SKU 0615011-1; base candidate ignored.
WOO_SKU_COMPONENT_LIST,sku_component[4],4644,3658,0201001|0201001|1249001|1249001|0606011|0616011,,0616011,1,EXACT,SKU Woo literal: 0201001|0201001|1249001|1249001|0606011|0616011,MISSING_PHYSICAL_SKU,,BLOCKED,PRIMARY_WOO,4644,3658,0201001|0201001|1249001|1249001|0606011|0616011,"Crudo, Crudo, Granate, Negro",,YES,NO,NO,NO,1,COMPONENT_SKU_NOT_FOUND,"{""quantity_status"":""EXACT"",""physical_match_method"":""MISSING_PHYSICAL_SKU"",""parent_match_method"":""""}","Evidence row; correlate by combination_sku, component_sku and quantity.",,BLOCKED,BLOCKED,COMPONENT_SKU_NOT_FOUND,PLACEHOLDER_UNRESOLVED,PLACEHOLDER_UNRESOLVED,YES,YES,LOW,Exact 001A.0 evidence retained; no fuzzy identity.,UD-001,PENDING_BUSINESS_REVIEW_PLACEHOLDER_011,YES,PENDING_BUSINESS_REVIEW,PENDING,,,,
WOO_SKU_COMPONENT_LIST,sku_component[4],11749,11716,0201001|0201001|1249001|1249001|0606011|0616011-1,,0616011-1,1,EXACT,SKU Woo literal: 0201001|0201001|1249001|1249001|0606011|0616011-1,NO_EXACT_WOO_SKU_FULL,,BLOCKED,PRIMARY_WOO,11749,11716,0201001|0201001|1249001|1249001|0606011|0616011-1,"Crudo, Crudo, Granate, Negro",,YES,NO,NO,NO,1,COMPONENT_SKU_NOT_FOUND,"{""quantity_status"":""EXACT"",""physical_match_method"":""MISSING_PHYSICAL_SKU"",""parent_match_method"":""""}","Evidence row; correlate by combination_sku, component_sku and quantity.",,BLOCKED,BLOCKED,COMPONENT_SKU_NOT_FOUND,SUFFIXED_ITEM_NOT_FOUND,EXACT_FULL_SKU_NO_SUFFIX_NORMALIZATION,YES,YES,LOW,Exact 001A.0 evidence retained; no fuzzy identity.,UD-001,PENDING_BUSINESS_REVIEW_PLACEHOLDER_011,YES,PENDING_BUSINESS_REVIEW,PENDING,,SUFFIXED_ITEM_NOT_FOUND,INFORMATIONAL_ONLY_NEVER_MATCHED,No exact Woo node for full SKU 0616011-1; base candidate ignored.
WOO_SKU_COMPONENT_LIST,sku_component[4],4692,3658,0201001|0201001|1249001|1249001|0607011|0606011,,0606011,1,EXACT,SKU Woo literal: 0201001|0201001|1249001|1249001|0607011|0606011,MISSING_PHYSICAL_SKU,,BLOCKED,PRIMARY_WOO,4692,3658,0201001|0201001|1249001|1249001|0607011|0606011,"Crudo, Crudo, Rojo, Granate",,YES,NO,NO,NO,1,COMPONENT_SKU_NOT_FOUND,"{""quantity_status"":""EXACT"",""physical_match_method"":""MISSING_PHYSICAL_SKU"",""parent_match_method"":""""}","Evidence row; correlate by combination_sku, component_sku and quantity.",,BLOCKED,BLOCKED,COMPONENT_SKU_NOT_FOUND,PLACEHOLDER_UNRESOLVED,PLACEHOLDER_UNRESOLVED,YES,YES,LOW,Exact 001A.0 evidence retained; no fuzzy identity.,UD-001,PENDING_BUSINESS_REVIEW_PLACEHOLDER_011,YES,PENDING_BUSINESS_REVIEW,PENDING,,,,
WOO_SKU_COMPONENT_LIST,sku_component[4],11759,11716,0201001|0201001|1249001|1249001|0607011|0606011-1,,0606011-1,1,EXACT,SKU Woo literal: 0201001|0201001|1249001|1249001|0607011|0606011-1,NO_EXACT_WOO_SKU_FULL,,BLOCKED,PRIMARY_WOO,11759,11716,0201001|0201001|1249001|1249001|0607011|0606011-1,"Crudo, Crudo, Rojo, Granate",,YES,NO,NO,NO,1,COMPONENT_SKU_NOT_FOUND,"{""quantity_status"":""EXACT"",""physical_match_method"":""MISSING_PHYSICAL_SKU"",""parent_match_method"":""""}","Evidence row; correlate by combination_sku, component_sku and quantity.",,BLOCKED,BLOCKED,COMPONENT_SKU_NOT_FOUND,SUFFIXED_ITEM_NOT_FOUND,EXACT_FULL_SKU_NO_SUFFIX_NORMALIZATION,YES,YES,LOW,Exact 001A.0 evidence retained; no fuzzy identity.,UD-001,PENDING_BUSINESS_REVIEW_PLACEHOLDER_011,YES,PENDING_BUSINESS_REVIEW,PENDING,,SUFFIXED_ITEM_NOT_FOUND,INFORMATIONAL_ONLY_NEVER_MATCHED,No exact Woo node for full SKU 0606011-1; base candidate ignored.
WOO_SKU_COMPONENT_LIST,sku_component[4],11728,11716,0201001|0201001|1249001|1249001|0607011|0607011-1,,0607011-1,1,EXACT,SKU Woo literal: 0201001|0201001|1249001|1249001|0607011|0607011-1,NO_EXACT_WOO_SKU_FULL,,BLOCKED,PRIMARY_WOO,11728,11716,0201001|0201001|1249001|1249001|0607011|0607011-1,"Crudo, Crudo, Rojo, Rojo",,YES,NO,NO,NO,1,COMPONENT_SKU_NOT_FOUND,"{""quantity_status"":""EXACT"",""physical_match_method"":""MISSING_PHYSICAL_SKU"",""parent_match_method"":""""}","Evidence row; correlate by combination_sku, component_sku and quantity.",,BLOCKED,BLOCKED,COMPONENT_SKU_NOT_FOUND,SUFFIXED_ITEM_NOT_FOUND,EXACT_FULL_SKU_NO_SUFFIX_NORMALIZATION,YES,YES,LOW,Exact 001A.0 evidence retained; no fuzzy identity.,UD-001,PENDING_BUSINESS_REVIEW_PLACEHOLDER_011,YES,PENDING_BUSINESS_REVIEW,PENDING,,SUFFIXED_ITEM_NOT_FOUND,INFORMATIONAL_ONLY_NEVER_MATCHED,No exact Woo node for full SKU 0607011-1; base candidate ignored.
WOO_SKU_COMPONENT_LIST,sku_component[4],4691,3658,0201001|0201001|1249001|1249001|0607011|0608011,,0608011,1,EXACT,SKU Woo literal: 0201001|0201001|1249001|1249001|0607011|0608011,MISSING_PHYSICAL_SKU,,BLOCKED,PRIMARY_WOO,4691,3658,0201001|0201001|1249001|1249001|0607011|0608011,"Crudo, Crudo, Rojo, Crudo",,YES,NO,NO,NO,1,COMPONENT_SKU_NOT_FOUND,"{""quantity_status"":""EXACT"",""physical_match_method"":""MISSING_PHYSICAL_SKU"",""parent_match_method"":""""}","Evidence row; correlate by combination_sku, component_sku and quantity.",,BLOCKED,BLOCKED,COMPONENT_SKU_NOT_FOUND,PLACEHOLDER_UNRESOLVED,PLACEHOLDER_UNRESOLVED,YES,YES,LOW,Exact 001A.0 evidence retained; no fuzzy identity.,UD-001,PENDING_BUSINESS_REVIEW_PLACEHOLDER_011,YES,PENDING_BUSINESS_REVIEW,PENDING,,,,
WOO_SKU_COMPONENT_LIST,sku_component[4],11758,11716,0201001|0201001|1249001|1249001|0607011|0608011-1,,0608011-1,1,EXACT,SKU Woo literal: 0201001|0201001|1249001|1249001|0607011|0608011-1,NO_EXACT_WOO_SKU_FULL,,BLOCKED,PRIMARY_WOO,11758,11716,0201001|0201001|1249001|1249001|0607011|0608011-1,"Crudo, Crudo, Rojo, Crudo",,YES,NO,NO,NO,1,COMPONENT_SKU_NOT_FOUND,"{""quantity_status"":""EXACT"",""physical_match_method"":""MISSING_PHYSICAL_SKU"",""parent_match_method"":""""}","Evidence row; correlate by combination_sku, component_sku and quantity.",,BLOCKED,BLOCKED,COMPONENT_SKU_NOT_FOUND,SUFFIXED_ITEM_NOT_FOUND,EXACT_FULL_SKU_NO_SUFFIX_NORMALIZATION,YES,YES,LOW,Exact 001A.0 evidence retained; no fuzzy identity.,UD-001,PENDING_BUSINESS_REVIEW_PLACEHOLDER_011,YES,PENDING_BUSINESS_REVIEW,PENDING,,SUFFIXED_ITEM_NOT_FOUND,INFORMATIONAL_ONLY_NEVER_MATCHED,No exact Woo node for full SKU 0608011-1; base candidate ignored.
WOO_SKU_COMPONENT_LIST,sku_component[4],4689,3658,0201001|0201001|1249001|1249001|0607011|0609011,,0609011,1,EXACT,SKU Woo literal: 0201001|0201001|1249001|1249001|0607011|0609011,MISSING_PHYSICAL_SKU,,BLOCKED,PRIMARY_WOO,4689,3658,0201001|0201001|1249001|1249001|0607011|0609011,"Crudo, Crudo, Rojo, Azul",,YES,NO,NO,NO,1,COMPONENT_SKU_NOT_FOUND,"{""quantity_status"":""EXACT"",""physical_match_method"":""MISSING_PHYSICAL_SKU"",""parent_match_method"":""""}","Evidence row; correlate by combination_sku, component_sku and quantity.",,BLOCKED,BLOCKED,COMPONENT_SKU_NOT_FOUND,PLACEHOLDER_UNRESOLVED,PLACEHOLDER_UNRESOLVED,YES,YES,LOW,Exact 001A.0 evidence retained; no fuzzy identity.,UD-001,PENDING_BUSINESS_REVIEW_PLACEHOLDER_011,YES,PENDING_BUSINESS_REVIEW,PENDING,,,,
WOO_SKU_COMPONENT_LIST,sku_component[4],11757,11716,0201001|0201001|1249001|1249001|0607011|0609011-1,,0609011-1,1,EXACT,SKU Woo literal: 0201001|0201001|1249001|1249001|0607011|0609011-1,NO_EXACT_WOO_SKU_FULL,,BLOCKED,PRIMARY_WOO,11757,11716,0201001|0201001|1249001|1249001|0607011|0609011-1,"Crudo, Crudo, Rojo, Azul",,YES,NO,NO,NO,1,COMPONENT_SKU_NOT_FOUND,"{""quantity_status"":""EXACT"",""physical_match_method"":""MISSING_PHYSICAL_SKU"",""parent_match_method"":""""}","Evidence row; correlate by combination_sku, component_sku and quantity.",,BLOCKED,BLOCKED,COMPONENT_SKU_NOT_FOUND,SUFFIXED_ITEM_NOT_FOUND,EXACT_FULL_SKU_NO_SUFFIX_NORMALIZATION,YES,YES,LOW,Exact 001A.0 evidence retained; no fuzzy identity.,UD-001,PENDING_BUSINESS_REVIEW_PLACEHOLDER_011,YES,PENDING_BUSINESS_REVIEW,PENDING,,SUFFIXED_ITEM_NOT_FOUND,INFORMATIONAL_ONLY_NEVER_MATCHED,No exact Woo node for full SKU 0609011-1; base candidate ignored.
WOO_SKU_COMPONENT_LIST,sku_component[4],4688,3658,0201001|0201001|1249001|1249001|0607011|0615011,,0615011,1,EXACT,SKU Woo literal: 0201001|0201001|1249001|1249001|0607011|0615011,MISSING_PHYSICAL_SKU,,BLOCKED,PRIMARY_WOO,4688,3658,0201001|0201001|1249001|1249001|0607011|0615011,"Crudo, Crudo, Rojo, Amarillo",,YES,NO,NO,NO,1,COMPONENT_SKU_NOT_FOUND,"{""quantity_status"":""EXACT"",""physical_match_method"":""MISSING_PHYSICAL_SKU"",""parent_match_method"":""""}","Evidence row; correlate by combination_sku, component_sku and quantity.",,BLOCKED,BLOCKED,COMPONENT_SKU_NOT_FOUND,PLACEHOLDER_UNRESOLVED,PLACEHOLDER_UNRESOLVED,YES,YES,LOW,Exact 001A.0 evidence retained; no fuzzy identity.,UD-001,PENDING_BUSINESS_REVIEW_PLACEHOLDER_011,YES,PENDING_BUSINESS_REVIEW,PENDING,,,,
WOO_SKU_COMPONENT_LIST,sku_component[4],11756,11716,0201001|0201001|1249001|1249001|0607011|0615011-1,,0615011-1,1,EXACT,SKU Woo literal: 0201001|0201001|1249001|1249001|0607011|0615011-1,NO_EXACT_WOO_SKU_FULL,,BLOCKED,PRIMARY_WOO,11756,11716,0201001|0201001|1249001|1249001|0607011|0615011-1,"Crudo, Crudo, Rojo, Amarillo",,YES,NO,NO,NO,1,COMPONENT_SKU_NOT_FOUND,"{""quantity_status"":""EXACT"",""physical_match_method"":""MISSING_PHYSICAL_SKU"",""parent_match_method"":""""}","Evidence row; correlate by combination_sku, component_sku and quantity.",,BLOCKED,BLOCKED,COMPONENT_SKU_NOT_FOUND,SUFFIXED_ITEM_NOT_FOUND,EXACT_FULL_SKU_NO_SUFFIX_NORMALIZATION,YES,YES,LOW,Exact 001A.0 evidence retained; no fuzzy identity.,UD-001,PENDING_BUSINESS_REVIEW_PLACEHOLDER_011,YES,PENDING_BUSINESS_REVIEW,PENDING,,SUFFIXED_ITEM_NOT_FOUND,INFORMATIONAL_ONLY_NEVER_MATCHED,No exact Woo node for full SKU 0615011-1; base candidate ignored.
WOO_SKU_COMPONENT_LIST,sku_component[4],4695,3658,0201001|0201001|1249001|1249001|0607011|0616011,,0616011,1,EXACT,SKU Woo literal: 0201001|0201001|1249001|1249001|0607011|0616011,MISSING_PHYSICAL_SKU,,BLOCKED,PRIMARY_WOO,4695,3658,0201001|0201001|1249001|1249001|0607011|0616011,"Crudo, Crudo, Rojo, Negro",,YES,NO,NO,NO,1,COMPONENT_SKU_NOT_FOUND,"{""quantity_status"":""EXACT"",""physical_match_method"":""MISSING_PHYSICAL_SKU"",""parent_match_method"":""""}","Evidence row; correlate by combination_sku, component_sku and quantity.",,BLOCKED,BLOCKED,COMPONENT_SKU_NOT_FOUND,PLACEHOLDER_UNRESOLVED,PLACEHOLDER_UNRESOLVED,YES,YES,LOW,Exact 001A.0 evidence retained; no fuzzy identity.,UD-001,PENDING_BUSINESS_REVIEW_PLACEHOLDER_011,YES,PENDING_BUSINESS_REVIEW,PENDING,,,,
WOO_SKU_COMPONENT_LIST,sku_component[4],11760,11716,0201001|0201001|1249001|1249001|0607011|0616011-1,,0616011-1,1,EXACT,SKU Woo literal: 0201001|0201001|1249001|1249001|0607011|0616011-1,NO_EXACT_WOO_SKU_FULL,,BLOCKED,PRIMARY_WOO,11760,11716,0201001|0201001|1249001|1249001|0607011|0616011-1,"Crudo, Crudo, Rojo, Negro",,YES,NO,NO,NO,1,COMPONENT_SKU_NOT_FOUND,"{""quantity_status"":""EXACT"",""physical_match_method"":""MISSING_PHYSICAL_SKU"",""parent_match_method"":""""}","Evidence row; correlate by combination_sku, component_sku and quantity.",,BLOCKED,BLOCKED,COMPONENT_SKU_NOT_FOUND,SUFFIXED_ITEM_NOT_FOUND,EXACT_FULL_SKU_NO_SUFFIX_NORMALIZATION,YES,YES,LOW,Exact 001A.0 evidence retained; no fuzzy identity.,UD-001,PENDING_BUSINESS_REVIEW_PLACEHOLDER_011,YES,PENDING_BUSINESS_REVIEW,PENDING,,SUFFIXED_ITEM_NOT_FOUND,INFORMATIONAL_ONLY_NEVER_MATCHED,No exact Woo node for full SKU 0616011-1; base candidate ignored.
WOO_SKU_COMPONENT_LIST,sku_component[4],4631,3658,0201001|0201001|1249001|1249001|0608011|0606011,,0606011,1,EXACT,SKU Woo literal: 0201001|0201001|1249001|1249001|0608011|0606011,MISSING_PHYSICAL_SKU,,BLOCKED,PRIMARY_WOO,4631,3658,0201001|0201001|1249001|1249001|0608011|0606011,"Crudo, Crudo, Crudo, Granate",,YES,NO,NO,NO,1,COMPONENT_SKU_NOT_FOUND,"{""quantity_status"":""EXACT"",""physical_match_method"":""MISSING_PHYSICAL_SKU"",""parent_match_method"":""""}","Evidence row; correlate by combination_sku, component_sku and quantity.",,BLOCKED,BLOCKED,COMPONENT_SKU_NOT_FOUND,PLACEHOLDER_UNRESOLVED,PLACEHOLDER_UNRESOLVED,YES,YES,LOW,Exact 001A.0 evidence retained; no fuzzy identity.,UD-001,PENDING_BUSINESS_REVIEW_PLACEHOLDER_011,YES,PENDING_BUSINESS_REVIEW,PENDING,,,,
WOO_SKU_COMPONENT_LIST,sku_component[4],11743,11716,0201001|0201001|1249001|1249001|0608011|0606011-1,,0606011-1,1,EXACT,SKU Woo literal: 0201001|0201001|1249001|1249001|0608011|0606011-1,NO_EXACT_WOO_SKU_FULL,,BLOCKED,PRIMARY_WOO,11743,11716,0201001|0201001|1249001|1249001|0608011|0606011-1,"Crudo, Crudo, Crudo, Granate",,YES,NO,NO,NO,1,COMPONENT_SKU_NOT_FOUND,"{""quantity_status"":""EXACT"",""physical_match_method"":""MISSING_PHYSICAL_SKU"",""parent_match_method"":""""}","Evidence row; correlate by combination_sku, component_sku and quantity.",,BLOCKED,BLOCKED,COMPONENT_SKU_NOT_FOUND,SUFFIXED_ITEM_NOT_FOUND,EXACT_FULL_SKU_NO_SUFFIX_NORMALIZATION,YES,YES,LOW,Exact 001A.0 evidence retained; no fuzzy identity.,UD-001,PENDING_BUSINESS_REVIEW_PLACEHOLDER_011,YES,PENDING_BUSINESS_REVIEW,PENDING,,SUFFIXED_ITEM_NOT_FOUND,INFORMATIONAL_ONLY_NEVER_MATCHED,No exact Woo node for full SKU 0606011-1; base candidate ignored.
WOO_SKU_COMPONENT_LIST,sku_component[4],4635,3658,0201001|0201001|1249001|1249001|0608011|0607011,,0607011,1,EXACT,SKU Woo literal: 0201001|0201001|1249001|1249001|0608011|0607011,MISSING_PHYSICAL_SKU,,BLOCKED,PRIMARY_WOO,4635,3658,0201001|0201001|1249001|1249001|0608011|0607011,"Crudo, Crudo, Crudo, Rojo",,YES,NO,NO,NO,1,COMPONENT_SKU_NOT_FOUND,"{""quantity_status"":""EXACT"",""physical_match_method"":""MISSING_PHYSICAL_SKU"",""parent_match_method"":""""}","Evidence row; correlate by combination_sku, component_sku and quantity.",,BLOCKED,BLOCKED,COMPONENT_SKU_NOT_FOUND,PLACEHOLDER_UNRESOLVED,PLACEHOLDER_UNRESOLVED,YES,YES,LOW,Exact 001A.0 evidence retained; no fuzzy identity.,UD-001,PENDING_BUSINESS_REVIEW_PLACEHOLDER_011,YES,PENDING_BUSINESS_REVIEW,PENDING,,,,
WOO_SKU_COMPONENT_LIST,sku_component[4],11745,11716,0201001|0201001|1249001|1249001|0608011|0607011-1,,0607011-1,1,EXACT,SKU Woo literal: 0201001|0201001|1249001|1249001|0608011|0607011-1,NO_EXACT_WOO_SKU_FULL,,BLOCKED,PRIMARY_WOO,11745,11716,0201001|0201001|1249001|1249001|0608011|0607011-1,"Crudo, Crudo, Crudo, Rojo",,YES,NO,NO,NO,1,COMPONENT_SKU_NOT_FOUND,"{""quantity_status"":""EXACT"",""physical_match_method"":""MISSING_PHYSICAL_SKU"",""parent_match_method"":""""}","Evidence row; correlate by combination_sku, component_sku and quantity.",,BLOCKED,BLOCKED,COMPONENT_SKU_NOT_FOUND,SUFFIXED_ITEM_NOT_FOUND,EXACT_FULL_SKU_NO_SUFFIX_NORMALIZATION,YES,YES,LOW,Exact 001A.0 evidence retained; no fuzzy identity.,UD-001,PENDING_BUSINESS_REVIEW_PLACEHOLDER_011,YES,PENDING_BUSINESS_REVIEW,PENDING,,SUFFIXED_ITEM_NOT_FOUND,INFORMATIONAL_ONLY_NEVER_MATCHED,No exact Woo node for full SKU 0607011-1; base candidate ignored.
WOO_SKU_COMPONENT_LIST,sku_component[4],11724,11716,0201001|0201001|1249001|1249001|0608011|0608011-1,,0608011-1,1,EXACT,SKU Woo literal: 0201001|0201001|1249001|1249001|0608011|0608011-1,NO_EXACT_WOO_SKU_FULL,,BLOCKED,PRIMARY_WOO,11724,11716,0201001|0201001|1249001|1249001|0608011|0608011-1,"Crudo, Crudo, Crudo, Crudo",,YES,NO,NO,NO,1,COMPONENT_SKU_NOT_FOUND,"{""quantity_status"":""EXACT"",""physical_match_method"":""MISSING_PHYSICAL_SKU"",""parent_match_method"":""""}","Evidence row; correlate by combination_sku, component_sku and quantity.",,BLOCKED,BLOCKED,COMPONENT_SKU_NOT_FOUND,SUFFIXED_ITEM_NOT_FOUND,EXACT_FULL_SKU_NO_SUFFIX_NORMALIZATION,YES,YES,LOW,Exact 001A.0 evidence retained; no fuzzy identity.,UD-001,PENDING_BUSINESS_REVIEW_PLACEHOLDER_011,YES,PENDING_BUSINESS_REVIEW,PENDING,,SUFFIXED_ITEM_NOT_FOUND,INFORMATIONAL_ONLY_NEVER_MATCHED,No exact Woo node for full SKU 0608011-1; base candidate ignored.
WOO_SKU_COMPONENT_LIST,sku_component[4],4629,3658,0201001|0201001|1249001|1249001|0608011|0609011,,0609011,1,EXACT,SKU Woo literal: 0201001|0201001|1249001|1249001|0608011|0609011,MISSING_PHYSICAL_SKU,,BLOCKED,PRIMARY_WOO,4629,3658,0201001|0201001|1249001|1249001|0608011|0609011,"Crudo, Crudo, Crudo, Azul",,YES,NO,NO,NO,1,COMPONENT_SKU_NOT_FOUND,"{""quantity_status"":""EXACT"",""physical_match_method"":""MISSING_PHYSICAL_SKU"",""parent_match_method"":""""}","Evidence row; correlate by combination_sku, component_sku and quantity.",,BLOCKED,BLOCKED,COMPONENT_SKU_NOT_FOUND,PLACEHOLDER_UNRESOLVED,PLACEHOLDER_UNRESOLVED,YES,YES,LOW,Exact 001A.0 evidence retained; no fuzzy identity.,UD-001,PENDING_BUSINESS_REVIEW_PLACEHOLDER_011,YES,PENDING_BUSINESS_REVIEW,PENDING,,,,
WOO_SKU_COMPONENT_LIST,sku_component[4],11742,11716,0201001|0201001|1249001|1249001|0608011|0609011-1,,0609011-1,1,EXACT,SKU Woo literal: 0201001|0201001|1249001|1249001|0608011|0609011-1,NO_EXACT_WOO_SKU_FULL,,BLOCKED,PRIMARY_WOO,11742,11716,0201001|0201001|1249001|1249001|0608011|0609011-1,"Crudo, Crudo, Crudo, Azul",,YES,NO,NO,NO,1,COMPONENT_SKU_NOT_FOUND,"{""quantity_status"":""EXACT"",""physical_match_method"":""MISSING_PHYSICAL_SKU"",""parent_match_method"":""""}","Evidence row; correlate by combination_sku, component_sku and quantity.",,BLOCKED,BLOCKED,COMPONENT_SKU_NOT_FOUND,SUFFIXED_ITEM_NOT_FOUND,EXACT_FULL_SKU_NO_SUFFIX_NORMALIZATION,YES,YES,LOW,Exact 001A.0 evidence retained; no fuzzy identity.,UD-001,PENDING_BUSINESS_REVIEW_PLACEHOLDER_011,YES,PENDING_BUSINESS_REVIEW,PENDING,,SUFFIXED_ITEM_NOT_FOUND,INFORMATIONAL_ONLY_NEVER_MATCHED,No exact Woo node for full SKU 0609011-1; base candidate ignored.
WOO_SKU_COMPONENT_LIST,sku_component[4],11741,11716,0201001|0201001|1249001|1249001|0608011|0615011-1,,0615011-1,1,EXACT,SKU Woo literal: 0201001|0201001|1249001|1249001|0608011|0615011-1,NO_EXACT_WOO_SKU_FULL,,BLOCKED,PRIMARY_WOO,11741,11716,0201001|0201001|1249001|1249001|0608011|0615011-1,"Crudo, Crudo, Crudo, Amarillo",,YES,NO,NO,NO,1,COMPONENT_SKU_NOT_FOUND,"{""quantity_status"":""EXACT"",""physical_match_method"":""MISSING_PHYSICAL_SKU"",""parent_match_method"":""""}","Evidence row; correlate by combination_sku, component_sku and quantity.",,BLOCKED,BLOCKED,COMPONENT_SKU_NOT_FOUND,SUFFIXED_ITEM_NOT_FOUND,EXACT_FULL_SKU_NO_SUFFIX_NORMALIZATION,YES,YES,LOW,Exact 001A.0 evidence retained; no fuzzy identity.,UD-001,PENDING_BUSINESS_REVIEW_PLACEHOLDER_011,YES,PENDING_BUSINESS_REVIEW,PENDING,,SUFFIXED_ITEM_NOT_FOUND,INFORMATIONAL_ONLY_NEVER_MATCHED,No exact Woo node for full SKU 0615011-1; base candidate ignored.
WOO_SKU_COMPONENT_LIST,sku_component[4],4634,3658,0201001|0201001|1249001|1249001|0608011|0616011,,0616011,1,EXACT,SKU Woo literal: 0201001|0201001|1249001|1249001|0608011|0616011,MISSING_PHYSICAL_SKU,,BLOCKED,PRIMARY_WOO,4634,3658,0201001|0201001|1249001|1249001|0608011|0616011,"Crudo, Crudo, Crudo, Negro",,YES,NO,NO,NO,1,COMPONENT_SKU_NOT_FOUND,"{""quantity_status"":""EXACT"",""physical_match_method"":""MISSING_PHYSICAL_SKU"",""parent_match_method"":""""}","Evidence row; correlate by combination_sku, component_sku and quantity.",,BLOCKED,BLOCKED,COMPONENT_SKU_NOT_FOUND,PLACEHOLDER_UNRESOLVED,PLACEHOLDER_UNRESOLVED,YES,YES,LOW,Exact 001A.0 evidence retained; no fuzzy identity.,UD-001,PENDING_BUSINESS_REVIEW_PLACEHOLDER_011,YES,PENDING_BUSINESS_REVIEW,PENDING,,,,
WOO_SKU_COMPONENT_LIST,sku_component[4],11744,11716,0201001|0201001|1249001|1249001|0608011|0616011-1,,0616011-1,1,EXACT,SKU Woo literal: 0201001|0201001|1249001|1249001|0608011|0616011-1,NO_EXACT_WOO_SKU_FULL,,BLOCKED,PRIMARY_WOO,11744,11716,0201001|0201001|1249001|1249001|0608011|0616011-1,"Crudo, Crudo, Crudo, Negro",,YES,NO,NO,NO,1,COMPONENT_SKU_NOT_FOUND,"{""quantity_status"":""EXACT"",""physical_match_method"":""MISSING_PHYSICAL_SKU"",""parent_match_method"":""""}","Evidence row; correlate by combination_sku, component_sku and quantity.",,BLOCKED,BLOCKED,COMPONENT_SKU_NOT_FOUND,SUFFIXED_ITEM_NOT_FOUND,EXACT_FULL_SKU_NO_SUFFIX_NORMALIZATION,YES,YES,LOW,Exact 001A.0 evidence retained; no fuzzy identity.,UD-001,PENDING_BUSINESS_REVIEW_PLACEHOLDER_011,YES,PENDING_BUSINESS_REVIEW,PENDING,,SUFFIXED_ITEM_NOT_FOUND,INFORMATIONAL_ONLY_NEVER_MATCHED,No exact Woo node for full SKU 0616011-1; base candidate ignored.
WOO_SKU_COMPONENT_LIST,sku_component[4],4611,3658,0201001|0201001|1249001|1249001|0609011|0606011,,0606011,1,EXACT,SKU Woo literal: 0201001|0201001|1249001|1249001|0609011|0606011,MISSING_PHYSICAL_SKU,,BLOCKED,PRIMARY_WOO,4611,3658,0201001|0201001|1249001|1249001|0609011|0606011,"Crudo, Crudo, Azul, Granate",,YES,NO,NO,NO,1,COMPONENT_SKU_NOT_FOUND,"{""quantity_status"":""EXACT"",""physical_match_method"":""MISSING_PHYSICAL_SKU"",""parent_match_method"":""""}","Evidence row; correlate by combination_sku, component_sku and quantity.",,BLOCKED,BLOCKED,COMPONENT_SKU_NOT_FOUND,PLACEHOLDER_UNRESOLVED,PLACEHOLDER_UNRESOLVED,YES,YES,LOW,Exact 001A.0 evidence retained; no fuzzy identity.,UD-001,PENDING_BUSINESS_REVIEW_PLACEHOLDER_011,YES,PENDING_BUSINESS_REVIEW,PENDING,,,,
WOO_SKU_COMPONENT_LIST,sku_component[4],11738,11716,0201001|0201001|1249001|1249001|0609011|0606011-1,,0606011-1,1,EXACT,SKU Woo literal: 0201001|0201001|1249001|1249001|0609011|0606011-1,NO_EXACT_WOO_SKU_FULL,,BLOCKED,PRIMARY_WOO,11738,11716,0201001|0201001|1249001|1249001|0609011|0606011-1,"Crudo, Crudo, Azul, Granate",,YES,NO,NO,NO,1,COMPONENT_SKU_NOT_FOUND,"{""quantity_status"":""EXACT"",""physical_match_method"":""MISSING_PHYSICAL_SKU"",""parent_match_method"":""""}","Evidence row; correlate by combination_sku, component_sku and quantity.",,BLOCKED,BLOCKED,COMPONENT_SKU_NOT_FOUND,SUFFIXED_ITEM_NOT_FOUND,EXACT_FULL_SKU_NO_SUFFIX_NORMALIZATION,YES,YES,LOW,Exact 001A.0 evidence retained; no fuzzy identity.,UD-001,PENDING_BUSINESS_REVIEW_PLACEHOLDER_011,YES,PENDING_BUSINESS_REVIEW,PENDING,,SUFFIXED_ITEM_NOT_FOUND,INFORMATIONAL_ONLY_NEVER_MATCHED,No exact Woo node for full SKU 0606011-1; base candidate ignored.
WOO_SKU_COMPONENT_LIST,sku_component[4],4615,3658,0201001|0201001|1249001|1249001|0609011|0607011,,0607011,1,EXACT,SKU Woo literal: 0201001|0201001|1249001|1249001|0609011|0607011,MISSING_PHYSICAL_SKU,,BLOCKED,PRIMARY_WOO,4615,3658,0201001|0201001|1249001|1249001|0609011|0607011,"Crudo, Crudo, Azul, Rojo",,YES,NO,NO,NO,1,COMPONENT_SKU_NOT_FOUND,"{""quantity_status"":""EXACT"",""physical_match_method"":""MISSING_PHYSICAL_SKU"",""parent_match_method"":""""}","Evidence row; correlate by combination_sku, component_sku and quantity.",,BLOCKED,BLOCKED,COMPONENT_SKU_NOT_FOUND,PLACEHOLDER_UNRESOLVED,PLACEHOLDER_UNRESOLVED,YES,YES,LOW,Exact 001A.0 evidence retained; no fuzzy identity.,UD-001,PENDING_BUSINESS_REVIEW_PLACEHOLDER_011,YES,PENDING_BUSINESS_REVIEW,PENDING,,,,
WOO_SKU_COMPONENT_LIST,sku_component[4],11740,11716,0201001|0201001|1249001|1249001|0609011|0607011-1,,0607011-1,1,EXACT,SKU Woo literal: 0201001|0201001|1249001|1249001|0609011|0607011-1,NO_EXACT_WOO_SKU_FULL,,BLOCKED,PRIMARY_WOO,11740,11716,0201001|0201001|1249001|1249001|0609011|0607011-1,"Crudo, Crudo, Azul, Rojo",,YES,NO,NO,NO,1,COMPONENT_SKU_NOT_FOUND,"{""quantity_status"":""EXACT"",""physical_match_method"":""MISSING_PHYSICAL_SKU"",""parent_match_method"":""""}","Evidence row; correlate by combination_sku, component_sku and quantity.",,BLOCKED,BLOCKED,COMPONENT_SKU_NOT_FOUND,SUFFIXED_ITEM_NOT_FOUND,EXACT_FULL_SKU_NO_SUFFIX_NORMALIZATION,YES,YES,LOW,Exact 001A.0 evidence retained; no fuzzy identity.,UD-001,PENDING_BUSINESS_REVIEW_PLACEHOLDER_011,YES,PENDING_BUSINESS_REVIEW,PENDING,,SUFFIXED_ITEM_NOT_FOUND,INFORMATIONAL_ONLY_NEVER_MATCHED,No exact Woo node for full SKU 0607011-1; base candidate ignored.
WOO_SKU_COMPONENT_LIST,sku_component[4],4610,3658,0201001|0201001|1249001|1249001|0609011|0608011,,0608011,1,EXACT,SKU Woo literal: 0201001|0201001|1249001|1249001|0609011|0608011,MISSING_PHYSICAL_SKU,,BLOCKED,PRIMARY_WOO,4610,3658,0201001|0201001|1249001|1249001|0609011|0608011,"Crudo, Crudo, Azul, Crudo",,YES,NO,NO,NO,1,COMPONENT_SKU_NOT_FOUND,"{""quantity_status"":""EXACT"",""physical_match_method"":""MISSING_PHYSICAL_SKU"",""parent_match_method"":""""}","Evidence row; correlate by combination_sku, component_sku and quantity.",,BLOCKED,BLOCKED,COMPONENT_SKU_NOT_FOUND,PLACEHOLDER_UNRESOLVED,PLACEHOLDER_UNRESOLVED,YES,YES,LOW,Exact 001A.0 evidence retained; no fuzzy identity.,UD-001,PENDING_BUSINESS_REVIEW_PLACEHOLDER_011,YES,PENDING_BUSINESS_REVIEW,PENDING,,,,
WOO_SKU_COMPONENT_LIST,sku_component[4],11737,11716,0201001|0201001|1249001|1249001|0609011|0608011-1,,0608011-1,1,EXACT,SKU Woo literal: 0201001|0201001|1249001|1249001|0609011|0608011-1,NO_EXACT_WOO_SKU_FULL,,BLOCKED,PRIMARY_WOO,11737,11716,0201001|0201001|1249001|1249001|0609011|0608011-1,"Crudo, Crudo, Azul, Crudo",,YES,NO,NO,NO,1,COMPONENT_SKU_NOT_FOUND,"{""quantity_status"":""EXACT"",""physical_match_method"":""MISSING_PHYSICAL_SKU"",""parent_match_method"":""""}","Evidence row; correlate by combination_sku, component_sku and quantity.",,BLOCKED,BLOCKED,COMPONENT_SKU_NOT_FOUND,SUFFIXED_ITEM_NOT_FOUND,EXACT_FULL_SKU_NO_SUFFIX_NORMALIZATION,YES,YES,LOW,Exact 001A.0 evidence retained; no fuzzy identity.,UD-001,PENDING_BUSINESS_REVIEW_PLACEHOLDER_011,YES,PENDING_BUSINESS_REVIEW,PENDING,,SUFFIXED_ITEM_NOT_FOUND,INFORMATIONAL_ONLY_NEVER_MATCHED,No exact Woo node for full SKU 0608011-1; base candidate ignored.
WOO_SKU_COMPONENT_LIST,sku_component[4],11722,11716,0201001|0201001|1249001|1249001|0609011|0609011-1,,0609011-1,1,EXACT,SKU Woo literal: 0201001|0201001|1249001|1249001|0609011|0609011-1,NO_EXACT_WOO_SKU_FULL,,BLOCKED,PRIMARY_WOO,11722,11716,0201001|0201001|1249001|1249001|0609011|0609011-1,"Crudo, Crudo, Azul, Azul",,YES,NO,NO,NO,1,COMPONENT_SKU_NOT_FOUND,"{""quantity_status"":""EXACT"",""physical_match_method"":""MISSING_PHYSICAL_SKU"",""parent_match_method"":""""}","Evidence row; correlate by combination_sku, component_sku and quantity.",,BLOCKED,BLOCKED,COMPONENT_SKU_NOT_FOUND,SUFFIXED_ITEM_NOT_FOUND,EXACT_FULL_SKU_NO_SUFFIX_NORMALIZATION,YES,YES,LOW,Exact 001A.0 evidence retained; no fuzzy identity.,UD-001,PENDING_BUSINESS_REVIEW_PLACEHOLDER_011,YES,PENDING_BUSINESS_REVIEW,PENDING,,SUFFIXED_ITEM_NOT_FOUND,INFORMATIONAL_ONLY_NEVER_MATCHED,No exact Woo node for full SKU 0609011-1; base candidate ignored.
WOO_SKU_COMPONENT_LIST,sku_component[4],4608,3658,0201001|0201001|1249001|1249001|0609011|0615011,,0615011,1,EXACT,SKU Woo literal: 0201001|0201001|1249001|1249001|0609011|0615011,MISSING_PHYSICAL_SKU,,BLOCKED,PRIMARY_WOO,4608,3658,0201001|0201001|1249001|1249001|0609011|0615011,"Crudo, Crudo, Azul, Amarillo",,YES,NO,NO,NO,1,COMPONENT_SKU_NOT_FOUND,"{""quantity_status"":""EXACT"",""physical_match_method"":""MISSING_PHYSICAL_SKU"",""parent_match_method"":""""}","Evidence row; correlate by combination_sku, component_sku and quantity.",,BLOCKED,BLOCKED,COMPONENT_SKU_NOT_FOUND,PLACEHOLDER_UNRESOLVED,PLACEHOLDER_UNRESOLVED,YES,YES,LOW,Exact 001A.0 evidence retained; no fuzzy identity.,UD-001,PENDING_BUSINESS_REVIEW_PLACEHOLDER_011,YES,PENDING_BUSINESS_REVIEW,PENDING,,,,
WOO_SKU_COMPONENT_LIST,sku_component[4],11736,11716,0201001|0201001|1249001|1249001|0609011|0615011-1,,0615011-1,1,EXACT,SKU Woo literal: 0201001|0201001|1249001|1249001|0609011|0615011-1,NO_EXACT_WOO_SKU_FULL,,BLOCKED,PRIMARY_WOO,11736,11716,0201001|0201001|1249001|1249001|0609011|0615011-1,"Crudo, Crudo, Azul, Amarillo",,YES,NO,NO,NO,1,COMPONENT_SKU_NOT_FOUND,"{""quantity_status"":""EXACT"",""physical_match_method"":""MISSING_PHYSICAL_SKU"",""parent_match_method"":""""}","Evidence row; correlate by combination_sku, component_sku and quantity.",,BLOCKED,BLOCKED,COMPONENT_SKU_NOT_FOUND,SUFFIXED_ITEM_NOT_FOUND,EXACT_FULL_SKU_NO_SUFFIX_NORMALIZATION,YES,YES,LOW,Exact 001A.0 evidence retained; no fuzzy identity.,UD-001,PENDING_BUSINESS_REVIEW_PLACEHOLDER_011,YES,PENDING_BUSINESS_REVIEW,PENDING,,SUFFIXED_ITEM_NOT_FOUND,INFORMATIONAL_ONLY_NEVER_MATCHED,No exact Woo node for full SKU 0615011-1; base candidate ignored.
WOO_SKU_COMPONENT_LIST,sku_component[4],4614,3658,0201001|0201001|1249001|1249001|0609011|0616011,,0616011,1,EXACT,SKU Woo literal: 0201001|0201001|1249001|1249001|0609011|0616011,MISSING_PHYSICAL_SKU,,BLOCKED,PRIMARY_WOO,4614,3658,0201001|0201001|1249001|1249001|0609011|0616011,"Crudo, Crudo, Azul, Negro",,YES,NO,NO,NO,1,COMPONENT_SKU_NOT_FOUND,"{""quantity_status"":""EXACT"",""physical_match_method"":""MISSING_PHYSICAL_SKU"",""parent_match_method"":""""}","Evidence row; correlate by combination_sku, component_sku and quantity.",,BLOCKED,BLOCKED,COMPONENT_SKU_NOT_FOUND,PLACEHOLDER_UNRESOLVED,PLACEHOLDER_UNRESOLVED,YES,YES,LOW,Exact 001A.0 evidence retained; no fuzzy identity.,UD-001,PENDING_BUSINESS_REVIEW_PLACEHOLDER_011,YES,PENDING_BUSINESS_REVIEW,PENDING,,,,
WOO_SKU_COMPONENT_LIST,sku_component[4],11739,11716,0201001|0201001|1249001|1249001|0609011|0616011-1,,0616011-1,1,EXACT,SKU Woo literal: 0201001|0201001|1249001|1249001|0609011|0616011-1,NO_EXACT_WOO_SKU_FULL,,BLOCKED,PRIMARY_WOO,11739,11716,0201001|0201001|1249001|1249001|0609011|0616011-1,"Crudo, Crudo, Azul, Negro",,YES,NO,NO,NO,1,COMPONENT_SKU_NOT_FOUND,"{""quantity_status"":""EXACT"",""physical_match_method"":""MISSING_PHYSICAL_SKU"",""parent_match_method"":""""}","Evidence row; correlate by combination_sku, component_sku and quantity.",,BLOCKED,BLOCKED,COMPONENT_SKU_NOT_FOUND,SUFFIXED_ITEM_NOT_FOUND,EXACT_FULL_SKU_NO_SUFFIX_NORMALIZATION,YES,YES,LOW,Exact 001A.0 evidence retained; no fuzzy identity.,UD-001,PENDING_BUSINESS_REVIEW_PLACEHOLDER_011,YES,PENDING_BUSINESS_REVIEW,PENDING,,SUFFIXED_ITEM_NOT_FOUND,INFORMATIONAL_ONLY_NEVER_MATCHED,No exact Woo node for full SKU 0616011-1; base candidate ignored.
WOO_SKU_COMPONENT_LIST,sku_component[4],4601,3658,0201001|0201001|1249001|1249001|0615011|0606011,,0606011,1,EXACT,SKU Woo literal: 0201001|0201001|1249001|1249001|0615011|0606011,MISSING_PHYSICAL_SKU,,BLOCKED,PRIMARY_WOO,4601,3658,0201001|0201001|1249001|1249001|0615011|0606011,"Crudo, Crudo, Amarillo, Granate",,YES,NO,NO,NO,1,COMPONENT_SKU_NOT_FOUND,"{""quantity_status"":""EXACT"",""physical_match_method"":""MISSING_PHYSICAL_SKU"",""parent_match_method"":""""}","Evidence row; correlate by combination_sku, component_sku and quantity.",,BLOCKED,BLOCKED,COMPONENT_SKU_NOT_FOUND,PLACEHOLDER_UNRESOLVED,PLACEHOLDER_UNRESOLVED,YES,YES,LOW,Exact 001A.0 evidence retained; no fuzzy identity.,UD-001,PENDING_BUSINESS_REVIEW_PLACEHOLDER_011,YES,PENDING_BUSINESS_REVIEW,PENDING,,,,
WOO_SKU_COMPONENT_LIST,sku_component[4],11733,11716,0201001|0201001|1249001|1249001|0615011|0606011-1,,0606011-1,1,EXACT,SKU Woo literal: 0201001|0201001|1249001|1249001|0615011|0606011-1,NO_EXACT_WOO_SKU_FULL,,BLOCKED,PRIMARY_WOO,11733,11716,0201001|0201001|1249001|1249001|0615011|0606011-1,"Crudo, Crudo, Amarillo, Granate",,YES,NO,NO,NO,1,COMPONENT_SKU_NOT_FOUND,"{""quantity_status"":""EXACT"",""physical_match_method"":""MISSING_PHYSICAL_SKU"",""parent_match_method"":""""}","Evidence row; correlate by combination_sku, component_sku and quantity.",,BLOCKED,BLOCKED,COMPONENT_SKU_NOT_FOUND,SUFFIXED_ITEM_NOT_FOUND,EXACT_FULL_SKU_NO_SUFFIX_NORMALIZATION,YES,YES,LOW,Exact 001A.0 evidence retained; no fuzzy identity.,UD-001,PENDING_BUSINESS_REVIEW_PLACEHOLDER_011,YES,PENDING_BUSINESS_REVIEW,PENDING,,SUFFIXED_ITEM_NOT_FOUND,INFORMATIONAL_ONLY_NEVER_MATCHED,No exact Woo node for full SKU 0606011-1; base candidate ignored.
WOO_SKU_COMPONENT_LIST,sku_component[4],4605,3658,0201001|0201001|1249001|1249001|0615011|0607011,,0607011,1,EXACT,SKU Woo literal: 0201001|0201001|1249001|1249001|0615011|0607011,MISSING_PHYSICAL_SKU,,BLOCKED,PRIMARY_WOO,4605,3658,0201001|0201001|1249001|1249001|0615011|0607011,"Crudo, Crudo, Amarillo, Rojo",,YES,NO,NO,NO,1,COMPONENT_SKU_NOT_FOUND,"{""quantity_status"":""EXACT"",""physical_match_method"":""MISSING_PHYSICAL_SKU"",""parent_match_method"":""""}","Evidence row; correlate by combination_sku, component_sku and quantity.",,BLOCKED,BLOCKED,COMPONENT_SKU_NOT_FOUND,PLACEHOLDER_UNRESOLVED,PLACEHOLDER_UNRESOLVED,YES,YES,LOW,Exact 001A.0 evidence retained; no fuzzy identity.,UD-001,PENDING_BUSINESS_REVIEW_PLACEHOLDER_011,YES,PENDING_BUSINESS_REVIEW,PENDING,,,,
WOO_SKU_COMPONENT_LIST,sku_component[4],11735,11716,0201001|0201001|1249001|1249001|0615011|0607011-1,,0607011-1,1,EXACT,SKU Woo literal: 0201001|0201001|1249001|1249001|0615011|0607011-1,NO_EXACT_WOO_SKU_FULL,,BLOCKED,PRIMARY_WOO,11735,11716,0201001|0201001|1249001|1249001|0615011|0607011-1,"Crudo, Crudo, Amarillo, Rojo",,YES,NO,NO,NO,1,COMPONENT_SKU_NOT_FOUND,"{""quantity_status"":""EXACT"",""physical_match_method"":""MISSING_PHYSICAL_SKU"",""parent_match_method"":""""}","Evidence row; correlate by combination_sku, component_sku and quantity.",,BLOCKED,BLOCKED,COMPONENT_SKU_NOT_FOUND,SUFFIXED_ITEM_NOT_FOUND,EXACT_FULL_SKU_NO_SUFFIX_NORMALIZATION,YES,YES,LOW,Exact 001A.0 evidence retained; no fuzzy identity.,UD-001,PENDING_BUSINESS_REVIEW_PLACEHOLDER_011,YES,PENDING_BUSINESS_REVIEW,PENDING,,SUFFIXED_ITEM_NOT_FOUND,INFORMATIONAL_ONLY_NEVER_MATCHED,No exact Woo node for full SKU 0607011-1; base candidate ignored.
WOO_SKU_COMPONENT_LIST,sku_component[4],4600,3658,0201001|0201001|1249001|1249001|0615011|0608011,,0608011,1,EXACT,SKU Woo literal: 0201001|0201001|1249001|1249001|0615011|0608011,MISSING_PHYSICAL_SKU,,BLOCKED,PRIMARY_WOO,4600,3658,0201001|0201001|1249001|1249001|0615011|0608011,"Crudo, Crudo, Amarillo, Crudo",,YES,NO,NO,NO,1,COMPONENT_SKU_NOT_FOUND,"{""quantity_status"":""EXACT"",""physical_match_method"":""MISSING_PHYSICAL_SKU"",""parent_match_method"":""""}","Evidence row; correlate by combination_sku, component_sku and quantity.",,BLOCKED,BLOCKED,COMPONENT_SKU_NOT_FOUND,PLACEHOLDER_UNRESOLVED,PLACEHOLDER_UNRESOLVED,YES,YES,LOW,Exact 001A.0 evidence retained; no fuzzy identity.,UD-001,PENDING_BUSINESS_REVIEW_PLACEHOLDER_011,YES,PENDING_BUSINESS_REVIEW,PENDING,,,,
WOO_SKU_COMPONENT_LIST,sku_component[4],11732,11716,0201001|0201001|1249001|1249001|0615011|0608011-1,,0608011-1,1,EXACT,SKU Woo literal: 0201001|0201001|1249001|1249001|0615011|0608011-1,NO_EXACT_WOO_SKU_FULL,,BLOCKED,PRIMARY_WOO,11732,11716,0201001|0201001|1249001|1249001|0615011|0608011-1,"Crudo, Crudo, Amarillo, Crudo",,YES,NO,NO,NO,1,COMPONENT_SKU_NOT_FOUND,"{""quantity_status"":""EXACT"",""physical_match_method"":""MISSING_PHYSICAL_SKU"",""parent_match_method"":""""}","Evidence row; correlate by combination_sku, component_sku and quantity.",,BLOCKED,BLOCKED,COMPONENT_SKU_NOT_FOUND,SUFFIXED_ITEM_NOT_FOUND,EXACT_FULL_SKU_NO_SUFFIX_NORMALIZATION,YES,YES,LOW,Exact 001A.0 evidence retained; no fuzzy identity.,UD-001,PENDING_BUSINESS_REVIEW_PLACEHOLDER_011,YES,PENDING_BUSINESS_REVIEW,PENDING,,SUFFIXED_ITEM_NOT_FOUND,INFORMATIONAL_ONLY_NEVER_MATCHED,No exact Woo node for full SKU 0608011-1; base candidate ignored.
WOO_SKU_COMPONENT_LIST,sku_component[4],4598,3658,0201001|0201001|1249001|1249001|0615011|0609011,,0609011,1,EXACT,SKU Woo literal: 0201001|0201001|1249001|1249001|0615011|0609011,MISSING_PHYSICAL_SKU,,BLOCKED,PRIMARY_WOO,4598,3658,0201001|0201001|1249001|1249001|0615011|0609011,"Crudo, Crudo, Amarillo, Azul",,YES,NO,NO,NO,1,COMPONENT_SKU_NOT_FOUND,"{""quantity_status"":""EXACT"",""physical_match_method"":""MISSING_PHYSICAL_SKU"",""parent_match_method"":""""}","Evidence row; correlate by combination_sku, component_sku and quantity.",,BLOCKED,BLOCKED,COMPONENT_SKU_NOT_FOUND,PLACEHOLDER_UNRESOLVED,PLACEHOLDER_UNRESOLVED,YES,YES,LOW,Exact 001A.0 evidence retained; no fuzzy identity.,UD-001,PENDING_BUSINESS_REVIEW_PLACEHOLDER_011,YES,PENDING_BUSINESS_REVIEW,PENDING,,,,
WOO_SKU_COMPONENT_LIST,sku_component[4],11730,11716,0201001|0201001|1249001|1249001|0615011|0609011-1,,0609011-1,1,EXACT,SKU Woo literal: 0201001|0201001|1249001|1249001|0615011|0609011-1,NO_EXACT_WOO_SKU_FULL,,BLOCKED,PRIMARY_WOO,11730,11716,0201001|0201001|1249001|1249001|0615011|0609011-1,"Crudo, Crudo, Amarillo, Azul",,YES,NO,NO,NO,1,COMPONENT_SKU_NOT_FOUND,"{""quantity_status"":""EXACT"",""physical_match_method"":""MISSING_PHYSICAL_SKU"",""parent_match_method"":""""}","Evidence row; correlate by combination_sku, component_sku and quantity.",,BLOCKED,BLOCKED,COMPONENT_SKU_NOT_FOUND,SUFFIXED_ITEM_NOT_FOUND,EXACT_FULL_SKU_NO_SUFFIX_NORMALIZATION,YES,YES,LOW,Exact 001A.0 evidence retained; no fuzzy identity.,UD-001,PENDING_BUSINESS_REVIEW_PLACEHOLDER_011,YES,PENDING_BUSINESS_REVIEW,PENDING,,SUFFIXED_ITEM_NOT_FOUND,INFORMATIONAL_ONLY_NEVER_MATCHED,No exact Woo node for full SKU 0609011-1; base candidate ignored.
WOO_SKU_COMPONENT_LIST,sku_component[4],11721,11716,0201001|0201001|1249001|1249001|0615011|0615011-1,,0615011-1,1,EXACT,SKU Woo literal: 0201001|0201001|1249001|1249001|0615011|0615011-1,NO_EXACT_WOO_SKU_FULL,,BLOCKED,PRIMARY_WOO,11721,11716,0201001|0201001|1249001|1249001|0615011|0615011-1,"Crudo, Crudo, Amarillo, Amarillo",,YES,NO,NO,NO,1,COMPONENT_SKU_NOT_FOUND,"{""quantity_status"":""EXACT"",""physical_match_method"":""MISSING_PHYSICAL_SKU"",""parent_match_method"":""""}","Evidence row; correlate by combination_sku, component_sku and quantity.",,BLOCKED,BLOCKED,COMPONENT_SKU_NOT_FOUND,SUFFIXED_ITEM_NOT_FOUND,EXACT_FULL_SKU_NO_SUFFIX_NORMALIZATION,YES,YES,LOW,Exact 001A.0 evidence retained; no fuzzy identity.,UD-001,PENDING_BUSINESS_REVIEW_PLACEHOLDER_011,YES,PENDING_BUSINESS_REVIEW,PENDING,,SUFFIXED_ITEM_NOT_FOUND,INFORMATIONAL_ONLY_NEVER_MATCHED,No exact Woo node for full SKU 0615011-1; base candidate ignored.
WOO_SKU_COMPONENT_LIST,sku_component[4],11734,11716,0201001|0201001|1249001|1249001|0615011|0616011-1,,0616011-1,1,EXACT,SKU Woo literal: 0201001|0201001|1249001|1249001|0615011|0616011-1,NO_EXACT_WOO_SKU_FULL,,BLOCKED,PRIMARY_WOO,11734,11716,0201001|0201001|1249001|1249001|0615011|0616011-1,"Crudo, Crudo, Amarillo, Negro",,YES,NO,NO,NO,1,COMPONENT_SKU_NOT_FOUND,"{""quantity_status"":""EXACT"",""physical_match_method"":""MISSING_PHYSICAL_SKU"",""parent_match_method"":""""}","Evidence row; correlate by combination_sku, component_sku and quantity.",,BLOCKED,BLOCKED,COMPONENT_SKU_NOT_FOUND,SUFFIXED_ITEM_NOT_FOUND,EXACT_FULL_SKU_NO_SUFFIX_NORMALIZATION,YES,YES,LOW,Exact 001A.0 evidence retained; no fuzzy identity.,UD-001,PENDING_BUSINESS_REVIEW_PLACEHOLDER_011,YES,PENDING_BUSINESS_REVIEW,PENDING,,SUFFIXED_ITEM_NOT_FOUND,INFORMATIONAL_ONLY_NEVER_MATCHED,No exact Woo node for full SKU 0616011-1; base candidate ignored.
WOO_SKU_COMPONENT_LIST,sku_component[4],4672,3658,0201001|0201001|1249001|1249001|0616011|0606011,,0606011,1,EXACT,SKU Woo literal: 0201001|0201001|1249001|1249001|0616011|0606011,MISSING_PHYSICAL_SKU,,BLOCKED,PRIMARY_WOO,4672,3658,0201001|0201001|1249001|1249001|0616011|0606011,"Crudo, Crudo, Negro, Granate",,YES,NO,NO,NO,1,COMPONENT_SKU_NOT_FOUND,"{""quantity_status"":""EXACT"",""physical_match_method"":""MISSING_PHYSICAL_SKU"",""parent_match_method"":""""}","Evidence row; correlate by combination_sku, component_sku and quantity.",,BLOCKED,BLOCKED,COMPONENT_SKU_NOT_FOUND,PLACEHOLDER_UNRESOLVED,PLACEHOLDER_UNRESOLVED,YES,YES,LOW,Exact 001A.0 evidence retained; no fuzzy identity.,UD-001,PENDING_BUSINESS_REVIEW_PLACEHOLDER_011,YES,PENDING_BUSINESS_REVIEW,PENDING,,,,
WOO_SKU_COMPONENT_LIST,sku_component[4],11754,11716,0201001|0201001|1249001|1249001|0616011|0606011-1,,0606011-1,1,EXACT,SKU Woo literal: 0201001|0201001|1249001|1249001|0616011|0606011-1,NO_EXACT_WOO_SKU_FULL,,BLOCKED,PRIMARY_WOO,11754,11716,0201001|0201001|1249001|1249001|0616011|0606011-1,"Crudo, Crudo, Negro, Granate",,YES,NO,NO,NO,1,COMPONENT_SKU_NOT_FOUND,"{""quantity_status"":""EXACT"",""physical_match_method"":""MISSING_PHYSICAL_SKU"",""parent_match_method"":""""}","Evidence row; correlate by combination_sku, component_sku and quantity.",,BLOCKED,BLOCKED,COMPONENT_SKU_NOT_FOUND,SUFFIXED_ITEM_NOT_FOUND,EXACT_FULL_SKU_NO_SUFFIX_NORMALIZATION,YES,YES,LOW,Exact 001A.0 evidence retained; no fuzzy identity.,UD-001,PENDING_BUSINESS_REVIEW_PLACEHOLDER_011,YES,PENDING_BUSINESS_REVIEW,PENDING,,SUFFIXED_ITEM_NOT_FOUND,INFORMATIONAL_ONLY_NEVER_MATCHED,No exact Woo node for full SKU 0606011-1; base candidate ignored.
WOO_SKU_COMPONENT_LIST,sku_component[4],4675,3658,0201001|0201001|1249001|1249001|0616011|0607011,,0607011,1,EXACT,SKU Woo literal: 0201001|0201001|1249001|1249001|0616011|0607011,MISSING_PHYSICAL_SKU,,BLOCKED,PRIMARY_WOO,4675,3658,0201001|0201001|1249001|1249001|0616011|0607011,"Crudo, Crudo, Negro, Rojo",,YES,NO,NO,NO,1,COMPONENT_SKU_NOT_FOUND,"{""quantity_status"":""EXACT"",""physical_match_method"":""MISSING_PHYSICAL_SKU"",""parent_match_method"":""""}","Evidence row; correlate by combination_sku, component_sku and quantity.",,BLOCKED,BLOCKED,COMPONENT_SKU_NOT_FOUND,PLACEHOLDER_UNRESOLVED,PLACEHOLDER_UNRESOLVED,YES,YES,LOW,Exact 001A.0 evidence retained; no fuzzy identity.,UD-001,PENDING_BUSINESS_REVIEW_PLACEHOLDER_011,YES,PENDING_BUSINESS_REVIEW,PENDING,,,,
WOO_SKU_COMPONENT_LIST,sku_component[4],11755,11716,0201001|0201001|1249001|1249001|0616011|0607011-1,,0607011-1,1,EXACT,SKU Woo literal: 0201001|0201001|1249001|1249001|0616011|0607011-1,NO_EXACT_WOO_SKU_FULL,,BLOCKED,PRIMARY_WOO,11755,11716,0201001|0201001|1249001|1249001|0616011|0607011-1,"Crudo, Crudo, Negro, Rojo",,YES,NO,NO,NO,1,COMPONENT_SKU_NOT_FOUND,"{""quantity_status"":""EXACT"",""physical_match_method"":""MISSING_PHYSICAL_SKU"",""parent_match_method"":""""}","Evidence row; correlate by combination_sku, component_sku and quantity.",,BLOCKED,BLOCKED,COMPONENT_SKU_NOT_FOUND,SUFFIXED_ITEM_NOT_FOUND,EXACT_FULL_SKU_NO_SUFFIX_NORMALIZATION,YES,YES,LOW,Exact 001A.0 evidence retained; no fuzzy identity.,UD-001,PENDING_BUSINESS_REVIEW_PLACEHOLDER_011,YES,PENDING_BUSINESS_REVIEW,PENDING,,SUFFIXED_ITEM_NOT_FOUND,INFORMATIONAL_ONLY_NEVER_MATCHED,No exact Woo node for full SKU 0607011-1; base candidate ignored.
WOO_SKU_COMPONENT_LIST,sku_component[4],4671,3658,0201001|0201001|1249001|1249001|0616011|0608007,,0608007,1,EXACT,SKU Woo literal: 0201001|0201001|1249001|1249001|0616011|0608007,EXACT_SKU,608007,EXACT,PRIMARY_WOO,4671,3658,0201001|0201001|1249001|1249001|0616011|0608007,"Crudo, Crudo, Negro, Crudo",608007,YES,NO,NO,NO,1,COMPOSITION_EXACT_WOO,,"Evidence row; correlate by combination_sku, component_sku and quantity.",,EXACT,EXACT,COMPOSITION_EXACT_WOO,COMPOSITION_EXACT_WOO,UNCHANGED_EXACT_EVIDENCE,YES,NO,HIGH,Exact 001A.0 evidence retained; no fuzzy identity.,UD-001,PENDING_BUSINESS_REVIEW_PLACEHOLDER_011,NO_RELATED_COMBINATION,PENDING_BUSINESS_REVIEW,PENDING,,,,
WOO_SKU_COMPONENT_LIST,sku_component[4],11753,11716,0201001|0201001|1249001|1249001|0616011|0608011-1,,0608011-1,1,EXACT,SKU Woo literal: 0201001|0201001|1249001|1249001|0616011|0608011-1,NO_EXACT_WOO_SKU_FULL,,BLOCKED,PRIMARY_WOO,11753,11716,0201001|0201001|1249001|1249001|0616011|0608011-1,"Crudo, Crudo, Negro, Crudo",,YES,NO,NO,NO,1,COMPONENT_SKU_NOT_FOUND,"{""quantity_status"":""EXACT"",""physical_match_method"":""MISSING_PHYSICAL_SKU"",""parent_match_method"":""""}","Evidence row; correlate by combination_sku, component_sku and quantity.",,BLOCKED,BLOCKED,COMPONENT_SKU_NOT_FOUND,SUFFIXED_ITEM_NOT_FOUND,EXACT_FULL_SKU_NO_SUFFIX_NORMALIZATION,YES,YES,LOW,Exact 001A.0 evidence retained; no fuzzy identity.,UD-001,PENDING_BUSINESS_REVIEW_PLACEHOLDER_011,YES,PENDING_BUSINESS_REVIEW,PENDING,,SUFFIXED_ITEM_NOT_FOUND,INFORMATIONAL_ONLY_NEVER_MATCHED,No exact Woo node for full SKU 0608011-1; base candidate ignored.
WOO_SKU_COMPONENT_LIST,sku_component[4],4669,3658,0201001|0201001|1249001|1249001|0616011|0609011,,0609011,1,EXACT,SKU Woo literal: 0201001|0201001|1249001|1249001|0616011|0609011,MISSING_PHYSICAL_SKU,,BLOCKED,PRIMARY_WOO,4669,3658,0201001|0201001|1249001|1249001|0616011|0609011,"Crudo, Crudo, Negro, Azul",,YES,NO,NO,NO,1,COMPONENT_SKU_NOT_FOUND,"{""quantity_status"":""EXACT"",""physical_match_method"":""MISSING_PHYSICAL_SKU"",""parent_match_method"":""""}","Evidence row; correlate by combination_sku, component_sku and quantity.",,BLOCKED,BLOCKED,COMPONENT_SKU_NOT_FOUND,PLACEHOLDER_UNRESOLVED,PLACEHOLDER_UNRESOLVED,YES,YES,LOW,Exact 001A.0 evidence retained; no fuzzy identity.,UD-001,PENDING_BUSINESS_REVIEW_PLACEHOLDER_011,YES,PENDING_BUSINESS_REVIEW,PENDING,,,,
WOO_SKU_COMPONENT_LIST,sku_component[4],11752,11716,0201001|0201001|1249001|1249001|0616011|0609011-1,,0609011-1,1,EXACT,SKU Woo literal: 0201001|0201001|1249001|1249001|0616011|0609011-1,NO_EXACT_WOO_SKU_FULL,,BLOCKED,PRIMARY_WOO,11752,11716,0201001|0201001|1249001|1249001|0616011|0609011-1,"Crudo, Crudo, Negro, Azul",,YES,NO,NO,NO,1,COMPONENT_SKU_NOT_FOUND,"{""quantity_status"":""EXACT"",""physical_match_method"":""MISSING_PHYSICAL_SKU"",""parent_match_method"":""""}","Evidence row; correlate by combination_sku, component_sku and quantity.",,BLOCKED,BLOCKED,COMPONENT_SKU_NOT_FOUND,SUFFIXED_ITEM_NOT_FOUND,EXACT_FULL_SKU_NO_SUFFIX_NORMALIZATION,YES,YES,LOW,Exact 001A.0 evidence retained; no fuzzy identity.,UD-001,PENDING_BUSINESS_REVIEW_PLACEHOLDER_011,YES,PENDING_BUSINESS_REVIEW,PENDING,,SUFFIXED_ITEM_NOT_FOUND,INFORMATIONAL_ONLY_NEVER_MATCHED,No exact Woo node for full SKU 0609011-1; base candidate ignored.
WOO_SKU_COMPONENT_LIST,sku_component[4],4668,3658,0201001|0201001|1249001|1249001|0616011|0615011,,0615011,1,EXACT,SKU Woo literal: 0201001|0201001|1249001|1249001|0616011|0615011,MISSING_PHYSICAL_SKU,,BLOCKED,PRIMARY_WOO,4668,3658,0201001|0201001|1249001|1249001|0616011|0615011,"Crudo, Crudo, Negro, Amarillo",,YES,NO,NO,NO,1,COMPONENT_SKU_NOT_FOUND,"{""quantity_status"":""EXACT"",""physical_match_method"":""MISSING_PHYSICAL_SKU"",""parent_match_method"":""""}","Evidence row; correlate by combination_sku, component_sku and quantity.",,BLOCKED,BLOCKED,COMPONENT_SKU_NOT_FOUND,PLACEHOLDER_UNRESOLVED,PLACEHOLDER_UNRESOLVED,YES,YES,LOW,Exact 001A.0 evidence retained; no fuzzy identity.,UD-001,PENDING_BUSINESS_REVIEW_PLACEHOLDER_011,YES,PENDING_BUSINESS_REVIEW,PENDING,,,,
WOO_SKU_COMPONENT_LIST,sku_component[4],11751,11716,0201001|0201001|1249001|1249001|0616011|0615011-1,,0615011-1,1,EXACT,SKU Woo literal: 0201001|0201001|1249001|1249001|0616011|0615011-1,NO_EXACT_WOO_SKU_FULL,,BLOCKED,PRIMARY_WOO,11751,11716,0201001|0201001|1249001|1249001|0616011|0615011-1,"Crudo, Crudo, Negro, Amarillo",,YES,NO,NO,NO,1,COMPONENT_SKU_NOT_FOUND,"{""quantity_status"":""EXACT"",""physical_match_method"":""MISSING_PHYSICAL_SKU"",""parent_match_method"":""""}","Evidence row; correlate by combination_sku, component_sku and quantity.",,BLOCKED,BLOCKED,COMPONENT_SKU_NOT_FOUND,SUFFIXED_ITEM_NOT_FOUND,EXACT_FULL_SKU_NO_SUFFIX_NORMALIZATION,YES,YES,LOW,Exact 001A.0 evidence retained; no fuzzy identity.,UD-001,PENDING_BUSINESS_REVIEW_PLACEHOLDER_011,YES,PENDING_BUSINESS_REVIEW,PENDING,,SUFFIXED_ITEM_NOT_FOUND,INFORMATIONAL_ONLY_NEVER_MATCHED,No exact Woo node for full SKU 0615011-1; base candidate ignored.
WOO_SKU_COMPONENT_LIST,sku_component[4],11727,11716,0201001|0201001|1249001|1249001|0616011|0616011-1,,0616011-1,1,EXACT,SKU Woo literal: 0201001|0201001|1249001|1249001|0616011|0616011-1,NO_EXACT_WOO_SKU_FULL,,BLOCKED,PRIMARY_WOO,11727,11716,0201001|0201001|1249001|1249001|0616011|0616011-1,"Crudo, Crudo, Negro, Negro",,YES,NO,NO,NO,1,COMPONENT_SKU_NOT_FOUND,"{""quantity_status"":""EXACT"",""physical_match_method"":""MISSING_PHYSICAL_SKU"",""parent_match_method"":""""}","Evidence row; correlate by combination_sku, component_sku and quantity.",,BLOCKED,BLOCKED,COMPONENT_SKU_NOT_FOUND,SUFFIXED_ITEM_NOT_FOUND,EXACT_FULL_SKU_NO_SUFFIX_NORMALIZATION,YES,YES,LOW,Exact 001A.0 evidence retained; no fuzzy identity.,UD-001,PENDING_BUSINESS_REVIEW_PLACEHOLDER_011,YES,PENDING_BUSINESS_REVIEW,PENDING,,SUFFIXED_ITEM_NOT_FOUND,INFORMATIONAL_ONLY_NEVER_MATCHED,No exact Woo node for full SKU 0616011-1; base candidate ignored.
WOO_SKU_COMPONENT_LIST,sku_component[4],4604,3658,0201001|0201001|1249001|1249001|0619007|0616011,,0616011,1,EXACT,SKU Woo literal: 0201001|0201001|1249001|1249001|0619007|0616011,MISSING_PHYSICAL_SKU,,BLOCKED,PRIMARY_WOO,4604,3658,0201001|0201001|1249001|1249001|0619007|0616011,"Crudo, Crudo, Marrón, Negro",,YES,NO,NO,NO,1,COMPONENT_SKU_NOT_FOUND,"{""quantity_status"":""EXACT"",""physical_match_method"":""MISSING_PHYSICAL_SKU"",""parent_match_method"":""""}","Evidence row; correlate by combination_sku, component_sku and quantity.",,BLOCKED,BLOCKED,COMPONENT_SKU_NOT_FOUND,PLACEHOLDER_UNRESOLVED,PLACEHOLDER_UNRESOLVED,YES,YES,LOW,Exact 001A.0 evidence retained; no fuzzy identity.,UD-001,PENDING_BUSINESS_REVIEW_PLACEHOLDER_011,YES,PENDING_BUSINESS_REVIEW,PENDING,,,,
